LOCAL_IDENTIFIER,CORRUCYSTIC_DENSITY
0,458.15790843629713
1,494.5366639022645
2,545.834041532684
3,489.333358314018
4,399.26211192759297
5,401.7508007786943
6,504.58354931991687
7,387.6930868241703
8,357.5862214236208
9,497.7421255436081
10,465.5134808794142
11,505.477025208036
12,394.8515693660292
13,517.999168669076
14,507.5069026320955
15,529.864105313252
16,462.1822445708177
17,557.769752298067
18,477.90727697318147
19,542.1178586418663
20,351.25256071925827
21,428.7951298206549
22,329.5850678994574
23,414.5106936038191
24,375.7862075342439
25,564.8881329737242
26,408.17267258207715
27,488.45428169064104
28,458.40990910877287
29,620.0056066659505
30,456.80882812967445
31,430.8977108653029
32,506.7292650315418
33,494.1697038374538
34,503.61524991733575
35,504.36309778487947
36,544.0923090347367
37,619.6970210178329
38,493.51165826852866
39,549.7923928903165
40,533.3194738244722
41,461.1118722075932
42,503.2365636838237
43,546.0206616403492
44,456.23862631833714
45,480.6703813532585
46,457.00328030453215
47,369.3974717609924
48,466.54360882567585
49,428.55679676493804
50,417.4258925037511
51,403.8569896647013
52,470.0078348162648
53,388.33090760995253
54,565.181531905332
55,432.5990947073767
56,489.9163139991458
57,463.5808574359727
58,498.20701606087704
59,631.0656782607044
60,439.90220385900193
61,335.076154371042
62,372.39092574476234
63,352.59433598616533
64,354.0003000775195
65,476.36456746659275
66,569.6849077034713
67,238.39772332562032
68,301.24986329826123
69,435.2894092851806
70,388.9429214865506
71,516.3857306600927
72,450.03984055821985
73,612.3606385689881
74,490.6307841717804
75,323.0529218858947
76,563.3286244003586
77,258.1108765439394
78,366.83082513975353
79,314.896786232457
80,370.4349618405529
81,422.65203625160706
82,420.97257566310896
83,531.6577452634336
84,342.4713774773145
85,419.9919853299412
86,413.18386304166387
87,472.3475315608014
88,436.3357103186124
89,377.5274229927894
90,505.5167621615593
91,459.5661949155619
92,438.72657555666666
93,369.15989876866
94,503.066375662535
95,526.1550701546012
96,379.55784265885393
97,401.78541950771995
98,519.6524696655955
99,429.9101400542767
100,507.898554350709
101,481.89675215033145
102,410.8865731331101
103,339.08938002459075
104,481.36150285451475
105,379.86196883637035
106,476.2226102065564
107,515.5076643884657
108,428.08106920626653
109,429.32857880110726
110,480.60610334676437
111,539.7057873636369
112,571.8695392337686
113,421.26775840622844
114,399.95267989461394
115,536.3487748628017
116,462.15132402554065
117,314.0036889157801
118,524.8471488203174
119,333.1461671576176
120,578.478622349721
121,375.92130816486144
122,332.22135850996517
123,439.2448358516544
124,457.7602338672883
125,658.2205465318183
126,299.51361987440356
127,441.6323790465049
128,356.5719471384668
129,520.1602506025847
130,309.7960508135807
131,369.69366609690775
132,578.7016057465272
133,427.2356437706133
134,538.7497185664247
135,436.1635406486932
136,471.0298906708235
137,440.86961112601534
138,423.8325662285549
139,477.6184569253665
140,394.68359939413693
141,503.436173159431
142,515.9072129326665
143,554.2805370641379
144,356.5982735820911
145,370.5418510382056
146,417.733242473995
147,398.84858284034715
148,543.5301662534464
149,481.8716352265292
150,515.9309406510885
151,419.93752300381755
152,601.839276673342
153,395.03452200603846
154,506.41401651830927
155,545.0713241388328
156,427.9905152416493
157,455.80251635678934
158,444.8175767301968
159,398.14734540681275
160,226.11057031043345
161,435.1826093546238
162,469.32930290982756
163,502.56968847400907
164,400.6355542208368
165,328.06768893139235
166,450.63941540296406
167,572.4735353520009
168,386.0049431854467
169,443.9068494968957
170,372.8183073502498
171,398.2299124330514
172,490.41283840991076
173,429.35873565398333
174,563.0273946610264
175,478.9715981753679
176,444.5158040309262
177,564.7048263259325
178,406.8736356458732
179,465.6800138051959
180,512.9808887937284
181,482.01562649045593
182,497.99641512024147
183,443.50569077964497
184,376.26608104248805
185,440.7247104287343
186,440.0476989862897
187,651.533790825925
188,412.51317332588417
189,462.5634131582303
190,304.62751550350936
191,508.18798040545136
192,388.4069288526163
193,477.15801908339273
194,335.0504222571186
195,459.16456251521214
196,452.9051626695575
197,440.3778243328014
198,476.5410193266269
199,382.99121657623505
200,374.85479624888984
201,518.4201781032776
202,389.8769227611894
203,390.10885469507207
204,480.1162635095148
205,467.8922795739641
206,375.36026837492756
207,445.1195428200023
208,540.5893819438165
209,285.7960983641123
210,440.09992704473603
211,444.6532566828021
212,523.1651387568404
213,503.91746574876385
214,469.47339938918697
215,314.30203376330604
216,482.7517960470268
217,561.1208354271071
218,443.19526872161214
219,422.8740831188699
220,360.6097844374355
221,480.01601893033916
222,381.9131121328798
223,374.15654054118664
224,515.0214383419898
225,562.7877114049124
226,479.02581096403514
227,403.94375434252595
228,500.1849377868626
229,250.03735924085703
230,450.4251148477857
231,439.9326780430923
232,398.84335828177154
233,402.25060881695265
234,367.23796381269216
235,470.88812439979097
236,413.2367196789583
237,276.0597342249433
238,364.2772721254506
239,506.25704950237605
240,515.4717780785163
241,465.4208918373248
242,497.4247056682664
243,591.739413467251
244,455.49940542775374
245,314.3609679680909
246,472.91369057795697
247,348.9269515423066
248,493.9044051295627
249,507.0578170254319
250,449.03995797727055
251,529.0150760418251
252,437.6973394842438
253,276.8065578725288
254,473.9849487156399
255,370.6090534690325
256,380.0172396414573
257,358.77181170422716
258,350.84791413450125
259,481.6570044416564
260,369.69903428140873
261,494.1347344164929
262,377.2175075766388
263,431.3785998990996
264,499.00095433524694
265,610.1311360930637
266,305.97147271942924
267,439.50884821221047
268,551.4681368991512
269,558.4255389862427
270,583.1072652488547
271,424.28673775459396
272,400.56662007493475
273,461.7765455069731
274,468.127243029132
275,471.13647632870095
276,462.13003615053054
277,561.2072196308048
278,532.9229909485796
279,496.64024419858464
280,414.79024149946105
281,371.1004418131072
282,274.57421309473244
283,423.356721245655
284,438.24432023286533
285,375.0051612513645
286,468.8421890489843
287,298.53542492170425
288,464.50525805181877
289,498.57104926328316
290,527.5562365575884
291,506.4954822779127
292,437.6135474301377
293,366.4796045213571
294,396.7124174503036
295,361.84280031673177
296,427.5139218637527
297,490.1256698897149
298,406.4168481783403
299,497.46905003274253
300,510.87158077304684
301,366.2195857617076
302,398.28360574809875
303,313.53215609648
304,394.70025088189186
305,457.00252482974383
306,304.73037386510464
307,450.53565979141564
308,323.8700368684658
309,315.8786907169933
310,550.8142939574155
311,429.4139215701214
312,493.8630508089727
313,495.98044422599185
314,351.88728206657237
315,539.5123761435267
316,412.7225779781277
317,294.83314524563787
318,488.8573802388943
319,443.91668367149
320,403.72162892312184
321,513.8281407875421
322,481.59375424218285
323,457.15423289543367
324,404.77689911289195
325,337.06358772079415
326,512.6362647789821
327,448.20427099205983
328,489.6714067210657
329,524.5281547923463
330,324.24831319493285
331,564.9211855550641
332,430.069554961483
333,443.87905697907553
334,397.7807720130933
335,609.6898899731722
336,412.1503554467091
337,520.3253571191282
338,439.5743977853977
339,333.7297562900525
340,554.0830263524725
341,522.4493389815826
342,537.4554027925185
343,400.2571120475273
344,557.9704205546454
345,433.9723319538476
346,416.50328765315817
347,503.37842632616884
348,451.0374004324567
349,419.49109437342145
350,411.7251353593816
351,495.9129739410939
352,539.1329741598141
353,464.54925893445636
354,531.4498147198923
355,592.4977020786433
356,412.26334994253693
357,446.251885254158
358,552.4461865206302
359,409.9979060958497
360,449.1853654452083
361,589.810917504824
362,418.3034970672954
363,360.1681609032705
364,410.76387393657205
365,304.98673718602777
366,430.48619058445746
367,289.6180394204952
368,490.96540993778524
369,335.2235643622366
370,331.7568278449255
371,444.4370427997748
372,572.369130021927
373,465.46693616864303
374,398.29597162244386
375,378.01708236808
376,370.3883818448578
377,385.94792815117705
378,377.65790694723785
379,397.1837003043065
380,344.6067805041331
381,420.93667020772466
382,333.42115580131514
383,597.5217469857623
384,343.5492409040592
385,408.02223095948085
386,520.4927885620681
387,336.8102343187727
388,465.21098047671256
389,395.27787085319517
390,462.3838294535843
391,404.9769946698465
392,494.56140132875146
393,446.7097139884598
394,515.9625250587544
395,354.49363299396714
396,370.4319510846152
397,351.3762255297791
398,315.92956866669454
399,394.562645576548
400,485.82687176275977
401,406.80260027982365
402,475.8984749030518
403,508.5376613788714
404,470.7893867711979
405,477.2634038718297
406,432.80764576862
407,391.85088888670356
408,512.0463051874295
409,367.5669354201635
410,474.67762557681215
411,465.4118303134694
412,399.11845833985166
413,446.34774713279273
414,427.9541598215111
415,675.6437555458131
416,428.4550588262544
417,576.3050281180108
418,435.66136653271616
419,492.7166885519169
420,421.73008071726224
421,308.40169050044943
422,532.2139138450879
423,417.44914556158784
424,531.7103064350559
425,348.92052153243293
426,550.6508744384354
427,547.0890798811334
428,440.7728910122082
429,473.8598569131882
430,371.7567746782496
431,550.8994565827666
432,276.8898921430294
433,389.70883553874074
434,466.0115087951481
435,370.02138180827984
436,495.5872720424772
437,329.4370481125687
438,461.6268186261959
439,390.9488780147451
440,457.68280773775047
441,453.3256472043047
442,476.5890623609285
443,438.4032322703371
444,396.20046260499
445,403.04528747199885
446,313.2217915867323
447,551.2366635838301
448,448.7064348036139
449,465.6490532308263
450,410.546551843877
451,490.443488215372
452,477.329975887507
453,349.05551181287404
454,385.96517383413294
455,507.1903928016841
456,562.1099464069781
457,428.38232951387107
458,464.78745809226876
459,522.3167835702905
460,487.4751745016499
461,524.9160760992813
462,501.695635341977
463,389.12189890123307
464,390.0341608323068
465,488.0657168051123
466,374.64460895897685
467,440.5040737003584
468,403.64079790788895
469,319.89795791312145
470,466.58244379445654
471,481.0747097471094
472,429.71893937750997
473,376.9250811847663
474,655.3236517045366
475,473.15906067759516
476,432.44514303547123
477,413.6325129722755
478,686.991811670522
479,398.6425504345066
480,452.4206748489419
481,477.4678524560986
482,342.6520634423683
483,496.06709119257476
484,325.83294597826097
485,612.9295443604216
486,388.56847416788685
487,424.0381395729924
488,506.2959271786637
489,393.8838075833053
490,414.1132692158814
491,426.52664139744826
492,456.26093491458346
493,433.60111718584324
494,472.5867259606578
495,496.85530771446054
496,395.0488065793478
497,398.34458661896156
498,394.3613448259379
499,516.1521463614885
500,409.6314787841697
501,524.7815706294848
502,457.1395052037346
503,411.61432323765024
504,346.76278468490506
505,392.1112167733007
506,328.4535085426099
507,429.75572296750636
508,398.89649564355227
509,427.0734339594823
510,514.9372147398965
511,459.6858003320905
512,543.7736064525542
513,490.80180325689395
514,300.3714423463439
515,336.93188612212356
516,354.7822218233053
517,484.69291214518955
518,462.7227845405059
519,667.216637039685
520,612.4240022880889
521,581.236626724341
522,384.2037967147467
523,764.3825743064666
524,358.91209998046673
525,311.612814388414
526,546.9624122210548
527,481.6050399311162
528,481.3120150543018
529,525.4868825087748
530,407.6554049701437
531,508.3051873845306
532,381.0047933008254
533,553.0063043309798
534,537.5624396625153
535,415.3881329926637
536,471.11661346734974
537,305.5670877455281
538,550.3254851677449
539,443.84697598799283
540,443.7378379420359
541,414.4124021205167
542,529.2281064147593
543,456.626694820099
544,511.7575895229447
545,437.1093253729554
546,553.4684036882626
547,423.69427707116995
548,495.8109305204844
549,501.97526916489943
550,438.991492307772
551,351.96492078172577
552,657.3525456768941
553,399.2317095916416
554,422.0151044701331
555,548.2213646861801
556,544.3258604683034
557,591.350686231284
558,486.4716616812887
559,496.79420990261127
560,444.9890795060208
561,597.9714923375823
562,289.8139008581543
563,582.2270423863108
564,460.6380251315409
565,268.10661345151357
566,447.139872807466
567,413.442216493831
568,476.91684967080147
569,443.25027923024237
570,428.5335357391049
571,531.8526858734552
572,380.0573275044721
573,296.1828051392213
574,340.6730455147221
575,451.67680352394825
576,409.8865934816239
577,323.45964555693644
578,408.6297548479048
579,507.23826056157276
580,291.7634964822358
581,511.23683284532376
582,434.45172227099107
583,545.3526621910229
584,537.2482500265043
585,382.30390903226754
586,442.0043680572464
587,439.26655023880556
588,494.89393930943515
589,551.4047470872216
590,607.0430548433246
591,556.807941710793
592,417.78264210560474
593,305.6712577234087
594,516.9135739468346
595,610.3644099084199
596,483.89979656395735
597,357.67940139823156
598,473.27576476684783
599,560.4471586333358
600,440.04080610448034
601,499.07077336179424
602,649.0876503675639
603,571.5230962292843
604,396.0121286547013
605,451.7449683296498
606,417.78152668940794
607,361.7326024879251
608,372.86220856478417
609,486.39230415322044
610,488.3186578719406
611,395.2343277872814
612,465.48541889993373
613,520.7939037454139
614,590.2441788224688
615,370.5498918808195
616,467.6710285931145
617,396.7522882349273
618,465.15297173411085
619,385.0189000991507
620,314.6729924977326
621,448.3148927531556
622,509.90487139343503
623,448.10365187472433
624,394.2202007849576
625,361.8779241033254
626,443.2120875119213
627,431.7132839441621
628,433.4983229838913
629,467.06779220945646
630,442.54158830574136
631,325.42852724743375
632,376.46402181605237
633,408.5175563958867
634,435.7175028479393
635,459.66640785568575
636,422.4515073425878
637,447.8145255361224
638,468.9080815945969
639,407.1357178652627
640,523.7319305104734
641,291.20881657691933
642,459.0346050059848
643,565.228180907597
644,350.6076863279562
645,413.86436213076524
646,401.1823631973943
647,503.35746364843493
648,424.1567885137583
649,504.0598382543211
650,469.3247437431551
651,544.4202367810321
652,511.132147319536
653,449.70591213274173
654,435.47906534642567
655,305.01348749601914
656,459.3309621879895
657,380.5799930497892
658,433.75771567577766
659,478.78058309329026
660,533.4161804736225
661,453.2096599303736
662,529.8326614094101
663,478.727067147463
664,469.78856242080445
665,487.0875281148031
666,552.4730061865594
667,539.019456515357
668,430.08240082047695
669,388.5927092120048
670,443.93840579544474
671,528.6695451634295
672,529.9186661769847
673,404.7848637316913
674,507.3276635613527
675,372.6999242229914
676,438.18242669528286
677,522.2452628548282
678,435.22180992298985
679,429.40908955052714
680,373.47565723086365
681,455.593726813156
682,455.6975709240855
683,396.8597183073873
684,467.85027358132453
685,562.4276894013461
686,366.826843476908
687,446.7069105159636
688,505.64178809606057
689,534.8280041754368
690,443.733861701148
691,499.1676801033015
692,343.3448783509083
693,455.6230713219475
694,372.2334645666179
695,385.6476058229905
696,417.34201473980977
697,420.78236867316724
698,530.6197215605613
699,430.4966491055428
700,398.17829646012103
701,387.5885089784369
702,477.17037642886964
703,407.55562925034224
704,532.2333614940543
705,410.06261030590446
706,555.1924198069154
707,321.6457047690588
708,360.76410306379324
709,438.7002418738628
710,395.7272959241837
711,473.48772497699525
712,426.13198217199965
713,423.60527523280695
714,359.9899948048917
715,451.61801522225414
716,384.4527629142963
717,402.3341028392168
718,463.6689300663445
719,568.1824310396263
720,388.4550064891736
721,497.187195790678
722,456.4483748497312
723,563.3307107277113
724,462.63275107531683
725,568.1037706046453
726,391.3283372757881
727,316.8979942442126
728,505.38654617979455
729,503.1903585607127
730,478.1540687839917
731,416.2098183204855
732,432.9429600385341
733,397.9186192752322
734,429.9782580292009
735,398.21256025586797
736,379.0735839232964
737,391.61830121102525
738,392.6520498626403
739,327.4454416154377
740,426.610113993157
741,503.6221102629025
742,631.1502559177917
743,452.16080966669784
744,438.74420663388577
745,347.03946669565147
746,494.45298769680636
747,525.8883596178397
748,430.75090847926526
749,408.77459548289573
750,406.4839399432292
751,512.9868315698648
752,520.6850447384578
753,436.75951072723126
754,372.56820510650954
755,396.97626466096233
756,333.5278939906612
757,462.0157345341301
758,391.4993643372469
759,419.9907057889561
760,437.10979251837136
761,438.1694716095639
762,426.05908511162824
763,603.8609795863756
764,454.19273107868946
765,567.5886309423447
766,459.85949787694227
767,358.89613929448194
768,459.2406956735923
769,359.11441406039796
770,328.2840185061608
771,391.3769618175793
772,403.8663644095484
773,441.2402508476244
774,494.091579042854
775,427.3387500999663
776,392.300406309251
777,524.2224466118959
778,528.8044416324457
779,527.2770058739628
780,451.9839608767553
781,420.4674854711594
782,488.7505446439297
783,546.8758035736621
784,503.2131002624771
785,307.2421947806856
786,416.8889062910779
787,624.6939301404726
788,394.8010969181918
789,656.1015556137176
790,440.1112269845915
791,310.73282476344326
792,500.4485824928479
793,371.3595852564929
794,422.5129967492482
795,411.43330935433175
796,535.6145343760898
797,385.84637726686526
798,519.2899509568836
799,451.7127097753272
800,521.8323926546344
801,469.5844911591926
802,349.37802556368456
803,569.1128117254016
804,393.3851363023907
805,313.66149015219213
806,428.5132247330462
807,497.1590811135697
808,539.4042340025092
809,356.2666209526772
810,453.5175928174024
811,403.31416883854786
812,362.4461346342913
813,555.5689715955262
814,545.4187126429989
815,404.67330134162694
816,444.4892996390369
817,354.44949518873915
818,327.22969850366326
819,447.4958085749722
820,329.36534077337615
821,314.69617911330715
822,523.6916666754639
823,405.2786038497231
824,461.14572456228115
825,448.7034608769605
826,416.4380318662837
827,472.0008484371802
828,446.8838251177514
829,471.9328935970094
830,347.1913449802532
831,410.5235774743452
832,527.6329849821425
833,546.0936089014259
834,516.3318595106564
835,519.64189919322
836,368.22528274115876
837,433.05534227476267
838,431.37251706321956
839,435.4095734691177
840,532.0223439635846
841,303.1037479125736
842,404.01781442725894
843,322.9696970259399
844,372.2222647038142
845,432.6086163047843
846,456.1956698795744
847,495.24572992464124
848,305.79625429622325
849,436.9264261205809
850,438.9461656334197
851,542.1572870616369
852,452.189102591656
853,378.83724425460036
854,383.450191712114
855,327.4853840366423
856,505.733419603089
857,469.8920442175851
858,458.4443877815608
859,373.3998573943306
860,397.55397318731156
861,452.5274224037393
862,431.66151398118075
863,443.0612444723798
864,412.76672963139816
865,460.1996380189546
866,372.5430843250639
867,485.7775268700354
868,559.9890742786555
869,402.07085221065574
870,585.1508465599993
871,338.23240897822285
872,351.4953239297607
873,301.7882537744433
874,403.14504140242786
875,468.26112718579265
876,476.878184729336
877,368.890027244694
878,368.4879202984131
879,459.6725590945305
880,474.6217770389216
881,522.0293609562482
882,382.5640169919454
883,511.72819605497574
884,604.3811397708478
885,389.9436895504317
886,390.63937583425235
887,513.216652650377
888,416.8439290623082
889,552.1137188825026
890,478.1167779706461
891,470.2257220754555
892,306.2082601499766
893,350.6501574471348
894,451.06659273258794
895,621.8741938037798
896,510.3418429435197
897,332.4724177925282
898,408.55596343067214
899,480.11252340025965
900,458.59336977980644
901,324.18817891566937
902,463.08173094855994
903,431.3575666348596
904,453.37600830353506
905,345.81332121777183
906,381.7135273773795
907,635.210332411433
908,470.4539491627409
909,402.11593447231854
910,613.3220238280724
911,417.3098673682586
912,357.39018827934615
913,471.9493703903773
914,680.1288086798877
915,496.53619438952484
916,539.6310621210139
917,471.6850491981138
918,385.0705206858163
919,397.0643057504935
920,463.79083161252373
921,388.87212489877925
922,396.9055038953481
923,492.52756049971174
924,536.7535020203131
925,533.6803452739397
926,501.7294630467892
927,493.09531782484106
928,423.8428159532982
929,377.2139484525416
930,532.82829128633
931,486.3728375098192
932,354.9455719091853
933,544.0976128584429
934,357.90131871640693
935,441.49650132705943
936,506.41311824468454
937,467.37245825713796
938,456.1874881618796
939,454.9798460278749
940,442.533272678747
941,519.518929095614
942,431.3877570649566
943,475.95797999688557
944,399.67731150775955
945,476.52537392599453
946,431.5627325846649
947,482.3935457491748
948,420.30290249158446
949,610.6926462598867
950,405.94377033395074
951,360.0397735141415
952,559.314917262868
953,503.1307748421892
954,422.7707966792521
955,466.5814397926882
956,321.41591204887885
957,320.23622358618655
958,546.4264073859052
959,335.2672284172711
960,460.46431690032875
961,487.8467461326894
962,470.8421037655877
963,599.2765262873152
964,430.9981143579383
965,470.2132557904217
966,402.7932082160695
967,295.451357187845
968,384.2754800339234
969,348.169595736829
970,450.4762363182594
971,434.14234359657564
972,495.67346074894266
973,567.118626135083
974,535.834080109755
975,516.6023445153608
976,535.3022602345385
977,382.5756832481014
978,427.7796699820935
979,455.8314260095061
980,447.74809689547766
981,458.24192364944804
982,312.6546788563762
983,360.4807812658758
984,429.1418849958401
985,453.82339925384264
986,534.0380930348967
987,545.272856574542
988,317.21441569758537
989,536.0719926040343
990,438.3292596672759
991,291.67563896692116
992,541.464205371614
993,482.95976762249774
994,406.53844746583616
995,589.0219896342511
996,385.9708649470012
997,498.70049834337095
998,507.2007988913397
999,561.4118737295408
1000,488.8676319266258
1001,515.600618305872
1002,397.2134517062885
1003,484.806391368811
1004,495.4402219725185
1005,317.9620300461403
1006,346.31139081996884
1007,384.19396629192073
1008,469.6029460963433
1009,457.85666188768147
1010,487.231209810443
1011,514.2670501786613
1012,545.3863102282107
1013,447.6137095347235
1014,513.2367740106906
1015,451.54799824522553
1016,596.0117490021047
1017,345.36088310873083
1018,520.838853269936
1019,549.9204248070208
1020,468.9859511363874
1021,415.9300664511558
1022,408.26020191882776
1023,417.80242755395
1024,544.6012929534487
1025,382.3480502114393
1026,420.93426264918105
1027,428.93600547099487
1028,394.5437747031655
1029,448.4676999505397
1030,396.0793224482644
1031,466.07935249246407
1032,420.20157481608715
1033,548.5843368091503
1034,322.5917101163993
1035,461.4951072191085
1036,446.07051692971066
1037,455.34153616904473
1038,327.89226460611815
1039,431.28383855421373
1040,593.5147778073209
1041,358.4708381611745
1042,584.5576220396263
1043,622.8958112214192
1044,488.82109270766574
1045,437.4670281193876
1046,398.46727555189136
1047,331.5226250227165
1048,482.8172203644374
1049,455.9790730684707
1050,520.5503466403958
1051,409.38372720215347
1052,471.31344875648705
1053,373.0116100691095
1054,303.7096499334511
1055,313.8900616766027
1056,601.0685482297902
1057,335.48209655381953
1058,428.9181861185462
1059,485.13307270557954
1060,515.4125525515898
1061,447.57669169014116
1062,448.90470239574233
1063,500.4828955383176
1064,707.1579420345336
1065,353.08176303237224
1066,470.3279130102427
1067,412.80838141972384
1068,619.8309507537768
1069,460.63660010957943
1070,502.2252977256487
1071,455.98461751814585
1072,472.44424535954045
1073,610.8879882640542
1074,534.1301700661817
1075,428.23452975055784
1076,415.6132036732146
1077,439.79609322479087
1078,318.82352486656345
1079,511.891886667691
1080,526.1217696598613
1081,241.83736259536536
1082,379.45282629972894
1083,473.2867509534278
1084,462.46928127032396
1085,368.1430840397024
1086,451.437155218627
1087,442.0892471645275
1088,486.38974252738535
1089,466.75892077469035
1090,470.1783434416128
1091,558.9915946329385
1092,358.0110711275121
1093,341.0089056510249
1094,515.1128906688658
1095,532.3561127398533
1096,388.64194968479705
1097,531.390936804462
1098,318.91214851099176
1099,521.760590552749
1100,510.66136023736294
1101,427.51488786144967
1102,511.54005543134775
1103,537.9400598539546
1104,388.56609136658005
1105,597.3032106677174
1106,466.5023922199477
1107,436.88191383886226
1108,412.83946501590316
1109,397.8352718277659
1110,416.0903998016362
1111,459.61570203421803
1112,495.5669245831975
1113,359.38457067672044
1114,447.28881478800855
1115,503.01711643081717
1116,509.08172819984037
1117,520.8164205746705
1118,354.51375885700395
1119,432.17248193028377
1120,394.95340440189926
1121,435.5933865314333
1122,489.7438788561957
1123,315.70577140017986
1124,434.48620155154066
1125,466.53879741051935
1126,515.5154384542682
1127,508.6844339669656
1128,569.6350986192965
1129,301.58719079255803
1130,441.2485390193916
1131,340.9936933439062
1132,422.40030220176016
1133,349.2167907135767
1134,493.1275300541453
1135,486.6819868028219
1136,460.49666646487356
1137,440.13984328188354
1138,633.3560585567446
1139,256.81389764810064
1140,298.32450852108326
1141,337.5294990225861
1142,389.2187508099351
1143,505.9543218078643
1144,594.0328842786442
1145,589.3330721879572
1146,489.85940309691415
1147,380.0879005725512
1148,438.59903088071917
1149,283.1616532036241
1150,501.70746623577816
1151,562.8194447673312
1152,311.2484859553106
1153,344.20128925699873
1154,425.49452099063666
1155,554.4190748535893
1156,433.093930469078
1157,474.7377351915229
1158,493.42990646051453
1159,232.79038843626537
1160,429.323838046819
1161,501.21872225792237
1162,407.0834696769304
1163,482.1575124429928
1164,321.0591205136735
1165,456.8788576667018
1166,502.75079729106704
1167,416.7418881202214
1168,425.3188604531455
1169,463.4509723357987
1170,470.3820733610668
1171,520.8907206455924
1172,357.05470161870755
1173,459.19959904670435
1174,526.5054287485159
1175,494.21650059838896
1176,486.64148747220986
1177,466.92194340081545
1178,565.0749297186087
1179,560.4449794042645
1180,414.3031054066347
1181,416.8458537614017
1182,484.2038784544518
1183,416.24799427795864
1184,466.25478375754903
1185,357.520068557992
1186,476.8823612946898
1187,448.1498855033193
1188,333.71979633846024
1189,493.0087870772641
1190,459.60134132467766
1191,513.6700810179516
1192,396.4330981919272
1193,564.7301519445459
1194,417.2653836277227
1195,533.5415003304194
1196,323.0489027501176
1197,433.49930751675873
1198,388.4355395783293
1199,718.79140992064
1200,651.7729028645864
1201,449.653499600963
1202,530.2462378266205
1203,545.0311976633027
1204,475.1180162668894
1205,439.7986209092471
1206,536.9003347851685
1207,316.40103351265066
1208,517.3653865749056
1209,482.1667271398379
1210,470.9259240949682
1211,321.16735965036975
1212,539.0527322875009
1213,454.6427911503829
1214,553.1647916680369
1215,525.2612387429341
1216,471.6045055993617
1217,324.20809217578324
1218,451.3274195647262
1219,490.2728328298434
1220,481.84375718348224
1221,465.0683405186113
1222,479.09203890463095
1223,503.20254298802433
1224,310.0393342349009
1225,511.68321020481903
1226,328.91529647606137
1227,498.80567252479887
1228,394.22717190954563
1229,495.8956092225513
1230,570.353688178863
1231,471.60055369079754
1232,472.8763712996549
1233,453.71230295142607
1234,581.5735051674188
1235,455.6547592251938
1236,619.9364792797714
1237,402.16691178479164
1238,473.88677573014553
1239,389.58512042397905
1240,491.08495193099856
1241,307.77919358375965
1242,438.3707253340748
1243,547.9699758989128
1244,561.3051370745482
1245,449.92340340020365
1246,411.22521588303937
1247,233.01737900033345
1248,334.6109987118488
1249,422.66018670809075
1250,417.7075342197132
1251,631.95554827883
1252,468.59309385733917
1253,537.0849110413353
1254,449.9199815850202
1255,427.69466992021137
1256,455.08465707350075
1257,559.638364745379
1258,480.4825698029727
1259,447.55950199955794
1260,527.1194095245332
1261,640.1009693162893
1262,484.74385925364635
1263,378.5972252287372
1264,478.6404121022417
1265,396.49587810165445
1266,391.2810647690781
1267,274.0469690213398
1268,391.5205512544769
1269,453.4499689705405
1270,453.10397280152245
1271,545.6896476260257
1272,360.2139515995936
1273,514.1282823975266
1274,540.4354693519215
1275,372.62467541149437
1276,449.9833783119146
1277,423.3365930615136
1278,453.8371907514606
1279,524.5987059778804
1280,334.30874467458153
1281,400.3212218611147
1282,605.4636429785078
1283,418.3643320271952
1284,549.3025587266106
1285,294.05663595813627
1286,450.39358324303987
1287,361.03121956387525
1288,550.3173954236975
1289,453.2200326059937
1290,501.8914951918356
1291,484.8839265288795
1292,349.6354122053259
1293,622.6170194788702
1294,416.87761480381477
1295,335.04610560218896
1296,470.04155202545996
1297,477.681798417654
1298,404.8502843700104
1299,480.9611695547768
1300,441.55113817247513
1301,304.6490940455853
1302,387.29796805648016
1303,420.50917351313507
1304,392.29144625348863
1305,379.7777291296071
1306,472.62975005715947
1307,489.2297190469133
1308,423.2585415136459
1309,523.5583385988349
1310,527.347426911964
1311,450.50122781476165
1312,439.4929812034928
1313,558.0945157751955
1314,448.0815789425632
1315,409.9860113514474
1316,491.2543123346664
1317,630.9019919595221
1318,406.045144244663
1319,309.6643390655862
1320,515.7240701454103
1321,483.43455761770844
1322,406.89273764189204
1323,395.2931541869272
1324,472.6854925772551
1325,427.6577203139193
1326,373.6604192423116
1327,548.9709922130439
1328,429.87162703236476
1329,472.1507763941737
1330,326.27466659802445
1331,330.139339724856
1332,323.92744709117426
1333,535.9327338733402
1334,390.6527891247363
1335,532.3047986582418
1336,426.754956405067
1337,474.5523236049148
1338,467.0249015866152
1339,492.3904648348155
1340,442.03145414722815
1341,278.266429190631
1342,395.30230451559044
1343,524.7443579508831
1344,467.60737279318835
1345,468.8037713517001
1346,574.6195530477993
1347,340.15883874478703
1348,437.60980526503744
1349,363.9777317991575
1350,357.9561532954223
1351,487.7360757921773
1352,434.5247000010888
1353,322.55943295620193
1354,432.66644610817633
1355,439.9944025070088
1356,474.9082251861832
1357,470.0143007838508
1358,393.9162455214062
1359,419.21707260386785
1360,426.88322289832024
1361,556.211152756316
1362,436.795066804023
1363,365.61180830038893
1364,499.77494977589623
1365,326.1692153529311
1366,571.2891001052451
1367,349.0844509853829
1368,496.4812053948328
1369,375.90946407423473
1370,451.48384981537964
1371,417.3150507834316
1372,308.73019022157627
1373,535.7697204227987
1374,427.7051745558471
1375,465.65897381390096
1376,517.9602455752513
1377,515.8723944375641
1378,515.907076081558
1379,460.24170734139324
1380,383.2316029078064
1381,463.32600071915175
1382,429.44103077987336
1383,455.61207038440074
1384,625.1288868016917
1385,468.97093663304855
1386,471.16816664720153
1387,362.03652896952735
1388,606.0105559766022
1389,519.9040565365464
1390,420.0536500516864
1391,481.64742923817374
1392,491.69646946247093
1393,430.3136044853894
1394,532.8623670115498
1395,432.29808391120457
1396,486.62397990470646
1397,441.18759670307014
1398,477.72009551668896
1399,559.6888296984738
1400,321.50103149193365
1401,492.7923783101634
1402,544.6382297118948
1403,452.3632062806173
1404,468.2204990330598
1405,560.5188611658726
1406,523.4058016605833
1407,402.4015675645857
1408,400.993874566381
1409,354.8185467188206
1410,359.94767746340256
1411,633.64057825228
1412,549.7335902712897
1413,375.31465805975586
1414,442.49079734141645
1415,448.9576953923505
1416,444.1890029378708
1417,497.25456404298814
1418,510.0135702730857
1419,412.20508673164585
1420,660.7837821631541
1421,336.41362947672036
1422,393.4337596290718
1423,434.6772144376338
1424,476.5548692800909
1425,566.983713015859
1426,509.0293989632492
1427,473.44354991600443
1428,494.7890972964003
1429,294.2050319176554
1430,417.62827229636684
1431,402.04663895800286
1432,467.3561516560357
1433,401.4223948757327
1434,408.8612644107587
1435,495.8074332115403
1436,293.8401833349031
1437,557.5920395233034
1438,374.2514209346801
1439,492.19543847389644
1440,546.7727387382124
1441,462.0336221257839
1442,365.13452854976845
1443,326.2172807716184
1444,531.5396679167112
1445,390.65178963835046
1446,536.131589765148
1447,460.07910030157956
1448,340.7015860295499
1449,350.92519591757684
1450,493.23658462859424
1451,504.8412754510449
1452,335.2666225660311
1453,532.4956062794548
1454,472.43070316154717
1455,294.3997077435268
1456,473.87470390289656
1457,556.5796370054773
1458,496.4489797278253
1459,508.30938571767246
1460,379.9582986719246
1461,449.55193312497966
1462,355.6265684997922
1463,476.22349406902134
1464,598.8969979321644
1465,487.49978339606054
1466,420.1630940094449
1467,439.0071234711118
1468,437.60801949106803
1469,613.9137440344026
1470,410.0890828225824
1471,442.6386715914024
1472,346.03249922441427
1473,400.2329190878762
1474,530.4856936930978
1475,562.7586684999415
1476,524.7744014451243
1477,387.0036618679468
1478,468.2956055639892
1479,481.99183595649384
1480,390.1096597601886
1481,338.21990478922237
1482,449.8940921837384
1483,506.58460605648634
1484,398.60230663369657
1485,477.8508793854157
1486,606.5067698086228
1487,462.22657478455136
1488,514.2584741302725
1489,361.26186043263243
1490,425.4803937517136
1491,463.67291970930734
1492,351.2143637244263
1493,519.395032999815
1494,357.1358343437742
1495,480.95559117930804
1496,421.3894091731616
1497,488.19740645964725
1498,580.0509004345462
1499,421.74637717414856
1500,475.8102828126114
1501,445.5394203373249
1502,456.60585489483486
1503,441.67078025323957
1504,471.6857816914958
1505,460.60051533710225
1506,520.592393175263
1507,460.8607971715613
1508,349.5825725933908
1509,695.4593492283739
1510,390.77840650134607
1511,455.85404050517394
1512,426.7343724729402
1513,382.912802498225
1514,435.06834305815136
1515,491.939642054394
1516,487.9710527204966
1517,443.6123120027958
1518,543.607953256879
1519,305.0993010270106
1520,381.68709295122073
1521,408.7897847179728
1522,399.4247118161248
1523,436.48006159234086
1524,446.84648959002214
1525,553.0525044120833
1526,578.6636662991044
1527,297.3268107789676
1528,358.6552360903884
1529,417.30598656706235
1530,431.97204539449575
1531,486.638228633711
1532,420.59259567946606
1533,530.0296286872676
1534,437.4901952940115
1535,475.64103069080903
1536,558.7398827289543
1537,383.0674329093708
1538,464.92029977541455
1539,464.53241060631166
1540,508.4167694463087
1541,386.7421734112731
1542,405.94195122956063
1543,264.70826762956204
1544,522.4926383910134
1545,424.82935200467205
1546,562.8902299778964
1547,533.8978602154281
1548,480.99302353057055
1549,474.40745095378486
1550,409.5026791144067
1551,361.60980302387065
1552,433.0168125202871
1553,526.2585623322947
1554,554.669022427836
1555,317.6500530341671
1556,377.8118344869299
1557,318.1317886366308
1558,337.38289280612827
1559,432.6837020256358
1560,478.50770460705144
1561,353.4515554369841
1562,488.27260886042853
1563,485.69328730930255
1564,528.7056422697303
1565,521.9475635734032
1566,325.93922180441984
1567,378.5873018857527
1568,551.814109737016
1569,406.94451090209947
1570,301.584672460253
1571,340.9116827247873
1572,478.11579061004824
1573,615.5744577762243
1574,386.22484854827144
1575,412.33440369921163
1576,400.13654273746715
1577,500.1850637818561
1578,429.53545362256216
1579,464.72695756289215
1580,453.2925618874526
1581,234.96240032942345
1582,428.9538563904111
1583,550.4328786858919
1584,640.0810978694742
1585,492.0461676448036
1586,536.9517963602074
1587,564.5358420589838
1588,499.160824204859
1589,614.202149145118
1590,449.4821754638823
1591,447.65948065464937
1592,460.05828748878594
1593,397.5946854843711
1594,545.3949819729911
1595,380.94838317263475
1596,378.7175864838176
1597,513.3983068464825
1598,682.8744859818287
1599,508.48373148768883
1600,335.30642999828297
1601,459.87140848103354
1602,462.75196505393114
1603,476.7881792557796
1604,465.1560234860222
1605,348.8613199760813
1606,361.1491612769607
1607,341.39555275745994
1608,476.68152265828627
1609,417.3036962611322
1610,467.49034107383073
1611,442.6529250879854
1612,547.1144460316477
1613,353.5200093548959
1614,383.3890281262869
1615,413.8806952270953
1616,387.5299502321717
1617,356.27549456231844
1618,455.5048757252906
1619,625.963402659576
1620,375.71095920951535
1621,462.2809997835759
1622,341.27049510116444
1623,528.141831162449
1624,472.28032847574036
1625,396.2789601779857
1626,668.5985454159002
1627,427.4546722203495
1628,424.61393501973276
1629,539.5510922122266
1630,243.0000771050012
1631,472.62236224811767
1632,286.60350498539106
1633,552.2417842231938
1634,468.6916615436348
1635,490.6012837151686
1636,420.6029445812074
1637,428.57398818289687
1638,421.23376776865706
1639,416.9683953963423
1640,573.985728677567
1641,451.3581822800101
1642,415.0168920178086
1643,446.48182663890503
1644,452.37805902741314
1645,433.9640057258341
1646,403.7246336432203
1647,499.5251345918808
1648,452.20923761333256
1649,412.1856473232962
1650,467.2385408326818
1651,483.9606749895007
1652,459.17211921891226
1653,470.09047228131664
1654,595.1295717543351
1655,513.9165784695015
1656,466.17603938833736
1657,466.65277359458395
1658,522.9533898927358
1659,442.5994745214183
1660,478.0465845520038
1661,395.7075488402526
1662,400.5964958380093
1663,374.38175319966047
1664,539.3205200618623
1665,633.3663060764284
1666,328.5148261673387
1667,468.5431739193371
1668,417.94700477972845
1669,560.5701942297209
1670,393.42837444307423
1671,406.9585811184301
1672,455.5934063986855
1673,439.101368431498
1674,496.84884664359856
1675,479.6690604025754
1676,502.29950158956376
1677,407.7507533463489
1678,497.30493886096616
1679,457.8133067161677
1680,400.1232838270091
1681,535.152942991453
1682,511.3769132337687
1683,485.4704584700072
1684,446.314151482765
1685,579.1529943640784
1686,572.6196858448321
1687,375.85099076154114
1688,208.7524896526896
1689,341.1457592857009
1690,387.169163920072
1691,435.38116888253217
1692,565.0793513167868
1693,405.0632912335911
1694,609.9730132107187
1695,599.7406002365327
1696,339.50337856691664
1697,380.65289792020025
1698,459.3305772409081
1699,561.6028943746054
1700,456.3309453044562
1701,461.17995557811884
1702,427.40609204387823
1703,579.4059789919014
1704,509.0723789359099
1705,548.1833877597419
1706,570.2181958431157
1707,452.8501084744227
1708,465.1952810912837
1709,455.74993588066496
1710,535.182569637353
1711,469.486954237705
1712,368.97538520346416
1713,391.2889123635596
1714,537.9205871650947
1715,375.3579356088105
1716,402.7519429240718
1717,426.20186539167736
1718,450.02963495087647
1719,411.05525006805516
1720,458.3394128087845
1721,343.4456686409227
1722,482.5743523269606
1723,418.4785720319593
1724,568.7095954846333
1725,559.1476588437293
1726,315.1758882076028
1727,458.3017515983062
1728,464.3975137101865
1729,294.3159865033602
1730,420.1766756177544
1731,377.13217770649743
1732,436.8040004819342
1733,262.3322422864695
1734,615.1383086922306
1735,436.61749815270963
1736,440.8513509287888
1737,533.7038104226181
1738,351.2325849770465
1739,563.7893365912488
1740,558.5416030473223
1741,413.33491043039743
1742,521.5867740889242
1743,506.1706887950957
1744,533.1406118510145
1745,484.45297985872855
1746,514.4857146015804
1747,376.63287468056274
1748,517.783887647213
1749,498.5971016728014
1750,532.6530393828758
1751,615.7545357820444
1752,451.88415528170333
1753,368.71333470362015
1754,549.5838830458075
1755,503.8326943785761
1756,376.60246974873496
1757,505.69839879014387
1758,502.92906226819133
1759,408.3931865907164
1760,478.8032116797094
1761,470.7808837057053
1762,463.91737532578736
1763,381.8055893882844
1764,369.0093422074864
1765,497.7021430602605
1766,590.8108992597329
1767,511.6849226219936
1768,462.83867863151244
1769,345.7832671527377
1770,476.5752020595282
1771,440.3432317584343
1772,392.4641998262393
1773,375.76325375222353
1774,378.6618754457262
1775,515.9264375620729
1776,613.6935654601663
1777,389.45157473013745
1778,508.735209555584
1779,492.12337267925903
1780,474.30994928989105
1781,633.5884096377462
1782,510.35603860931275
1783,545.7522871964109
1784,535.0597512187684
1785,391.7379492323024
1786,482.6898987742611
1787,386.3844841884171
1788,358.6841374881664
1789,274.87461540862046
1790,376.42501485460343
1791,461.6783494644221
1792,483.491842048407
1793,350.80293550476154
1794,460.1980727163292
1795,392.7889253166277
1796,359.5692490250867
1797,543.1972981466087
1798,477.8492589587288
1799,458.4014280619552
1800,272.8428989219998
1801,243.1161916449323
1802,461.4161207242521
1803,529.6994230722004
1804,465.15623470673825
1805,518.301832474474
1806,450.5726896914202
1807,423.8656063320411
1808,544.913635440654
1809,475.41191726610356
1810,355.1102397501972
1811,353.39713358431993
1812,572.8496862913818
1813,563.9045998030679
1814,484.59308365015715
1815,419.94065411445723
1816,376.22246305927666
1817,497.27649635951747
1818,495.156637927133
1819,504.108797916556
1820,538.0299793047196
1821,406.974511181424
1822,416.10123871299413
1823,342.6010511631535
1824,449.4436114848633
1825,540.7616037138238
1826,447.1068351615407
1827,434.6400670226424
1828,553.7422210865911
1829,346.6273940175659
1830,262.2787941186912
1831,454.243672305634
1832,484.8620469057374
1833,570.6508884387971
1834,426.1940523767729
1835,431.4161188897057
1836,469.86410042310314
1837,414.41688258836297
1838,443.4877749170871
1839,524.2018788997564
1840,545.9456606328611
1841,415.6288736824023
1842,461.45018442298345
1843,531.632209303854
1844,248.22460307548528
1845,345.8458854828579
1846,444.9809714266796
1847,472.3651816773825
1848,338.71016927726896
1849,513.9906027346424
1850,613.1188336173843
1851,417.53425784501974
1852,403.0240966544097
1853,463.51713265764135
1854,496.8313164222384
1855,397.0384914913662
1856,514.1671271712052
1857,436.36869679780636
1858,534.9386814031207
1859,501.91639545148394
1860,434.4884860510135
1861,411.20364508958517
1862,463.23801031274667
1863,367.34835088300696
1864,510.53425287127294
1865,505.7393773972058
1866,520.5084385150974
1867,461.11713569275577
1868,407.17119677548675
1869,521.1042080074336
1870,393.6986823727517
1871,418.4756127786133
1872,495.2490915476258
1873,611.129615633394
1874,347.2028538734654
1875,405.1208796387775
1876,418.9501932321149
1877,566.9291856670213
1878,641.5036998234216
1879,342.99904092083534
1880,367.5727501578854
1881,305.40492520335977
1882,345.5727980233976
1883,512.8883831898121
1884,382.67257037771054
1885,426.01400568958724
1886,523.2692208714844
1887,251.9159077476112
1888,423.72949586090243
1889,299.09963946294135
1890,439.8999779834039
1891,520.6163556648473
1892,488.0494971533321
1893,432.7645121340642
1894,484.24553368319226
1895,502.07007762477764
1896,461.63863165381787
1897,371.1564928202341
1898,433.0302915959785
1899,541.046623119061
1900,439.81130386593134
1901,307.3772664416615
1902,345.4134843396847
1903,556.6001728070502
1904,493.5953716840369
1905,593.4696958808797
1906,406.03110129044546
1907,410.4751544852327
1908,513.0909205402057
1909,443.3911705797041
1910,319.85092096896767
1911,343.5496885903889
1912,490.00289407077406
1913,414.7763410611355
1914,370.57443289068027
1915,488.1793237161111
1916,384.80979513676306
1917,351.593523152234
1918,467.32621540196703
1919,517.8852677797503
1920,546.4202570865959
1921,439.85648684458965
1922,386.8853999179927
1923,458.9553243576414
1924,511.8928946841771
1925,291.5017496199631
1926,430.8966683856445
1927,490.89334334100096
1928,374.4047727373371
1929,518.0860320328644
1930,608.0101817784957
1931,372.37543253135374
1932,484.78444373465493
1933,511.8797550501363
1934,457.6393118427542
1935,396.06786578489505
1936,538.1517519536519
1937,408.9175418284129
1938,525.847140945541
1939,477.0918979718776
1940,554.0766205715005
1941,497.18893634845796
1942,476.37323897476693
1943,350.3304743081026
1944,534.3714538341419
1945,323.7016786673766
1946,314.8195637182928
1947,409.94414158308325
1948,520.7285691292661
1949,435.30327487675504
1950,566.8931281670737
1951,534.9500666125317
1952,475.542192669604
1953,459.57814291701106
1954,428.6440634349751
1955,526.6246608513936
1956,484.3617308901833
1957,451.68730004039475
1958,637.5209747281151
1959,489.80907691288775
1960,490.0792191562365
1961,422.4878542014962
1962,383.3701251645111
1963,586.3435153747075
1964,449.582785775137
1965,459.2916554734319
1966,508.93909831687586
1967,248.7851510491338
1968,381.40907911969936
1969,410.85377643786876
1970,457.67851928861813
1971,468.1453246286451
1972,406.4714185936571
1973,442.0865176519076
1974,472.71064470610685
1975,479.99040652889977
1976,491.12432264928015
1977,457.1184870205149
1978,439.3110001301668
1979,425.12720510008245
1980,382.4134839892807
1981,429.94494552685217
1982,397.0201789781679
1983,468.9692322748715
1984,370.7218173540777
1985,573.6512936155783
1986,406.1455177466894
1987,525.4949777374942
1988,276.90985798823465
1989,401.76429234107695
1990,595.0961457241351
1991,432.2734545855555
1992,530.2455857928982
1993,571.2730876517714
1994,532.4025963641029
1995,483.13933888140997
1996,508.47749195575733
1997,533.0178390547748
1998,437.68809762803795
1999,449.03741871037363
2000,390.22478609178114
2001,376.43892920206446
2002,494.8953039638661
2003,317.3387887166643
2004,514.9106588326546
2005,420.36833146370407
2006,439.7237070452415
2007,439.5544184480612
2008,356.67432578193905
2009,465.75109551936725
2010,411.66281534415015
2011,581.70097008299
2012,368.8813004426693
2013,446.7652244874216
2014,335.1474554939993
2015,524.4972054584915
2016,420.4137809400317
2017,463.35482468851774
2018,403.2761078290112
2019,334.59424885923266
2020,440.5398077858915
2021,430.70306677325306
2022,440.8128363607728
2023,548.4452984825424
2024,499.7443440666539
2025,506.9676855589052
2026,561.0797069880521
2027,461.6690179788615
2028,526.79904237596
2029,455.0311125615369
2030,421.09447664832265
2031,345.09932440089415
2032,516.7723068427653
2033,437.530757844541
2034,406.9806451729594
2035,453.9144026935559
2036,610.8113444291909
2037,366.6029567364691
2038,463.49661867615373
2039,405.7058802372097
2040,484.8329705651358
2041,452.6955404602315
2042,510.3378891957322
2043,405.279018684114
2044,497.4084938536814
2045,663.9534449970828
2046,427.2308139694938
2047,462.9049494555576
2048,468.5781726736423
2049,439.43376093626966
2050,536.8036649400551
2051,325.7678669986213
2052,517.5881202544565
2053,549.2364923725694
2054,476.5921839919883
2055,444.9240993672477
2056,415.07109573871793
2057,438.88821510415863
2058,465.9213243827561
2059,392.4950561957984
2060,434.8484745673267
2061,498.2879808330091
2062,372.3731120495948
2063,491.3765438443445
2064,385.9153189835827
2065,431.77193790409973
2066,542.5173423521137
2067,411.1926264704767
2068,452.94867623739015
2069,404.03369122264286
2070,414.70333634431023
2071,461.24116805546066
2072,501.3291399669781
2073,428.2535009373776
2074,279.1282260095982
2075,523.1089211959932
2076,401.68092769608904
2077,536.6675197421454
2078,549.1468703065998
2079,361.61855482987386
2080,366.8010870668347
2081,454.75899606990583
2082,400.4646100507954
2083,450.4123287011695
2084,406.59205882360646
2085,504.8054685885452
2086,395.10158025309016
2087,572.3448270197756
2088,373.79709796803087
2089,544.1041552256506
2090,432.701020202816
2091,485.9588626079118
2092,470.39928715399884
2093,541.8394523778968
2094,432.42585204128386
2095,469.30914467482154
2096,403.3085573067669
2097,410.0711900088808
2098,333.5278903961636
2099,467.78153600761624
2100,388.7386070427087
2101,576.0130974148783
2102,391.9807986051124
2103,445.7756256049268
2104,381.6819898740272
2105,450.36806995478213
2106,323.021670041211
2107,402.6487262472006
2108,456.98712509782945
2109,410.1112769507525
2110,448.49399006207244
2111,615.6008908431718
2112,336.2449331280818
2113,438.61724783113533
2114,414.9281378609192
2115,473.76590767758887
2116,404.3628831991982
2117,605.6088109210766
2118,487.8053059557849
2119,390.34969236666046
2120,508.4887462046309
2121,466.9650480662308
2122,382.9195858339244
2123,344.00296995385304
2124,568.8913323751035
2125,633.1525520179935
2126,530.4296658830956
2127,355.357468636305
2128,359.18082640544526
2129,471.4522051180987
2130,425.5935811028261
2131,367.21273415011683
2132,490.0083409682401
2133,562.7273168345379
2134,467.86751930302177
2135,555.6913848453814
2136,475.11699822937925
2137,341.30499511389377
2138,522.0502893516343
2139,329.79514894893146
2140,462.61252645942307
2141,504.93012130723264
2142,374.2217333665046
2143,407.1482640843333
2144,455.7526668207625
2145,482.35278965505114
2146,369.46624870847074
2147,353.1492436935297
2148,406.8229432731646
2149,441.55311144092025
2150,434.6488606868092
2151,524.0521408115515
2152,335.04776551787154
2153,473.11218098327083
2154,405.960079703466
2155,422.806557573549
2156,556.500320369908
2157,377.66229886841495
2158,425.58226358394086
2159,605.8721348476932
2160,494.75294602898754
2161,509.43128458257206
2162,448.96351980096773
2163,514.2759108553827
2164,444.593475405199
2165,474.80677543680355
2166,474.9204170547636
2167,440.44070530108667
2168,438.7671258477905
2169,376.1970614861061
2170,397.2853217979398
2171,552.8789176393848
2172,406.70585136538733
2173,421.41189685994703
2174,300.37126444680285
2175,461.7780810074909
2176,395.2469277023481
2177,505.4856635817677
2178,407.34208553284753
2179,353.35925188945276
2180,583.4107522859573
2181,464.32062559720094
2182,373.30575989994117
2183,396.1715413811968
2184,458.7261871352108
2185,389.2794225744926
2186,463.9064856978019
2187,358.3536691470817
2188,516.5899637454751
2189,364.16077910479237
2190,417.15814940067537
2191,401.95614635472793
2192,455.97251757105084
2193,404.1266860673153
2194,434.44841165033176
2195,545.8263340331251
2196,531.8264517936713
2197,500.6593337284604
2198,517.8331114435683
2199,414.30621538376613
2200,471.7409222308754
2201,300.45307253037
2202,393.3759224269196
2203,419.82892991547277
2204,453.6302767645269
2205,587.7987144034926
2206,404.9807026913226
2207,530.3594465698637
2208,362.994725939966
2209,500.98555018086546
2210,460.42646616384746
2211,489.762011274258
2212,388.6360472458429
2213,457.50763592760404
2214,411.1711984129773
2215,301.3336247705218
2216,441.89681873904266
2217,530.819549948166
2218,516.8025414717943
2219,350.83861074218476
2220,532.7220986943289
2221,272.4842359155862
2222,390.1694066073667
2223,361.89220430397785
2224,475.0355360562052
2225,465.1702181486222
2226,462.6105414964797
2227,533.4702689357961
2228,483.48364773608546
2229,608.7214706473027
2230,301.87118385934144
2231,361.0576202866165
2232,430.77530327631996
2233,399.56683251277366
2234,498.0336775523056
2235,494.8454355893891
2236,463.31032380639505
2237,542.7120147007128
2238,516.988544553152
2239,461.8979470794257
2240,494.44231417260295
2241,369.499268604886
2242,431.8805319349839
2243,461.7301803127362
2244,414.6116350809918
2245,375.01979623150805
2246,418.0062436328636
2247,444.08126671127906
2248,621.3929324294041
2249,389.5129120468761
2250,443.19103476377416
2251,454.8832095519592
2252,397.5733388295337
2253,551.8346792009239
2254,467.17765708403954
2255,446.19399774662
2256,409.63309236705237
2257,462.1098760691606
2258,523.0721279128867
2259,446.86921596706003
2260,505.9149211007462
2261,407.7572272954789
2262,386.85836113582144
2263,411.4110808593695
2264,602.427950954489
2265,398.9637708432571
2266,452.24410441931116
2267,628.5577527086475
2268,473.87790256095866
2269,382.4017609214447
2270,409.58755017372755
2271,410.4761914067099
2272,607.0006727518714
2273,524.6393628935858
2274,443.6037366494838
2275,539.2987647434643
2276,433.4795185715267
2277,402.3769778288728
2278,495.745376401874
2279,491.9061780787575
2280,434.07425024731305
2281,359.6642144134037
2282,441.94115865176684
2283,324.0748490279543
2284,422.56227807204044
2285,358.8465072767366
2286,299.311101094123
2287,433.84185133846
2288,575.8185006770829
2289,439.9334167136394
2290,502.96542690323537
2291,389.5853587015249
2292,345.993142927726
2293,311.6316521129304
2294,317.23354410164615
2295,384.28132116540104
2296,516.1528757942299
2297,667.2821266115928
2298,473.09266723549973
2299,560.0970791806567
2300,443.2679255803401
2301,480.5236427184434
2302,576.337988909717
2303,496.8811086570113
2304,587.436106345138
2305,459.25118981233015
2306,476.9301035668627
2307,429.061325194683
2308,457.7294302880257
2309,373.2266669425677
2310,460.4124577418272
2311,289.4512909122305
2312,366.28216202128874
2313,502.4425834919565
2314,496.5902493296025
2315,472.8725560576835
2316,449.9323360510297
2317,548.1436764306877
2318,501.4478145749923
2319,557.40335803182
2320,540.7662374043651
2321,521.3525237730396
2322,523.001484207232
2323,450.5405888301895
2324,479.59243855873495
2325,300.7916328490716
2326,511.7232826769415
2327,606.6588999818144
2328,575.5251052049408
2329,332.83178879827415
2330,648.2791399914119
2331,370.5384610233625
2332,500.40370943645473
2333,515.7874871664377
2334,628.8464191612359
2335,576.1754436004818
2336,398.49778206107214
2337,224.7805166273883
2338,479.79251059083265
2339,371.15757313575847
2340,242.43489784826934
2341,408.00812279973627
2342,483.7791610755895
2343,401.0535868004306
2344,376.4725721676532
2345,400.37814169630457
2346,479.0781593989444
2347,343.7432558536669
2348,544.6324096918412
2349,471.0206094946922
2350,335.10409411465264
2351,380.5614366086278
2352,457.47520695946656
2353,509.2115462592748
2354,432.20682975312593
2355,413.8907098441541
2356,372.1480424888196
2357,433.0396231199685
2358,423.7542534621302
2359,468.8490453047076
2360,275.9271186773226
2361,430.0995495261331
2362,441.3995767873512
2363,378.69970374699176
2364,359.25148847768287
2365,527.9758103693085
2366,492.17368599465567
2367,525.8462683649605
2368,406.55530523482173
2369,381.22538662404185
2370,435.20527964361145
2371,478.9071460135146
2372,362.0213776072206
2373,426.2369624321611
2374,230.5790806366472
2375,632.0695238602032
2376,558.460501042196
2377,469.46271566450594
2378,453.294927302974
2379,521.0187976449257
2380,484.6730928628522
2381,414.79669759338367
2382,530.9036399459253
2383,389.78513740536215
2384,336.69967108202076
2385,240.72992322186417
2386,291.17569284246395
2387,467.69739928608095
2388,141.2849648033532
2389,315.9882223898154
2390,415.0026662091145
2391,448.85743305212344
2392,482.13452427983884
2393,297.06308069572214
2394,448.8356014357961
2395,584.0740061201883
2396,468.5644512959598
2397,408.08585176665173
2398,442.6289180860057
2399,557.878001099583
2400,457.85738186419525
2401,596.9692998233763
2402,521.6830135129891
2403,450.602477009111
2404,375.2583806021966
2405,520.961807798239
2406,399.884690620706
2407,458.8620037240947
2408,403.97002821365385
2409,518.8316012917992
2410,509.32648859342464
2411,328.9461251944851
2412,360.2317352378625
2413,389.88776221338173
2414,537.5902753779864
2415,477.05590302219593
2416,465.2578977644316
2417,566.8919418312888
2418,455.1218919459416
2419,464.2114038289
2420,483.13516232419977
2421,502.6611526247733
2422,569.6728041276452
2423,483.02482471784407
2424,444.33253169434363
2425,349.38939168394205
2426,490.1124240130434
2427,479.98789215748565
2428,456.29845038395996
2429,431.26360200741186
2430,391.8762053824193
2431,548.7038882137535
2432,534.2388871744234
2433,397.66875826525876
2434,407.37064672652326
2435,487.460213601269
2436,540.5945015407236
2437,496.813381282794
2438,482.3376485727276
2439,387.2369695468699
2440,488.72992514287427
2441,412.2696375473347
2442,510.98928472809666
2443,492.41473646884685
2444,407.0378494895326
2445,328.6768100597622
2446,411.1791363447649
2447,488.6818178146725
2448,420.8387844796557
2449,395.88604974315837
2450,456.21371832597
2451,473.1614069041656
2452,414.69991784606
2453,409.87165585707794
2454,470.97364707255434
2455,400.13039579232645
2456,499.7375143571276
2457,410.82234020783346
2458,589.1932417357729
2459,495.76919811205397
2460,432.89070964445483
2461,513.342888711995
2462,459.20006580276214
2463,441.5936231936941
2464,387.5548715665178
2465,582.3162185350976
2466,462.2626393586005
2467,561.9181408107011
2468,396.70022153467767
2469,568.9062016564584
2470,434.9204012685808
2471,529.7583956259534
2472,386.0237359794652
2473,480.41476004078356
2474,458.00114531180265
2475,416.71151888351267
2476,412.7563474897134
2477,393.4453384277687
2478,412.5566139220112
2479,413.6815873390802
2480,405.3477287644707
2481,253.0039197312904
2482,444.499228362608
2483,445.4550729683103
2484,533.223184294366
2485,544.343319653737
2486,457.47604447475936
2487,461.7005210981491
2488,453.3648159608011
2489,444.476145128244
2490,479.10310208525044
2491,425.2249313541465
2492,371.84527166977324
2493,555.0707649024072
2494,400.8353785528064
2495,547.8156397307364
2496,429.66468686138984
2497,365.1397482094517
2498,538.7286483071957
2499,435.75138492276517
2500,512.7939424796826
2501,374.89131240344943
2502,417.57332798799604
2503,469.4598831716805
2504,445.51753329556624
2505,330.8444472757585
2506,367.74488427050017
2507,434.01197648743994
2508,319.05272254459095
2509,497.78072017021594
2510,435.9724205188784
2511,303.40413728459146
2512,324.7240687007873
2513,385.5959412849129
2514,482.974490258089
2515,421.800536467407
2516,384.5113316813972
2517,581.9248064571359
2518,443.1782626353807
2519,321.7822590003662
2520,485.80836502609685
2521,445.4677772499065
2522,552.2392663410184
2523,353.7146045971381
2524,412.10540252433213
2525,518.9042829114045
2526,443.01119441896884
2527,408.73735536091044
2528,552.3313344069924
2529,387.5334894656721
2530,391.052875512299
2531,420.4740962011413
2532,511.38694651750353
2533,321.735058186153
2534,473.44531872904224
2535,649.6037564615724
2536,456.466407429385
2537,493.625721217965
2538,417.0482472837833
2539,374.8291567064636
2540,518.8075493263628
2541,410.34251124867114
2542,430.5971534343995
2543,448.75523862824997
2544,407.7934465245257
2545,363.4415860952159
2546,451.3730400870882
2547,261.44137227754595
2548,492.40044030369046
2549,483.83736764387146
2550,650.2136286927006
2551,474.5876991496209
2552,365.1009671525316
2553,470.65638549956327
2554,440.8172397036203
2555,377.55737210671066
2556,405.3989137484609
2557,382.00418147133473
2558,414.63711366509506
2559,590.1877275613966
2560,557.0213376159915
2561,371.05205515240806
2562,488.32356649493255
2563,462.5818446466038
2564,492.5669195417806
2565,427.4810469923438
2566,472.69126364990683
2567,524.0052414440305
2568,385.30671934701047
2569,456.9706057634229
2570,418.0452168983965
2571,355.7564917896899
2572,447.3325637797306
2573,489.51073654054943
2574,358.85163109581157
2575,334.0414514825597
2576,530.870371067068
2577,335.5546840510142
2578,493.20565414657847
2579,390.66919691252156
2580,578.8286254825794
2581,482.41675616684256
2582,463.7778245801532
2583,303.6015808529421
2584,523.1835221222551
2585,634.8674413169118
2586,351.0790465773514
2587,405.8265474048423
2588,480.89780286014195
2589,492.05103644955534
2590,553.0140881498039
2591,479.59313367291537
2592,458.1506931861918
2593,350.5883121480484
2594,233.17831031394113
2595,337.3154803325762
2596,512.110282699755
2597,536.5483716590327
2598,341.14441226932297
2599,398.7844631529939
2600,551.8901629450366
2601,487.6306836379723
2602,526.4692429762862
2603,524.1189776004567
2604,354.7236950085453
2605,454.6211642072347
2606,538.6637131898617
2607,399.6664392694195
2608,583.5501047879237
2609,438.8584139222481
2610,423.0675906935254
2611,449.5858994134317
2612,457.464166912567
2613,371.9800115563665
2614,307.4522409643208
2615,427.6652727511832
2616,406.482673528799
2617,473.17118304347866
2618,483.55265613316453
2619,475.8332217550872
2620,489.19231104794477
2621,398.8171547216158
2622,361.22600421052215
2623,406.370019261156
2624,422.40710885507684
2625,521.10220063407
2626,571.38994106003
2627,586.6674692589338
2628,292.0375191771336
2629,420.5118062892198
2630,441.75868554420566
2631,430.71420015572966
2632,325.604300455253
2633,389.1628061600978
2634,334.951000313028
2635,486.8435494080841
2636,539.1037218508319
2637,407.3685726782013
2638,366.11360591389354
2639,357.8579126242456
2640,347.2310600682796
2641,566.5833239704607
2642,516.4071954713961
2643,456.1158426962012
2644,429.1003366714794
2645,484.89490884739763
2646,516.7963448842111
2647,407.30158862659414
2648,469.6720316870533
2649,406.54955145261255
2650,461.6243632636625
2651,637.5316045954237
2652,597.5977448232919
2653,329.9728887727975
2654,461.5308847071818
2655,404.0977544506654
2656,472.37002602611574
2657,432.51432679204595
2658,482.007185386081
2659,327.402436692854
2660,351.65975206417374
2661,540.5731780151142
2662,493.4773488891264
2663,492.3969191547063
2664,472.5829676347627
2665,496.0895758693219
2666,504.92920478487173
2667,385.48741972469514
2668,255.28633868440545
2669,515.232061529263
2670,494.4370936719947
2671,478.396558080983
2672,438.9988152358324
2673,318.7157672992776
2674,450.0132200138976
2675,357.6021679095669
2676,521.0094720697708
2677,337.91956852363586
2678,292.11806721845704
2679,617.3106524756072
2680,312.482022263083
2681,468.01531688349723
2682,380.662757078287
2683,520.8667119785703
2684,388.7111124995411
2685,437.5188040500892
2686,443.47277323197767
2687,438.94243485933515
2688,478.3502849707216
2689,515.0507267348778
2690,519.6657781761926
2691,470.89840947146286
2692,467.9539725019445
2693,410.20720391952125
2694,512.406074629387
2695,511.99849842096023
2696,594.4264178449565
2697,355.1087606390896
2698,521.1541042803216
2699,400.85207370309325
2700,528.2873165150185
2701,457.9877570768011
2702,423.6532624084756
2703,451.4537352822034
2704,458.22218189147276
2705,452.5667636971226
2706,392.4577084285501
2707,339.76461337817733
2708,362.2286866351782
2709,455.898943568395
2710,567.1074259549623
2711,525.3446723120737
2712,392.62537113579447
2713,296.28599453721677
2714,365.9994767198196
2715,448.05912979788843
2716,494.78485835089504
2717,515.5134002418175
2718,495.3908248445552
2719,411.59252496677493
2720,470.3566159711536
2721,475.5656739910688
2722,476.0930472410109
2723,585.5607327785333
2724,367.30065689187285
2725,552.2102823852036
2726,460.4940783835715
2727,440.52300415275795
2728,399.8682184626577
2729,428.6700210559526
2730,297.1272782397262
2731,485.57884760159976
2732,432.4368485158458
2733,203.84479763978828
2734,524.6325733439485
2735,422.701385865991
2736,462.5631450748411
2737,411.2246210717549
2738,542.780974580624
2739,370.371225135653
2740,441.8825400077204
2741,527.9903603719187
2742,346.67390254366364
2743,457.12153279251646
2744,547.7517887236457
2745,287.13864361920196
2746,425.280230296024
2747,430.13316008665714
2748,488.6466347442971
2749,421.2010621953773
2750,431.0659173407922
2751,457.62312590911887
2752,429.39519353766656
2753,413.887316526064
2754,325.28794576386224
2755,445.88578258948445
2756,545.8958952964059
2757,410.65116539947485
2758,396.8501829333166
2759,478.82375077309615
2760,469.9142148964949
2761,449.4423725824562
2762,340.95808467273844
2763,387.37394307624277
2764,458.0485621854909
2765,323.68929101462703
2766,552.8562986232299
2767,488.2038594310681
2768,441.60755343544923
2769,495.5224413920434
2770,278.23484554058325
2771,475.9977033040492
2772,396.29622920214985
2773,522.4375355745409
2774,509.0411289397067
2775,599.2661614762192
2776,491.803917015906
2777,382.48303513089826
2778,418.5192090183026
2779,483.1963203645043
2780,432.33261767321363
2781,366.7169552056821
2782,443.66627424101625
2783,476.25167071712394
2784,422.8136190101277
2785,524.9176407028228
2786,456.59454948764625
2787,594.8058258203727
2788,528.080800658951
2789,514.4221089756921
2790,539.5351645033693
2791,482.3713026251965
2792,428.4164345405149
2793,366.87238474625457
2794,564.3200424155372
2795,584.7653003918161
2796,426.06191410576605
2797,465.09555643299626
2798,532.4337002826394
2799,518.3016613702284
2800,435.7401242467763
2801,567.276653495186
2802,490.02978785808983
2803,402.4183551833179
2804,458.39499938575443
2805,271.4450473117836
2806,498.0126076355485
2807,579.1553340926454
2808,610.5738117885569
2809,384.9992914743966
2810,331.9781279468407
2811,501.99928927941994
2812,541.7165997548043
2813,437.01104845288955
2814,498.7559661365409
2815,399.16099881378324
2816,489.35932646058
2817,287.1448235699118
2818,298.0253319790913
2819,443.8650329407329
2820,475.2973496533435
2821,425.54682526177936
2822,463.2708379527653
2823,493.87174398234504
2824,509.3077218596015
2825,376.5589183626121
2826,561.2517967039981
2827,494.3222869823518
2828,483.3315872494539
2829,495.70002740714517
2830,449.3583866316558
2831,491.94920530004765
2832,426.5201584838528
2833,510.8203190522787
2834,556.3385445978386
2835,432.6872059569418
2836,381.45376658579465
2837,359.9027112100451
2838,318.5913907709041
2839,451.12394239532836
2840,528.949653427173
2841,526.1445118741592
2842,447.7473889330789
2843,492.3083025600215
2844,400.70443168479324
2845,365.20672334505986
2846,325.39911674754444
2847,437.33859491655943
2848,517.4469742378255
2849,326.7859944151143
2850,470.1005197099256
2851,544.6569141536396
2852,417.1776384981053
2853,538.9188912490273
2854,526.8412875790074
2855,534.3981789629247
2856,512.5097450475075
2857,468.3809729522654
2858,464.76494447176
2859,400.986862443587
2860,478.3431857286841
2861,439.4305472443247
2862,542.9745259163245
2863,407.3613399123662
2864,494.99140139249596
2865,433.91539101238476
2866,480.75490455551426
2867,384.5012053783919
2868,441.375713635687
2869,530.4310737703164
2870,544.4616899613435
2871,556.2054950154835
2872,456.692194547505
2873,553.6051954387754
2874,468.1395617196361
2875,516.3647487943103
2876,384.20438578283114
2877,490.81071802573973
2878,567.7326663120836
2879,562.7799860331672
2880,456.05896619102936
2881,374.5259767961251
2882,499.3472908937081
2883,397.5509133952641
2884,410.5794482585215
2885,519.679305419202
2886,294.8058615359835
2887,475.9302271635724
2888,417.70582958374195
2889,442.8224268278465
2890,559.743690723336
2891,431.62793380830334
2892,455.52135735086677
2893,402.0416573554618
2894,306.325897856543
2895,412.0913739773421
2896,217.5594536949882
2897,360.04538930694866
2898,395.1260286168238
2899,461.4672634148792
2900,441.5260635405328
2901,330.2216074050882
2902,369.6480545253208
2903,504.8539398330298
2904,457.80960527777177
2905,374.69982479956036
2906,383.15921926701606
2907,544.439700376564
2908,428.04174488008414
2909,487.19845442976384
2910,497.4991582879976
2911,387.99032042880276
2912,425.4720036632674
2913,424.81057585517004
2914,510.2396504876233
2915,434.25288933369035
2916,508.3151216001141
2917,498.57334054151056
2918,604.8305737322116
2919,418.23549171789915
2920,441.5836496029537
2921,441.440601027936
2922,488.0598394663728
2923,422.7516448229938
2924,546.6494159349118
2925,526.7877583970129
2926,496.0322227178319
2927,455.52554060758484
2928,529.8692003748479
2929,310.55669517819695
2930,392.10759848113827
2931,368.18849725896376
2932,542.4602726286456
2933,427.3586905361318
2934,348.20091212181546
2935,531.1029855413303
2936,388.54795455547753
2937,515.2565493534312
2938,502.4443597829723
2939,444.9771798398883
2940,384.76621335728447
2941,531.696961885176
2942,395.6159448372164
2943,536.8925398641272
2944,442.7793047413062
2945,468.72707818411243
2946,474.14490424544334
2947,522.3899246602408
2948,600.6072460888969
2949,593.1033190556961
2950,398.78088926631455
2951,442.2416948583362
2952,448.488632281687
2953,398.8899855469453
2954,469.91563699988876
2955,406.717968983531
2956,443.507665641549
2957,415.93438503608814
2958,532.9125425728955
2959,403.62975050162396
2960,493.18249909219026
2961,512.3669589299366
2962,320.15883218653767
2963,458.1557078646084
2964,367.62683746080444
2965,432.5042952826986
2966,439.23178558737544
2967,441.06932962479976
2968,362.41643609776287
2969,484.0194084394081
2970,369.2112207982688
2971,424.85847383030773
2972,506.68892574856045
2973,381.0184015599166
2974,447.79643932406276
2975,481.03969434569615
2976,401.3442594337719
2977,372.41123451215975
2978,482.7524631714087
2979,406.19788734399305
2980,404.3281514835302
2981,491.41872790518903
2982,458.28727908785675
2983,377.71559269858193
2984,441.3757092463561
2985,363.4932280764336
2986,512.7033869645279
2987,487.1907668433156
2988,425.0411016527059
2989,432.57629004925667
2990,556.0361720348689
2991,388.3890292378576
2992,430.6312586849933
2993,315.4009185220013
2994,515.6866630855109
2995,451.11130970146064
2996,597.9227095316901
2997,361.6402770990757
2998,293.8533327844037
2999,393.7150047822904
3000,307.8694082916029
3001,453.96038032902413
3002,378.11257804534637
3003,420.10727148217205
3004,432.7225078561606
3005,521.5694487769539
3006,408.0551943788907
3007,291.9441697409593
3008,425.7034755665385
3009,621.508260616291
3010,449.7997399049318
3011,499.86268794846654
3012,504.01948916660433
3013,526.3614115601833
3014,454.0020594099022
3015,285.57456229506244
3016,518.9965947845619
3017,473.55506143609045
3018,421.5330749191856
3019,443.3584442995759
3020,380.8875698861663
3021,437.2689717291788
3022,514.8864199849208
3023,498.84102449855266
3024,465.90313451656743
3025,442.9219478059652
3026,403.2268446732109
3027,626.8360608119916
3028,519.3353405977275
3029,517.0786144238315
3030,346.7555534720222
3031,369.38660970602785
3032,504.10117264557846
3033,411.2764241722611
3034,363.8689549357678
3035,553.5926954403106
3036,477.1815351992582
3037,331.87370896598145
3038,515.4669635754658
3039,434.8843063473163
3040,458.34364084878996
3041,424.6660687115645
3042,453.673330588075
3043,512.4255468272021
3044,533.6752987784704
3045,357.6340730669517
3046,362.6788236317063
3047,480.9917325948343
3048,501.0078084826915
3049,447.645986229936
3050,470.3223803928865
3051,439.9521138075758
3052,473.97410122552714
3053,449.6679085271645
3054,458.64466799781803
3055,422.38558212939046
3056,425.86609548056475
3057,361.506739678762
3058,414.8118992796349
3059,443.2022639203116
3060,516.7305219648986
3061,479.6532756890083
3062,399.6806580270708
3063,566.9189002248239
3064,376.7348872606004
3065,393.88790813877614
3066,446.86608720987306
3067,428.3352049630737
3068,467.84369324606683
3069,289.1295010271498
3070,388.8404767924242
3071,521.7004790753961
3072,513.4723935800898
3073,496.89273893086886
3074,341.2899171759698
3075,449.72314798315483
3076,443.1137895368808
3077,403.7822992886424
3078,403.8303275422698
3079,487.5225961754141
3080,510.92203116103263
3081,465.28200737412783
3082,329.5320172709897
3083,494.3011113140791
3084,468.070438436695
3085,345.13464616162344
3086,562.4879616595371
3087,412.79969586933447
3088,404.959759900243
3089,534.1844511039194
3090,392.218471825994
3091,550.9889837454177
3092,407.3523238557776
3093,484.2896011092182
3094,441.052398155475
3095,494.4536515491827
3096,401.3042674556119
3097,464.89469001512265
3098,421.6418325277109
3099,365.895782804337
3100,432.89976038057995
3101,415.09455524178463
3102,543.3885916782696
3103,466.34724666845324
3104,418.41551308871453
3105,399.34372724442073
3106,446.1754058211208
3107,306.05190609993656
3108,460.57920326711087
3109,507.79003037866886
3110,405.4099280402092
3111,455.07164360487957
3112,504.4069816221534
3113,494.0924411555792
3114,573.7394498922932
3115,500.77069545257865
3116,420.5483709316462
3117,544.2852207729832
3118,370.19696601077084
3119,322.9345636613466
3120,439.67446875430034
3121,506.88603423465185
3122,530.2836664836028
3123,442.788310178508
3124,423.8536831849585
3125,516.7046586843567
3126,360.44738395765194
3127,541.1594114164568
3128,508.9442372887608
3129,466.5185042229673
3130,442.750756328893
3131,427.12956820896426
3132,403.9597817890006
3133,526.4405670973123
3134,573.443003289065
3135,394.31534212123404
3136,505.9840892374375
3137,508.47699047219066
3138,419.3396744430722
3139,454.9756337071081
3140,570.1050599322001
3141,578.621852995565
3142,472.8642526132588
3143,430.6817179858563
3144,463.5543666396456
3145,564.580079817873
3146,418.05264513916575
3147,500.7511422904039
3148,476.5159552424104
3149,285.14152688089735
3150,379.7508111048645
3151,475.83213875837237
3152,469.9919669818439
3153,511.29167328984056
3154,443.916727479201
3155,416.9114337664863
3156,601.3342047370704
3157,545.4916696875913
3158,478.13035806668796
3159,369.5464744747766
3160,553.8020006169573
3161,309.1854469269065
3162,385.8041740755827
3163,524.4266780243869
3164,508.8301482866333
3165,424.29760698841045
3166,427.63822227358054
3167,355.34045785240187
3168,439.20126388931226
3169,339.66502994261776
3170,430.44070244834796
3171,574.2655977132938
3172,476.6970080554873
3173,534.7978716296425
3174,413.41115620863553
3175,392.8619827026628
3176,459.2907899396506
3177,522.3722319982247
3178,484.75029706344503
3179,374.838399873714
3180,477.2464456596693
3181,483.9572283394399
3182,387.69522816119786
3183,501.8562866396856
3184,431.19560239419997
3185,333.53204909999454
3186,487.2211718343773
3187,379.35969910350633
3188,443.78832553200226
3189,496.07209053485235
3190,510.61324691061066
3191,456.75775450750683
3192,606.5384820976861
3193,405.18304503150154
3194,372.7387850477293
3195,378.67006300707624
3196,376.95542550201424
3197,454.01804963202096
3198,301.5146206371534
3199,283.16992239258997
3200,578.5583117132535
3201,271.1724364135019
3202,375.726371793419
3203,443.82075777277635
3204,513.8632525562447
3205,516.3899039701446
3206,480.8206435981511
3207,471.14121268049126
3208,360.07360473289907
3209,449.6523536624481
3210,410.4941067392718
3211,340.73735844876006
3212,560.6046716810033
3213,408.10916570021345
3214,423.26403811248196
3215,505.000811144388
3216,455.26932477259453
3217,496.94286807828814
3218,438.7894186054763
3219,418.0140986406576
3220,357.18789317771854
3221,470.10348499057307
3222,366.1643688204408
3223,491.1626900419774
3224,540.1790581085951
3225,363.6594701381755
3226,515.4445308833918
3227,526.5454112823425
3228,496.2230761885278
3229,421.6013936319101
3230,323.28355639241926
3231,424.8337821481454
3232,418.203533382518
3233,478.6909729279138
3234,489.7023940560208
3235,507.5863404956894
3236,308.1031097168956
3237,619.4531341013585
3238,398.90277905141016
3239,494.2083746188673
3240,476.66846434633305
3241,607.676012362678
3242,487.57841661781566
3243,479.4532563911581
3244,486.02572090022903
3245,523.6234830871146
3246,593.9863813001757
3247,530.9393473198189
3248,395.8000216950552
3249,620.9509722033846
3250,559.0662765480258
3251,535.048232218408
3252,356.1823138159884
3253,423.38458908956284
3254,345.3798972598812
3255,402.3588508941238
3256,459.18927991051606
3257,427.86776757618634
3258,559.6258693367829
3259,665.9971666141408
3260,446.65212691728976
3261,319.58066830458034
3262,557.7988864385056
3263,356.2385506102809
3264,384.4194758783037
3265,471.8522785497082
3266,358.4646658929105
3267,458.4462881121141
3268,484.66725594572216
3269,361.60139968852434
3270,388.39978347472527
3271,441.19666419700883
3272,489.7622420795114
3273,496.9598582059073
3274,371.3235921694066
3275,505.68868662596304
3276,499.84534952001707
3277,527.5183988948784
3278,468.2608459393526
3279,609.437986439734
3280,479.13467420343915
3281,482.1724183118814
3282,534.5685469968919
3283,417.53726144604224
3284,471.63331298504465
3285,482.05561062518024
3286,447.92747342669185
3287,365.7812066012515
3288,369.8039472973103
3289,546.8441687570396
3290,343.5323206400066
3291,452.77350568898055
3292,428.2222890553896
3293,502.34590545989636
3294,479.12808327605853
3295,255.94549120473968
3296,431.8489346686291
3297,484.19030219173396
3298,329.52274386020156
3299,408.6740893233322
3300,424.59417609478055
3301,520.4414436595663
3302,326.95421793472985
3303,383.36594588729594
3304,577.6384204622557
3305,484.2748889157215
3306,306.5484297996468
3307,461.6969044348233
3308,419.9079542141552
3309,443.0365216643134
3310,503.39999807165503
3311,406.49694930043415
3312,529.2199248913344
3313,515.6642354418461
3314,456.3134352211583
3315,397.9989011438606
3316,377.418053477153
3317,588.0333470214066
3318,498.5128889263617
3319,382.54312132016565
3320,422.8457122536107
3321,572.3651721440212
3322,260.2940252714896
3323,553.9264861485002
3324,436.36378828540296
3325,485.2091326589783
3326,464.67553606048364
3327,410.78720826282364
3328,437.76699700935694
3329,447.46457972265523
3330,457.33492910836856
3331,399.84896896186564
3332,402.1157935902773
3333,494.75603200987183
3334,435.50817027656336
3335,491.25403433821543
3336,429.3388990105665
3337,445.46266006764597
3338,440.94466412836914
3339,526.523785135556
3340,506.4740727777936
3341,519.0887784065657
3342,543.155441478328
3343,405.10804137480324
3344,309.94588587430314
3345,383.8630102908724
3346,389.70155689299884
3347,414.387842395014
3348,392.58202368830484
3349,599.7558402620286
3350,413.8321743807016
3351,570.2165615957853
3352,460.9761395325312
3353,521.954113320981
3354,176.03270450670075
3355,463.6680872471041
3356,462.61219883086596
3357,493.2146941656323
3358,468.12653135013903
3359,406.03248792835376
3360,413.50160896798235
3361,386.8128718056726
3362,397.2154448613522
3363,451.7957054093989
3364,535.8707483083009
3365,472.8542287021396
3366,451.83588694276665
3367,502.5648077656357
3368,584.5391972989695
3369,321.97087277694305
3370,337.5764472260777
3371,375.33776395402225
3372,422.9509567573427
3373,581.9758694476207
3374,478.633638992991
3375,400.4832344413279
3376,527.6762424882469
3377,615.8032989580886
3378,539.2112124000203
3379,455.61861243416126
3380,339.3460892199131
3381,380.85614707396195
3382,387.13707503362986
3383,446.32478872014826
3384,292.04976911451416
3385,417.3095801699796
3386,425.656801260793
3387,478.311337808519
3388,389.468527707005
3389,465.9996059195798
3390,495.77062602417766
3391,391.5742777834923
3392,505.08253669122564
3393,424.37637249232574
3394,433.27147360936027
3395,417.6828581055832
3396,413.73801803741
3397,389.1493386415376
3398,436.83719944668474
3399,437.6264700716514
3400,459.4774692741136
3401,489.48378362557224
3402,446.17956063441926
3403,493.099271798111
3404,468.15344611571726
3405,471.02161247442587
3406,447.1297317429655
3407,450.0458896673365
3408,337.13987829879915
3409,524.4526996554904
3410,463.8552185580716
3411,165.8223167930816
3412,512.5046696580978
3413,436.95548299459307
3414,391.67286417396565
3415,537.8274277154165
3416,458.3527771208006
3417,509.684470194563
3418,557.3028126325843
3419,261.54979232491644
3420,416.2219649264158
3421,414.1246399228785
3422,455.71304277123494
3423,466.38511850367695
3424,380.53925630553334
3425,281.92922123793676
3426,409.60949104094806
3427,595.6106252310411
3428,522.8342855362656
3429,470.7785313594876
3430,374.6787940999932
3431,357.72778865725945
3432,301.6143580641867
3433,265.93180795117945
3434,478.814774147189
3435,379.9187228618414
3436,382.84702648555174
3437,460.24304402252807
3438,401.7203315255316
3439,539.4877126404368
3440,337.9310616953753
3441,428.6409518339997
3442,532.6654297057386
3443,247.10884191273783
3444,528.6220212456426
3445,510.12451577257485
3446,587.2345544898853
3447,525.8668062761096
3448,718.0198745910042
3449,373.1065558178579
3450,459.18710755757274
3451,575.2891337903617
3452,450.08088925795835
3453,383.6368897964814
3454,471.12806301381795
3455,339.8210745594347
3456,464.15354632998066
3457,376.10772172668896
3458,377.2074380548808
3459,540.9391125372151
3460,479.77420737351906
3461,466.6310172562664
3462,383.07917160228413
3463,312.00348885922057
3464,363.67070171298366
3465,470.0469770456942
3466,487.9881793641465
3467,328.5962430420126
3468,423.38358995169665
3469,436.03219456501455
3470,477.6761385682368
3471,419.306269147041
3472,445.4428740086053
3473,234.45715741706442
3474,334.6448363686791
3475,549.0385596162879
3476,498.7915699110972
3477,388.9128638390295
3478,431.2265938512686
3479,396.84534069329465
3480,550.2996886827666
3481,516.61850262895
3482,455.6831159193511
3483,362.1897666836177
3484,575.9592642095826
3485,599.7450495948242
3486,468.3628348574774
3487,539.7077549063317
3488,464.63098068997186
3489,278.87207289969876
3490,671.7742474332722
3491,419.0520377033074
3492,440.55762191560876
3493,418.09316073986764
3494,523.7197553895259
3495,338.54009700627074
3496,368.9870560176957
3497,527.6406017871241
3498,455.3943987179356
3499,489.8470821156787
3500,386.01233012357926
3501,476.6000725181649
3502,347.2803166976619
3503,527.7093662929133
3504,366.1215510084382
3505,509.2787244668868
3506,489.2736806702186
3507,503.05249119736425
3508,373.58456278394755
3509,411.4541564849284
3510,338.73194521866463
3511,440.781143029192
3512,408.15577616739785
3513,534.4770798603496
3514,400.5944043411718
3515,469.3261883139958
3516,541.658778672433
3517,516.272815669526
3518,467.21129425279025
3519,542.4682756151947
3520,397.2628964607026
3521,393.7269076872326
3522,535.333816366266
3523,496.86233536327904
3524,395.74862461605767
3525,355.32225860582207
3526,429.8343122895489
3527,456.80048421595086
3528,508.43857753547485
3529,416.8425447311141
3530,534.3403856419372
3531,292.36433810696457
3532,490.01592862887964
3533,409.5259393927856
3534,432.2241271767558
3535,426.57131598949957
3536,401.4147574889243
3537,294.6099798814848
3538,413.82211519619455
3539,440.767871289649
3540,381.54899147584376
3541,416.9977498089839
3542,532.053103520329
3543,473.23809483233396
3544,416.75385811788624
3545,445.7896895938624
3546,580.9398931042462
3547,509.95683417856776
3548,459.281600992287
3549,397.73613768332507
3550,381.1239079209724
3551,507.9490605207483
3552,514.2318692492923
3553,382.16047237816736
3554,522.3186045200459
3555,436.4074967961193
3556,534.9360620245202
3557,371.8340013461845
3558,509.5283074380195
3559,361.45316227031384
3560,530.6657039601038
3561,503.93203590262056
3562,388.9761722680932
3563,371.7668150953804
3564,535.9600288141296
3565,369.6443429104718
3566,489.26026702442897
3567,360.05777444842295
3568,462.1220175270269
3569,425.0325809457808
3570,368.784556028766
3571,408.2641166314648
3572,505.22023659483034
3573,362.2343020569492
3574,574.6279988392969
3575,310.1864670786558
3576,318.1523490934937
3577,459.2497844977006
3578,405.38341691924774
3579,366.56371010093915
3580,361.7467859821246
3581,614.6358173483184
3582,591.6138601839618
3583,411.1597707230584
3584,401.77132620368417
3585,362.87507394158
3586,501.3313931321141
3587,332.7718738013049
3588,444.3692818422809
3589,481.14813383278255
3590,340.5266177245084
3591,471.1224816004165
3592,496.57840584189734
3593,398.8240865628425
3594,503.47309751813174
3595,490.602860841545
3596,459.7987978320339
3597,441.6646391537759
3598,415.5590583086887
3599,482.6200967398266
3600,555.1184181317833
3601,410.1243841235963
3602,405.81235077584876
3603,345.66230372014877
3604,478.53415633784545
3605,469.33092508342935
3606,500.0295239813304
3607,489.28831373561195
3608,402.8029892366416
3609,444.43752610388356
3610,426.38857977458065
3611,559.0008920448298
3612,494.7895606573387
3613,429.33947135564813
3614,562.8029231939643
3615,361.813309221353
3616,445.1057555722548
3617,323.5752550568532
3618,469.8305095836774
3619,517.770943223365
3620,540.0266063573839
3621,500.14450099691385
3622,488.31483810040805
3623,399.15037585819965
3624,448.35488087662543
3625,373.13864392185246
3626,385.8820885772402
3627,511.0754106431106
3628,413.69376122140085
3629,424.59420938363144
3630,441.61437483086036
3631,435.3852444240871
3632,382.7803072536549
3633,435.89952326858463
3634,401.01857134098054
3635,616.6897002406705
3636,332.2498175843864
3637,497.1989106422325
3638,366.98580045288287
3639,480.4606490793526
3640,441.4431156119257
3641,456.0394022159622
3642,565.4465197526471
3643,569.0371439682654
3644,460.50925376155993
3645,442.6859636330689
3646,623.8291288926606
3647,508.7188708851182
3648,437.23621852820594
3649,478.1470140022141
3650,423.7920719135612
3651,333.14087946526394
3652,581.4134243760021
3653,524.2216896819058
3654,306.53247992540616
3655,580.1473792512753
3656,404.43620376976276
3657,433.03712825745436
3658,442.40939956241124
3659,580.8795994973577
3660,387.8329230261111
3661,755.4019469346609
3662,459.1340684058552
3663,449.40222241764747
3664,468.873858666147
3665,500.62410627301756
3666,496.44390801355473
3667,552.7018501569562
3668,475.83398317026786
3669,357.1953623407609
3670,472.93021203011085
3671,434.17119492563984
3672,377.9984355889602
3673,421.5964540961789
3674,466.26764986656224
3675,606.1975308142474
3676,453.8632298920792
3677,337.33253884165845
3678,331.6809565674081
3679,458.1272466429799
3680,451.79692982889674
3681,553.7822290746607
3682,644.3817208884597
3683,426.5351943190596
3684,528.2362259291409
3685,339.57609349567326
3686,525.6109073080867
3687,588.377664232393
3688,380.48510640743507
3689,563.297574322054
3690,417.86415307786075
3691,598.0421547553377
3692,472.74859687668504
3693,411.9808806040452
3694,462.08443259465537
3695,483.1253764158214
3696,503.184771159455
3697,451.63750092662457
3698,452.3635436638984
3699,578.2136028921005
3700,367.50411792525887
3701,436.31562886245587
3702,449.22145566694854
3703,429.42727825847305
3704,481.8043009909538
3705,391.4297952223539
3706,486.27965552941464
3707,570.9672629192889
3708,529.3816114293452
3709,526.9068711446921
3710,410.61481551574315
3711,381.1040727513338
3712,405.3145063554702
3713,410.61098902026947
3714,492.8058095509594
3715,414.4824715187428
3716,328.8947121298931
3717,443.6325720730496
3718,446.9893155998799
3719,380.9964140405615
3720,454.7161226590685
3721,345.87804571678015
3722,496.4580140064753
3723,322.31434122623904
3724,446.1236184167244
3725,413.44541489984715
3726,450.5528895783903
3727,403.1185598824281
3728,439.1755810236301
3729,265.60997749097476
3730,480.657235769778
3731,536.6268978587215
3732,371.863691578265
3733,532.0986028214071
3734,485.0909228938265
3735,639.051809062068
3736,429.9511390772359
3737,446.35420530283386
3738,534.9927579539652
3739,481.48379330303544
3740,401.2932118872337
3741,488.9957925810249
3742,368.58121132750904
3743,360.53964079488816
3744,525.6090375995814
3745,449.16452551825705
3746,560.8727371845449
3747,438.93855211010145
3748,406.6775012136206
3749,403.5802336940409
3750,460.4198171607205
3751,409.6938939346308
3752,498.78838523475997
3753,464.7054528182471
3754,359.95577181537635
3755,475.5238530440043
3756,390.2699436919375
3757,439.39892091610596
3758,407.9859962014346
3759,510.92005027558235
3760,337.2667792870345
3761,413.38704561839495
3762,410.9947125415634
3763,397.72256315973954
3764,568.1384775749063
3765,441.6017068171401
3766,428.17753092086315
3767,367.59577070951684
3768,552.3510366313668
3769,464.77239587288386
3770,510.2674928711822
3771,366.2249375078568
3772,330.9356814490884
3773,303.83015455047837
3774,428.47037632795366
3775,515.6823605454765
3776,480.83755483393753
3777,441.68538890155634
3778,535.9760569788884
3779,333.6655303324506
3780,565.3458126109119
3781,412.170555454565
3782,416.61057681067314
3783,430.253521804838
3784,543.6208833107584
3785,435.1200595707031
3786,249.19062713031278
3787,509.0124934593297
3788,554.262592027672
3789,474.14076007259774
3790,456.83018540198253
3791,537.2507440602642
3792,438.40223970453894
3793,465.03536029461696
3794,340.1074097042342
3795,414.22659577824487
3796,398.5332215715788
3797,411.6133359466008
3798,396.9299973206994
3799,550.8519290016677
3800,476.7772878566137
3801,328.2105641882085
3802,529.0564527365161
3803,493.3354223345505
3804,380.1996184665779
3805,350.58658816816995
3806,415.69846162370305
3807,445.35125852180454
3808,420.7680176169578
3809,420.0785541051848
3810,361.09719622573624
3811,525.7845231311576
3812,491.46541259614895
3813,414.24128623540645
3814,483.70012406533664
3815,377.5100253602514
3816,323.1616641077161
3817,293.22479462126
3818,498.42568172109543
3819,510.4841073840826
3820,452.8459296647205
3821,302.9842951019053
3822,415.2590511910466
3823,538.6771612054025
3824,376.1573263969899
3825,559.9936327239114
3826,500.671154753598
3827,370.41896081320476
3828,399.18553175883767
3829,461.29528856257446
3830,440.58519752796326
3831,407.4142543810739
3832,480.83611168954417
3833,397.6145961881823
3834,294.43848609427306
3835,445.9975130448007
3836,393.27073921296534
3837,442.020926117831
3838,451.16518937174465
3839,506.3394133356959
3840,365.65991706026836
3841,436.18837737987656
3842,399.2987827857893
3843,459.42363573057406
3844,449.1882220395313
3845,488.16171334680627
3846,479.06078012896023
3847,487.4284476855233
3848,374.3160640941108
3849,381.0102965845158
3850,381.89218153325226
3851,561.3112515575494
3852,513.628295980399
3853,383.6301820838203
3854,297.2009431639779
3855,448.52731765423
3856,437.1226610599451
3857,393.95947103900227
3858,460.8661463800177
3859,486.1757353488551
3860,485.4040168214783
3861,568.982991000253
3862,424.283084324159
3863,471.14553026944793
3864,416.2565879650839
3865,310.012233199229
3866,511.52445008298605
3867,309.73788313112846
3868,347.1249411815289
3869,324.5219385233355
3870,396.70753340963796
3871,450.0677078729437
3872,511.4480638715231
3873,336.2405505694574
3874,332.9789953310127
3875,466.62499329889954
3876,428.7931802078786
3877,504.58605011754025
3878,378.11247244657017
3879,439.9085588427234
3880,455.3643351809454
3881,462.6969577375624
3882,506.4168396211126
3883,342.0448740003768
3884,528.6628657816725
3885,457.961417758501
3886,439.82253137170466
3887,408.8524467350388
3888,295.0559269519536
3889,488.5108617935224
3890,469.3112514014786
3891,482.7427581028201
3892,464.09446288976926
3893,449.35897318992266
3894,415.7847467177249
3895,411.6026496670581
3896,399.76539010975574
3897,383.5752109459577
3898,392.8778079255975
3899,497.5113566719978
3900,555.0158948311625
3901,445.55814268702716
3902,427.45512929399064
3903,366.0796825658897
3904,406.811591326444
3905,443.4053852687466
3906,357.07889909273376
3907,560.3654015794325
3908,402.35138054296664
3909,470.018997505351
3910,340.9336205760295
3911,609.5026724730222
3912,439.95785175399436
3913,384.44575223711763
3914,565.2905998438898
3915,384.88314378420944
3916,521.3455962019299
3917,527.0954560488468
3918,339.84844510217266
3919,332.71185337307827
3920,482.8309536055611
3921,459.8668373606235
3922,343.7340347750408
3923,296.4015196104841
3924,375.7429810845178
3925,347.0817702574912
3926,575.420182991576
3927,606.1729657315897
3928,472.3212300597809
3929,502.79416756295745
3930,464.2764561457148
3931,377.1082307877423
3932,346.7781491123032
3933,445.9665790362309
3934,383.73320837805556
3935,378.7308873504473
3936,584.4732595823004
3937,472.96432433354965
3938,353.7173592225134
3939,373.9423715778211
3940,422.77594126347685
3941,434.0719687902433
3942,432.88822790426735
3943,433.90907264391655
3944,488.4814228737429
3945,459.2865594366024
3946,354.81776069985364
3947,360.15600873767363
3948,596.1762761989285
3949,636.588096369452
3950,431.08143792154465
3951,428.88341486916806
3952,432.0567460165308
3953,458.4530369684476
3954,406.5122780277598
3955,489.0047319578269
3956,474.4307184512659
3957,395.31900346876887
3958,519.4678573322506
3959,491.105125993383
3960,435.5096422032211
3961,526.1745160485874
3962,429.82055515347366
3963,548.9359529407656
3964,294.3298314070452
3965,343.8572755407059
3966,373.1484543443051
3967,470.4437839372983
3968,373.83983539251005
3969,497.1416080881199
3970,323.8685235318326
3971,360.5243274614341
3972,348.81311433665223
3973,562.7067788877235
3974,691.4009216861315
3975,375.93423805822823
3976,436.9780372273984
3977,387.2080387568676
3978,413.06738029810566
3979,407.3942465220452
3980,338.0017481834627
3981,461.30864563763083
3982,515.4404941253317
3983,501.15282145762734
3984,461.08627045158966
3985,484.25230431970795
3986,345.90351890687793
3987,432.635521393646
3988,453.39623550892435
3989,493.16006152100096
3990,401.25363144302094
3991,373.54176431162364
3992,528.6646818807299
3993,369.3907770037406
3994,522.169686495754
3995,451.6681602019842
3996,444.1959552626512
3997,483.3715671247726
3998,373.7685945707214
3999,564.3789086795015
4000,382.0273855059805
4001,393.9139431353116
4002,389.2626881923209
4003,441.32934708170916
4004,356.80402008572526
4005,574.1442184332587
4006,555.9101079728064
4007,377.08457660308085
4008,248.31726146026978
4009,370.0657383602181
4010,465.95367419778074
4011,459.80586850094505
4012,419.75556281857513
4013,376.3473736795281
4014,462.9714211898887
4015,473.57677896616985
4016,591.6174649556283
4017,638.0031386757038
4018,375.4949388057735
4019,442.95262061071617
4020,409.97013875464694
4021,396.45363679919507
4022,426.8179296627296
4023,376.3255622762067
4024,486.3919203366781
4025,421.08821853121566
4026,490.8512997367484
4027,485.76362625184396
4028,321.00620694805303
4029,393.92341832948176
4030,351.4829257046468
4031,540.1575515369537
4032,350.64163418271977
4033,547.2179042001716
4034,471.1820367739083
4035,380.31438674254105
4036,450.69223940978213
4037,499.7769693146968
4038,580.7123119918792
4039,528.8450320236548
4040,348.0845123351643
4041,362.53655368052625
4042,550.9142802678793
4043,323.1366072011486
4044,413.12254458776505
4045,392.7130675779804
4046,511.0506943983728
4047,469.4080611869175
4048,440.280581028574
4049,513.94187608338
4050,414.6720318388931
4051,498.697567879397
4052,458.647478451287
4053,490.2023470663085
4054,325.5487634236998
4055,457.26448677832184
4056,339.6860621582271
4057,366.49378561945025
4058,365.3057269164109
4059,333.31438380929535
4060,514.3639811050657
4061,552.7674414764912
4062,464.16655757283445
4063,366.74335340662134
4064,490.09753679971925
4065,466.5875468340809
4066,448.51887604805773
4067,497.6377433015218
4068,334.7970896289103
4069,290.0606315363522
4070,522.7053943506716
4071,469.923458531234
4072,350.26981907049947
4073,439.87808257645224
4074,382.19390838918474
4075,487.81989664986787
4076,380.5889343373445
4077,440.9310323738443
4078,393.8703599242942
4079,497.7808121726789
4080,616.590643462324
4081,366.78975149906836
4082,418.31450644468816
4083,451.82276277798246
4084,466.8836859861686
4085,477.84522130391275
4086,298.11792336127735
4087,400.08227766265384
4088,434.504660545999
4089,421.93940625549544
4090,533.0146638545626
4091,505.78112700911464
4092,365.0356939299911
4093,368.4599169024936
4094,427.63490954562894
4095,364.0971024951941
4096,452.00407681891056
4097,415.1213205626707
4098,329.0127458074177
4099,353.9984965833433
4100,552.4553742857756
4101,427.80915936418273
4102,484.94146504785647
4103,397.3502827717282
4104,422.61091542568096
4105,459.0722463542889
4106,396.2980452855994
4107,466.8784148632485
4108,393.3915862821973
4109,426.3164140799628
4110,505.2227012958026
4111,523.2544988716832
4112,533.4733582948523
4113,512.8474788328086
4114,392.15666637738946
4115,550.4205010941562
4116,380.2850934902975
4117,447.8386065020334
4118,517.3546651738598
4119,647.7619255936753
4120,541.358660399049
4121,413.3355389841497
4122,470.9233398675528
4123,325.93763152710375
4124,547.0989598058169
4125,453.9714928865934
4126,383.35459075328333
4127,469.4153301412956
4128,459.645921420969
4129,565.4035224255285
4130,421.4000309595014
4131,446.4575529380357
4132,491.3997134469449
4133,494.44320678798294
4134,498.5974512899839
4135,248.44894495480227
4136,403.4163465803565
4137,441.38657286820035
4138,494.46866452708844
4139,221.23206627561805
4140,492.51350150779433
4141,435.4677690359309
4142,390.38749372767546
4143,452.0516304965933
4144,389.2862711622818
4145,379.14882322706035
4146,398.74684510823664
4147,567.8246794841308
4148,428.53462510023877
4149,645.8098078557365
4150,335.45169883178164
4151,472.75796217108973
4152,501.9189199983191
4153,372.07180218122863
4154,490.8434452924853
4155,481.3207955666838
4156,523.0080801655616
4157,411.7934309624661
4158,501.9330891864498
4159,414.12169532624273
4160,506.3068465583249
4161,366.26565903413416
4162,403.7826550887073
4163,441.4250912672808
4164,565.3535765800326
4165,457.7034676730231
4166,533.9457865769464
4167,493.9793803745553
4168,399.018767865673
4169,368.4352920671875
4170,531.1418338336149
4171,407.6345441644015
4172,458.21451815759
4173,592.483598139359
4174,497.5783579997295
4175,651.3969457274909
4176,467.960861560707
4177,361.3369104189176
4178,308.39537766139847
4179,515.4123063890008
4180,509.2711916621137
4181,361.01630883196594
4182,516.2151120576222
4183,478.59100621431907
4184,519.6322576382026
4185,407.15372704655186
4186,510.8420179074891
4187,450.7084412720092
4188,441.28335235742003
4189,498.15177194753176
4190,517.6021045667579
4191,429.7762869305567
4192,442.12891594372365
4193,441.3344185062798
4194,333.567570004978
4195,462.7327305450081
4196,433.548765067577
4197,213.05421117243733
4198,499.8362092394238
4199,299.5307631067726
4200,467.89001980502894
4201,443.3822859980007
4202,341.3507337884739
4203,479.7578635663871
4204,406.0881919220983
4205,393.61385017337983
4206,301.12884615131037
4207,435.8467862240244
4208,410.9352771080878
4209,350.45201269068224
4210,452.54037451969725
4211,373.6208059123923
4212,469.66824756225344
4213,386.503881868625
4214,414.9487092788189
4215,494.02512633140566
4216,406.5941294348867
4217,514.1666577880816
4218,364.937270041141
4219,448.09856788539014
4220,347.15231328567836
4221,466.6823770704893
4222,534.138738895433
4223,521.422705643235
4224,422.95272274626495
4225,465.2425997865362
4226,467.398394620381
4227,338.6076756684931
4228,351.49261024768913
4229,375.1375709878791
4230,545.6098470779516
4231,385.53461426182554
4232,328.731040618496
4233,460.4246726511659
4234,362.0878429584279
4235,504.37296109606393
4236,457.33423085001345
4237,295.03975238903564
4238,448.4185678509685
4239,333.6195125259992
4240,514.8309593979739
4241,415.5185816041316
4242,359.1278665196773
4243,585.4243700301446
4244,372.8072345771405
4245,374.0621625392354
4246,590.9163353118322
4247,362.88122068804927
4248,479.35104261554517
4249,464.14709535046353
4250,369.78470571664377
4251,406.3756486343556
4252,511.4477767434341
4253,555.795659823627
4254,534.5605093889181
4255,499.02630708049367
4256,427.3566480763885
4257,402.20944372952044
4258,452.3535323501226
4259,436.89214845902103
4260,400.2860772537204
4261,376.87707628152674
4262,364.0780460715985
4263,437.00052202728546
4264,444.4222331380314
4265,584.8297813251627
4266,385.54614793300897
4267,416.50625507335906
4268,585.5193945905025
4269,605.7344067151948
4270,433.5302872608433
4271,440.08588323872044
4272,279.0224899445436
4273,390.6039535849791
4274,383.7840816177696
4275,406.9503256207679
4276,381.68524998595626
4277,345.10885804423395
4278,367.8053369052157
4279,397.53874669209125
4280,368.81760008791844
4281,507.51254337812236
4282,453.42421590066164
4283,503.4264731432531
4284,318.52933434851695
4285,483.09800774958944
4286,583.8416693716167
4287,392.10165585509424
4288,648.5180950971411
4289,317.97212832321077
4290,511.07286498620925
4291,434.3146346090101
4292,608.8340729823863
4293,447.1128245199718
4294,410.74827058517593
4295,541.3424909864484
4296,503.4634806851833
4297,467.3976606319989
4298,426.5529950990391
4299,445.4348005016839
4300,460.82403900044665
4301,607.5776646439
4302,452.3328756455274
4303,437.8735463944894
4304,265.4201031979763
4305,383.93266464460964
4306,507.4891230310835
4307,590.6817746594642
4308,324.84133249544465
4309,474.1379121752179
4310,354.5871734779731
4311,462.68153783921196
4312,582.623229524659
4313,467.4207014321438
4314,400.660223975956
4315,455.73042658901267
4316,427.76223013518154
4317,500.13576977972804
4318,421.4229147773541
4319,444.1419493287912
4320,372.16131159696766
4321,509.54045994718143
4322,526.6141991410623
4323,383.06280017885643
4324,583.0547076557235
4325,373.43138009550523
4326,431.0213249374114
4327,315.666618630714
4328,218.04289595648788
4329,355.7127464964425
4330,577.6963807010516
4331,525.9422292546665
4332,380.407736455543
4333,455.37881868670445
4334,598.2900592316779
4335,452.6044287221277
4336,572.1521157770095
4337,548.641829845578
4338,417.77202295323735
4339,381.6673382158519
4340,539.9247430396222
4341,413.31233776265935
4342,311.50876265976393
4343,432.25050912470084
4344,605.7050904079917
4345,427.4576411774716
4346,445.11868980128907
4347,355.57272099079415
4348,546.1121945631933
4349,472.2826944460874
4350,513.5723749516509
4351,508.5676311251588
4352,457.21597782891956
4353,542.9863218333119
4354,384.11555464784175
4355,449.7294039293021
4356,287.093651739455
4357,489.527322062955
4358,413.92140561624296
4359,471.724494658101
4360,512.2580213739793
4361,367.03424409506425
4362,460.76064982628776
4363,422.6574366196803
4364,497.11314734460194
4365,417.33917439578573
4366,479.4383707561329
4367,442.98910954382603
4368,512.679079744651
4369,521.9364371235912
4370,509.22195196433864
4371,514.4620484186057
4372,325.2490684750337
4373,503.440659611933
4374,465.70491540048243
4375,299.75038316549774
4376,490.4804820478852
4377,446.34850643099384
4378,398.1633076816077
4379,546.8923705773389
4380,454.93283762229544
4381,371.9812218240388
4382,413.519004035231
4383,501.956709016363
4384,526.901910346884
4385,373.7769943495086
4386,471.6243315236251
4387,514.2909771707913
4388,527.4827970994003
4389,463.3009840629411
4390,303.08122707430596
4391,506.31304083498185
4392,376.4101310796711
4393,514.3814715931128
4394,410.57467265692384
4395,420.8424410541177
4396,544.7592633149861
4397,392.6524285424768
4398,409.1819795238744
4399,465.133317335235
4400,555.1369315484073
4401,378.6150867191155
4402,351.0705005134433
4403,511.3217592542408
4404,382.1360993846891
4405,250.2359137692104
4406,429.1640940727767
4407,561.5022912017466
4408,457.82282699808655
4409,291.66745712299024
4410,478.71827396718726
4411,497.4415820260522
4412,505.8652280671943
4413,287.40808849910616
4414,321.8184379846434
4415,352.2386684690684
4416,474.14010226330635
4417,561.449697186146
4418,409.4151657420982
4419,254.18140024608965
4420,401.40872436542554
4421,479.21336599646924
4422,456.37027559140864
4423,387.65716239527563
4424,479.5106539095702
4425,545.1425300867444
4426,539.7475024167801
4427,453.14041656220684
4428,489.87275837719
4429,310.4984341649765
4430,365.17480637052586
4431,359.6471244827633
4432,412.97194771931356
4433,529.525553768363
4434,396.6542162663476
4435,406.0771749944093
4436,551.7421321854988
4437,406.6103713757861
4438,540.4999971588394
4439,382.5765149976943
4440,576.2706064125596
4441,377.3266728943316
4442,421.386091027215
4443,511.93985126757156
4444,485.3384860155835
4445,533.8015943342826
4446,480.49323398813044
4447,435.407187690544
4448,405.2030337851154
4449,449.6020250893477
4450,508.842359322266
4451,396.61614509259573
4452,615.1645383941425
4453,404.82021628720537
4454,406.23845003071625
4455,435.5553095116196
4456,465.0302138692583
4457,419.6822201495466
4458,376.46380616880475
4459,468.48080697357733
4460,415.7351744292956
4461,485.90778089234425
4462,523.2966543596841
4463,413.9015293736253
4464,251.3010538385689
4465,445.93052578133035
4466,370.5410386729002
4467,651.6985063446307
4468,392.86724429580767
4469,418.18336918539427
4470,463.19717267295954
4471,503.7980084282184
4472,577.0950807187937
4473,472.8567746141039
4474,440.05326555375154
4475,562.7545180270122
4476,522.3165687871742
4477,431.0057255432055
4478,389.12111919085896
4479,496.25231474545757
4480,462.3692752375769
4481,533.5792689924967
4482,376.73352933581873
4483,524.8278351016148
4484,424.248442827871
4485,360.8779934507357
4486,441.11008434269314
4487,325.7463964845183
4488,529.1103952766586
4489,571.5748367511547
4490,356.67708404814596
4491,407.7302364191456
4492,457.2706104698147
4493,399.23004669239504
4494,424.9917872615795
4495,437.27581950478526
4496,403.1749950006919
4497,490.0578121704226
4498,440.6685479646601
4499,425.58572427763016
4500,403.35248521715556
4501,458.5519875846778
4502,390.65745051811336
4503,635.9761874323276
4504,489.94803816084413
4505,451.64637204387043
4506,401.69075309105614
4507,518.9354952333516
4508,435.18849664700497
4509,572.3687767237068
4510,573.9078365922719
4511,571.4720209378639
4512,341.9775512212589
4513,449.03644647503637
4514,441.9569132507292
4515,399.505472182591
4516,484.72078691320434
4517,466.1818747836596
4518,264.7838286438791
4519,451.22051705360525
4520,435.3861187439883
4521,331.5233579598368
4522,354.185182788825
4523,433.00701298702313
4524,317.65981795821403
4525,370.5419820200086
4526,355.31990410706584
4527,427.328900133927
4528,318.62021045782006
4529,361.6477442432612
4530,444.54479968790014
4531,442.20422771454645
4532,369.1309801924477
4533,483.31985376865487
4534,430.9379811071028
4535,595.9855333530231
4536,503.325354819071
4537,638.6228558283934
4538,426.29020756964275
4539,380.128695656336
4540,466.8613320030552
4541,373.468220372024
4542,438.85305574143854
4543,556.3613487813046
4544,302.8890329785022
4545,667.4609627637395
4546,501.3602524489016
4547,453.7174553161502
4548,424.6353644892034
4549,383.30391707580833
4550,507.6159324019967
4551,394.25673798894326
4552,487.82761114844425
4553,542.7691950628416
4554,499.8067158780922
4555,504.55464935783834
4556,353.8087904731587
4557,485.5146608638805
4558,544.4640029500276
4559,380.6296189269822
4560,331.53721438319013
4561,361.26774052397474
4562,489.86912511937004
4563,418.67150555595975
4564,345.0021999650003
4565,518.9339283912201
4566,347.7222003079044
4567,607.2673972883293
4568,470.9710954423155
4569,519.3055601598506
4570,299.165143613593
4571,429.5453308733624
4572,451.59563666833543
4573,487.41371470427646
4574,436.5683631967533
4575,443.7889809745684
4576,388.5755689548302
4577,222.37377389136773
4578,342.1090149926458
4579,443.60617745351755
4580,524.7550225846088
4581,262.6088501464272
4582,503.8521330531053
4583,451.5014333089452
4584,359.27100063873655
4585,308.23361138743303
4586,308.0535290215205
4587,479.4327271166679
4588,319.8324324821726
4589,388.2956407457722
4590,426.52313734217415
4591,412.1335772720644
4592,383.8202473903195
4593,411.08721844885974
4594,492.78755634415415
4595,482.82554453912667
4596,497.78871100215287
4597,475.25254653281434
4598,412.45249914137673
4599,702.1459687608036
4600,542.4820612889122
4601,394.0064050978014
4602,391.5638586242583
4603,401.2684924781412
4604,541.164713109161
4605,528.5040665272686
4606,484.4985283109926
4607,428.5430357248592
4608,476.3956189424738
4609,415.4038829120513
4610,399.65445149702026
4611,530.3822346106978
4612,420.1341326708048
4613,539.7030419200102
4614,365.82038119118147
4615,459.69011500806283
4616,516.3031183448072
4617,375.2206285311341
4618,409.8734256534832
4619,517.2712740808449
4620,449.7184113260225
4621,430.3381228020496
4622,429.15442346332577
4623,549.1794941056554
4624,509.2081874512591
4625,424.2553887589133
4626,405.6187870563009
4627,644.9319661875364
4628,511.7881810468255
4629,503.74600083805643
4630,384.2831812835635
4631,444.06205754778546
4632,372.8378805285724
4633,418.11947418806415
4634,379.88859219061743
4635,459.0529690888458
4636,525.946421004098
4637,413.317798303634
4638,442.7327454603424
4639,367.3279767846466
4640,449.01890835790584
4641,363.6951051178999
4642,437.80229006370644
4643,406.0307209584898
4644,554.8265933242069
4645,402.9499595490817
4646,318.46487552540714
4647,380.5810796853262
4648,566.1075218043544
4649,463.18301788529897
4650,360.93776994459637
4651,339.269939438678
4652,477.08016706615496
4653,454.8394138813869
4654,419.6310315878226
4655,319.0940146914615
4656,460.858096327815
4657,429.9232072631478
4658,538.2713471953806
4659,342.2345331848244
4660,461.25557809220356
4661,516.7274181837836
4662,443.7487497570392
4663,637.2058430181606
4664,486.1406663519746
4665,535.535169827371
4666,495.7497630015994
4667,495.0613447895273
4668,509.515080399294
4669,427.9600067262556
4670,404.2228169863842
4671,567.0136727275162
4672,424.0140498941631
4673,467.11518095066816
4674,403.8878188229705
4675,396.0817185792939
4676,440.67030673444765
4677,442.8803693760141
4678,377.0773306930731
4679,592.1030116609817
4680,403.3380621144256
4681,431.07923303384064
4682,378.6850026482485
4683,487.1698134447772
4684,357.28391255959156
4685,468.0296491531932
4686,479.40879878326723
4687,453.76351252741887
4688,530.8067354671182
4689,552.2966197993754
4690,527.8355779358649
4691,401.5056681583441
4692,482.90760748853535
4693,412.9756910522661
4694,480.9422297588037
4695,460.98078947903457
4696,342.6760347700477
4697,460.8002280601818
4698,457.9075984297872
4699,515.2517170264617
4700,433.4243947204354
4701,558.6450303913842
4702,390.37516563224835
4703,436.71074337296676
4704,456.04482949377314
4705,340.325046829639
4706,318.88425063690437
4707,576.336525974858
4708,522.2186941175892
4709,389.0206301213853
4710,543.3985637220266
4711,424.58203293176695
4712,370.31938522633135
4713,315.4631202663637
4714,391.11585959648386
4715,374.05406303252886
4716,607.3602069914364
4717,525.8816067825228
4718,499.4084623199485
4719,423.0063841242432
4720,516.8516211680134
4721,443.8868058525489
4722,397.80919441016704
4723,626.3574532652092
4724,401.4371396573436
4725,585.8210598651697
4726,566.9383028565104
4727,511.49927215309776
4728,459.70103754655975
4729,450.07259873250615
4730,493.7572061020961
4731,736.3466516438727
4732,443.39886628601175
4733,275.0950065449263
4734,496.66548168362357
4735,476.3675006991705
4736,267.2679810862498
4737,473.39287962189826
4738,436.456699289119
4739,496.33628897743995
4740,444.0810200791956
4741,345.30129100630944
4742,584.2382496312049
4743,452.15211499289416
4744,332.8767552270038
4745,350.18776234455686
4746,548.9241936205174
4747,416.5357226436236
4748,456.48210166164455
4749,454.9927435663498
4750,426.54325857008683
4751,441.34203266425834
4752,464.95840313776546
4753,320.4614184679918
4754,461.0683338604071
4755,402.43117248949534
4756,451.2587945180153
4757,351.36946643930537
4758,485.5327157518084
4759,425.6973452639274
4760,417.4551286344235
4761,518.0837745440695
4762,489.4089489732592
4763,399.6330413665229
4764,330.1388990243199
4765,535.5892689859911
4766,492.28159244893817
4767,614.6489892149424
4768,589.9913569334763
4769,479.35383692107524
4770,324.4130610266999
4771,434.66204700244447
4772,419.0158577107165
4773,392.9499792465417
4774,485.3999709651359
4775,536.7779657657629
4776,459.794049800014
4777,345.9361238330904
4778,447.4359609547903
4779,543.4990707650168
4780,397.65701970615606
4781,377.85372784161956
4782,306.2167398985105
4783,434.6234641480301
4784,520.8823748103958
4785,549.9415174082073
4786,471.09835335500105
4787,401.71267294526785
4788,336.13640595153487
4789,375.240054786932
4790,430.5075691821876
4791,396.94783791905667
4792,377.2259963826352
4793,343.04009325448357
4794,398.75577789675265
4795,484.66918097476554
4796,491.62458400355547
4797,445.8573492968459
4798,355.5808997785569
4799,472.94920556315515
4800,384.3706861688273
4801,446.1761132534903
4802,474.3290276312281
4803,502.95879141455765
4804,489.7585572592957
4805,451.86596495304804
4806,308.10510173286826
4807,543.4763952261786
4808,566.8865611749726
4809,400.536650144316
4810,454.6525076457896
4811,380.0853224127292
4812,356.8617964793472
4813,612.6429942074207
4814,338.26495826128917
4815,595.5730835215734
4816,459.780903853965
4817,416.59105495152016
4818,540.6295384894327
4819,571.966325413635
4820,425.3028594163534
4821,420.2817768775208
4822,431.4541222186266
4823,366.3128377901288
4824,406.34220611153347
4825,545.364493189978
4826,519.1451848006265
4827,465.9922441019073
4828,410.09240180762487
4829,463.5094739114198
4830,408.41002056508313
4831,393.521532738596
4832,589.7701676100327
4833,414.954117552474
4834,374.08425786376546
4835,382.15854913011646
4836,501.3950850637976
4837,380.54647331591383
4838,711.2507267608696
4839,605.3596755376434
4840,490.9565376391073
4841,535.7396012956184
4842,449.5612188416445
4843,545.7041741509981
4844,480.3895061429002
4845,441.2140662946662
4846,377.3301704675545
4847,457.4690675049013
4848,459.85919531533625
4849,300.92583897190207
4850,450.7263282232396
4851,428.99500072748606
4852,482.423438263636
4853,395.334220866773
4854,426.91294654602325
4855,517.0535672126582
4856,402.9466287736488
4857,594.5400195238664
4858,525.1688794991679
4859,377.1677151691121
4860,290.00826558114966
4861,394.49039487510015
4862,431.1947542469569
4863,539.4144190252987
4864,359.44280459928365
4865,449.8991887594369
4866,595.0404755217266
4867,390.778543619835
4868,448.97180137128834
4869,485.26138844309827
4870,522.6380790115204
4871,422.3063776448504
4872,487.9219767071014
4873,543.3378779053619
4874,486.24082887019756
4875,478.8071979017747
4876,440.38429980334024
4877,587.4505746583804
4878,485.15757853906166
4879,410.6013306390575
4880,487.81271607829825
4881,607.8167810403609
4882,512.664307670539
4883,336.1719426539249
4884,419.54696941439136
4885,532.5530815136781
4886,469.67879474486307
4887,518.019928929272
4888,537.7245979464801
4889,319.8279486153717
4890,534.9466049316381
4891,528.300496432314
4892,534.7253479923855
4893,490.16443637355604
4894,419.5066803769046
4895,477.78611302191587
4896,433.379597697311
4897,456.2969568219925
4898,440.59820196919924
4899,429.1375184223093
4900,315.82458793713334
4901,447.58351799759356
4902,353.2939401594688
4903,448.0551703020258
4904,472.05055850045903
4905,410.2274062433262
4906,353.56173904513344
4907,437.1961962406793
4908,437.63541040369887
4909,381.71254176389334
4910,405.73842316773016
4911,330.17897098926073
4912,485.8130220461789
4913,565.479308780958
4914,362.6107285841229
4915,471.85404147850744
4916,481.1533596626034
4917,422.8687625988174
4918,511.3813539443487
4919,575.9872624839636
4920,443.21173321518796
4921,392.62013053759824
4922,426.08136045285704
4923,253.1540953835469
4924,531.9280125577393
4925,480.5435508181958
4926,482.1247228362398
4927,540.4324760621838
4928,492.29461011666405
4929,532.3700171943362
4930,468.6162705328742
4931,494.82018053793723
4932,455.16711047818603
4933,463.7494104672565
4934,390.7774441868533
4935,290.25032635814637
4936,382.6165365820287
4937,448.877853593738
4938,519.3103621269519
4939,502.9954409486121
4940,443.88298612885364
4941,588.5415597033658
4942,421.6663315790637
4943,403.30089787891967
4944,510.67275137991174
4945,459.65273092706377
4946,449.1881806796486
4947,316.83210714150766
4948,478.7738253478112
4949,510.10816189197703
4950,461.4338595209433
4951,568.0375063139757
4952,298.31914469848886
4953,405.1226920917745
4954,371.90857153855575
4955,561.1502804649881
4956,506.8493017694536
4957,592.4330921775814
4958,470.2740271909385
4959,474.3944713595265
4960,381.82364787282523
4961,578.9971507323294
4962,455.94946917352524
4963,554.1062314291142
4964,522.4279145182339
4965,360.7207654329199
4966,295.9285224603549
4967,496.4039842834842
4968,476.0090282571176
4969,548.3066711561662
4970,344.5594307025004
4971,568.8035379054919
4972,535.7345490255127
4973,586.9046334409431
4974,479.22969821804605
4975,404.05359945259914
4976,391.24436341769365
4977,622.0889547074092
4978,395.763181552937
4979,356.1098644224368
4980,512.1442122284724
4981,502.52385216792476
4982,391.0503570898126
4983,546.3625472058548
4984,365.9976305333633
4985,444.19764689398284
4986,413.1447792902378
4987,531.1880625962744
4988,482.0225053908997
4989,388.6566674199153
4990,380.0565233484523
4991,275.7887214647054
4992,441.6658416819281
4993,520.0054833321298
4994,324.20799471323926
4995,457.51214529230714
4996,435.3048386099097
4997,536.9186391833547
4998,600.7887853385696
4999,567.5596133505486
5000,458.52269080407336
5001,295.3465559570472
5002,350.09871468987694
5003,372.2835338756721
5004,521.0036419550097
5005,430.49213954256334
5006,410.9391772861266
5007,491.3174960202412
5008,420.3458890301754
5009,528.8184017733498
5010,472.8209966197062
5011,580.4784481516459
5012,511.40257551683317
5013,467.1866617951901
5014,452.96506221450494
5015,521.1352844239074
5016,349.84264691540676
5017,510.8112281832468
5018,465.8236366877331
5019,395.991080322196
5020,418.7424033855765
5021,432.0043579547261
5022,434.9369526195996
5023,307.6665933164917
5024,343.91617079623046
5025,456.8360742514083
5026,489.82263118959503
5027,451.907434205834
5028,322.34324316229515
5029,528.1103022129698
5030,373.10357286395566
5031,322.3741070477255
5032,489.71890094314006
5033,335.78239171170196
5034,463.49299753862715
5035,535.545731079402
5036,510.59998218782397
5037,432.8231450106911
5038,380.4117625412252
5039,372.16596837153884
5040,593.8219272809393
5041,639.1477293023968
5042,443.7986432335545
5043,482.6219708098527
5044,574.7688656713997
5045,388.92341792603014
5046,576.7786253532139
5047,523.206816660726
5048,472.2960720692218
5049,560.7489697445137
5050,316.2820826526299
5051,462.021393105664
5052,407.4243552711537
5053,471.97668574545384
5054,590.4826592515965
5055,352.5976767534449
5056,367.6897527230871
5057,407.3696838210152
5058,493.25315838392885
5059,551.949502570841
5060,547.2058778740104
5061,549.7525731429076
5062,379.46538373221085
5063,569.8012767413469
5064,385.52987868332417
5065,597.0926879901601
5066,352.20862526542464
5067,401.3584592331363
5068,452.8595970423687
5069,485.9039736551109
5070,477.68101843755505
5071,390.9410974279369
5072,440.5756819030596
5073,473.7058951018099
5074,454.58048753415744
5075,342.47552768196937
5076,337.0594352712648
5077,511.37694541418244
5078,556.1794242198378
5079,428.21792720577236
5080,457.48774889735347
5081,437.6124880317222
5082,451.32226215037906
5083,383.1645529827896
5084,573.4202196737702
5085,463.88350147180324
5086,430.3676042213278
5087,364.6105316503921
5088,419.90235504397486
5089,430.56662828575645
5090,428.2329214715136
5091,565.6539501415521
5092,325.49146716986013
5093,373.17596804353684
5094,370.9441110432073
5095,374.11988113507215
5096,435.6511979533033
5097,389.1133249173664
5098,451.299727976828
5099,334.8168118663821
5100,402.9282078978652
5101,500.9120923632262
5102,432.67995183113004
5103,356.90349832328616
5104,445.108762358792
5105,519.4798478511287
5106,285.1528243754805
5107,625.2974946375784
5108,429.08840446730954
5109,595.5294007679666
5110,341.49466820906514
5111,516.2826052287236
5112,565.7268966793963
5113,322.1185693499454
5114,410.2015778289779
5115,491.90664856802994
5116,571.2185880043361
5117,681.5097233044273
5118,480.87711796732276
5119,352.93053584932017
5120,340.5633253087022
5121,587.7424171480852
5122,423.6604538928532
5123,484.323039822136
5124,468.74744871269917
5125,488.410915106391
5126,402.8601282219842
5127,525.1499811228398
5128,460.47279160723684
5129,323.06078268571514
5130,545.2019598045592
5131,507.2979896260186
5132,520.3581724474957
5133,418.3279178780561
5134,390.1135505379831
5135,374.39417351748097
5136,515.4164602563425
5137,409.3975941704295
5138,398.44371035876105
5139,462.6338985369022
5140,542.6853164919467
5141,487.8118153905314
5142,468.67324695168725
5143,461.85922078082683
5144,486.11578699399996
5145,525.5248005616396
5146,454.6565039544829
5147,383.5863879308221
5148,437.2596459557828
5149,405.25569654136973
5150,445.74653724537245
5151,430.80343854265107
5152,499.79760171294333
5153,468.70447995833933
5154,477.31788448495223
5155,363.86242360719064
5156,401.4045107994053
5157,464.9337703836785
5158,416.59538676881596
5159,459.6337578230123
5160,390.85551394333794
5161,451.35301131028854
5162,468.79452579407945
5163,422.4214210751282
5164,390.66596148747215
5165,404.37610327326337
5166,620.0148486167967
5167,418.9025517931366
5168,506.6015371667814
5169,450.1667242563322
5170,362.44148066844787
5171,380.3099863605952
5172,490.8921952438243
5173,364.0867203961011
5174,437.2864164963376
5175,381.4519102957258
5176,455.11509331849606
5177,428.8375646487616
5178,439.11472887203666
5179,420.57916777198704
5180,518.9676508870126
5181,500.7992694021325
5182,590.1088434157787
5183,485.32320414181913
5184,451.48034663769596
5185,509.758414727658
5186,467.72831269415
5187,302.73834224611886
5188,473.06157268581836
5189,369.71959205306547
5190,431.9236687341608
5191,549.0303832626912
5192,543.3850565819581
5193,531.9606017381687
5194,430.2259404497476
5195,518.4729074548079
5196,561.5162340264936
5197,360.85172691330445
5198,510.3913581979534
5199,457.01539171973644
5200,471.97690601540415
5201,528.6916148012474
5202,415.1977892029101
5203,420.03628574974795
5204,423.0645166347306
5205,444.3370612273711
5206,490.2519713946849
5207,374.53803371533206
5208,510.49040235757053
5209,454.0099720994761
5210,397.4359711946203
5211,492.7898540045511
5212,424.5678924295244
5213,397.3411240062744
5214,415.3645549191983
5215,494.4190411741176
5216,447.522556547362
5217,391.6095139490062
5218,397.6838106339244
5219,449.38620047069656
5220,367.2485307884046
5221,345.26563784474376
5222,337.23268706480997
5223,568.2988476871973
5224,388.69702145903426
5225,432.47243800553395
5226,442.2444208509049
5227,546.8079070921787
5228,752.2952262957327
5229,436.13076001116247
5230,432.110265152095
5231,452.5578870484282
5232,503.64007070358196
5233,519.3876600192101
5234,461.29973343190994
5235,501.59146453876747
5236,464.1858659050767
5237,448.64475987714275
5238,457.76947563369015
5239,312.06145702952784
5240,521.1184913686346
5241,321.3383969358893
5242,447.4103182400679
5243,535.0504342837055
5244,480.92006771197333
5245,390.6622913537205
5246,471.6299303031622
5247,446.48481229871646
5248,539.8692155207937
5249,470.5488839842071
5250,473.1865621404812
5251,431.2995556435189
5252,444.2283150332806
5253,499.8064398197265
5254,508.0674919803152
5255,308.4585007061153
5256,248.71434990801953
5257,520.616636649302
5258,408.21401379789074
5259,537.2177045717918
5260,545.724082214633
5261,326.1861110979655
5262,411.56685262189745
5263,488.88176427957904
5264,362.31510972143764
5265,538.536933920777
5266,279.1544827725289
5267,480.5225137120753
5268,421.10549940453507
5269,488.86867107885536
5270,516.0773365447757
5271,339.99164409114877
5272,464.2649959969453
5273,460.2997596035489
5274,420.9746480724311
5275,406.69417022042455
5276,410.00882592384613
5277,625.7304701719742
5278,376.6270106998645
5279,337.2950461656097
5280,381.6351133303053
5281,421.66512042026864
5282,446.30639323256423
5283,461.76010838164973
5284,467.6311113996588
5285,457.26356713946956
5286,463.8390386548453
5287,405.3408688132714
5288,603.7780890654564
5289,385.3451141548341
5290,551.7879747432394
5291,509.2587930881016
5292,468.88430540611455
5293,391.5233541065721
5294,440.02950126526287
5295,484.3187453723455
5296,443.5935877527701
5297,474.07450714938795
5298,371.2039144800552
5299,479.09734899104126
5300,432.0741911490226
5301,534.4140305780667
5302,393.05099829684906
5303,443.9074312943295
5304,419.6504304264973
5305,369.9757113600418
5306,430.9028136458611
5307,440.2428985298964
5308,414.1883668920731
5309,334.2571006281003
5310,548.6613858344533
5311,450.95585196507034
5312,399.49835300987655
5313,468.6941642551687
5314,350.11227956620763
5315,471.4184123752179
5316,577.7138409351036
5317,484.40865930352356
5318,441.22619693313277
5319,589.9695089307019
5320,353.3005954985317
5321,555.1334216583939
5322,529.9109680012967
5323,517.098100203334
5324,462.88789342401367
5325,429.8568331314233
5326,401.99605111493827
5327,484.9245306494153
5328,492.53494936261444
5329,397.89429040703794
5330,471.59708498637286
5331,458.87929489074963
5332,365.38693178395937
5333,450.6402193996712
5334,519.228213555368
5335,443.5573166682068
5336,354.2945500580244
5337,498.5530989509529
5338,404.5901657045612
5339,373.2995186539148
5340,400.0675350184375
5341,389.0231314446678
5342,482.3787879374433
5343,408.04167832471876
5344,424.8316769106741
5345,550.690533617693
5346,533.0300309260696
5347,487.7633692172571
5348,536.3770448900791
5349,489.59398948354516
5350,471.1493603254716
5351,392.4642169392473
5352,592.491832084762
5353,483.6993136721733
5354,318.33839017512787
5355,404.73056414104366
5356,518.1412976077158
5357,453.83994899894213
5358,437.0173816997979
5359,470.10807718084794
5360,389.07179574260294
5361,304.3764345873494
5362,507.7661700207393
5363,469.1724946266449
5364,572.968606458583
5365,429.11179961917634
5366,560.8339902142204
5367,450.5337589712122
5368,495.382489326287
5369,512.3977331975192
5370,616.2950715308833
5371,356.7346278424126
5372,447.6813010808348
5373,410.37200482927744
5374,571.4619862459541
5375,475.71818779015643
5376,354.5985885429914
5377,469.064104779706
5378,347.8245684691823
5379,638.3387699416838
5380,416.3592068014729
5381,478.44229840981757
5382,452.33392726847546
5383,451.62216665237
5384,541.9793683137727
5385,488.3706346416195
5386,493.27636095069397
5387,563.3369897249743
5388,464.91228826287005
5389,365.0625502637693
5390,487.10997559572587
5391,590.255121187768
5392,547.1020545481817
5393,219.305016207468
5394,420.4987965054481
5395,381.12896750875154
5396,450.0836927307089
5397,404.86384723007006
5398,411.91784112318356
5399,447.76741272110445
5400,579.4683536732393
5401,411.228764392271
5402,357.2413345522859
5403,481.6263240645836
5404,310.4380464325269
5405,233.6677662698698
5406,500.83712975679447
5407,534.36333479802
5408,548.3270611198286
5409,383.79848444821545
5410,354.83813154368295
5411,450.87614577271114
5412,482.52075415557067
5413,364.80827578439175
5414,473.3674017741125
5415,357.9056161197131
5416,371.6110535213594
5417,398.1156742085567
5418,446.3694994196404
5419,493.0840374925034
5420,461.38537863049163
5421,480.24352999038047
5422,457.5501671282945
5423,476.061614741112
5424,648.538545282013
5425,424.03557364987716
5426,400.50693474238597
5427,601.7549582870067
5428,225.97512258177997
5429,439.2556992033876
5430,408.3060086225938
5431,423.0347753471573
5432,369.30775038542504
5433,335.16707557302175
5434,395.7843358833062
5435,452.84799293072695
5436,613.9617152369773
5437,381.44554819327726
5438,422.1040351833284
5439,483.74406004821293
5440,448.84015035006195
5441,347.25589584833295
5442,447.19081138288425
5443,436.58567444516973
5444,467.48662700191556
5445,518.0099577104922
5446,415.7965807778621
5447,478.3172418918595
5448,439.86005188059755
5449,317.8648272729164
5450,397.8011732668667
5451,252.23749894701453
5452,457.1868226911148
5453,508.80486029742315
5454,424.7398462404831
5455,436.06725936202815
5456,368.27062294455146
5457,487.6295379671511
5458,526.8395956834787
5459,416.89035580902254
5460,449.54099848003966
5461,409.49215284564343
5462,377.72412257238983
5463,422.7125546196628
5464,490.64575954966176
5465,500.86006435132964
5466,501.0042297257013
5467,424.8448172322804
5468,556.1079103446508
5469,389.71221143330115
5470,409.11466903129957
5471,498.45199913768556
5472,413.5843315390668
5473,443.38187319986065
5474,456.8151347964115
5475,421.886112245597
5476,517.8908649878726
5477,343.2173589541023
5478,473.2748583635566
5479,428.7650433500723
5480,573.8213863434745
5481,345.45631059759285
5482,456.9317128949537
5483,402.14102970868663
5484,390.5268209277686
5485,424.3859889028337
5486,454.0116090708362
5487,524.6316877094465
5488,491.52936834709675
5489,533.0055697709812
5490,468.40276227395725
5491,524.3552494976885
5492,418.12074912265354
5493,476.54834994142
5494,600.874426391639
5495,537.3179915016511
5496,496.6706114360602
5497,561.8660839957001
5498,480.75624941461035
5499,595.5005397518943
5500,369.7752195036817
5501,431.4717434692691
5502,386.44190795208436
5503,444.7070716383846
5504,354.98624958236337
5505,505.76116496712604
5506,408.5421090911893
5507,437.45210765820394
5508,469.2761456520952
5509,482.1484496179401
5510,513.4426452541749
5511,270.35847164286736
5512,373.9423335376512
5513,538.8761816479175
5514,461.8745043506176
5515,372.5763940831536
5516,388.6607872218981
5517,538.0111174089438
5518,515.7134165532926
5519,405.6817676875227
5520,302.6364476424906
5521,409.48605339628153
5522,462.67154515405946
5523,490.8581893110478
5524,485.38522660596425
5525,442.63510182485214
5526,528.09039373746
5527,410.79149204065976
5528,556.2701734918912
5529,478.55067660989175
5530,473.10561242647333
5531,474.98701420998003
5532,521.2083450544675
5533,333.7772801195602
5534,420.7801394324415
5535,520.7593643763472
5536,482.11524945567993
5537,519.9439015146188
5538,430.1158779313789
5539,487.85189254357095
5540,443.70799101976
5541,387.9568086905184
5542,521.9563698252015
5543,339.52971103014403
5544,510.92066883323656
5545,494.92831960377003
5546,582.5433377520555
5547,480.04358957459414
5548,417.77388898044813
5549,434.8431931586677
5550,401.448628761308
5551,351.31713885836393
5552,340.2190845594333
5553,461.2894688180834
5554,557.8462628394896
5555,502.96040143020525
5556,446.5758327504704
5557,301.12794646976675
5558,404.68978208010293
5559,473.7320371581384
5560,437.3901395732869
5561,383.4118985966289
5562,496.9059278458602
5563,331.8966985188556
5564,331.8300884500036
5565,494.3983150718329
5566,388.1646565195681
5567,420.68996419180377
5568,444.86695819508964
5569,647.5798806555539
5570,462.8886049916511
5571,552.5752081437165
5572,433.23783556825043
5573,334.01023507975776
5574,517.3939329655705
5575,382.66788188386863
5576,505.04060774295283
5577,289.33114788928003
5578,432.2970399915095
5579,447.7645143047865
5580,464.52287710505715
5581,520.6301769905385
5582,452.727747374183
5583,467.1579840442335
5584,462.5538020639611
5585,521.1906644373141
5586,391.4363471496506
5587,544.4236915319492
5588,422.43261919693185
5589,452.55811828832606
5590,496.98235108753676
5591,516.3871277659205
5592,451.1583919069295
5593,581.2376441138631
5594,407.725192683208
5595,357.0389258873944
5596,576.946307894394
5597,574.4760874449522
5598,405.94872031430083
5599,376.474184513473
5600,479.2593498525441
5601,487.3593054333199
5602,501.07651164396833
5603,606.7920071123003
5604,404.6576224832177
5605,542.4623985258261
5606,435.7355533526452
5607,461.24394624053
5608,405.6803858023899
5609,409.40137090127496
5610,541.994840808567
5611,406.507230505523
5612,379.99900156020306
5613,537.1301365327195
5614,421.63305426343493
5615,438.079555437853
5616,338.1552763827596
5617,363.220006878334
5618,414.07065970004345
5619,422.5127663588041
5620,413.40675982108576
5621,508.5880730905686
5622,464.97198502566243
5623,309.9228333169177
5624,411.7888316288957
5625,400.5551867149707
5626,444.24311862299294
5627,283.19407877272056
5628,495.00134517920947
5629,389.4909516661282
5630,355.93809455795497
5631,437.8991624452412
5632,452.31572018909094
5633,350.2292362649228
5634,405.4389992416402
5635,398.79854770101116
5636,506.20504905580805
5637,412.9443458894442
5638,441.0366608448488
5639,510.9072074085174
5640,410.0351940465465
5641,409.90299154752773
5642,338.75738233844964
5643,409.33186567203046
5644,446.02213431730144
5645,581.4820262176725
5646,394.16275297636423
5647,431.9299799286269
5648,417.00891657001085
5649,500.68679894146794
5650,520.574052470591
5651,428.213376912015
5652,397.976310162892
5653,495.52563396731307
5654,485.0945279617579
5655,565.0177076584357
5656,445.80742492484984
5657,355.61631071678056
5658,476.95114718608767
5659,543.7411750793816
5660,509.03998992086497
5661,463.1573159635558
5662,424.3146141290852
5663,447.6484153647913
5664,410.9889092235056
5665,524.7743301146932
5666,384.82034151227293
5667,308.27959956208645
5668,557.6440032315966
5669,399.5175688094994
5670,446.14978257514156
5671,620.4963684556661
5672,371.2033724847078
5673,564.4965091034713
5674,467.29040306603935
5675,515.3418789808999
5676,463.0053161228603
5677,394.25655614208836
5678,439.11104785980143
5679,536.1490805653374
5680,418.08632310512724
5681,496.2580539176607
5682,416.17831035361127
5683,373.94116617636263
5684,505.8152107319695
5685,418.4605301034563
5686,415.34864091700945
5687,419.98447255894234
5688,409.95963845320273
5689,490.8833402231471
5690,408.91820956829685
5691,418.14788808145977
5692,428.11395515989113
5693,440.86033074990445
5694,376.39687570692263
5695,423.9796954854893
5696,391.3270601033173
5697,354.9366422672909
5698,324.16960390329615
5699,314.0409116466681
5700,330.99057493869435
5701,464.6041505843085
5702,386.1358779880399
5703,476.49591239125
5704,354.37605137049223
5705,491.3519284524662
5706,342.18237572556626
5707,418.1163176427225
5708,477.4124245844721
5709,446.7322349702921
5710,419.89384263104336
5711,626.2603056362591
5712,350.79224656063116
5713,367.2491241220244
5714,531.8452602223814
5715,552.787773945265
5716,523.3456498056057
5717,506.64694867772965
5718,502.8607508238832
5719,431.9215398829365
5720,601.357025158738
5721,423.9740471042075
5722,398.39136303995303
5723,376.94182470388665
5724,363.4074485925818
5725,541.9277105635452
5726,492.8761097830374
5727,436.59836591519434
5728,403.57774658130126
5729,561.4087951732796
5730,445.57334536623273
5731,377.60370335571866
5732,479.49901578355804
5733,485.5087965050672
5734,367.04373682893333
5735,488.664325859595
5736,497.59666847732984
5737,495.6240135462772
5738,423.904526499759
5739,380.98567895750574
5740,553.7965277254773
5741,429.5624582272464
5742,410.6605157340585
5743,539.4504885724581
5744,374.8725174968713
5745,393.3099504891458
5746,367.5319929749263
5747,392.2161683565347
5748,457.6228328051476
5749,446.63577293270674
5750,366.4379090496899
5751,417.9996544264281
5752,346.5598291514335
5753,347.0658212610662
5754,597.2628564341132
5755,467.8833848650551
5756,520.2479254939019
5757,382.083821933972
5758,406.8174553072775
5759,488.49019370339926
5760,404.0282427181108
5761,266.3581056090108
5762,447.6131236659512
5763,443.95811407086154
5764,576.3711138967719
5765,528.838229952207
5766,250.74831577908066
5767,434.660977580745
5768,439.55354338049807
5769,393.22406069751224
5770,543.0352025289492
5771,480.02260152665826
5772,554.7887599733668
5773,484.91483302963525
5774,439.65801738688594
5775,434.1332303844242
5776,347.13151343027204
5777,387.90229443970424
5778,541.4692381406476
5779,434.73948803594743
5780,523.4149274381366
5781,385.205077442739
5782,568.1791310954349
5783,491.05412531041867
5784,387.7735448959135
5785,455.4191776480562
5786,483.45464711090443
5787,471.9477982193544
5788,385.51949667249806
5789,414.6722556549109
5790,287.44469290521715
5791,418.31417103911605
5792,488.2146083377599
5793,465.50476879209344
5794,471.62259107156336
5795,513.026626201173
5796,447.85064029020685
5797,471.3047339512375
5798,524.5015572463019
5799,357.50556597587655
5800,522.0079194885361
5801,530.5947749339334
5802,445.53826380153953
5803,347.60387138190396
5804,465.3458631574142
5805,317.2524067146392
5806,463.7864468720879
5807,440.5043935911671
5808,407.38716061406075
5809,360.92568050629217
5810,446.49877652617255
5811,622.9056874053069
5812,464.7988803091421
5813,439.4327025235583
5814,446.9228403469815
5815,532.8858215054981
5816,506.201197495239
5817,423.0946147606229
5818,298.5504886222787
5819,463.31341439412904
5820,355.12967368846915
5821,422.6625307599612
5822,531.892688937176
5823,562.7113177484925
5824,416.73463947823814
5825,448.995154026907
5826,446.3337332309609
5827,360.50673793919407
5828,520.2511089823267
5829,476.71779840318464
5830,628.8757330055826
5831,473.26451013703144
5832,479.28930836325355
5833,496.17841055651877
5834,479.8635078002341
5835,386.9162768102409
5836,325.5363546245993
5837,437.6907416111659
5838,472.8807839338689
5839,482.42805762755296
5840,516.9171947313173
5841,448.28048138331866
5842,358.2227561065878
5843,546.9052767236009
5844,494.4652705579214
5845,514.3699318942864
5846,598.5518508410847
5847,572.8877805346544
5848,475.3274163201019
5849,217.26540040216292
5850,411.3907477622777
5851,450.88961722516046
5852,412.1069767020885
5853,482.1879139809105
5854,436.52812706189184
5855,600.6220607186362
5856,448.254311107988
5857,369.7758323806965
5858,503.16235143722486
5859,473.2089717410994
5860,451.93565850001534
5861,602.8801578215264
5862,374.84557221296063
5863,308.48891482741925
5864,334.31726316948567
5865,437.51938109712097
5866,515.358395088763
5867,471.85595995846876
5868,434.97203137675285
5869,421.9605420484764
5870,523.3434230374844
5871,390.6241071776851
5872,507.3732555046479
5873,511.43190684707315
5874,534.4368248767246
5875,360.13172750339425
5876,484.976935220059
5877,499.8270698196254
5878,522.7418386980077
5879,455.30059863651235
5880,346.48544352865395
5881,523.2923884134676
5882,516.6500037557428
5883,447.2803881541512
5884,493.0471897120718
5885,567.7702325540929
5886,470.80015988738757
5887,448.93497677836234
5888,462.2784750932698
5889,552.4103340491451
5890,392.87014578028
5891,305.11029989663575
5892,403.73366670424554
5893,470.56570645493196
5894,401.3652163794388
5895,524.9105166864485
5896,482.0465999462882
5897,428.9568369609164
5898,419.2664252777086
5899,374.9800398421437
5900,469.65053197342377
5901,565.8686963847874
5902,513.0803248962499
5903,411.8174336268066
5904,522.630802925118
5905,485.4624941237789
5906,528.3005052011124
5907,313.3122295879551
5908,392.27165896680657
5909,456.63120831676156
5910,412.94482227652225
5911,524.2363223091357
5912,446.3329414089481
5913,420.1253744775552
5914,464.9842459210625
5915,394.7334598113522
5916,266.7435129166342
5917,554.105059093142
5918,425.8274203831004
5919,465.87709472841107
5920,285.0710177757169
5921,384.8551804910424
5922,454.9211656230524
5923,609.8567620338107
5924,409.70299636947834
5925,403.10386787402103
5926,420.6961981737827
5927,462.83969976878467
5928,259.8708932734069
5929,401.7671334013042
5930,588.9233082073196
5931,541.4803089399023
5932,486.4946779069079
5933,503.49701789895016
5934,396.5312326591433
5935,567.7915730311541
5936,389.9693680812004
5937,484.5676247717318
5938,471.2802388580488
5939,494.2040808139357
5940,363.9911317627748
5941,548.770015968957
5942,562.3379163965793
5943,397.957549680766
5944,405.5427814811496
5945,344.5978935840615
5946,449.8189684270395
5947,453.5110951965218
5948,426.38523440687965
5949,421.8891975366084
5950,520.1925389383234
5951,415.12773208378184
5952,441.37557496001614
5953,497.51893087400344
5954,515.6754544768175
5955,552.8259280445182
5956,403.3387159200804
5957,460.6079252245994
5958,475.99273380574544
5959,445.18434041579303
5960,344.1120523834476
5961,508.20106754768267
5962,453.6900738724209
5963,427.31104220988664
5964,474.5464320491391
5965,643.5858495883022
5966,460.6242394092042
5967,510.7259985238261
5968,373.30327805894376
5969,569.1826919974517
5970,355.25390901649104
5971,548.734003567734
5972,538.8000289970737
5973,357.13829294314115
5974,309.8241446102924
5975,450.1739913454651
5976,520.9251358478613
5977,468.17421456502444
5978,457.090186081623
5979,481.7912871920295
5980,563.7430077720655
5981,461.0138140356814
5982,391.45825396128015
5983,381.2970445284805
5984,432.5503181282614
5985,518.3307058176335
5986,684.525655825222
5987,501.99600268730103
5988,415.130702384969
5989,339.62568647205217
5990,397.2646683498021
5991,566.1566145354652
5992,410.42174884204775
5993,417.71406700023226
5994,227.34343558856318
5995,415.35801282547504
5996,402.9679817000226
5997,229.96632272189058
5998,498.7614115534062
5999,474.8272108268136
6000,390.7846790092759
6001,411.8420538505576
6002,459.4786448916466
6003,634.1664275886995
6004,361.0359781614694
6005,468.5152758071481
6006,578.7956499407475
6007,455.40221346701304
6008,334.5812146862332
6009,525.3235431938778
6010,436.72627926290625
6011,519.2024558008718
6012,413.5539327648856
6013,617.7865696796603
6014,489.46704167978237
6015,375.4151516488008
6016,536.7458162938069
6017,480.54371204767517
6018,595.4208968566863
6019,427.45647867118083
6020,447.75900757027745
6021,592.1157542907099
6022,346.37846321889486
6023,430.86896755812654
6024,452.17329867966384
6025,485.7697125511613
6026,337.4631201688937
6027,473.3104420815876
6028,485.5836397833706
6029,369.6474553644834
6030,361.4008113067558
6031,396.28304577654046
6032,479.6584727348596
6033,390.6465971943352
6034,431.2405190888957
6035,432.5474967429326
6036,479.01952509407346
6037,390.10402145467555
6038,473.5222974978356
6039,408.73155009138145
6040,415.093703741146
6041,417.31116676665926
6042,325.0604340154191
6043,475.14824992151824
6044,510.11147463039026
6045,353.05864821484226
6046,407.81348653727514
6047,508.4484912386784
6048,336.6204489649921
6049,480.6729136793373
6050,413.2258866332242
6051,426.35311651393226
6052,415.4775073480453
6053,374.66141474796666
6054,388.62132091391646
6055,502.5380129105932
6056,427.62405301950116
6057,441.43420596666255
6058,478.5224425743455
6059,484.3911297509326
6060,516.9492712042584
6061,447.82708504374506
6062,425.36837967804007
6063,467.06602992599187
6064,334.6528599307455
6065,577.5447139416799
6066,437.415889334253
6067,508.2877259487591
6068,305.2735067849267
6069,551.3575057301705
6070,461.8791204030069
6071,486.1654723484362
6072,464.2868146278303
6073,460.01509900672005
6074,322.02662261102756
6075,346.5009130248053
6076,520.1271624206253
6077,456.0028094955134
6078,392.5714648627591
6079,344.0046323637391
6080,411.56139711372447
6081,493.403916251942
6082,455.42884863321626
6083,302.4683086576597
6084,339.7173383375643
6085,364.5877523228614
6086,489.22316155043154
6087,442.9692473655988
6088,342.3918433019079
6089,475.59045229001964
6090,487.5669389032642
6091,518.2189892846624
6092,320.7728940949968
6093,471.3676019851311
6094,464.56439159409393
6095,513.6473373657558
6096,385.2825121063179
6097,372.4542308556963
6098,268.3122950856279
6099,540.8018640751505
6100,326.8569531444951
6101,502.75177787128104
6102,512.9186605957487
6103,528.5787328343151
6104,613.3474410201252
6105,498.3105755439219
6106,377.28557408066916
6107,410.6406238656377
6108,448.7588800972843
6109,395.19888008696734
6110,580.70812073212
6111,324.00256812619244
6112,374.42189204438966
6113,538.5762642119558
6114,343.2356398460338
6115,353.00192247152216
6116,663.1921493458641
6117,287.7961473601142
6118,341.580815488829
6119,470.642206479013
6120,366.5140927762472
6121,520.404575593002
6122,475.5006997915342
6123,476.3497446357144
6124,578.1202605811362
6125,532.2006192771888
6126,538.6238620434219
6127,520.1040094798475
6128,423.21501475901044
6129,457.7690103111678
6130,357.99239678344406
6131,494.48837411090096
6132,523.9016829101429
6133,469.4364566154068
6134,426.2652833554857
6135,408.11417962761465
6136,471.3663399628056
6137,498.2459578757336
6138,407.041254219255
6139,399.26712236719425
6140,428.28363394236857
6141,373.4368720630157
6142,478.2539674889985
6143,623.1287824813746
6144,378.0110618037188
6145,372.33042500596235
6146,457.8800909516321
6147,411.31535425894504
6148,348.3096175153319
6149,378.9484172146741
6150,446.5302800398015
6151,445.97019587579103
6152,420.72675019616565
6153,436.445246691353
6154,480.5959441201785
6155,450.5079856717026
6156,446.07301516622744
6157,467.7874148945101
6158,583.8943371544783
6159,512.8145762209443
6160,383.27420558026154
6161,469.1563860816788
6162,546.8157478469518
6163,390.7381614715823
6164,366.77472808893464
6165,466.05625167571634
6166,313.68339736514304
6167,466.46538163705526
6168,512.2799704788818
6169,410.8761857064339
6170,333.54224296968874
6171,297.07143307497813
6172,363.2380058937019
6173,533.9685352432283
6174,511.7813087592004
6175,426.41602946795217
6176,395.65805538754427
6177,497.9470734148911
6178,340.4173117453587
6179,364.78393826317597
6180,456.44610674436734
6181,370.47595703055
6182,419.17916503245544
6183,507.88171745745825
6184,557.0253826378693
6185,439.1391437483278
6186,451.94492923954544
6187,392.792362343706
6188,537.2290679110858
6189,464.11085163162915
6190,352.4709982427235
6191,338.779143496278
6192,468.05296216669245
6193,464.13322821239706
6194,323.11610510843553
6195,213.76494367189878
6196,403.6150558219236
6197,486.49728536003124
6198,558.1409324294725
6199,532.7423795507206
6200,482.3379714073341
6201,355.65286838332884
6202,425.05808281727445
6203,485.99128428033873
6204,479.0319144220077
6205,462.6984090160772
6206,309.23072363909927
6207,373.97131902934706
6208,371.8195376123324
6209,468.1594298289004
6210,383.2252210227955
6211,405.8791135580046
6212,404.49929407655446
6213,545.2122422958117
6214,411.4562397904538
6215,535.7206551699729
6216,377.96301658689504
6217,546.6058272415596
6218,502.8612254932765
6219,546.4001585151199
6220,442.8975775120526
6221,443.9618697894483
6222,494.68812325854395
6223,326.1654723079002
6224,505.8375194939323
6225,616.2168884057694
6226,273.88692551538645
6227,596.3869821879308
6228,393.3638757966416
6229,297.7403262155266
6230,395.3574514193358
6231,375.44506832501594
6232,486.39598759620395
6233,414.8424764573894
6234,368.4228126965704
6235,554.8248415700324
6236,492.50363166358426
6237,471.16261296762667
6238,391.4836764312251
6239,435.7323028355484
6240,581.0782299633158
6241,613.3351629625155
6242,554.4610524092415
6243,446.54059404854775
6244,433.17605546742783
6245,468.1446894320752
6246,352.4611537643334
6247,498.02237697556933
6248,224.1003683390095
6249,281.8677692710643
6250,440.0363864003738
6251,515.4996770381541
6252,436.6270190088314
6253,514.6171450952633
6254,346.85147659764357
6255,471.05123080508093
6256,526.2181722110888
6257,467.18230159756905
6258,501.88278280905143
6259,393.76481016421184
6260,462.8884742882479
6261,423.5315750993799
6262,494.38759484352465
6263,430.9552877275241
6264,440.6375686856489
6265,514.789993774092
6266,359.6031222968377
6267,458.30123800631577
6268,559.1617546481355
6269,451.8630283840956
6270,466.48371125534504
6271,678.825550469354
6272,500.4125614521087
6273,342.8919050224928
6274,458.2836905543375
6275,588.8277044495072
6276,403.53714187651843
6277,262.88037283652756
6278,457.869330756013
6279,522.5112987935568
6280,377.95963454951885
6281,429.0592015544353
6282,365.9020062682604
6283,450.65266358450947
6284,462.0911494872529
6285,536.7119678210706
6286,358.9020800301954
6287,467.5650818629638
6288,443.13318107713854
6289,462.6268182548962
6290,324.0108200510076
6291,500.36430319120547
6292,472.1539012482904
6293,411.44782857945904
6294,571.3899578933349
6295,496.94671673582957
6296,424.74124750868157
6297,484.26059409610315
6298,369.14865674800313
6299,351.1717949786964
6300,445.5517989225427
6301,462.2390071706543
6302,415.49602080069275
6303,456.43361497493817
6304,518.2677885034203
6305,424.6712297336234
6306,466.8157968199135
6307,480.1173387309499
6308,545.9050179964426
6309,536.7061433582609
6310,234.00041458624068
6311,430.90987139587594
6312,375.4800850333214
6313,466.34275012127335
6314,545.7110337041294
6315,381.128654997919
6316,567.6808803026206
6317,422.7290798458935
6318,405.55982787800997
6319,360.2730706686534
6320,482.65703503369735
6321,232.23233108091065
6322,419.9278734719065
6323,443.37034633092895
6324,523.256412178895
6325,466.5577323071842
6326,528.2458263179232
6327,516.2958905839297
6328,483.49165296179865
6329,379.87908146409575
6330,483.0894613891543
6331,505.30170687721306
6332,375.8177114262162
6333,458.7304528392792
6334,341.0762379755919
6335,513.7237451384798
6336,418.0727994827939
6337,411.8986907075113
6338,479.5926240288129
6339,488.4836439118196
6340,481.03892672481396
6341,472.6275844356579
6342,498.70013274873526
6343,521.273186909877
6344,595.9672648961853
6345,422.3904015192404
6346,474.644708476757
6347,513.6830884919616
6348,404.3884091913394
6349,377.61315517550446
6350,401.12917264715037
6351,430.017519668516
6352,503.52761992065354
6353,523.1112757027847
6354,485.9326325464187
6355,475.0919564917655
6356,391.2867692103566
6357,475.11505266826606
6358,581.3247316562812
6359,519.0813730967379
6360,513.4392740179593
6361,337.5651162486717
6362,609.7632289946507
6363,569.5608185197004
6364,550.5461244750823
6365,410.89542637529803
6366,465.4453787414508
6367,543.1436446988537
6368,458.58672685067626
6369,442.3647020508007
6370,482.83907617799935
6371,269.96396412126194
6372,449.73279822778164
6373,470.98078524604733
6374,446.2952972728238
6375,420.2366706861567
6376,490.2890037502782
6377,342.2468017777465
6378,396.08387520767866
6379,490.9018717914402
6380,434.6225802973828
6381,351.4475008586315
6382,508.62236313796245
6383,441.15518348288947
6384,481.30743667607277
6385,427.0714089371608
6386,465.24524381820135
6387,279.6949275605713
6388,469.5088273421842
6389,443.7171361307787
6390,539.1748700216668
6391,331.2034335987441
6392,295.2192414430858
6393,518.6247629472501
6394,530.2031589814095
6395,465.7740074103777
6396,383.29992228503806
6397,426.6855540549356
6398,497.59161756659717
6399,382.52807539773715
6400,433.92893808985184
6401,507.5988054333613
6402,337.7584693444304
6403,473.9438083516701
6404,353.233985891428
6405,592.9431450683384
6406,544.2321702819513
6407,433.0092253386836
6408,420.6491150309736
6409,432.1634816855367
6410,417.7609022146074
6411,393.83476871361864
6412,438.59288497090915
6413,436.6112855908985
6414,508.4690788169238
6415,525.9648425355564
6416,514.0912986230697
6417,374.39878353043315
6418,399.30055217439104
6419,368.9711019463851
6420,370.1594382376507
6421,326.65290722356474
6422,427.14028992034554
6423,410.9816870856782
6424,328.4097688417353
6425,392.6372381967962
6426,584.768124948557
6427,422.2196247037001
6428,398.21674005190187
6429,408.61459044420025
6430,469.3700595334882
6431,505.9439751729389
6432,451.0001233226492
6433,453.097125162421
6434,700.9437796174068
6435,467.37968538369955
6436,371.34766881478527
6437,369.45863748022697
6438,437.6181048257367
6439,378.9269861681706
6440,354.3585258820512
6441,447.530721709627
6442,437.31081969823197
6443,292.52102525754253
6444,304.29229140555026
6445,457.609153049045
6446,570.7509682973176
6447,360.7237377677699
6448,417.0963528488335
6449,365.93548256894695
6450,425.9286564335473
6451,343.6768568610503
6452,322.68624249428893
6453,484.1181345969455
6454,490.2018820856183
6455,440.5784442567117
6456,423.54668224852213
6457,338.50465366457627
6458,537.398684009815
6459,412.13967267974334
6460,570.3507271331783
6461,343.8338921047134
6462,401.711338334477
6463,483.74193689142743
6464,415.7297384968296
6465,507.7951763107812
6466,541.2588828651558
6467,461.5006349933248
6468,378.93039374857483
6469,520.0001421231402
6470,331.977872416982
6471,306.916330466406
6472,459.51013678100514
6473,480.3510004998075
6474,397.9103727852494
6475,406.3248359860461
6476,396.3956032982462
6477,329.60054493648653
6478,497.4144467075133
6479,510.5315297168424
6480,514.2686696870346
6481,503.6563175571292
6482,491.91820753504834
6483,396.0853020912163
6484,556.8243947259731
6485,525.9974910160607
6486,453.54485306268947
6487,640.9484400063504
6488,456.2881637999195
6489,479.063755774824
6490,608.0733101771842
6491,454.6140318347638
6492,548.3084963369221
6493,420.9372108703013
6494,339.2520384634275
6495,372.97415009493676
6496,424.3041701794211
6497,388.25266419932694
6498,521.7791766308437
6499,458.00437270614674
6500,391.7647456059622
6501,491.30796021484105
6502,346.6178734871738
6503,459.1826749958199
6504,453.1608864293217
6505,335.12897284967477
6506,423.8648062509845
6507,458.6436601254067
6508,602.2504976158384
6509,443.40845056425127
6510,503.513871984099
6511,558.8974331892416
6512,474.156981380311
6513,481.2496077751651
6514,441.6149725021841
6515,278.06812886461483
6516,445.4682952620446
6517,378.6552666670906
6518,421.92267596529376
6519,651.0504039536254
6520,519.0227630478514
6521,472.0753355814114
6522,340.4538495246396
6523,538.3211232741405
6524,430.8565991912777
6525,565.9390607945926
6526,509.51977619225516
6527,492.0061809524844
6528,446.89722072548125
6529,491.26670547647166
6530,467.5140926032622
6531,368.46526951402103
6532,618.7894975331809
6533,643.4828025388284
6534,511.00031257181683
6535,406.4658145765151
6536,595.6312278401402
6537,515.453843930941
6538,350.55185175017135
6539,432.0906337588465
6540,396.99559334334
6541,415.4137285351757
6542,378.1562199765096
6543,436.27742747193565
6544,436.90827257475695
6545,334.60231086695734
6546,473.93062597331897
6547,443.276948360135
6548,520.1676087786202
6549,454.66007946540435
6550,475.2792244540785
6551,485.4228330592152
6552,573.1442019656861
6553,521.0847829344274
6554,465.3112866603344
6555,479.74076254950904
6556,508.6271983526928
6557,539.2870492446547
6558,287.51709943358367
6559,492.62454614076887
6560,447.1128528642654
6561,488.2119739996433
6562,543.2879304198685
6563,400.2707805133325
6564,435.58677504090775
6565,233.59031965096904
6566,533.1767340598643
6567,488.1969546406646
6568,546.9978267176274
6569,373.33951265588365
6570,394.71573408518
6571,438.1782294189973
6572,398.19409077687527
6573,434.9742662295156
6574,595.3270701604404
6575,410.8813148724576
6576,362.51300224424193
6577,519.0929111169958
6578,375.5534880683197
6579,462.886678245188
6580,480.54146522510524
6581,482.4762490591083
6582,302.61463299319166
6583,491.74250299370516
6584,394.44952828340723
6585,410.5426405548282
6586,475.48801396625964
6587,561.5177507099895
6588,569.9543192354146
6589,444.4337780305417
6590,439.3012208730832
6591,329.08516436221873
6592,381.8384815087019
6593,481.4728226009624
6594,459.9374337569688
6595,371.28111924557976
6596,450.54236204352816
6597,313.59646708052975
6598,351.18472241558874
6599,418.7027730757184
6600,481.19473349053374
6601,337.86059300502546
6602,514.1250466203688
6603,407.1969826328841
6604,464.23234021939305
6605,420.9220070878834
6606,353.38566683571764
6607,432.87416919631573
6608,568.8145545812876
6609,552.9043080729884
6610,485.4695505550833
6611,346.33613287216076
6612,437.03219796387054
6613,407.1672440955502
6614,287.015429630536
6615,500.37616135370837
6616,514.7608069189918
6617,496.55516925136016
6618,410.0032602289474
6619,569.1643170688765
6620,571.3608235703732
6621,498.38078296065487
6622,390.9089373448648
6623,382.48511154577704
6624,432.28024549971764
6625,410.0662853562742
6626,419.46993333428264
6627,513.2771002420033
6628,541.1447987656155
6629,417.4883569210185
6630,484.7160102080805
6631,430.0305519315497
6632,412.8179398777365
6633,530.3601246178147
6634,469.3942037088664
6635,439.6782650120658
6636,415.2432003277494
6637,480.95922078484983
6638,406.2829587593743
6639,447.563157481015
6640,517.4724969473712
6641,507.3344117023526
6642,429.42364196421033
6643,490.2934858723895
6644,381.0757352010613
6645,545.3179542293136
6646,344.32696810426444
6647,418.7812146802767
6648,318.3058502009578
6649,422.26647950181666
6650,395.4981169657467
6651,481.0677890638085
6652,372.5063661646225
6653,471.13545956940794
6654,462.4767540891841
6655,391.0018144799068
6656,311.0999238130853
6657,297.7691697630027
6658,319.9043501205914
6659,500.54782223723606
6660,566.4326947899074
6661,410.5839716995003
6662,455.6646437393905
6663,474.92774549425155
6664,440.6484324813385
6665,442.3307223764255
6666,570.339118482124
6667,491.9598282472379
6668,447.7293475039564
6669,556.0253217605433
6670,564.1803220793121
6671,533.5297011531608
6672,371.12989346249924
6673,506.9989725547719
6674,396.1569298056857
6675,513.4208148998183
6676,523.9369595609393
6677,432.956462596884
6678,460.48755678122217
6679,507.15985354128213
6680,315.1976120519276
6681,455.2930267903863
6682,415.60146835359114
6683,474.6389980450401
6684,610.556403513682
6685,505.61505884984973
6686,461.2494859245695
6687,494.40689935724276
6688,495.60314125121283
6689,502.1329709296626
6690,420.53238547159583
6691,443.3536212019062
6692,371.4568304004334
6693,363.05278831627265
6694,507.79495078803944
6695,312.684341445973
6696,392.959385070143
6697,411.74913479438806
6698,469.77457668160605
6699,449.3121985406046
6700,450.1019889702963
6701,475.66004894932973
6702,670.0715816388893
6703,507.3294891288214
6704,433.8728977675734
6705,418.35610956134474
6706,477.09812354424275
6707,507.8616544517744
6708,376.3473633878827
6709,612.8323415874789
6710,294.11187446491425
6711,408.31724581051463
6712,326.3774814464266
6713,465.91463116693075
6714,465.7661118343045
6715,454.86453247236403
6716,490.1252608892033
6717,358.6905712765088
6718,514.7945273246447
6719,579.0733785268709
6720,602.2048877129271
6721,456.58993471512593
6722,485.0029926211765
6723,453.90305272181143
6724,482.73010146519255
6725,519.0506666303415
6726,482.5716003728429
6727,480.8650844573878
6728,378.67219407217584
6729,485.7437546115274
6730,635.8006166573309
6731,300.1319391857833
6732,661.4671214307763
6733,528.420910032452
6734,444.40777518072036
6735,522.3537880551339
6736,502.2774778504935
6737,256.6377978897723
6738,474.13545110692127
6739,427.27162250166833
6740,379.4484827361256
6741,243.54248083312353
6742,397.6117333631159
6743,663.0377852336565
6744,429.2387734224649
6745,396.26276177085924
6746,536.821657344752
6747,543.7699210206171
6748,412.4023053042472
6749,548.3191348813042
6750,446.0647329674477
6751,403.35035459838844
6752,430.5558400903008
6753,580.2254911908869
6754,300.7980628208818
6755,510.39366464585953
6756,553.1226297360573
6757,465.69572676829864
6758,447.1471633186988
6759,441.08643240094483
6760,446.50294248260985
6761,424.6818319352724
6762,490.1245842071703
6763,396.1294033246586
6764,505.1259339498988
6765,415.3521159420726
6766,430.1976459744787
6767,384.1959061570377
6768,396.0066682511271
6769,648.2596207970404
6770,440.47491837120816
6771,427.7143996169815
6772,429.98660030734993
6773,553.4637892702054
6774,419.9362608592669
6775,479.79773954430965
6776,409.43379350434253
6777,602.1292344573188
6778,514.0463994027234
6779,549.6431692064268
6780,588.8698685407928
6781,445.5220381724665
6782,490.13884638097977
6783,401.3591379808925
6784,490.0875925093104
6785,316.2618278124169
6786,420.8801008255311
6787,498.5248373145857
6788,490.8974725121426
6789,366.03269737969106
6790,562.2581516359742
6791,347.84592610086355
6792,518.0989370412277
6793,482.1567158254866
6794,551.6509117303697
6795,418.20730508422326
6796,498.14055165250437
6797,601.121350945655
6798,580.6840718534006
6799,500.92298348844486
6800,338.04564079168256
6801,432.2099823385178
6802,416.0654399769134
6803,469.00267545346435
6804,501.33392312776834
6805,443.02936245906113
6806,518.27193928237
6807,464.50610750271517
6808,451.1141407727949
6809,465.5308023506914
6810,475.3665486905349
6811,370.033093233938
6812,519.7696518128529
6813,609.6468174591456
6814,354.2209045673019
6815,470.43290023043863
6816,386.8772840030286
6817,540.3588000355477
6818,414.39530312049703
6819,317.6370626357802
6820,535.9633531342035
6821,477.9111181859075
6822,322.22236148913765
6823,369.3629150447663
6824,464.0152006011279
6825,551.4220317830166
6826,572.005798464491
6827,501.5784857509145
6828,590.8982674959258
6829,384.2838623612337
6830,478.94551169433083
6831,564.6629503838471
6832,511.16079223916614
6833,356.6130782917994
6834,315.95551250954657
6835,493.2702308234675
6836,360.51391683341194
6837,488.4095354246206
6838,398.09672260518164
6839,420.5570640645457
6840,437.22244518986923
6841,498.128252779191
6842,457.929946149004
6843,487.2068097372175
6844,427.14986374721417
6845,446.172548336103
6846,396.6069990779902
6847,417.54343088920336
6848,533.567055591748
6849,360.76513015926577
6850,462.6435334044014
6851,473.3275486985235
6852,473.8919677423822
6853,453.1435446936289
6854,417.41788422343024
6855,346.33122671491793
6856,433.15676049637557
6857,455.93042638658324
6858,413.8541818577774
6859,315.046750579324
6860,441.17110323601196
6861,413.29846395403007
6862,488.37553359703605
6863,414.8145279533869
6864,455.12842315475973
6865,327.4994830496118
6866,424.3881059117056
6867,401.912868859488
6868,416.9796009882515
6869,365.35185884067374
6870,457.1003935427189
6871,534.1054684871068
6872,511.80488923328477
6873,437.08809336778995
6874,576.0459105024022
6875,515.1443853042514
6876,375.81914868868336
6877,393.61654849368813
6878,580.2147748129928
6879,443.7882160987742
6880,451.3065704300999
6881,258.432868568739
6882,407.52064618958565
6883,434.10355633929214
6884,393.13987027751426
6885,506.9916170475848
6886,285.80035401890115
6887,447.5350663465296
6888,249.3421323570843
6889,504.6525774426534
6890,321.11440235831776
6891,514.0794825405749
6892,656.4292015037214
6893,572.9537382294019
6894,439.54568791160625
6895,507.5479048866107
6896,520.7499417231747
6897,475.90973655345
6898,488.7754175061957
6899,414.91766885148144
6900,424.6222278413391
6901,493.3421004453163
6902,451.5264952925789
6903,621.7350933985874
6904,404.0296754273457
6905,482.93735063611126
6906,498.01538192771454
6907,468.35797593523506
6908,324.28403841067234
6909,304.38093334955056
6910,472.9168555367581
6911,304.40245558742555
6912,447.6374679431363
6913,355.8868705799452
6914,332.80572483624996
6915,350.12917972320037
6916,350.85733753397284
6917,248.1257232301231
6918,481.8843791868216
6919,422.82423422099896
6920,354.22811954325476
6921,407.68692957144964
6922,477.9895900784741
6923,484.6905243418632
6924,562.6364679954922
6925,438.5914787432902
6926,311.3953930066181
6927,465.3171874702934
6928,319.9486250076616
6929,503.23904958117635
6930,485.7108994400945
6931,261.2396442966461
6932,379.7293314908358
6933,400.2583975166527
6934,415.49509030840426
6935,435.7903494741162
6936,461.4820759214225
6937,581.5984819241404
6938,468.2549676280233
6939,509.8688657896288
6940,389.33144780258795
6941,350.1775499675772
6942,599.7300934675469
6943,452.36362278002196
6944,429.27000265297846
6945,399.2320047556461
6946,486.5814339577052
6947,363.0424277519842
6948,433.9615005047105
6949,556.8172131574606
6950,597.4717980765258
6951,439.10002650434626
6952,541.2407582156033
6953,468.22963712626165
6954,454.9870585392176
6955,520.7701138109433
6956,423.54328048908485
6957,557.7185129873477
6958,460.76269326245006
6959,521.6592054076214
6960,325.09365919773245
6961,522.8702757548306
6962,369.3215618031797
6963,487.06915817051146
6964,407.7849694764511
6965,457.3732722281545
6966,295.78830836959037
6967,299.3969175187868
6968,520.8885263737659
6969,476.7010370090148
6970,568.2993652372122
6971,370.52843173343615
6972,445.5044468337701
6973,443.1550782896621
6974,503.31637604454517
6975,529.8379074946909
6976,513.5329987311572
6977,478.2624794808294
6978,382.5510600540873
6979,468.7441504585698
6980,465.22845466725806
6981,481.6088478393437
6982,488.71789029765137
6983,482.5453547525746
6984,574.3257725841296
6985,505.6043805668965
6986,361.3750207125682
6987,378.2928543541167
6988,362.95404587216484
6989,446.6709862266216
6990,383.21642113321195
6991,403.325125056705
6992,458.19999680682713
6993,469.6125093036069
6994,586.3511690758539
6995,347.7325876797407
6996,578.4022529085654
6997,418.5277947659098
6998,483.0367967838871
6999,434.18557875364803
7000,460.2098564644357
7001,610.7254222739084
7002,494.1282731528057
7003,556.7565408552126
7004,474.4521484777283
7005,503.9130079423914
7006,548.4488789151525
7007,401.47248912737774
7008,406.23787925791584
7009,337.25270515474176
7010,377.8714161808937
7011,485.87863996484487
7012,421.29267619428504
7013,440.79548555847924
7014,408.3791489534661
7015,385.42364045721376
7016,428.6876044316385
7017,365.2168747319258
7018,335.56281373281894
7019,475.3409360572713
7020,479.6512609062395
7021,433.258209850073
7022,457.75278690493434
7023,577.4849075070996
7024,371.6831968790089
7025,474.88293259840026
7026,566.9823861242827
7027,470.4667499764613
7028,420.4493707128508
7029,565.7818691361756
7030,382.6803788244864
7031,432.2957052259586
7032,481.67146859671266
7033,407.24022682612934
7034,477.7022153778201
7035,393.23346377276533
7036,412.2902541129636
7037,414.55419769199284
7038,388.0706118738965
7039,433.5379488431227
7040,401.58366484808573
7041,342.5050767047433
7042,507.021004499522
7043,305.7435352023071
7044,519.7759049238285
7045,349.47479060718194
7046,454.0516737426811
7047,350.6501698856131
7048,489.73541932192745
7049,420.0218379568144
7050,365.927987241899
7051,252.45252071146848
7052,380.2301874136278
7053,526.1414907380926
7054,482.2529235319796
7055,597.473707793143
7056,499.4940232535682
7057,549.2946415686603
7058,358.13206897400613
7059,417.1092161560575
7060,497.4868720428104
7061,497.790351405059
7062,430.1990411204367
7063,345.71486469784213
7064,488.67366576613324
7065,448.8611004298845
7066,377.3554909940026
7067,464.9825459726386
7068,560.7015011470552
7069,589.6779558483148
7070,280.86818426016663
7071,482.46790680081915
7072,533.918467657838
7073,505.768364703768
7074,536.9696566682641
7075,564.5976704627427
7076,464.98335365956945
7077,564.336584316334
7078,457.00780417752776
7079,365.8764006727898
7080,557.9585207499065
7081,334.74125453966326
7082,595.1453038064475
7083,406.91559137572176
7084,349.7432244419035
7085,461.9848495571094
7086,384.7721226928065
7087,330.70256643312734
7088,603.6135775765144
7089,500.8784755261499
7090,537.2997224505292
7091,454.3005888271649
7092,558.552375773478
7093,477.7144834656509
7094,519.7644984795432
7095,457.60453862743634
7096,530.3569885672047
7097,385.06193132237536
7098,463.41940780686
7099,469.788105375196
7100,443.19687792344365
7101,265.6097552791401
7102,448.61399463807123
7103,464.1043163731433
7104,362.2758916648146
7105,478.86517814145117
7106,413.47536850179233
7107,505.4744144892253
7108,471.3109859926897
7109,572.8610168299472
7110,525.7226606988921
7111,472.83161482574087
7112,490.15749453508005
7113,338.49910223709594
7114,454.23319763035346
7115,523.8458949694152
7116,541.1766426346256
7117,369.78508331354385
7118,541.0710689518396
7119,515.6507447769549
7120,445.3234950806912
7121,493.72662606414286
7122,514.6521048806886
7123,490.61383948850585
7124,409.7267553187221
7125,379.93943770643784
7126,538.5911059423629
7127,409.4566294592427
7128,515.5575974219043
7129,488.1268888503478
7130,392.53358792721684
7131,568.187413385849
7132,454.8654305782149
7133,366.49236575754463
7134,491.75121203882446
7135,600.6502069033855
7136,506.8958632106503
7137,374.26466092209745
7138,466.2343246198674
7139,335.35837424780783
7140,434.50038380356966
7141,338.1861840147434
7142,314.3439965737011
7143,521.3586602196332
7144,495.5680013327185
7145,476.125747827323
7146,561.2368360447197
7147,374.39569023188443
7148,415.88751046479655
7149,477.56215287057813
7150,489.55679799329357
7151,430.69282254234747
7152,486.2707082145998
7153,365.67801756825435
7154,536.1944963601715
7155,505.72509334890145
7156,402.55364998077636
7157,535.4190723201423
7158,430.2303563883328
7159,357.8943650421924
7160,492.49262785752563
7161,386.5458217804421
7162,626.1149103736253
7163,468.7381160144181
7164,326.5371597183392
7165,406.0078875966037
7166,392.0176523385644
7167,452.8269905798349
7168,310.2829714843785
7169,523.5463948424004
7170,388.08054497945085
7171,531.4677532990031
7172,544.7694266275095
7173,534.9559809106784
7174,374.3340324251522
7175,656.8234381368469
7176,381.38329641218576
7177,407.34304423961066
7178,427.57634255610867
7179,565.1387637642474
7180,373.74880058752785
7181,407.72074008515466
7182,371.0340274250587
7183,477.17146753868917
7184,366.5378103897004
7185,556.3417014311655
7186,582.5125006374645
7187,360.23613692484895
7188,348.53480455990024
7189,379.2934692385359
7190,432.62538926346855
7191,514.354606711303
7192,436.45789482247915
7193,393.7771014961757
7194,422.6451471638314
7195,578.7788374304198
7196,329.70806848389793
7197,550.4821669837659
7198,488.9720195793356
7199,308.5989447640278
7200,489.97606049569487
7201,407.57026706475506
7202,452.9746618888243
7203,422.94852648148935
7204,494.2675050089289
7205,516.077184427145
7206,469.5775172903289
7207,457.1419912737233
7208,455.068991973701
7209,469.7171319409683
7210,554.7983267846286
7211,486.1232805725593
7212,403.83629861435924
7213,249.82506993392988
7214,488.52822339625305
7215,339.2773605647381
7216,508.34656417787943
7217,379.9974205691601
7218,531.1258247520702
7219,420.8899454625261
7220,620.4553321006564
7221,625.8110560849149
7222,373.8290211166179
7223,468.1167010662111
7224,531.0246779725521
7225,518.5976700046627
7226,437.4056070032221
7227,459.33857601348757
7228,592.7974333937175
7229,441.1012695386393
7230,376.7067074277556
7231,582.2274984560315
7232,539.4550990089328
7233,447.50113067028104
7234,568.0258168954622
7235,508.578981144429
7236,332.64874755588306
7237,390.95680950549655
7238,477.77570350604674
7239,454.77339352060307
7240,598.4629126795151
7241,532.0324429827771
7242,320.34603576086
7243,448.04632801234095
7244,500.8698874303137
7245,412.12273359225986
7246,417.9458864035168
7247,563.1749508804688
7248,407.53345190136827
7249,521.1392353391246
7250,464.8517618236943
7251,432.7446461393087
7252,513.5937999260337
7253,489.73034837744586
7254,426.529242813405
7255,492.715270726841
7256,455.47825716613505
7257,358.48520055100505
7258,324.01249105514637
7259,346.81646761065684
7260,630.7197500977346
7261,461.8166816052828
7262,477.1723592559305
7263,489.20456576903797
7264,524.6463339041179
7265,364.58480351908986
7266,335.17267326691467
7267,498.37756781815654
7268,427.8005500652462
7269,401.3085039581279
7270,604.1642989659803
7271,388.6870333348204
7272,544.6875641234371
7273,421.6738576521211
7274,480.44825295611025
7275,446.1199258770116
7276,592.5416223122761
7277,449.02925001458397
7278,380.8854770163195
7279,484.7921697826759
7280,511.18965860882867
7281,513.779997965697
7282,490.2334963030252
7283,549.1735281349837
7284,406.73255007339554
7285,404.6495035308621
7286,461.46930847869754
7287,501.6331068138513
7288,584.9915504292279
7289,440.2513813480838
7290,402.2651340769221
7291,414.0440244658398
7292,422.6477540865417
7293,538.6897873145559
7294,552.3004857371945
7295,484.36308121758697
7296,407.1542001088298
7297,485.7235312062924
7298,343.6541623693765
7299,566.8630641839883
7300,489.41197295174635
7301,352.58470707478426
7302,441.4164278496149
7303,421.2562468674521
7304,554.7446691665106
7305,435.11289731051767
7306,387.98476784288385
7307,537.7552236137633
7308,438.083831014786
7309,416.46021743229653
7310,460.0501614072961
7311,343.9803136788499
7312,328.7474398687289
7313,424.3266800041936
7314,413.63995592861863
7315,444.38410033252467
7316,467.7241503327111
7317,502.09852282743924
7318,367.6261491863074
7319,537.4311570898234
7320,482.7520887068792
7321,486.2700951305011
7322,494.6550644048696
7323,339.17391153765504
7324,488.39727935385366
7325,497.3282274573168
7326,444.8978026290909
7327,391.3780380834784
7328,399.1855243651575
7329,539.4153889349558
7330,506.46934225135146
7331,411.3202568734144
7332,474.8053507914214
7333,593.0256177521388
7334,480.04385367236716
7335,403.5694310801708
7336,565.807086954008
7337,479.65599900619185
7338,450.12229226995726
7339,438.0687575796401
7340,504.2019581944884
7341,462.9230762484247
7342,433.9976825483482
7343,424.13875793711804
7344,415.7452196583014
7345,307.44945041561004
7346,568.0632291837865
7347,498.307910929811
7348,432.1096683746715
7349,391.36644386229807
7350,474.2454027760206
7351,444.1292395039562
7352,419.9704045360979
7353,320.4850980887692
7354,312.6329519248724
7355,477.9273854850505
7356,641.9302705310312
7357,450.18856265049465
7358,412.5778939493045
7359,491.93647701033797
7360,518.5558469862813
7361,462.66395831629563
7362,513.3632548380949
7363,235.5066342764518
7364,416.37302762763846
7365,516.3029781205387
7366,561.5206766572347
7367,404.3135485017222
7368,504.9564336154161
7369,616.4067242503711
7370,424.2572505008005
7371,437.8817395445362
7372,417.19050512856546
7373,488.541714491375
7374,359.4015668605648
7375,494.00577434653115
7376,538.1351820801157
7377,477.8328099925553
7378,449.19388985011244
7379,563.3972060670635
7380,397.8930343654943
7381,445.83979653430106
7382,397.7847959165944
7383,341.29859216066757
7384,537.8710776515877
7385,514.929342348254
7386,413.25900703705145
7387,440.8573518045165
7388,483.9914631129247
7389,357.4794086159818
7390,506.51999578106165
7391,397.3545440522503
7392,495.03002132104615
7393,511.23142602046187
7394,506.5832234405606
7395,508.8622667253319
7396,504.23326698294227
7397,346.8606335099989
7398,453.81610625706816
7399,496.4089164977851
7400,420.7264065342276
7401,432.08693066333876
7402,377.1980174741395
7403,531.3601723029848
7404,363.8487930046792
7405,498.3510139045709
7406,526.5734027721637
7407,488.15090565763376
7408,465.1358380201244
7409,472.31132591841396
7410,369.1638915659982
7411,520.1679093269962
7412,427.56464679110195
7413,520.8329125689576
7414,400.86363291303354
7415,315.3198807772497
7416,443.2594568371754
7417,273.96374143324294
7418,545.3489552492463
7419,455.47901259734135
7420,318.25758500575887
7421,445.17908848754263
7422,429.4364981821735
7423,221.31918163521792
7424,459.0450704820291
7425,472.82923270080425
7426,503.8924799936086
7427,448.6355428555854
7428,482.07108913890704
7429,438.7164933732822
7430,472.6716183966515
7431,421.93040482281395
7432,379.23771343684695
7433,496.09365320603536
7434,429.8621698515804
7435,425.57968993051554
7436,490.0797212563501
7437,350.22308560948943
7438,392.1559337310282
7439,462.02457292762165
7440,459.2113173704395
7441,355.8385212317454
7442,394.90831908343245
7443,420.71504242172614
7444,499.8327874278337
7445,412.99611754491
7446,408.20567567075017
7447,520.1802540236691
7448,459.6501449452674
7449,407.8066040835176
7450,292.19206504113606
7451,438.15930982716424
7452,354.7530700814621
7453,374.1658050436781
7454,339.8212422450535
7455,457.0641309556997
7456,379.9706875571078
7457,539.025041928723
7458,455.60721846858667
7459,522.4427743071157
7460,397.5313309943483
7461,606.7927366390776
7462,490.68429852631516
7463,491.6576786684998
7464,530.8138719459494
7465,508.63455376708157
7466,429.884301146247
7467,569.9304414164559
7468,487.7232788818685
7469,481.2230821167972
7470,534.4203582364407
7471,472.45369422162696
7472,422.06366622253216
7473,446.90652710338696
7474,347.64592375469545
7475,364.3922948778241
7476,497.5830349750016
7477,434.36532374572687
7478,461.2410371057808
7479,388.42521877121385
7480,310.8322292119673
7481,440.39295608053544
7482,377.62630143811947
7483,462.36849842059996
7484,495.9118694884561
7485,511.7515393158873
7486,497.6130382783599
7487,409.428739152459
7488,508.4029179600117
7489,481.6393316400396
7490,417.2897314293423
7491,496.04935685911335
7492,315.6938437215289
7493,562.4232705503914
7494,457.45461370624355
7495,548.0527306115646
7496,502.88850635731296
7497,487.30668854226906
7498,466.93788756241076
7499,483.6229546489764
7500,429.81709351227454
7501,535.0391278499623
7502,453.4698211258535
7503,462.48751432906715
7504,469.76042108864186
7505,413.47808660454007
7506,374.87458961265685
7507,338.32727058804477
7508,674.912465756648
7509,557.9165929310442
7510,357.8758527631506
7511,370.60316516696764
7512,439.20013652112135
7513,417.71735261441455
7514,526.9248354065885
7515,407.5105049998387
7516,306.1753645031786
7517,396.0909581376022
7518,484.89467842478274
7519,435.6246440067044
7520,369.3474974570102
7521,548.4418768456259
7522,478.21716816501316
7523,396.95388596398703
7524,490.086321054262
7525,473.03780049341213
7526,357.0136181376431
7527,376.5100886583613
7528,462.0847160589955
7529,458.70542706450317
7530,435.8946288688366
7531,344.91145724899553
7532,538.3534575716594
7533,437.83796833984525
7534,337.80600783706234
7535,361.8277795565133
7536,438.1300797579288
7537,389.283634676593
7538,399.96766238465926
7539,421.8593725209314
7540,427.5055060512753
7541,576.3847122266188
7542,429.3299315937431
7543,473.4324957428072
7544,618.122153308377
7545,385.52767849785096
7546,313.43659961703423
7547,423.78335358246596
7548,363.401114758619
7549,402.56516788093114
7550,428.95909293114494
7551,474.26354292683027
7552,550.9701508936712
7553,602.1082309349732
7554,403.655154606937
7555,435.9204032122037
7556,519.7171151888903
7557,370.22722854357824
7558,312.60660140747393
7559,533.4401071330353
7560,348.8492603186791
7561,475.83839385695194
7562,524.6691381727518
7563,468.5580666722429
7564,390.68316334024786
7565,346.0733751317349
7566,552.0230507546356
7567,379.46672457835086
7568,373.89560339656583
7569,680.0746012860868
7570,399.3429420443029
7571,534.6985511498798
7572,460.5195979149197
7573,597.012534327277
7574,559.9148325076123
7575,389.69245419379774
7576,507.3215113713619
7577,515.7481980357053
7578,503.6869117032143
7579,303.57742498348057
7580,465.927863586123
7581,431.6547599674584
7582,408.3577508134993
7583,542.1521180717068
7584,602.4846460254511
7585,482.75160345776715
7586,609.6018115687729
7587,484.47412457244474
7588,428.43939019090914
7589,298.3046859159024
7590,501.51209534799136
7591,461.4559560592016
7592,481.4742712916366
7593,457.87639581672374
7594,460.17701542928904
7595,319.1073807752994
7596,388.7866781381749
7597,432.22687162294284
7598,248.18169853573403
7599,430.3719058670819
7600,513.7179054251397
7601,370.50479256736844
7602,456.0092389535084
7603,386.1967918651261
7604,457.26037606171667
7605,413.74597087199777
7606,453.4186558746017
7607,405.34213862639814
7608,490.5206079566764
7609,352.2459172634201
7610,480.86520216554436
7611,546.0410711433136
7612,502.7030482712369
7613,654.5722403252607
7614,647.7268183063335
7615,502.89283759700277
7616,362.5693714732879
7617,590.7203053698775
7618,403.2331208565771
7619,500.8088669782225
7620,503.64792130960984
7621,524.426637428769
7622,388.8416962860463
7623,514.8611974866541
7624,560.0437201825024
7625,650.5340502443682
7626,419.8945555318379
7627,417.7732140815741
7628,390.53339253295894
7629,543.0855873755962
7630,381.31105356432477
7631,417.1110532543115
7632,583.5349040401142
7633,361.0970665028216
7634,366.14650814126827
7635,569.501982332061
7636,389.20295652371027
7637,546.9238540342809
7638,267.3963973441154
7639,559.9175963845457
7640,415.61493566408444
7641,541.7990937449605
7642,518.1464875166496
7643,582.2137589884028
7644,463.8445403225473
7645,454.31445988652035
7646,466.5752593586484
7647,341.81973499807054
7648,521.9843033944381
7649,539.008498024104
7650,414.7481509374399
7651,521.0153578580264
7652,334.9589844797136
7653,406.2509195556915
7654,554.7726662644749
7655,504.1164556554502
7656,319.2263149974075
7657,504.7455369288038
7658,330.9310052979
7659,547.219748902555
7660,446.37967098031737
7661,368.60515724723973
7662,414.876551398461
7663,441.14362995676464
7664,460.3161286464815
7665,382.6908915560428
7666,450.4271586147257
7667,591.3059897832348
7668,445.2434368861013
7669,385.01638793996324
7670,476.03620009334156
7671,457.46728742957765
7672,520.386829085584
7673,363.2963249419892
7674,415.2577069316872
7675,465.96614241443365
7676,396.1111912717509
7677,466.58926628648527
7678,527.6726145383509
7679,391.82881161668297
7680,512.0609112663423
7681,407.9749154249742
7682,424.8348291885815
7683,496.35603400124313
7684,483.3977671488263
7685,523.0054639907863
7686,553.2627001672713
7687,415.0771738971359
7688,337.27222768668173
7689,489.8352209771954
7690,381.30085998068944
7691,409.2810454758138
7692,445.3296694015697
7693,396.19355539948066
7694,420.49777849407104
7695,463.3517365122187
7696,426.084893783982
7697,360.7902217113662
7698,620.6706431827364
7699,424.30203120289593
7700,569.0205090029632
7701,461.9563812375369
7702,623.647428364793
7703,560.111226276832
7704,430.0009575388111
7705,403.18425168720034
7706,425.20578839365135
7707,434.85130229996304
7708,436.6399919007804
7709,591.9504315620238
7710,398.73455022173005
7711,440.6718085374312
7712,402.41479661083326
7713,460.93010122368884
7714,543.5339109917402
7715,390.995544512239
7716,479.50805984015983
7717,662.9704025531028
7718,528.0243200403779
7719,338.7775580799556
7720,684.166639073694
7721,499.1618896580957
7722,484.1685972783617
7723,471.4019625558761
7724,561.3172553451973
7725,414.715763141917
7726,544.6206607931515
7727,326.3647787821044
7728,439.6122100894813
7729,488.2352791615882
7730,444.66671730210965
7731,375.0995538400267
7732,354.18191293503037
7733,467.51758478794403
7734,375.4776306635652
7735,421.89027540664716
7736,525.3737046234537
7737,651.2520312865769
7738,301.26906996019187
7739,498.43105044635547
7740,533.5114034445479
7741,465.635975019389
7742,457.09520900542833
7743,286.6420526436659
7744,564.0493425209612
7745,312.31226909857367
7746,473.2613068240432
7747,473.0065220877811
7748,475.9587701888221
7749,341.4329991530215
7750,437.1141035969133
7751,478.50185164350194
7752,553.0011478962034
7753,500.8714869589378
7754,394.9467496597007
7755,535.3360392236478
7756,489.57948472450596
7757,323.2740181291345
7758,416.5255747806681
7759,433.01849263450487
7760,461.69680275406336
7761,348.6465277054614
7762,382.8036577137223
7763,411.5584178415093
7764,342.9812191554225
7765,444.55100787819316
7766,333.02107727923226
7767,486.4458417807574
7768,437.0165901584903
7769,455.9770892241627
7770,496.0278010848034
7771,537.6663614635602
7772,487.947010180196
7773,498.02078286590273
7774,563.7587305678426
7775,430.0612368698718
7776,581.9601019488914
7777,409.09687468978245
7778,337.3029758966092
7779,571.9645705294631
7780,444.40480410171426
7781,315.85840304921373
7782,432.38150932704644
7783,373.9870031326366
7784,546.0833872207803
7785,517.8335466816275
7786,267.36902810734534
7787,446.6648001324253
7788,526.1458277158395
7789,468.1545228183237
7790,527.3705221422391
7791,546.4069951017644
7792,410.20006319756635
7793,378.18990201479187
7794,433.27077119444186
7795,373.0074163559269
7796,384.2950464956167
7797,392.1691026732363
7798,332.1897414522551
7799,381.52902430919147
7800,453.3829775112448
7801,455.6483546028886
7802,354.6706076806035
7803,379.98759690419223
7804,489.87575265323034
7805,352.0757204708494
7806,325.9446893065909
7807,488.9829775087034
7808,530.3555238258324
7809,558.2228305229983
7810,551.5976832300213
7811,412.5104900612749
7812,394.26127793400184
7813,542.1574162164114
7814,385.00180878073445
7815,517.3689022185005
7816,483.88668715961535
7817,341.40882406277547
7818,509.92791432987343
7819,263.62716010862
7820,412.5862271402383
7821,449.09588937094765
7822,495.52077365761335
7823,282.30934250077155
7824,523.6554143664567
7825,395.10551224521544
7826,384.1893477652538
7827,507.4624056436905
7828,504.98011750192387
7829,319.5935247262527
7830,437.0909497120842
7831,457.4684596154183
7832,332.6600588140679
7833,421.5761524856782
7834,458.2595415240478
7835,407.8366551064954
7836,445.77087727964084
7837,428.85586067913226
7838,428.68428952701527
7839,533.6711908166949
7840,284.2605657787542
7841,470.01871747080463
7842,423.1009645319462
7843,279.96191025994233
7844,421.1902991615478
7845,396.7567957666593
7846,422.1380360230079
7847,462.11094433697014
7848,456.48027681382734
7849,468.66096833967134
7850,466.4474585372972
7851,369.2012079212627
7852,437.067892501637
7853,363.32450344840663
7854,510.38842227268924
7855,322.2023233433207
7856,517.9160556909563
7857,426.7085169875844
7858,339.9827702237056
7859,469.2546542526003
7860,504.67197296484284
7861,438.5590323691842
7862,352.96814700781556
7863,316.7776035676899
7864,430.3904172041371
7865,576.3386940572741
7866,494.0627305753117
7867,378.57846451999
7868,329.53790284876936
7869,417.9794211694072
7870,515.818820401206
7871,549.8388991338369
7872,467.17167925478975
7873,416.0823924386833
7874,508.9142246657364
7875,457.17822313106427
7876,507.11706729609847
7877,487.7067931978339
7878,466.27011097352323
7879,409.7182501465011
7880,483.20098124865547
7881,425.1441660653461
7882,399.83181725525253
7883,572.8374485007273
7884,500.4291939564967
7885,380.7795912759095
7886,469.8355712058147
7887,419.3930673629104
7888,475.58198915925993
7889,341.88317773575056
7890,577.8502379368651
7891,438.64421239357563
7892,386.059363248434
7893,401.64248322198324
7894,493.1607894448436
7895,542.0466142085587
7896,510.85452089680166
7897,391.50979618939203
7898,360.10939584909516
7899,384.45302044442786
7900,429.1100111279781
7901,498.29935516388406
7902,375.2051233418502
7903,431.83625391951915
7904,403.01028742401235
7905,581.3183950461769
7906,548.6075316600525
7907,491.3850365931293
7908,352.12297636404645
7909,564.2579837381669
7910,449.50267973935075
7911,309.5762825538959
7912,444.37163933929634
7913,481.1688983928341
7914,422.3383259894099
7915,369.6210808945882
7916,426.12724253034315
7917,506.64698808765377
7918,467.45989403785404
7919,433.4587399530149
7920,390.87653808318754
7921,462.40953987541457
7922,415.95850762434503
7923,462.0208186514944
7924,346.3688618496924
7925,393.7385710380766
7926,390.5971263166022
7927,477.62834584497284
7928,338.75166068421953
7929,478.09566519746073
7930,471.1794523683817
7931,473.2432864076258
7932,386.19385080660345
7933,579.198497040688
7934,426.8905710036999
7935,381.5444624967342
7936,397.8581354696556
7937,427.4362685288145
7938,624.4128225828289
7939,415.7517141257333
7940,434.9179360913463
7941,470.60950122079066
7942,496.82859481637973
7943,446.5575440785113
7944,493.2218668144368
7945,318.90234102674253
7946,392.45142492733953
7947,483.9318999052409
7948,434.55185393493684
7949,445.8281300577164
7950,460.583613967293
7951,421.32107652634676
7952,488.8709036868573
7953,421.3045898855815
7954,457.3829659190192
7955,537.7402985696291
7956,371.1386010287272
7957,433.0897068039073
7958,411.2235610719358
7959,327.96418979833095
7960,473.04439196987
7961,509.06944579895384
7962,383.082667501683
7963,476.82624432128154
7964,446.99170998748065
7965,545.0544722438319
7966,413.2632173998994
7967,430.29805228666316
7968,412.0502519138831
7969,396.38133897933176
7970,486.7197689021219
7971,373.3477846804708
7972,476.4213087450214
7973,506.6146620899483
7974,451.851791683067
7975,476.63579565330576
7976,545.4580627049525
7977,405.4438555504115
7978,383.39265695366004
7979,431.82213031837193
7980,496.3945857801725
7981,343.69560813893736
7982,306.8013433586284
7983,481.061930156994
7984,448.6767627247285
7985,456.9471887592893
7986,470.16495977256994
7987,437.7551122805256
7988,502.23826629443636
7989,501.5315868744944
7990,472.52678394263376
7991,576.3789560593042
7992,376.3243100474664
7993,493.06669955997546
7994,359.8037611233325
7995,400.4480849571789
7996,291.1106773429589
7997,394.5359642726337
7998,386.3653238123574
7999,284.28720572355087
8000,388.8684400033796
8001,536.5510348165574
8002,409.8195280607411
8003,506.76694544443876
8004,461.04280441120125
8005,454.75919443509116
8006,645.6639437023632
8007,452.33980821552694
8008,536.9450474177906
8009,287.2558114792881
8010,468.8809485730762
8011,444.4682328170246
8012,497.6339349721179
8013,555.5486754357479
8014,340.8221135831373
8015,484.90492198124866
8016,462.40265054620403
8017,419.25694593004664
8018,405.57349357888376
8019,438.5310531449446
8020,404.87476515835084
8021,308.08482126110863
8022,444.9151913668705
8023,444.04638968766244
8024,461.6475436748018
8025,577.5095576340681
8026,371.55717417954196
8027,550.3713840240414
8028,504.2647210669076
8029,479.1428898965973
8030,396.42490675241515
8031,501.0994835151626
8032,462.59366386715004
8033,431.4090010520864
8034,526.7361496890011
8035,365.3155542780577
8036,344.06920932753286
8037,409.4391768774722
8038,490.51928360119854
8039,383.4866661716475
8040,396.9304186630255
8041,557.6062960494565
8042,495.54771898565735
8043,406.06457689636335
8044,456.7073132558898
8045,453.7265292252243
8046,388.4570392859157
8047,397.4408499423321
8048,414.37724439948624
8049,503.68344530218076
8050,437.53826051305447
8051,373.0400036980641
8052,400.55769832962085
8053,529.8056132469379
8054,502.12704468787206
8055,432.8429117591082
8056,519.6612244590482
8057,513.7610627466065
8058,528.560185842428
8059,543.6233211079578
8060,555.0645073640442
8061,370.21439947960926
8062,425.9067420197516
8063,456.3447389701036
8064,326.3309055138634
8065,353.1930642784735
8066,396.7293552895236
8067,499.20846673363536
8068,522.9471138156422
8069,424.7516519385068
8070,568.4479401011463
8071,457.5136883968611
8072,420.21389007879964
8073,508.2913849631816
8074,517.8100950979302
8075,428.4094569833288
8076,484.0826486623649
8077,412.9931482415566
8078,692.2766948909139
8079,503.1439604991749
8080,485.5552235847738
8081,630.4234634831244
8082,467.27933656135275
8083,380.86552360694594
8084,375.34482701546773
8085,351.61808052440125
8086,354.22517646464007
8087,422.09445969298304
8088,326.95663022293684
8089,491.64371734444495
8090,472.9368014957861
8091,491.32764799559254
8092,282.5539874623002
8093,345.42772006297804
8094,520.1923893794497
8095,549.6494658847697
8096,546.5061313711193
8097,317.82854316722603
8098,450.02369801260596
8099,471.45351703294176
8100,505.0195566308829
8101,405.5761535422914
8102,504.4907499616318
8103,513.2563471626997
8104,335.45539297960613
8105,384.8286686579174
8106,378.6332710460525
8107,493.7833213521291
8108,501.9713931593605
8109,466.2530959074447
8110,493.01230157228855
8111,507.46567097652365
8112,548.4924044754587
8113,425.3613043138662
8114,397.52804321284617
8115,368.7282972452012
8116,367.9896054021392
8117,613.0672744335116
8118,413.5242582935674
8119,418.7802606749097
8120,429.0688949928957
8121,484.94458939324034
8122,519.528161893789
8123,389.6988055885468
8124,540.5873178240794
8125,452.8016514463911
8126,445.4046509346824
8127,511.64252237830084
8128,442.2476967009118
8129,543.7298010107837
8130,464.063102756678
8131,382.10920951498304
8132,313.0615035908284
8133,461.742057461956
8134,393.1632021261401
8135,443.4731659527201
8136,410.0502701700832
8137,600.3634475576544
8138,362.6733313074887
8139,541.8798038388016
8140,353.1548063073595
8141,429.32231929023146
8142,453.54077383651037
8143,488.91621120334963
8144,488.72517608653783
8145,490.3967357718644
8146,450.5168106304079
8147,440.04324184585647
8148,517.4998960861022
8149,503.29849144637257
8150,477.05756314691325
8151,388.61389610875705
8152,451.66254214441847
8153,433.585747229406
8154,424.42427845248926
8155,451.5805456787194
8156,423.93525688114204
8157,417.36995183338234
8158,345.77152604360367
8159,574.0519231371637
8160,497.0467358100151
8161,420.24235542323095
8162,498.2019622739051
8163,451.40906043445017
8164,532.4502478147735
8165,439.95837979423237
8166,491.34660259247977
8167,584.145422067436
8168,622.1748800513075
8169,307.1141256786622
8170,414.1261925627057
8171,376.8924566159081
8172,536.9309238801287
8173,428.8063629051009
8174,454.6089413051042
8175,465.7163005098595
8176,467.6638972975478
8177,522.3198385534456
8178,566.0937242531014
8179,379.81001162009704
8180,523.3236841826881
8181,498.6545976334897
8182,415.9944540184164
8183,404.2433983195869
8184,458.43482194662033
8185,408.3138987262202
8186,555.2828222635655
8187,376.13299087550865
8188,513.7549417244376
8189,531.5842043159934
8190,397.5577392114714
8191,488.068349946848
8192,410.66930843912604
8193,561.5242432329659
8194,402.1354224125623
8195,325.4949302303665
8196,421.7765300733619
8197,391.8454915187299
8198,407.3716350506371
8199,388.42995860483813
8200,496.3741211525074
8201,469.87033848243277
8202,538.4013154429118
8203,453.11885072591707
8204,537.5797507016138
8205,506.93449402459817
8206,485.664703847023
8207,409.8615032768442
8208,396.9384233007803
8209,393.16895488530304
8210,420.532901823313
8211,405.7123775120047
8212,456.78575591394684
8213,472.0237013971093
8214,519.8394871972996
8215,389.35641866290194
8216,349.65849404271296
8217,432.26702305004056
8218,426.0834608132552
8219,430.5349833761524
8220,510.9206471839006
8221,404.4996414968261
8222,413.84418974939376
8223,313.1236263939483
8224,419.0011487801212
8225,397.0963837038154
8226,492.9764451107912
8227,525.3506994982029
8228,367.7980838576885
8229,518.617294704139
8230,435.42642671507815
8231,526.1011444050516
8232,442.8021446779697
8233,522.857668033569
8234,384.79008660108434
8235,418.0470900600677
8236,421.28402428644927
8237,453.0213774987813
8238,538.244729393317
8239,380.526577483865
8240,418.3851434860409
8241,344.761907846855
8242,292.4009852837188
8243,514.7953434763363
8244,523.4842089787875
8245,275.51672952710726
8246,537.0081921607282
8247,449.38158957610074
8248,465.5253490060804
8249,407.7345832500882
8250,484.1614450844003
8251,615.9616489532643
8252,386.99724129093374
8253,285.58912240964383
8254,367.4812410052994
8255,414.1400060962141
8256,418.8941336058228
8257,432.08577749249025
8258,391.0958082898045
8259,453.23855316413045
8260,495.67655877510134
8261,554.1208630353452
8262,410.3950139783152
8263,371.2363234064508
8264,366.03220098917524
8265,485.02544968950747
8266,534.0937022392199
8267,504.08196334337345
8268,433.15995023207597
8269,552.9522141434675
8270,494.06757043402735
8271,442.4364249944372
8272,552.9054231891581
8273,615.7266283999086
8274,513.2187891089022
8275,532.5212477052901
8276,441.59594935615695
8277,458.7204614698229
8278,518.9600113976012
8279,451.66208088841796
8280,488.0092433633325
8281,363.5146926643534
8282,486.5104649330692
8283,528.3046885119612
8284,450.24602671295094
8285,424.9406532130886
8286,445.45641018001567
8287,449.04201220311546
8288,443.54555839264845
8289,461.1346948685492
8290,283.30928025591356
8291,451.5670916909134
8292,403.61220167701396
8293,504.56726972487843
8294,460.14862385805264
8295,406.3488582482811
8296,460.8041422191067
8297,486.1668398379532
8298,441.89400567176034
8299,359.79268117488385
8300,451.5640109318049
8301,574.9950520163671
8302,515.8209799353988
8303,452.3697218016044
8304,434.49925711603623
8305,369.206515582327
8306,489.77975877884177
8307,619.438964918176
8308,447.1154228209799
8309,406.6321501525408
8310,526.0231673796983
8311,528.2914137466179
8312,656.541355803777
8313,376.8637763065836
8314,290.72342156174284
8315,518.4919998292506
8316,532.7553419374826
8317,615.0034113920302
8318,396.21111775870975
8319,412.9831493469683
8320,529.5483735345134
8321,419.5216143171936
8322,487.9984766119266
8323,372.725223371578
8324,502.79441191558476
8325,484.1526066162911
8326,571.1503044582045
8327,531.9799124861568
8328,488.48731062899066
8329,526.0379206682011
8330,399.7867633983998
8331,350.02018894089144
8332,464.42144846336515
8333,457.34514432937215
8334,334.311435930562
8335,448.6418224507536
8336,508.9100673699334
8337,514.3396364273484
8338,498.9354461302193
8339,560.1251819290003
8340,422.7824141234637
8341,371.494777978077
8342,501.49213586034716
8343,481.45835241918707
8344,400.70956441719136
8345,611.4696592859631
8346,422.856631108785
8347,406.96719521104694
8348,441.7134915506786
8349,432.2676140360336
8350,391.29419462958265
8351,438.1021174220312
8352,495.72858539890814
8353,369.27598727281577
8354,387.7955338217003
8355,414.9181482743402
8356,387.6178748639547
8357,534.699420470553
8358,499.3286966979447
8359,473.9944315917998
8360,581.3029661753195
8361,443.7318345127646
8362,555.133898420557
8363,487.4069030191619
8364,491.39071156591996
8365,521.1711563340326
8366,426.6329750271063
8367,525.7036449851286
8368,451.94311783025586
8369,284.4590241847138
8370,384.14878799699426
8371,424.7267568799899
8372,460.4940584785819
8373,410.258776070752
8374,518.8684130710382
8375,437.59838219679165
8376,432.453908916971
8377,430.68029719616356
8378,503.36683680737525
8379,481.8629030741076
8380,438.4097261822665
8381,543.0532389438226
8382,403.5302613621082
8383,393.0103199910528
8384,521.1343701612869
8385,385.53098548227547
8386,340.47710695504054
8387,450.52250706364646
8388,432.2507640818782
8389,496.1012063460192
8390,337.3408477067364
8391,478.8701954296638
8392,565.6637170140874
8393,304.9442367563149
8394,428.83304234406967
8395,341.627126058481
8396,302.9824190241562
8397,448.04718050288784
8398,525.0878457812091
8399,546.1001757739574
8400,447.9736383354025
8401,558.6077886979683
8402,452.3454440912454
8403,458.4440628100467
8404,466.6376234423754
8405,451.84487748156766
8406,497.8247629856198
8407,430.2193985853649
8408,430.852153456945
8409,471.4577027025666
8410,490.7657903120038
8411,349.4698865145366
8412,489.3161947567759
8413,535.020867803059
8414,518.086350998916
8415,428.469187899844
8416,520.5994467303605
8417,501.3237164764616
8418,427.4380739852942
8419,601.1310302734045
8420,518.6831850341076
8421,495.07534379997134
8422,423.672287116687
8423,357.918883536004
8424,379.5384203206116
8425,645.5125673033714
8426,528.4472186700577
8427,380.68361330092284
8428,386.41671926683625
8429,530.484281417671
8430,392.47227467731204
8431,391.1679674723501
8432,418.84687262577944
8433,438.9624918942719
8434,393.2082500212162
8435,413.4317049457021
8436,522.4107780758267
8437,655.6604056427457
8438,443.2638461044159
8439,265.3913584386615
8440,451.9654903579801
8441,537.3081696615626
8442,426.72761047844523
8443,465.8823768430569
8444,588.4764660956175
8445,330.68806346183254
8446,362.8555990184496
8447,365.2054668624729
8448,345.70060431356865
8449,415.12742191148334
8450,439.8856119232012
8451,510.05278939852235
8452,422.9650848121756
8453,425.29828991938496
8454,495.43507817951763
8455,245.41792278691557
8456,524.422304002015
8457,442.996353684395
8458,451.74967847951257
8459,502.01495486358186
8460,477.88808803633924
8461,450.92806437488974
8462,504.9872167630574
8463,483.8693411156583
8464,363.5817916568175
8465,394.82580689851864
8466,507.4839705707773
8467,503.7997358340485
8468,498.1127189307221
8469,462.8728644711028
8470,437.1150423145263
8471,522.856331757933
8472,310.40511816074843
8473,494.56653613618704
8474,477.84238525628103
8475,412.3342986494984
8476,284.83727634481147
8477,473.5242983979871
8478,511.9337953248364
8479,343.8839255469991
8480,493.108009944858
8481,460.7689644936147
8482,521.0255398652689
8483,447.00610102616946
8484,429.834487687304
8485,516.0696726313658
8486,455.1780453484091
8487,387.35505494484516
8488,501.63998554862235
8489,622.7509686336032
8490,362.2605582900762
8491,572.8298016549276
8492,424.25985515829495
8493,441.0345652745239
8494,285.3643495920213
8495,447.128577673308
8496,420.89409565887854
8497,422.59059902071806
8498,425.7986044862133
8499,593.0872110367401
8500,453.3253605554763
8501,387.3810693192073
8502,300.81073514333616
8503,466.5484273727594
8504,538.6132160000473
8505,468.21327218103596
8506,443.73305202077796
8507,483.4788745311576
8508,358.0768777758631
8509,345.61928476015623
8510,433.1151101543365
8511,458.9484247419599
8512,333.8262014074404
8513,355.4391102594247
8514,391.18011007174533
8515,494.5974855219503
8516,513.2693583299372
8517,423.9376027709517
8518,265.1060424279719
8519,518.3258499800714
8520,543.8372858577821
8521,453.5260058949859
8522,467.505373606794
8523,363.10179979100445
8524,386.2205081382623
8525,704.1480273351708
8526,408.18193944134435
8527,462.31286177147956
8528,400.16544232709805
8529,520.9442925964315
8530,620.3210621656177
8531,465.8445392441291
8532,545.9030704263512
8533,424.6835462930597
8534,626.116566210201
8535,503.5921988616788
8536,419.1209075468744
8537,475.35642206553814
8538,414.0776432293267
8539,301.125275608101
8540,443.93667578595927
8541,519.90399333066
8542,457.0448904437643
8543,414.23472803014795
8544,484.1539689000109
8545,500.23103928042866
8546,500.9414267870513
8547,454.1513432418588
8548,362.50207946347837
8549,401.5211278864263
8550,453.6209921822497
8551,389.40936255024513
8552,556.6480757401899
8553,479.5739634759175
8554,405.1890706705345
8555,380.07990765790424
8556,427.23473639871895
8557,401.21581153623396
8558,491.65888088915665
8559,463.05480688291783
8560,233.16651949738983
8561,402.62950938331915
8562,444.63827486686836
8563,455.9043335852494
8564,534.727046016739
8565,440.8100420416049
8566,439.11946349474425
8567,606.9289212496459
8568,384.7795672282638
8569,391.9160456928772
8570,382.8508725178464
8571,449.1265378626948
8572,416.69558504408957
8573,383.15918464207607
8574,435.0278083693316
8575,498.63709494689954
8576,486.6140228806024
8577,506.6589131496563
8578,367.64895899459447
8579,354.1385916634578
8580,482.41631161455126
8581,577.3065489158781
8582,487.9044322302287
8583,393.40628725440865
8584,437.9535428320245
8585,467.07663529459626
8586,527.2823226800061
8587,368.6303150167142
8588,454.7989944714589
8589,376.0982714984305
8590,500.4280131085708
8591,484.9022333083526
8592,297.32905410525143
8593,548.6334060531449
8594,338.03487972654625
8595,533.5939991269829
8596,477.62349364369516
8597,357.1266390128184
8598,421.7878163854389
8599,411.2914354823412
8600,463.9819111042552
8601,379.80954365862516
8602,457.9117357491936
8603,369.4073551373823
8604,483.6304864837181
8605,390.2672827055249
8606,402.45149330276723
8607,398.7439807055262
8608,588.0360536794042
8609,524.2303782151616
8610,457.1301632662821
8611,427.7474259195925
8612,435.73294916758334
8613,401.3962794918664
8614,499.38559715115156
8615,341.7255729154228
8616,431.5950608744385
8617,417.3887736729231
8618,488.2303915295802
8619,483.1959994774369
8620,494.6590228018309
8621,457.9582238283422
8622,548.0107535643264
8623,420.77990083783624
8624,406.5756126544638
8625,508.11081327442247
8626,325.93487198327756
8627,459.52159328889576
8628,505.8044202121231
8629,361.52035980886325
8630,422.7102925175235
8631,489.1825702524689
8632,550.5738581572045
8633,527.4731542355883
8634,477.7015149510412
8635,462.6071031251637
8636,461.259752548723
8637,408.3438313126925
8638,504.83044289698057
8639,535.8838633340104
8640,383.162238110083
8641,540.4810992423986
8642,482.1306003649378
8643,449.12976041676075
8644,360.73204190832644
8645,363.79582386337813
8646,580.7277934607156
8647,483.78941950343636
8648,430.4887855428136
8649,572.9095581696354
8650,436.13411968223625
8651,483.1505155535231
8652,374.1249199514889
8653,449.9810062051096
8654,448.4289109916834
8655,453.6785356062433
8656,452.28382549304354
8657,500.1251384730392
8658,512.048560645337
8659,420.9512849034293
8660,459.23816927548444
8661,501.6933436972907
8662,352.47804755908936
8663,434.11348231471743
8664,549.8867825981695
8665,446.96010646830723
8666,515.2598004808116
8667,546.4349422230587
8668,419.6992752167529
8669,495.4396691895983
8670,425.71814443937257
8671,395.59923534390407
8672,495.49645773052856
8673,389.6815228820353
8674,447.32333738064267
8675,428.3979361139609
8676,543.6242807625155
8677,525.0534141348213
8678,571.5538424892561
8679,586.3456640118693
8680,466.31848204932174
8681,465.44536980083603
8682,390.6823691361635
8683,294.47777742240277
8684,559.3503547323979
8685,512.5082552168383
8686,616.2273859154826
8687,505.544696061458
8688,531.765447504543
8689,353.26967897839313
8690,320.03775086812993
8691,496.73406529836524
8692,380.59902917577557
8693,437.07980904613373
8694,498.4889296138401
8695,446.7410313964112
8696,453.24840609054957
8697,475.0206694867958
8698,443.7127144270577
8699,376.1284040367704
8700,356.0792344356137
8701,417.1656002694778
8702,438.5946126368361
8703,279.2594680523884
8704,501.47296630005314
8705,318.7705145458308
8706,386.29981209530854
8707,448.8549343111073
8708,430.6331983728312
8709,357.28311791949614
8710,418.1167836787182
8711,398.7499928390342
8712,466.17535649603553
8713,544.1260296384137
8714,465.82319390346936
8715,374.97853994841705
8716,391.8267362517021
8717,324.5931415126894
8718,431.3965481207061
8719,386.24819144524963
8720,502.55264406109166
8721,524.065706033967
8722,409.6193096109345
8723,396.8922637029525
8724,412.77988514669624
8725,413.10192899098814
8726,534.1759921271182
8727,507.3365803386803
8728,444.0239412362288
8729,464.5084245557622
8730,478.41295822802505
8731,412.0536558880586
8732,353.49284502298156
8733,489.58845568756203
8734,368.99263081183733
8735,419.2436263788879
8736,377.77550165325255
8737,411.69453327159107
8738,475.48453446663314
8739,514.9409373570672
8740,435.1256618860995
8741,505.15968155500303
8742,409.52480221294536
8743,473.11063596399316
8744,626.7567213597956
8745,467.42551841645854
8746,527.9699260718872
8747,336.62041459075
8748,449.7198930080684
8749,358.29223069062607
8750,352.33676890481394
8751,515.6023346497386
8752,370.895299610173
8753,404.8835018226927
8754,383.2419096588229
8755,522.6963448225591
8756,535.2058887032257
8757,376.54602075527697
8758,381.09821814503744
8759,452.65052587956905
8760,473.4601685224508
8761,341.892623433794
8762,347.85245023551937
8763,488.69807086346384
8764,407.7931472053057
8765,388.2103631832206
8766,428.5105345575179
8767,498.6087384457756
8768,486.34761206420296
8769,305.77126915862203
8770,582.561998798589
8771,423.3785989036673
8772,390.30264405844594
8773,414.7562235652976
8774,465.1521860684879
8775,345.68401207100163
8776,512.0231390879051
8777,440.13639122887685
8778,516.1195184991946
8779,497.3310358009598
8780,299.07002888122054
8781,331.5840581147267
8782,483.37369407431737
8783,500.2967762794306
8784,506.6160004379637
8785,431.3464449787387
8786,416.5177145963087
8787,394.3325370954939
8788,397.951797934293
8789,351.4764718985627
8790,518.3065545739122
8791,418.7729815360455
8792,486.8727200513221
8793,471.6307955047475
8794,438.2877058074529
8795,422.57407150227624
8796,429.373061564053
8797,444.2953379502906
8798,437.93538802018793
8799,507.60207007638604
8800,468.8590151542263
8801,462.5810437389889
8802,408.05054774636585
8803,545.5223714790353
8804,532.9783423150013
8805,455.6306670631712
8806,429.9628105558843
8807,328.23747962842583
8808,398.879878189765
8809,402.6582443901793
8810,457.9744399257305
8811,401.5679596955753
8812,433.2318236120366
8813,545.3685684769458
8814,373.6137313490092
8815,473.68003384934383
8816,465.3361492660637
8817,552.6780849298843
8818,384.5905980576225
8819,405.358735117514
8820,459.47951425687125
8821,356.3378441138649
8822,335.77890448239623
8823,471.8715989995494
8824,339.224309593318
8825,512.8380947828404
8826,426.56765962283623
8827,487.3825426737528
8828,477.93503907573444
8829,449.5993877723528
8830,415.75459851534123
8831,446.9366959724399
8832,557.981192636752
8833,579.6049254123571
8834,469.58098230321445
8835,593.8128197732788
8836,528.2370291681674
8837,449.5184429431402
8838,501.7565092452794
8839,448.3244643395081
8840,417.8332155770461
8841,380.64008627233113
8842,463.10701290780247
8843,327.6046847496133
8844,541.8674708683785
8845,408.5268530069182
8846,403.8259503526151
8847,597.9504297601276
8848,404.3668222998447
8849,491.22731952692425
8850,447.49799866349775
8851,396.6469793187986
8852,414.87140629777565
8853,469.54012398010184
8854,501.63224032367907
8855,420.5879579878329
8856,437.2470929223956
8857,382.4984066782637
8858,567.918231169181
8859,510.77069904321445
8860,367.3345946301916
8861,462.2313251072715
8862,388.56654147371313
8863,472.86130838044244
8864,450.65130192889626
8865,430.73108699227265
8866,365.2615647484276
8867,417.16891782422476
8868,448.8075109798059
8869,362.0654179897224
8870,576.9421508193487
8871,430.9735599464596
8872,488.502302541984
8873,390.56644667251
8874,572.1219182310219
8875,304.9417262389309
8876,528.3369527370618
8877,511.6300535082748
8878,380.4100617562985
8879,454.2346792811274
8880,469.7496304433804
8881,543.5601807393597
8882,564.1812898765309
8883,405.31961829725475
8884,484.1768474568856
8885,481.15785238735396
8886,525.1734035461421
8887,465.1567461266391
8888,454.5540673926718
8889,487.32343869024
8890,330.6799666778717
8891,448.32029227339297
8892,629.0265741572427
8893,579.3696540132121
8894,497.12723507467456
8895,336.801182242867
8896,541.8892743231374
8897,479.833165644512
8898,487.16481172350433
8899,364.72810814538235
8900,442.00800162590923
8901,431.51347449755633
8902,480.64925896355174
8903,334.9157761442249
8904,418.3253744117759
8905,417.0625099128464
8906,374.2279986274204
8907,353.5895689571135
8908,307.83184514801513
8909,507.86041728787154
8910,446.48538370896006
8911,385.27341878022185
8912,472.4642433702006
8913,367.27241357317524
8914,527.947249352492
8915,425.9101173810661
8916,471.24497968315933
8917,544.6417008828203
8918,424.95385300513163
8919,487.7033133156005
8920,312.81565289812505
8921,613.9673197517362
8922,435.49780502891105
8923,461.3295820694034
8924,520.6909053252543
8925,389.3274778261423
8926,462.0813283314678
8927,571.6355449645266
8928,495.6656128058186
8929,403.32215158011127
8930,503.51476029118885
8931,411.42055597287214
8932,541.4083160011054
8933,532.4231837944499
8934,586.1060789746723
8935,453.6761999087869
8936,484.5131251664831
8937,520.6449159880223
8938,395.5339360719368
8939,328.87286886029665
8940,416.67539182884826
8941,454.4705563503796
8942,511.96447046571444
8943,465.3608780648439
8944,348.8942920471286
8945,381.89724649677237
8946,427.88357689360527
8947,508.45266148251477
8948,432.9837167181236
8949,312.2457558069507
8950,410.7110390813011
8951,511.40692701238214
8952,370.81178916579654
8953,394.14481501584726
8954,407.5172464130215
8955,531.98741234018
8956,470.2294631466311
8957,487.9060649202921
8958,491.2532126742539
8959,511.14918277151037
8960,544.404449687456
8961,397.170511452825
8962,472.41789768804426
8963,502.0149365880793
8964,563.8509780358243
8965,502.0513555869773
8966,399.8992498118035
8967,308.8858176938582
8968,424.3168113633514
8969,416.5662115853812
8970,554.4514997915088
8971,410.8293482188924
8972,429.8293883892179
8973,374.2455867938292
8974,496.40472980338194
8975,321.1106859141781
8976,535.4734474058098
8977,466.7093586058338
8978,494.2892783042487
8979,360.4743919376726
8980,557.281348956662
8981,567.7008839586504
8982,535.7702439485159
8983,521.7825511001079
8984,407.26080687406727
8985,407.8229236190679
8986,336.49195978420266
8987,377.0766477247756
8988,406.57126210186505
8989,435.1020394558311
8990,321.40867806390884
8991,516.1119329251812
8992,452.11138839490684
8993,463.9843204670271
8994,502.9439175878217
8995,380.12239342584695
8996,399.1813233501128
8997,387.62795887490483
8998,520.3468799559313
8999,381.4401745097402
9000,490.7306987609954
9001,322.1968353037176
9002,419.00992633585145
9003,401.9896684309204
9004,587.4611641886054
9005,487.1692229284142
9006,304.8238994657369
9007,463.40495850052633
9008,505.65618698139366
9009,369.8932967560216
9010,507.78064506638214
9011,370.74196103559854
9012,521.3099830524949
9013,521.7050807717372
9014,398.2678551174894
9015,580.151193037756
9016,490.05159861880463
9017,517.8352851101465
9018,430.35776411265374
9019,400.96089524247225
9020,438.59737760464475
9021,413.5219312133404
9022,528.6133103530449
9023,440.552291090888
9024,448.4496901856351
9025,550.7797129534232
9026,419.5304984753565
9027,309.7818351817148
9028,479.4018229841395
9029,418.1744116317207
9030,452.90372101487105
9031,431.1624442382616
9032,418.88300060898223
9033,566.0937813020171
9034,481.633053838145
9035,314.7313173243667
9036,522.511740141878
9037,443.21828956791427
9038,413.1046604202375
9039,459.81188008109814
9040,513.8265881054157
9041,396.1718104690122
9042,416.98857990636134
9043,474.1590677251323
9044,410.8813984196957
9045,375.79054600911604
9046,485.4632702964897
9047,436.61192517520635
9048,572.3561453577245
9049,317.3637388283724
9050,520.3137311579325
9051,531.1222055590531
9052,345.60592870917594
9053,338.2803948189962
9054,462.8626543598352
9055,439.7446543358097
9056,339.3833901767114
9057,401.3158436014815
9058,463.9164492088793
9059,508.86796465536315
9060,439.9031419639477
9061,496.3564668299659
9062,496.90390076771723
9063,295.9474921624125
9064,450.3664479096232
9065,399.8251436472021
9066,488.14100027311457
9067,474.93647316933925
9068,493.29864721230416
9069,362.56718692782846
9070,542.9235495647355
9071,315.6831053842349
9072,301.8288967642818
9073,298.18527588602865
9074,524.1817936241638
9075,526.7136278284665
9076,491.6756444607481
9077,450.0907974345548
9078,493.37370018162864
9079,489.0792400288579
9080,482.34067382350014
9081,494.89250534644765
9082,491.8184282665821
9083,316.40961644215184
9084,408.1956933125645
9085,516.8194911784512
9086,360.8249574887015
9087,381.17662276570934
9088,530.8615248986844
9089,373.99094438847396
9090,406.63752609922227
9091,446.70322913280467
9092,406.4206405630887
9093,401.5053951430616
9094,316.88691011783845
9095,439.03088302923834
9096,464.54798570658966
9097,429.55307954571686
9098,459.43894651297245
9099,434.39798830606355
9100,438.21418315747263
9101,428.5962705607133
9102,355.55746032286453
9103,517.7305234171149
9104,431.7977346487184
9105,529.1776086643554
9106,421.52981553254085
9107,476.96753176217464
9108,405.1146011547179
9109,553.7758391279116
9110,454.8783227124362
9111,409.28027611629506
9112,485.3458438452991
9113,429.44555141006185
9114,551.6772033327079
9115,427.36612163170275
9116,411.8140913035098
9117,396.53887846662707
9118,401.74019890580803
9119,511.94578490910646
9120,421.60215971503777
9121,594.3735139428824
9122,557.797849639457
9123,547.0556896404113
9124,316.02140794507386
9125,666.5204178229792
9126,447.7143286246939
9127,547.1308083829555
9128,385.65829199714517
9129,564.7751269393024
9130,424.11212188798606
9131,509.41568809970784
9132,359.78889710418906
9133,478.03113348870517
9134,397.45859830175357
9135,378.60063331639253
9136,520.2900445762486
9137,258.64505898220773
9138,492.52217998427375
9139,472.15012553121494
9140,435.451453745921
9141,421.0853521168008
9142,518.2463227813723
9143,343.71645988223463
9144,485.571966188238
9145,482.0163892493806
9146,411.8005508605397
9147,552.0936447417013
9148,462.75659166258504
9149,296.20920338799647
9150,399.76049712042317
9151,382.7246102354335
9152,587.9726844573828
9153,483.1042675163342
9154,500.36288654474214
9155,484.748172842655
9156,549.4145997627378
9157,382.8596663353995
9158,405.8308882354256
9159,443.6561580767904
9160,433.21387011484245
9161,381.0562899570033
9162,473.40715209963975
9163,534.4399475826002
9164,409.5974856892547
9165,418.3360277171492
9166,384.5314324482512
9167,513.6674704986059
9168,383.5640147193683
9169,453.47843799526663
9170,473.7364988170124
9171,655.5953161643605
9172,516.6563889802853
9173,509.18524178812356
9174,550.1683398450479
9175,414.18942826613164
9176,456.32077936062433
9177,451.6106313354818
9178,463.0777326797321
9179,437.89175648659784
9180,436.3769735787163
9181,349.3543879745523
9182,442.050125123395
9183,542.2340826209617
9184,434.66247216232415
9185,463.6611161449268
9186,429.31753797533605
9187,361.61817568127447
9188,434.91974851547263
9189,354.4928873937838
9190,571.0130531697342
9191,509.50029763885226
9192,474.18621720731994
9193,503.59938749559785
9194,418.803362908994
9195,235.37461333091272
9196,347.6819193655116
9197,452.5244905868395
9198,414.72780915879684
9199,333.0350623288662
9200,490.46394931712376
9201,331.192965535422
9202,548.2703826577481
9203,326.9237936676404
9204,333.9753919962806
9205,505.62871318640254
9206,290.51016844546143
9207,501.1598898944829
9208,423.5509739836925
9209,424.96444751530237
9210,453.33852630362674
9211,522.051036255608
9212,408.27473848826594
9213,537.4867424520743
9214,475.49345213771693
9215,565.7922672249605
9216,542.6061838791768
9217,352.2987190916315
9218,264.6427628962603
9219,525.1264299850931
9220,455.3999839034296
9221,516.8735719186283
9222,411.1106468405912
9223,427.08885971414713
9224,536.1214079297154
9225,276.5916612706153
9226,390.47478551490326
9227,480.63135687416207
9228,427.56003121040493
9229,577.1008410819475
9230,448.38259866297716
9231,454.43851452987207
9232,453.914825415069
9233,506.78916276479777
9234,398.8101481589792
9235,365.13789210389814
9236,462.78530863228514
9237,520.1148334604726
9238,336.083843623819
9239,505.1292306286542
9240,554.3875598060373
9241,392.3950845452811
9242,306.9969104329741
9243,400.99646550513
9244,466.79456345339537
9245,561.6709716102534
9246,562.9510230688215
9247,447.29431516898677
9248,437.9770426128968
9249,547.2855930974015
9250,321.67183985235204
9251,427.74445695387305
9252,558.8814602085715
9253,401.1432168761282
9254,537.6442942063749
9255,254.83666360477395
9256,314.71009293079356
9257,419.3371032043827
9258,478.3048812324615
9259,527.2470052060165
9260,408.17679865548064
9261,533.0011972167126
9262,419.42085039381396
9263,587.3182743124464
9264,434.2572085478046
9265,658.09458974816
9266,429.9144535353143
9267,453.5910114034149
9268,468.6431309194098
9269,351.48107574214674
9270,511.64044563666175
9271,421.0124122127219
9272,433.3996463854438
9273,471.0162631266788
9274,515.6653046143132
9275,283.4151614849965
9276,487.2097258785312
9277,573.7238336636653
9278,425.0181435328626
9279,404.6249762045926
9280,407.56238910492266
9281,560.6502827840869
9282,473.30147341669164
9283,575.2358021684629
9284,398.9711312544207
9285,473.7294295326759
9286,518.9482670736489
9287,517.2348628379037
9288,490.45833596262065
9289,602.2447324691882
9290,479.98917337854334
9291,471.3541232600386
9292,564.723613178553
9293,378.25464623277793
9294,395.4132334881337
9295,449.21533681213975
9296,436.02974603826345
9297,306.2740174731376
9298,541.3408938655158
9299,495.44217798778016
9300,463.0486941343132
9301,407.1142109965026
9302,433.2951793168522
9303,413.20270976559885
9304,504.9383798109652
9305,454.3396508110377
9306,342.9308994131601
9307,410.7204498436183
9308,618.0320998008401
9309,503.9464628041404
9310,357.56189584152753
9311,502.90671901435627
9312,540.6071119153534
9313,357.6112065998636
9314,352.8577888949589
9315,455.7939835210567
9316,616.4302102518591
9317,576.8585787158808
9318,664.8760909267313
9319,425.9337677267742
9320,427.4309638056286
9321,404.6145289149096
9322,542.3593154910525
9323,503.29708829785045
9324,393.1590112535333
9325,409.0194619195692
9326,420.0312316967146
9327,460.57631960375613
9328,442.6180550183978
9329,581.2139764050871
9330,407.2546025131427
9331,338.5287594813185
9332,338.4523732697006
9333,302.11151267435525
9334,250.6337378530431
9335,494.12031497339655
9336,430.1730878568414
9337,586.5418072572232
9338,549.8361718070566
9339,456.086600683954
9340,480.86225561127134
9341,384.58555174088093
9342,585.705613183623
9343,544.474529909661
9344,433.09028887982214
9345,425.4528709027884
9346,366.74005716246455
9347,469.9822156923391
9348,446.3022275059856
9349,606.2067267231946
9350,406.28943792896985
9351,458.7616171643578
9352,345.417568146992
9353,378.72034218948005
9354,460.13090078323046
9355,569.3550156896406
9356,410.27521538180537
9357,443.32322532012967
9358,335.63134708810844
9359,429.18175390325536
9360,544.3454067446369
9361,517.3696888748591
9362,582.7295828575083
9363,491.730323085446
9364,392.4783180522359
9365,534.2639297584006
9366,524.2458727965565
9367,387.1428569419582
9368,371.8250247293893
9369,346.5025229207073
9370,492.81834355453077
9371,457.535657801236
9372,481.4399905470574
9373,414.90197551642933
9374,517.2826563632575
9375,454.83257512615626
9376,425.8372153842118
9377,473.38893140348216
9378,267.37076049885303
9379,490.5785663703592
9380,537.6465957697997
9381,291.53248557819086
9382,469.3016592493374
9383,409.0538031605871
9384,584.6426998813232
9385,492.1475097795352
9386,472.3669772828612
9387,670.6061873927829
9388,440.2053019574743
9389,400.47398554328976
9390,429.1118028668749
9391,390.8266164107669
9392,449.0867521540821
9393,574.5664857607103
9394,482.5058606704535
9395,413.82491619460745
9396,465.3279578507296
9397,636.7554288833883
9398,514.761328513279
9399,462.5803094388114
9400,431.3239905124754
9401,530.9316369024539
9402,317.37216034436307
9403,471.5442265912247
9404,467.04301174408863
9405,478.9776132178638
9406,416.1159958855994
9407,526.4110441176568
9408,476.02538608115105
9409,530.2901326864883
9410,404.90074132071754
9411,268.774081496224
9412,481.03719536116915
9413,530.501964006078
9414,391.7116687112206
9415,567.4686828879288
9416,462.96509819681563
9417,564.4762295567778
9418,521.200821787449
9419,447.9761418164181
9420,531.5388806056023
9421,517.5753350529569
9422,435.7438707910185
9423,631.1161638228036
9424,474.68484430638233
9425,461.13391970770044
9426,462.0447507905021
9427,510.1838221767246
9428,442.5996585854079
9429,575.2167345826749
9430,475.0665850167684
9431,467.9755897972082
9432,329.46126531097383
9433,420.13706667829007
9434,411.5246371974531
9435,381.4877830850156
9436,324.69552458677816
9437,485.7022160613563
9438,362.7730136535084
9439,445.9435453913802
9440,581.9205194501499
9441,502.33176915513167
9442,397.5785912273533
9443,438.6917705698757
9444,416.0240970978658
9445,502.3114878484087
9446,475.53636238522995
9447,357.45872528035454
9448,480.1864949115007
9449,317.80006293741724
9450,459.35370182755605
9451,508.1771914721424
9452,363.04456497714807
9453,302.6671900925439
9454,368.2393490478646
9455,619.0525493887411
9456,395.8888267090319
9457,375.56307810090715
9458,487.6012841962951
9459,597.7331654232107
9460,532.6717482350043
9461,346.3835223709843
9462,410.33125356672514
9463,469.4107433285194
9464,433.8428704927853
9465,389.28470572400755
9466,422.1667721481813
9467,387.9433860660692
9468,604.8084733294863
9469,410.3509239331854
9470,423.0549635787924
9471,514.2162252790472
9472,568.8889612806303
9473,461.867477297528
9474,485.7197028788251
9475,467.1324090257847
9476,594.5224373105218
9477,450.83570713361087
9478,431.06306034792766
9479,626.2248837447197
9480,466.2317576934673
9481,425.2371679234615
9482,545.693289778918
9483,383.0668621854296
9484,461.2159107349324
9485,458.3870412586522
9486,388.8470794474976
9487,457.2187872206878
9488,418.0742667974975
9489,404.0328008353064
9490,468.12867085660054
9491,483.41951195325015
9492,495.0212011310831
9493,347.88159553097535
9494,503.1534043596025
9495,479.13299058986127
9496,553.656832266565
9497,442.2117410491407
9498,475.38224904298596
9499,670.7716519382732
9500,547.9384536330756
9501,421.88262864548705
9502,434.80314066536573
9503,595.6743612796026
9504,450.0795824555966
9505,529.7987462112663
9506,477.7446530652363
9507,488.77036413054736
9508,376.62614862848295
9509,442.6193429690005
9510,553.4593087646525
9511,541.5040827919067
9512,464.67055275078104
9513,595.7648656087341
9514,440.67577682648005
9515,549.9770391195375
9516,348.27252635827955
9517,519.4794233768221
9518,403.0505390421262
9519,421.7851786481691
9520,324.82127223291275
9521,381.23056965800646
9522,428.34369446083934
9523,396.60362669255704
9524,379.454114686939
9525,506.2949457074728
9526,462.76619497178973
9527,517.8849392880688
9528,452.4605495665143
9529,394.71141392203975
9530,468.67803743696163
9531,288.79549235103246
9532,391.4123671859265
9533,474.51459147856184
9534,479.41243763598897
9535,434.101981021183
9536,346.50351120418316
9537,394.1171559814118
9538,415.6475060535489
9539,432.27457053858757
9540,446.69175580362287
9541,515.2944348695219
9542,380.4567308922737
9543,581.1001493979879
9544,457.0432904853441
9545,524.8246658992239
9546,325.7686257707461
9547,393.6669016534799
9548,318.92163701598776
9549,359.5867350979802
9550,500.2879832111048
9551,381.1204219808418
9552,525.6381449583082
9553,381.7968150109023
9554,376.45144405783395
9555,433.8604161078571
9556,414.1756601836722
9557,481.01343263586006
9558,635.2390622643514
9559,517.9239979495692
9560,564.7417074474353
9561,318.1413531222782
9562,391.5601900980005
9563,433.5961078451356
9564,355.9287311376245
9565,498.5906517810001
9566,359.90547862252197
9567,493.91679701156704
9568,293.4944313054178
9569,502.526753981553
9570,584.8665976170844
9571,282.50175752158697
9572,452.03719326953376
9573,519.7047361226554
9574,396.1376692084155
9575,521.8603185547107
9576,474.59670519786823
9577,381.0227955327193
9578,670.4164875250007
9579,473.48476498999247
9580,539.377652709057
9581,586.3888567532555
9582,496.5880522225137
9583,536.7847376977442
9584,567.2147801809332
9585,372.94365787294373
9586,387.7955105403627
9587,389.723834013749
9588,424.8328763987097
9589,369.74960076945536
9590,499.1770904611742
9591,446.09167568759796
9592,536.1994754735407
9593,531.4938740774902
9594,462.3179642560964
9595,387.9996910056388
9596,308.4217271423767
9597,417.7511674166832
9598,315.3803819499377
9599,324.3748098934358
9600,418.4319276458085
9601,456.79851562056905
9602,561.6339799977686
9603,444.4254837824112
9604,406.0649771082732
9605,453.0801422026495
9606,249.72113102060024
9607,479.81191754948514
9608,320.22224609521317
9609,485.4311507195395
9610,554.9320633052798
9611,359.2515677213223
9612,341.8955782985202
9613,476.6091387251525
9614,411.85289806824096
9615,413.6045733217342
9616,351.26071990972446
9617,465.1144532512526
9618,495.1202986680588
9619,451.22388545306575
9620,389.0095894509687
9621,398.51036226221345
9622,434.3295327946741
9623,393.1824555116224
9624,341.60345580295575
9625,404.47652004674563
9626,397.5777454132889
9627,310.88833363401176
9628,451.8426121426892
9629,446.2556692858602
9630,392.21921897173974
9631,383.02235244581084
9632,499.10824799301906
9633,522.5022792254315
9634,462.6065707105383
9635,499.5004962457795
9636,545.199964964046
9637,414.0614836287725
9638,458.71919348117797
9639,360.92361861515406
9640,461.2836444708676
9641,505.7570733034822
9642,353.64314093665115
9643,465.4888023803907
9644,560.5942427718836
9645,427.9578893954825
9646,528.3290814161885
9647,595.2414152431676
9648,417.01673172753465
9649,447.67470510356895
9650,584.7238391588822
9651,379.5555847456041
9652,600.626085448096
9653,427.81037009873336
9654,465.0601573826796
9655,471.7786949276211
9656,396.8335175665009
9657,447.3275062156322
9658,410.07269307023284
9659,580.955050165909
9660,450.0111048084644
9661,476.2667212314199
9662,489.402700114123
9663,466.4596463381381
9664,348.0575018997416
9665,455.7336352039242
9666,405.4095473788978
9667,406.69980505025467
9668,444.97712354874517
9669,531.8645585898477
9670,410.11337051856407
9671,632.4447917381705
9672,547.5348636534185
9673,381.8698953645801
9674,520.385885423544
9675,555.6325377781772
9676,373.9966284847988
9677,492.38560789587024
9678,493.7866070711287
9679,410.9762117849106
9680,402.65355347613286
9681,430.19363020018994
9682,513.5629296726377
9683,333.02398540451753
9684,425.15803374543657
9685,556.905194432364
9686,380.49992086215735
9687,486.48117057180167
9688,416.98795375082113
9689,340.0196494639409
9690,555.3877105394541
9691,410.97761652133755
9692,362.94065643285035
9693,373.2286318477857
9694,496.28757014103786
9695,362.54624137184726
9696,406.3026700960053
9697,379.62886393433024
9698,489.3585125870476
9699,457.9048744375295
9700,494.6375779476664
9701,565.6993979574374
9702,438.72167321416566
9703,448.43354068172306
9704,345.5850811496131
9705,551.5839583048491
9706,507.0091977428173
9707,375.58728265024575
9708,352.4013188223787
9709,411.3859994755773
9710,428.5479102238523
9711,330.9227832987318
9712,363.6303960043511
9713,319.9313266344655
9714,602.0404699711079
9715,435.21302845379967
9716,332.42591053889157
9717,372.06597885488935
9718,475.80063262337694
9719,333.8916634290442
9720,601.5180959953398
9721,451.62056600286985
9722,358.1836798141678
9723,337.17167667532067
9724,502.50433189117234
9725,453.3051482519545
9726,561.595898139119
9727,390.3186641487939
9728,477.7324549098294
9729,439.7827439008844
9730,417.03344149755264
9731,473.63055266098377
9732,368.97187757330386
9733,468.22152037375133
9734,414.19943074952346
9735,487.0184361328389
9736,431.2611057821603
9737,387.18512415701207
9738,344.275468422515
9739,418.89678049934554
9740,517.6280066211259
9741,507.13657078991525
9742,593.5776712532329
9743,453.83524218680475
9744,487.1862576258805
9745,418.41094061486643
9746,411.0854325753804
9747,494.0305140227498
9748,467.4312137499719
9749,512.5890761452948
9750,491.9928582040255
9751,392.8419840776359
9752,442.24446162046615
9753,429.9509050285589
9754,436.53739402521643
9755,500.3470601051678
9756,361.4908883199618
9757,468.90074233210123
9758,582.6922094740887
9759,508.95632789050336
9760,523.5910569882781
9761,322.7815736745506
9762,586.2410332488021
9763,357.3514171074385
9764,478.57834865464775
9765,440.6777783360623
9766,477.6378096819773
9767,437.57764124882516
9768,392.4721979435682
9769,456.3050607140989
9770,470.70300806418146
9771,456.08781784379136
9772,493.55198642249724
9773,405.19602269902265
9774,388.83814365411797
9775,519.081067693471
9776,413.72312259890253
9777,333.90002021309255
9778,340.7085710969391
9779,478.9919645426335
9780,399.92551606046703
9781,377.6618054158449
9782,491.01629105152017
9783,580.7627408134804
9784,481.1924207283632
9785,419.327487129675
9786,507.4414169807243
9787,541.6991407993492
9788,417.37191839958996
9789,421.7638701684207
9790,483.62136655283405
9791,461.2769634263539
9792,557.6444599709093
9793,408.8849939836235
9794,462.9841841915334
9795,430.21770284936076
9796,557.8177697856974
9797,539.154415010124
9798,461.6895945490414
9799,567.7122918165682
9800,591.6569377848402
9801,435.37036276803843
9802,354.44933222200524
9803,508.0221394919673
9804,480.7855944396693
9805,472.93663446840327
9806,486.708401846329
9807,370.97976212780236
9808,533.6725567286063
9809,397.41301181072214
9810,537.800022536711
9811,514.7982256631699
9812,486.9743698606328
9813,359.9429107075123
9814,399.2053427896389
9815,476.25829732180716
9816,423.557831798864
9817,471.3861573049447
9818,473.064907249933
9819,503.18574162803884
9820,353.6143802533182
9821,481.7780410053476
9822,367.9347621484773
9823,402.18049909689853
9824,471.6432694271559
9825,448.9846260889713
9826,344.86956200252655
9827,467.78986740119717
9828,537.5766995258637
9829,407.7747131899781
9830,558.6558130556706
9831,457.17172291923595
9832,507.12688861532376
9833,357.75216756405376
9834,458.6126560645397
9835,457.57759597084146
9836,469.1505896372723
9837,373.2006802397945
9838,549.8104087293484
9839,518.8641328667268
9840,345.79126542887366
9841,383.6403406771681
9842,433.5216083786333
9843,495.8855097609271
9844,416.426534780472
9845,282.4294622725629
9846,469.7705586061148
9847,387.2272646843689
9848,536.3723021826701
9849,479.15157587006735
9850,318.87633955872536
9851,464.0993419193534
9852,308.773858565955
9853,506.6247262571246
9854,375.3748298412645
9855,594.4910377337611
9856,279.34048551188914
9857,619.0140353476011
9858,546.3427414678674
9859,397.1429276268444
9860,479.99303668576056
9861,488.2089126753611
9862,515.8782372649079
9863,553.8208758385981
9864,387.14190493331705
9865,627.2232010774443
9866,412.64633386849505
9867,550.6473500984232
9868,371.9813255024451
9869,420.6892957640409
9870,371.69799192962034
9871,385.02641634691
9872,429.11119068630325
9873,540.5162232955392
9874,438.53087545520174
9875,389.7013149640651
9876,476.777718587301
9877,290.70860459550164
9878,381.5069950463837
9879,315.436053909628
9880,536.1285227196299
9881,461.4351456275139
9882,480.049618330893
9883,509.53512794935295
9884,285.8894422553527
9885,419.1875574057016
9886,455.4638056712656
9887,365.807181280611
9888,418.2929537495789
9889,569.3880481259336
9890,475.7894104022329
9891,425.5930653787684
9892,351.72638889512126
9893,370.5885117473024
9894,543.8921839258629
9895,445.2138367372355
9896,312.3136838466823
9897,619.8110064714726
9898,417.52597261850786
9899,377.63732288133315
9900,295.77599698695576
9901,490.71223587315376
9902,292.120848969466
9903,523.8007940177297
9904,486.85151152348925
9905,330.7342107864185
9906,592.7963712505375
9907,326.01233843221246
9908,437.66508251868123
9909,404.94106590956517
9910,430.09516619450613
9911,319.9069170384439
9912,296.44375123435606
9913,415.98331480066145
9914,513.969933846636
9915,460.70749537815374
9916,472.08326178408123
9917,503.0133813638535
9918,388.9637612715743
9919,565.1492292573018
9920,385.31644329036027
9921,365.6904854075122
9922,371.2885022422473
9923,403.0548422006401
9924,572.3501982982201
9925,433.2851616664406
9926,406.33400311088053
9927,489.34818209235704
9928,481.4612185839886
9929,479.0351339066296
9930,359.6202816672393
9931,362.15791643524193
9932,401.9861882346608
9933,573.3073095077151
9934,490.0635752899036
9935,378.19524111580887
9936,531.6470399251721
9937,565.5347645854807
9938,460.62254840433906
9939,301.49936661426676
9940,517.056317521271
9941,430.91053853665875
9942,462.94115881604495
9943,447.10950764409205
9944,360.2938011343158
9945,496.7696678253397
9946,323.5501122946194
9947,484.88836199542703
9948,423.1781569065778
9949,541.0612718130816
9950,534.004364109108
9951,496.7562734351454
9952,382.6480634015649
9953,470.748464029751
9954,462.0249754849772
9955,497.89431250079406
9956,405.6675468530835
9957,472.28715971319036
9958,475.5174685177982
9959,469.6764609520453
9960,465.9379711315936
9961,484.8067814317286
9962,414.43193557086903
9963,491.07094224032994
9964,439.3866601046061
9965,438.8091860409647
9966,409.5433446351048
9967,387.423453616193
9968,460.3218028012216
9969,415.2446368298632
9970,450.00254502852306
9971,426.51999124602946
9972,450.82081693766725
9973,412.47395725426867
9974,533.7884366437802
9975,409.4259109118039
9976,325.08105951431764
9977,377.6132556976401
9978,522.0111314338182
9979,470.0912463648032
9980,327.5272602055309
9981,332.91803227295105
9982,495.81179923758367
9983,482.532044636476
9984,608.4967662322289
9985,422.5507571992735
9986,534.5008117489348
9987,411.9152530430929
9988,480.5719134116667
9989,527.8594985450309
9990,395.26983490902876
9991,434.2880745490612
9992,444.408851802606
9993,660.7681902705092
9994,510.5642895483306
9995,380.5291187374807
9996,497.0979312144062
9997,434.73881378624475
9998,565.298632004792
9999,485.01495993348647
10000,439.27889987332486
10001,524.487430531147
10002,536.44769472686
10003,368.8691819085562
10004,316.11929751190263
10005,504.26283121098203
10006,544.6778736581163
10007,445.91628463393204
10008,503.91990123539387
10009,421.378762537013
10010,496.70551637812815
10011,414.5089697939672
10012,414.21612345796433
10013,570.8510475141641
10014,401.76920797844343
10015,386.5371959411896
10016,520.4917357355122
10017,472.38369691299135
10018,547.7098966315411
10019,513.2265420823986
10020,458.8433698868973
10021,519.8089845449829
10022,402.68996185679856
10023,413.6491225235794
10024,533.7578233196574
10025,520.3684508208688
10026,410.1779797780159
10027,441.60350779670557
10028,404.7021951590318
10029,495.41701595116155
10030,484.1023586611498
10031,388.3494548230727
10032,356.13240593964537
10033,381.53160566045193
10034,493.40365434824696
10035,517.2314315718127
10036,449.55387091416287
10037,448.982296606478
10038,493.15562482295246
10039,531.5364730688793
10040,407.5864951416746
10041,460.3936036873429
10042,445.08230460130136
10043,608.7063485978464
10044,488.25982876782285
10045,456.5012123761326
10046,379.6473234266276
10047,403.54811964747034
10048,505.9850490911725
10049,433.2552436760793
10050,467.6780937965811
10051,568.6894467800871
10052,217.271204202091
10053,523.3908384098622
10054,601.6224830860629
10055,297.27833116775656
10056,462.5949732958263
10057,456.44276592320284
10058,425.8310794527898
10059,323.71189280630705
10060,542.244478240833
10061,321.1045854575343
10062,379.7244337682277
10063,640.5254529004421
10064,426.12997299808626
10065,397.4797951294561
10066,421.34919716673636
10067,416.00537720270626
10068,459.07552659754094
10069,483.33057108287886
10070,517.7493921735446
10071,640.3580616156589
10072,513.7195952008502
10073,313.2434364253434
10074,484.17103775822045
10075,315.3177468142969
10076,489.4296225986022
10077,486.44787353203884
10078,592.4561845671651
10079,392.4092692705056
10080,303.72280607386796
10081,505.57340515410397
10082,442.9153818641397
10083,341.2722145153011
10084,456.2333591421613
10085,341.5249466115271
10086,508.5595165789415
10087,507.03412253281925
10088,357.23886050543194
10089,404.81567598806777
10090,528.3507304034778
10091,388.86657821901997
10092,406.9493606702079
10093,391.34763078733374
10094,314.39245526769014
10095,469.5269477136962
10096,469.48214162538534
10097,437.2645681269703
10098,425.7071405525131
10099,455.26594154253223
10100,381.7714076013489
10101,405.19248433584124
10102,618.3852373293079
10103,623.7483161221694
10104,580.9243275433688
10105,444.4202710584225
10106,422.54020067287803
10107,388.59934220181134
10108,534.8900913715455
10109,575.7671094057863
10110,458.97280012775684
10111,480.8485410655069
10112,507.83791704115
10113,554.0974744687716
10114,558.5297496498234
10115,337.34584048856334
10116,531.6095820374812
10117,322.09431101745747
10118,476.26619671642567
10119,399.3318318373886
10120,381.4290227493585
10121,532.7844503587593
10122,301.423728817494
10123,440.1534429842858
10124,547.886530517935
10125,506.5306838901626
10126,424.6442893874101
10127,542.0942278935626
10128,532.8069941653504
10129,390.8862905889664
10130,447.82645128351146
10131,411.0449362714791
10132,561.359505766447
10133,424.85176766774254
10134,420.2834861084597
10135,343.93887602115507
10136,380.7623444487649
10137,352.20459809407896
10138,333.25541574002966
10139,459.38969508027856
10140,363.26207867597657
10141,443.24679255126847
10142,310.10282933748414
10143,515.2194632999662
10144,511.0716860125899
10145,388.08819803263714
10146,443.45257873327483
10147,558.3305242352889
10148,418.5127018849116
10149,457.03909891042207
10150,421.14307298676994
10151,449.5756831219641
10152,420.28184639299843
10153,523.0996485953306
10154,430.6525688337853
10155,450.1702684731089
10156,499.9227324631524
10157,692.1214189421923
10158,336.44710179596166
10159,365.78513497041706
10160,410.3424685393277
10161,428.9104262301048
10162,440.29381099380635
10163,378.7669700535658
10164,491.4100739260038
10165,329.47527838687955
10166,462.1249124708106
10167,514.1423810739541
10168,322.26813037190993
10169,436.86729811629533
10170,496.3138525327371
10171,443.8094314003904
10172,546.1081854062426
10173,535.4150336362125
10174,471.9080443663709
10175,420.6604832841796
10176,458.93131102810196
10177,469.41375652892134
10178,352.4726560139468
10179,422.4846661092736
10180,424.8342258036127
10181,448.8649063386422
10182,344.00647150428665
10183,329.35133110338006
10184,485.1105156382542
10185,321.7909208587925
10186,407.7752580767477
10187,596.1995971642236
10188,421.5659807631545
10189,467.1564059217664
10190,559.6775397703587
10191,452.9251080557062
10192,485.2680773926804
10193,336.83058061182726
10194,382.226091036918
10195,384.6310158663987
10196,599.0388302367642
10197,350.0475130650491
10198,503.06580267426574
10199,636.6470358729724
10200,488.31841088094745
10201,440.6378080221707
10202,469.439676542318
10203,403.7329616814496
10204,459.0565632814409
10205,385.1058575762749
10206,519.198925202777
10207,483.8835272466542
10208,358.4145376578651
10209,530.6886247243766
10210,399.5239076152544
10211,475.54190529515165
10212,545.0109697484419
10213,428.3774183338161
10214,637.3338087701549
10215,477.34889216817425
10216,332.68430497021694
10217,461.6198835109929
10218,445.7762876943277
10219,440.0444426653425
10220,376.4987251108491
10221,622.2621230100727
10222,332.6443684596908
10223,534.6366495593262
10224,596.4271864925813
10225,407.8324069310789
10226,414.75464935964067
10227,409.1160822525157
10228,571.3747023546134
10229,511.59628718529257
10230,386.050842421667
10231,388.92587549425957
10232,456.76141749649935
10233,477.72151330248784
10234,453.71733388289556
10235,466.8494894152339
10236,577.6896002165022
10237,278.8095445722124
10238,376.52144668440314
10239,335.89607914728333
10240,433.373929574719
10241,501.4105152020877
10242,475.3394669899735
10243,564.945990688481
10244,490.4843802180866
10245,435.60802096930655
10246,367.7623291152666
10247,491.80597524666587
10248,473.6947567420201
10249,419.0637836784894
10250,594.6131709370713
10251,347.54798253969255
10252,518.0404296258583
10253,538.0130685945242
10254,495.65816931928174
10255,455.6243826317949
10256,544.8685648551626
10257,543.9324741680665
10258,527.3254399283479
10259,524.0326271290654
10260,466.32185399270656
10261,438.1639052718664
10262,263.9246072338193
10263,598.6042780311136
10264,523.4048543762596
10265,534.2168622494697
10266,377.73313451289124
10267,616.3923989575615
10268,484.9279607078263
10269,312.4611744467095
10270,294.7895587706088
10271,365.8880597532295
10272,473.5488953138888
10273,268.0427458636885
10274,506.10820651639517
10275,412.0982505907088
10276,295.1913847037774
10277,433.79921521245313
10278,450.9406177326485
10279,353.4665350951058
10280,463.4357794732444
10281,467.5144469259264
10282,477.19173763267787
10283,425.67200630148585
10284,433.9253293656884
10285,468.34438040836443
10286,430.5023483997878
10287,440.34485988259036
10288,490.4132853614804
10289,597.8188129073683
10290,475.9422316310632
10291,544.2487837388013
10292,467.3582838386881
10293,436.24651177159797
10294,299.5987004011808
10295,317.1093351065748
10296,469.25926434118264
10297,522.7619088200024
10298,405.4063831316741
10299,377.65812059301976
10300,518.2163985485034
10301,537.4011529464539
10302,462.8997264303486
10303,419.4005376733459
10304,459.0520374561127
10305,514.2345886452509
10306,402.56542915437217
10307,559.8721411212643
10308,456.585001330812
10309,572.2793348474917
10310,432.6228351913178
10311,394.13021050915995
10312,475.0585714415212
10313,435.0975747393208
10314,408.4901069478605
10315,468.8938847211506
10316,387.3433712836505
10317,485.9465406865761
10318,585.9826851476879
10319,462.5281278370029
10320,393.92130715348935
10321,451.62131616279635
10322,399.93992735384836
10323,563.5507847600052
10324,465.71566563489415
10325,550.7914936051503
10326,487.11787237675594
10327,684.0176232003905
10328,241.20152380439967
10329,478.4618814858408
10330,428.83191514875864
10331,385.00146684952375
10332,337.9934490387872
10333,391.2911876578967
10334,436.2021655978929
10335,413.95270166549807
10336,477.7337747437853
10337,508.5934674258036
10338,575.1951350907722
10339,284.1354741939012
10340,472.8655710022326
10341,512.9778930634662
10342,421.1585662909578
10343,388.5508879009363
10344,462.8247875889175
10345,579.8726406177783
10346,412.94735818390956
10347,475.9308061597602
10348,481.6079800512884
10349,427.6849675624546
10350,474.8473401656334
10351,528.5930760242329
10352,288.2730102191251
10353,401.27639256564083
10354,386.2289187896377
10355,494.37344929285
10356,557.6795006368162
10357,297.88328657240805
10358,622.4634796011836
10359,551.4906817792538
10360,518.8972045137091
10361,538.7504233444921
10362,513.7761620382511
10363,363.65762381999696
10364,621.935496207551
10365,518.521985384121
10366,555.7471721422253
10367,520.3381780952773
10368,518.1312533808285
10369,470.16373984840266
10370,473.70498259313194
10371,392.7835508841631
10372,431.6970145346026
10373,440.4583776983207
10374,469.6430646197153
10375,411.05817611015607
10376,465.589570288039
10377,422.88439210420523
10378,480.94406367527387
10379,385.5090939481674
10380,452.934837443073
10381,481.6349498606171
10382,471.67750305659365
10383,372.0777112105648
10384,465.81065470391695
10385,421.6535119673905
10386,459.0202796697658
10387,505.2707341344233
10388,507.7009253987958
10389,533.9403479302356
10390,422.60900441558664
10391,493.03328716285125
10392,408.06541524538574
10393,480.108197165581
10394,360.9103474036479
10395,395.1361386892408
10396,333.61881861448734
10397,448.6757197940241
10398,376.03661791080697
10399,480.01414511626933
10400,511.7715530340104
10401,457.0922528815363
10402,529.0418494174752
10403,431.2204462025722
10404,366.57189508737093
10405,405.3321370517171
10406,477.48126735873103
10407,350.7205848758498
10408,375.1133122139416
10409,355.00853931573596
10410,238.80576569096323
10411,404.0007624403791
10412,443.5546589085147
10413,456.13537129679816
10414,407.2378828598575
10415,524.2322119003436
10416,448.26504895043746
10417,433.8617780779261
10418,559.0981920221476
10419,462.572101027519
10420,479.71074951324346
10421,505.1112121584441
10422,327.7278095729051
10423,522.4568817782504
10424,419.5844373800421
10425,468.80435381798947
10426,423.43662096138723
10427,403.82213399345943
10428,401.8483044408835
10429,433.0447784816677
10430,560.7294764375608
10431,443.69336126847674
10432,337.81801259995063
10433,483.72765487480393
10434,465.35296313087565
10435,389.4929170949907
10436,240.09041541466988
10437,542.9983791559889
10438,514.7713380994713
10439,488.7302011495038
10440,411.7052126681046
10441,437.0827821576
10442,503.0287735828203
10443,354.1567726013785
10444,455.71539500428116
10445,449.4482235106918
10446,421.08812781512916
10447,370.7109739742272
10448,426.54734377997187
10449,498.1929543389644
10450,403.53542811128796
10451,314.59596728419035
10452,403.2070318233654
10453,594.0154995547064
10454,451.20212498159356
10455,418.3883508814047
10456,450.9799424893526
10457,533.0544882091356
10458,473.89477288198697
10459,531.1153770677911
10460,349.3451316210243
10461,227.1920627862367
10462,545.5551776192568
10463,448.67970028746686
10464,451.0980164393462
10465,552.056222277253
10466,366.6645740102351
10467,431.2479564377097
10468,453.5995105866954
10469,416.886739350177
10470,303.47883630234315
10471,393.1596029126124
10472,431.3603575729817
10473,444.1319511835622
10474,450.3072022277404
10475,556.570282054304
10476,383.32674807173913
10477,675.0873744386462
10478,361.9739200503237
10479,448.8520218483607
10480,447.9519709844658
10481,404.9762082439566
10482,436.0500809279193
10483,449.7674586446074
10484,355.6745513381546
10485,408.17565673047426
10486,415.2010240104977
10487,433.1487854052722
10488,584.8437880169291
10489,426.7917718377497
10490,360.58209952829986
10491,425.28385683937375
10492,560.2501373699889
10493,491.19112923308154
10494,501.7195636150911
10495,579.4376445471837
10496,429.6503475965401
10497,451.118424987231
10498,558.9390600118478
10499,294.9793224466966
10500,396.896590310666
10501,367.3875177389922
10502,407.71890604345634
10503,362.05865700776053
10504,412.4519415580929
10505,470.6114300503873
10506,420.5723539508608
10507,428.31169892594954
10508,384.14591748264314
10509,426.3576931611885
10510,534.2196796203391
10511,406.4401848592581
10512,487.55194763130805
10513,541.1186882325684
10514,439.92140914184785
10515,388.00633873580585
10516,456.0061423069629
10517,488.20638622875936
10518,309.7421303914966
10519,251.3089402938505
10520,639.6676743794474
10521,442.4846805130856
10522,547.7068229189495
10523,455.4771521293262
10524,414.40843776753513
10525,399.87079147189456
10526,387.91800855080345
10527,515.9050949101843
10528,442.24678321678437
10529,565.5293704977469
10530,598.8858464158229
10531,426.6710247829087
10532,329.3870183054749
10533,500.4435386938285
10534,382.8635482279349
10535,459.29045558766563
10536,403.6625094424143
10537,512.3659693317038
10538,342.17867750957197
10539,448.5198459064695
10540,366.9853103434279
10541,427.73124948604453
10542,384.2128193926426
10543,380.4102890531904
10544,407.0439225043471
10545,497.9801018689087
10546,522.5585417783902
10547,442.38450279253266
10548,442.2847418621083
10549,336.83545037141687
10550,484.1849113420818
10551,318.28978928597377
10552,465.9190551697716
10553,440.9009902772496
10554,570.1902616712715
10555,451.1107292209395
10556,444.7902361457775
10557,416.76118303153703
10558,339.3049723664448
10559,545.507997425549
10560,386.04147999748164
10561,533.9138075803875
10562,574.5326525911914
10563,497.97154619949094
10564,402.6876053933658
10565,399.568821711448
10566,458.761091430895
10567,455.206987490255
10568,489.0948522497309
10569,529.4941219003177
10570,513.3772607639398
10571,521.5359630408149
10572,454.0205127524499
10573,544.1379298534358
10574,474.87027669856406
10575,435.1417772027883
10576,415.8886561050555
10577,372.9723085190923
10578,373.8840069109927
10579,601.9899484602939
10580,519.4909670864866
10581,475.4888784786659
10582,405.9191400726584
10583,439.39611106606105
10584,312.11779603258543
10585,600.9861212802335
10586,189.90195305932207
10587,452.7082447170979
10588,245.50216990860557
10589,449.0681689940607
10590,491.8675072033446
10591,484.1634748136379
10592,490.52458893658917
10593,544.4812088641748
10594,362.56780237407446
10595,418.1636876447738
10596,642.74602795753
10597,571.0244469125794
10598,550.2762455248001
10599,451.0099634399986
10600,430.9559505441964
10601,262.92723562947754
10602,420.83347469510625
10603,540.0634101802308
10604,401.98752245943933
10605,596.4888521071898
10606,362.1536435838615
10607,425.4341998770403
10608,461.04271176811665
10609,479.4180884795281
10610,416.762534687701
10611,464.3139768526431
10612,475.2882114129114
10613,479.97698930491845
10614,482.5565501610094
10615,455.3851496652715
10616,536.5807195689766
10617,399.4018249805365
10618,468.7063530965025
10619,478.97550747223613
10620,431.73206498315744
10621,492.7327872703438
10622,476.1161814634331
10623,367.0566486062008
10624,411.3519843514735
10625,419.8447271990762
10626,668.3215556228608
10627,487.96216150048457
10628,469.31430907581483
10629,422.08009282999984
10630,610.7511679639654
10631,470.1967282146242
10632,381.430320044751
10633,354.1965837327599
10634,588.5268274226137
10635,386.3630872883026
10636,484.1464709255927
10637,395.4875116413261
10638,457.4421929339908
10639,278.5041183435823
10640,548.7244848267654
10641,348.13548281756664
10642,500.9454183459148
10643,474.8998731556258
10644,290.2952501949046
10645,535.3508890996404
10646,362.42878445279035
10647,474.65229347408814
10648,281.2963355130081
10649,535.4167166858375
10650,377.1284219656152
10651,512.0271800330784
10652,583.5984901288706
10653,448.76441962014457
10654,343.70415708726586
10655,542.5549228808652
10656,464.8135639992001
10657,433.5865706112468
10658,470.2565827616066
10659,519.1044096904362
10660,487.85201972736076
10661,441.95798258826943
10662,374.64369946878696
10663,347.7058994344883
10664,414.96440442097753
10665,498.57763575221566
10666,481.124978346082
10667,505.4662451051651
10668,485.15791048095605
10669,396.46553797980135
10670,529.794333332432
10671,391.65163964206783
10672,312.3344536191823
10673,574.8239985214728
10674,402.3865895749828
10675,412.99862650570043
10676,321.3534183360366
10677,501.394213651754
10678,436.1495634843307
10679,439.2508166384192
10680,504.813666539954
10681,494.17687227775883
10682,362.6528275189428
10683,521.269381989453
10684,343.6015308975262
10685,537.8422590225473
10686,499.15170569641157
10687,404.38507745057444
10688,390.9558380309669
10689,333.62919085407617
10690,447.3916179631472
10691,458.7549423891779
10692,527.8321792419067
10693,607.3962908084919
10694,463.0487268065634
10695,300.4596973791705
10696,438.12787517547264
10697,481.9279981582999
10698,436.383013097829
10699,627.1773705956175
10700,569.2395806076757
10701,504.1288351808909
10702,389.95908271540685
10703,463.5000322401045
10704,339.89430019759396
10705,479.59688471947703
10706,505.1318632182252
10707,511.7349975068867
10708,333.6346517214799
10709,588.8229203251202
10710,428.1207592625503
10711,459.9961571086492
10712,515.5228697208468
10713,459.8887302509834
10714,338.0148373054109
10715,361.8853886019352
10716,409.39164842312545
10717,412.3823675960914
10718,682.0327310706115
10719,524.7070078971892
10720,411.2034207038486
10721,392.75870417418804
10722,387.81986655702974
10723,231.64897399161296
10724,511.75545741496575
10725,463.3684427655591
10726,466.38148396116264
10727,366.0143659222424
10728,304.87186360287285
10729,431.0631365470269
10730,467.1501421442161
10731,461.6034117829197
10732,390.1334135125058
10733,405.14634501239647
10734,375.70804680319503
10735,348.06970034836485
10736,550.8640381851294
10737,516.3042144337793
10738,397.16914905901587
10739,405.0153618559894
10740,457.87470805338285
10741,405.8643584764331
10742,562.3706873157143
10743,343.82765211813154
10744,575.5216027929162
10745,460.9649283646474
10746,453.889297415859
10747,460.50149110510677
10748,633.2499168836925
10749,566.4831256516827
10750,533.3651776373454
10751,520.2740679377392
10752,389.1199138469269
10753,479.5535548086591
10754,421.0359741158955
10755,456.72982444877397
10756,483.17920770589757
10757,503.4956299171774
10758,576.0748038988282
10759,556.3332116711468
10760,376.43912635122285
10761,421.07477952575795
10762,389.691018175375
10763,467.10734843902503
10764,478.1187848871781
10765,416.89996313526905
10766,540.3478953726336
10767,512.0982175450498
10768,411.02629374588236
10769,448.77572072188224
10770,465.8978761997466
10771,580.4067293317136
10772,572.2350690932795
10773,347.70572873408173
10774,362.1748784043671
10775,386.7379575982186
10776,477.2305008472084
10777,332.10524609566585
10778,484.2675161628317
10779,452.0679017464256
10780,361.75486400125317
10781,481.0367215743534
10782,497.18357078495967
10783,344.3218359292061
10784,613.6388148148337
10785,401.0323681944581
10786,205.87655519400334
10787,536.8506698733448
10788,513.6892450197922
10789,403.9648726264336
10790,391.72051883292903
10791,446.3031075088245
10792,467.5238655836405
10793,452.4003405385493
10794,483.2819087643355
10795,443.0219486008782
10796,453.0839480487496
10797,663.1026052195946
10798,686.0975458280436
10799,387.43708830129646
10800,592.3534746610561
10801,449.7684027422742
10802,521.0360021861101
10803,371.86770111654687
10804,441.80609883817925
10805,301.62567749384334
10806,401.9241434787462
10807,434.7292949541864
10808,185.75595083017487
10809,506.4640887931643
10810,459.7556367130593
10811,437.765432190731
10812,386.72822297316947
10813,508.0533887039487
10814,515.6402541607262
10815,322.0752891718812
10816,439.6123661512082
10817,423.792227807301
10818,490.2309066466773
10819,528.2729751931254
10820,258.68461225963637
10821,415.9512300152056
10822,537.8064476925749
10823,423.66128712755193
10824,422.9465402049069
10825,500.348710586581
10826,404.61369598431935
10827,366.24457132673797
10828,460.49065867394694
10829,370.6241955811011
10830,492.34793984422913
10831,467.9443774888207
10832,383.21447523626944
10833,490.3497714857047
10834,441.1963124006938
10835,655.166558644999
10836,547.914645169954
10837,453.54627530837183
10838,434.20896811521067
10839,397.3642317388077
10840,466.7851150052204
10841,435.09931506526783
10842,549.0169596218863
10843,424.5153438043794
10844,483.44653743181794
10845,283.5619702489798
10846,320.2956590113805
10847,452.59364613891387
10848,532.6209122413599
10849,398.1730220851273
10850,542.2555345659816
10851,386.0320675926561
10852,468.7111110075362
10853,403.2820033050173
10854,415.11211166012924
10855,494.75520123477975
10856,443.8595819417855
10857,518.4506903393976
10858,448.1920699948107
10859,475.0243145610769
10860,412.6468698553218
10861,283.1329313722116
10862,417.5637689961599
10863,571.9771455802066
10864,462.14486010611427
10865,527.5764578788791
10866,616.5552379626715
10867,382.4036037599886
10868,540.302634802834
10869,407.7242332396155
10870,498.3605682430568
10871,511.3012121019253
10872,454.23776377417556
10873,386.1044522689074
10874,452.13318849716893
10875,366.3600680383548
10876,584.4366335004476
10877,457.99079981607053
10878,548.9141894135118
10879,387.9671413790758
10880,405.52621334816575
10881,409.6859876389809
10882,387.5027942441907
10883,389.59977279320685
10884,482.78784821546185
10885,472.3328541433961
10886,369.9756361203293
10887,438.8553364558829
10888,523.6467969335378
10889,458.9434180041393
10890,438.244715689008
10891,640.0081057916458
10892,499.38105507963957
10893,625.305282176311
10894,315.69844350267437
10895,546.2592496945384
10896,423.6910693011208
10897,348.76715940319514
10898,504.1849927291669
10899,481.79800221374785
10900,340.1807290486574
10901,385.8859869169193
10902,308.63141235764033
10903,528.6716781912711
10904,456.8976911125296
10905,424.93022819296357
10906,434.8068431238791
10907,365.5993955837457
10908,501.160824406843
10909,375.9407685833777
10910,315.1191857750454
10911,451.23209597240225
10912,461.94348441919175
10913,491.8149673823257
10914,472.73206876405646
10915,542.6818228665363
10916,462.104507734007
10917,299.2081028886105
10918,389.77523533291856
10919,405.79000920525533
10920,455.0551107017446
10921,370.7822393242298
10922,367.27523609882104
10923,467.2461318642278
10924,432.60835850431806
10925,459.2162683379008
10926,425.49752110164536
10927,515.4701456264025
10928,424.6624197384861
10929,517.8497532398717
10930,470.4542980530811
10931,568.042700512523
10932,454.2918268365603
10933,340.96105196478436
10934,438.775701192048
10935,429.1369766845294
10936,572.843533120742
10937,436.5710636620769
10938,322.2774307998164
10939,423.67120290403324
10940,461.7999670754325
10941,450.86638318287925
10942,418.9049431218834
10943,345.11891724788063
10944,398.07612303158766
10945,440.8717796864063
10946,433.3591160333026
10947,528.5653946805302
10948,435.86071249934594
10949,598.5088318966483
10950,484.7032234732619
10951,559.0302744481586
10952,481.5403501993297
10953,413.77068423973157
10954,544.2715991884052
10955,442.4525325038062
10956,339.62961643479815
10957,410.94180506738763
10958,486.16595952983056
10959,370.2545087631942
10960,536.8904724619723
10961,534.6087620137567
10962,358.86324198946613
10963,330.77698377433825
10964,483.5343853604833
10965,461.2914549207034
10966,474.83931559694753
10967,338.51006138905336
10968,543.6561184392824
10969,326.8063016093795
10970,461.51069703811345
10971,397.66059842031035
10972,392.5222422031156
10973,454.97106728177056
10974,467.7981570042312
10975,452.6713655454396
10976,439.5295213513851
10977,552.8691530949696
10978,451.2477214821986
10979,393.8106621544665
10980,493.9205538979891
10981,469.86770955421366
10982,473.69634956209387
10983,479.0784054051017
10984,476.0554155978222
10985,463.6672905135763
10986,491.91841585823585
10987,582.8417239534864
10988,551.5526317649535
10989,396.01821485189777
10990,364.21165219391
10991,590.6739685580832
10992,531.2996023440083
10993,487.02509557931586
10994,483.8915044632427
10995,583.3029154677043
10996,498.1870729394298
10997,400.9865763563136
10998,419.07755990031745
10999,592.9444063352804
11000,465.13568758482506
11001,561.0080927476567
11002,396.8931082107808
11003,394.9035923820409
11004,483.03298171082866
11005,522.5612437051152
11006,375.4646834374704
11007,490.4029389247658
11008,414.2318461738386
11009,557.8407457469079
11010,415.24710886761744
11011,598.0356463169578
11012,441.8553834209291
11013,366.7765828304438
11014,389.6097048682701
11015,530.0159423301528
11016,395.6373321967231
11017,391.6393385676081
11018,527.6679257685546
11019,344.0616872902742
11020,512.0209215323287
11021,473.91565179491545
11022,413.17317420519186
11023,580.5331200851382
11024,556.5796722360695
11025,342.9245930611988
11026,332.2145521166651
11027,497.2846433366105
11028,492.35760077600884
11029,262.3696397598443
11030,412.8265071304333
11031,511.31242029442683
11032,264.6642864798451
11033,375.4522004648376
11034,502.2395810869847
11035,532.8463015610354
11036,403.85399184583474
11037,310.7833656443043
11038,315.1903871325931
11039,509.3393560279949
11040,423.0893599280032
11041,297.0201308037423
11042,426.40561580880063
11043,428.69476987618015
11044,510.1347743943427
11045,386.57354131860103
11046,409.51561168330903
11047,477.3473453130361
11048,498.78519813825255
11049,445.2865123032481
11050,538.7676540028506
11051,376.3450880384808
11052,441.2799521973846
11053,388.2405139560992
11054,471.23719477053874
11055,484.30013868699416
11056,479.7666711613994
11057,485.7265769884965
11058,488.7678147523961
11059,396.36437308070225
11060,496.70074089498934
11061,584.2858911603314
11062,407.15338763734263
11063,313.1132822434846
11064,299.298376209996
11065,435.8470463415228
11066,336.3474233991783
11067,305.0829928781372
11068,545.9741394613869
11069,469.289951114117
11070,466.46021320756125
11071,404.69881617516955
11072,523.5454752848913
11073,498.34268230780395
11074,419.226721298673
11075,507.79879752978513
11076,411.5122004707592
11077,530.9933388722343
11078,437.63876147674756
11079,505.6443001840566
11080,465.7958677087382
11081,498.23841679487504
11082,578.2261992151906
11083,639.9375714804808
11084,332.9776902182534
11085,410.11904566692453
11086,541.4777341396759
11087,404.62228470432893
11088,507.47471974084414
11089,503.9852609505835
11090,446.4759071007432
11091,487.68733613339333
11092,474.65509204619525
11093,433.04475649616774
11094,297.2587368528496
11095,417.8947285004494
11096,475.3216718081469
11097,303.8377578594442
11098,375.1555845499044
11099,414.1197308235669
11100,394.0854786574629
11101,378.09161704557715
11102,494.527371139702
11103,532.3296029532495
11104,432.0747324966286
11105,475.0235699294977
11106,461.6321276322827
11107,549.0407780225029
11108,488.53343695046703
11109,418.1195174792511
11110,536.546313944559
11111,486.6539176921433
11112,426.042798496117
11113,367.2112561827432
11114,478.8152706190659
11115,424.390014531851
11116,491.9041879308041
11117,312.9464609734043
11118,450.8272217781127
11119,482.3758822823834
11120,534.8122395005031
11121,572.7079377422523
11122,504.1912826780678
11123,409.7043563009711
11124,590.5131320850617
11125,487.9512797797345
11126,462.79205289454956
11127,497.9746032238377
11128,536.0754192036785
11129,429.83621761994436
11130,391.4465471653892
11131,382.55413144859386
11132,387.4577091693204
11133,418.5415150129499
11134,439.95273868455
11135,424.7377947546183
11136,476.6950774023528
11137,514.2988142178338
11138,265.9667505923201
11139,467.176073090421
11140,388.54288285110306
11141,354.73702725310494
11142,410.9742916590861
11143,488.3329037476331
11144,487.927515174366
11145,348.93394802280903
11146,415.28656994049453
11147,464.1690733529555
11148,372.61356094101444
11149,306.20863168891606
11150,423.93295899606443
11151,427.2169520278296
11152,461.4822702694927
11153,356.11963233200447
11154,446.31105027001456
11155,426.254456468927
11156,427.78254524000323
11157,628.8673201719557
11158,547.6030557154259
11159,344.7166411718633
11160,391.54820245635796
11161,419.330465228327
11162,425.7989350282404
11163,341.6049589646739
11164,546.5888994626752
11165,405.4675992174253
11166,431.9717758361545
11167,488.63917071153827
11168,437.02702064290145
11169,444.0819096265966
11170,573.6354647894868
11171,479.82116332445236
11172,386.4049805534581
11173,439.6757081382515
11174,592.1584041918168
11175,403.4642461171883
11176,584.8016651080014
11177,497.19233997930263
11178,586.7368576755241
11179,366.534581915337
11180,497.0399322982194
11181,513.632758494285
11182,518.4563033747986
11183,315.27790693896225
11184,418.162856807545
11185,403.892328680334
11186,446.65964995192553
11187,423.3841667489551
11188,420.7686757141959
11189,378.83239922036694
11190,484.16781716933264
11191,434.56113161377414
11192,336.28811851552274
11193,486.6158327548094
11194,477.51046887153126
11195,493.39922548228367
11196,475.31701493719316
11197,382.050111579225
11198,543.242278512644
11199,462.4369117265598
11200,453.27965219275524
11201,434.3550052768745
11202,403.142562793807
11203,486.8988832241788
11204,388.5517765298394
11205,461.69323960146727
11206,406.78428617247636
11207,402.18334838311637
11208,373.3716537610942
11209,543.8000300828934
11210,355.7753372146454
11211,385.76943203431125
11212,306.957352219509
11213,453.7174521067372
11214,607.3988577022108
11215,405.7306108084369
11216,447.91371896976455
11217,365.01386351951277
11218,229.7847631157456
11219,369.28528756451004
11220,556.5196437711959
11221,321.8100518508009
11222,404.25404175864753
11223,480.3399448488209
11224,446.79194191723883
11225,416.0660322606711
11226,371.7333947859737
11227,469.6485458562716
11228,385.21281244807983
11229,638.5512079568092
11230,501.13386465488213
11231,371.74008303787275
11232,454.3572536157827
11233,509.9075875071669
11234,409.50041228636127
11235,643.1295832949203
11236,340.5289870389342
11237,450.59621538013073
11238,433.96342307073274
11239,391.9273681777152
11240,455.6009165402073
11241,429.41795153549856
11242,397.6570610417602
11243,405.1262781844259
11244,498.454357864529
11245,437.86416714086033
11246,446.4345012266402
11247,358.3738302586231
11248,529.7026616889513
11249,435.9997869242898
11250,423.63624643797937
11251,396.42765286190365
11252,465.63612056900456
11253,572.85205424944
11254,592.2196744976192
11255,557.6718388490428
11256,466.32122110656223
11257,451.99820166506044
11258,435.21929313953194
11259,456.86637272481534
11260,435.12178251758337
11261,450.69873409288743
11262,371.1760954232456
11263,435.4288238352129
11264,501.7396411676524
11265,371.8515098362611
11266,603.2840733723514
11267,513.8229057893271
11268,491.37386928108657
11269,533.6975659514154
11270,500.3215051951735
11271,346.328964858815
11272,461.9643618248723
11273,402.3605162830063
11274,411.05144339728866
11275,623.0881230055348
11276,411.06304919992755
11277,408.82655311130986
11278,427.5807487836773
11279,520.9720092192624
11280,524.7747035821412
11281,522.2991115389228
11282,524.9119202063873
11283,523.27526325146
11284,398.38923849715377
11285,385.8632694889264
11286,469.40138478124607
11287,374.785091510922
11288,412.48905336987224
11289,508.4723691098366
11290,501.36662306695007
11291,488.01633166777856
11292,457.9317408525716
11293,458.52855264034093
11294,416.3774487123638
11295,428.3750948978708
11296,485.9864467855419
11297,383.723096796115
11298,556.9721363248959
11299,442.37623533084667
11300,405.57457300897136
11301,427.32593690738827
11302,396.7447291155248
11303,377.39544013521004
11304,473.5715672327869
11305,381.4707531217833
11306,413.4394104974859
11307,505.33675350387045
11308,379.5413011015389
11309,481.1490000937619
11310,578.3652851138401
11311,434.5962363148401
11312,417.445581274978
11313,536.8219485400298
11314,459.247317065844
11315,531.454259930924
11316,557.141550601914
11317,297.99798248905176
11318,401.8440858973415
11319,394.5873001050071
11320,407.9145782545879
11321,373.73939439336647
11322,556.0700170240749
11323,282.68379983789777
11324,461.5967502872939
11325,400.191246411452
11326,313.80052175303285
11327,378.97292621100746
11328,528.0716924756912
11329,387.6523197788343
11330,488.2016527591033
11331,510.57732598301095
11332,603.7129254347848
11333,284.1787734235166
11334,388.98056145528585
11335,472.6502993709825
11336,453.13950627592925
11337,422.9068400475716
11338,472.981992949308
11339,527.0334827695204
11340,422.4294246160608
11341,537.8542819789137
11342,504.99347320509554
11343,284.2006676197607
11344,471.0410560062751
11345,558.900309335532
11346,374.533798860747
11347,307.6600414764659
11348,421.61330281435704
11349,561.871189547697
11350,431.7304724498741
11351,373.64331359394384
11352,556.9746200451109
11353,496.097514600512
11354,588.2149046347685
11355,469.8278307180703
11356,492.9257954617251
11357,568.9363896461967
11358,397.5238895122031
11359,466.95414522452376
11360,469.41698754385567
11361,413.11892421089726
11362,442.7435194030098
11363,395.26943638433687
11364,502.3990975974298
11365,404.1723043053653
11366,465.5815535537264
11367,502.24009573846376
11368,528.747813937858
11369,488.1638672500744
11370,424.0597418716704
11371,438.6859523979419
11372,457.92324997957087
11373,339.92980768439764
11374,373.01964306270946
11375,406.90938780825854
11376,492.5590600761761
11377,519.7612242772336
11378,613.0354990818787
11379,425.05756352081556
11380,423.94831024423485
11381,369.5235498644377
11382,410.6108094636793
11383,526.620235842635
11384,396.1183657840301
11385,519.7110356624619
11386,460.053526328236
11387,516.9828947919752
11388,471.69926669343596
11389,562.1512041352854
11390,462.6583956753373
11391,401.51866143930994
11392,549.8368214471233
11393,552.5186325003205
11394,325.5119746728109
11395,580.8709015095978
11396,428.96867553967564
11397,407.9683192586824
11398,469.9587948690984
11399,440.37283452833634
11400,345.5017021106339
11401,555.7570823227811
11402,450.1411400458793
11403,446.92860694194167
11404,398.1708949058679
11405,389.90479238379197
11406,491.5853663943342
11407,444.5238841087736
11408,580.13947831655
11409,408.58635544822744
11410,427.7875744647298
11411,307.93946193296523
11412,369.481008310685
11413,308.9201671727663
11414,380.6435952262178
11415,577.9345685835837
11416,412.2329539468753
11417,437.78403463612017
11418,386.5182093621673
11419,629.5097484904728
11420,469.6003480203762
11421,445.5936483690048
11422,362.22531951018
11423,402.5298726261881
11424,483.87414698762973
11425,465.2635636728267
11426,407.8553307171852
11427,559.6020565721823
11428,423.1323844239774
11429,520.1408440486962
11430,496.16670428023383
11431,360.959509749542
11432,464.393189074522
11433,437.06934581597596
11434,416.8061890081662
11435,366.526167361061
11436,423.3944786421056
11437,579.6505155193076
11438,424.3228787467185
11439,310.87371859608464
11440,544.354196086077
11441,308.5182321758388
11442,418.9356100328952
11443,551.9782899597208
11444,459.42874589724374
11445,392.30083919745044
11446,452.93111092444
11447,507.5749786842877
11448,427.5006945978224
11449,512.1863722994887
11450,377.49030917406486
11451,395.6378677563891
11452,288.58473008538283
11453,530.7305185817428
11454,395.57808613778906
11455,505.47045436116525
11456,331.50735959748334
11457,688.7263294399891
11458,410.535450800683
11459,508.61739668385593
11460,329.92127199596354
11461,496.8848691540315
11462,512.690643274338
11463,610.0765684336939
11464,471.9796091743866
11465,509.09979063308
11466,467.901652507064
11467,380.51901538100554
11468,433.0959151078095
11469,604.421907433884
11470,531.8217496149441
11471,413.69178855006083
11472,437.22902764826625
11473,457.9778647136621
11474,486.1817252800154
11475,465.68240750583067
11476,578.9696481194281
11477,472.45970148045257
11478,402.99084542921656
11479,542.5310834463211
11480,335.698210260369
11481,142.51628604855844
11482,438.9114360764196
11483,627.0789419954557
11484,478.8936528386576
11485,523.0975240639539
11486,455.2111595139826
11487,444.95173179276264
11488,430.5953277733042
11489,602.1567978885154
11490,392.33460367258874
11491,487.61465958143015
11492,485.17807526473035
11493,500.7545499147826
11494,590.5569052113774
11495,264.047442676405
11496,313.52833387963125
11497,401.4366433074599
11498,522.0938274969482
11499,432.2605652007032
11500,507.273100926545
11501,560.8982173634935
11502,527.2760133543027
11503,474.04717878041237
11504,493.4981413223573
11505,483.03750762712195
11506,408.0457488192484
11507,428.14450076885595
11508,454.7034709188223
11509,399.66269373098436
11510,385.54391788343634
11511,516.1550303432903
11512,540.7203105005295
11513,368.4900191508604
11514,430.9072483657296
11515,440.8472946084455
11516,440.07850416894127
11517,537.4537510040697
11518,300.0797121966669
11519,519.2518955025778
11520,491.7143303617295
11521,509.4007767091473
11522,359.4110917116002
11523,524.6841292005432
11524,434.073422662445
11525,517.0482244484077
11526,440.0161337715902
11527,351.0988176290806
11528,477.5523869785928
11529,471.9350633407892
11530,493.4478236550798
11531,460.56783805472736
11532,490.6452964439126
11533,448.0195536849191
11534,464.5588451913896
11535,410.5355616510371
11536,309.43336169597063
11537,403.74973956383195
11538,296.8021256748255
11539,477.7667924552604
11540,429.50222940955615
11541,405.4622867341844
11542,454.939843368584
11543,472.67665702316026
11544,474.32739524502676
11545,506.8615521057262
11546,420.46957555912775
11547,376.47570620529746
11548,485.7940326753641
11549,367.96317213205094
11550,442.333476636707
11551,587.8820767856408
11552,435.7036944566141
11553,424.67862186648205
11554,369.51403136005734
11555,421.02663842069876
11556,412.9219513907342
11557,443.4668815881472
11558,498.73736700661215
11559,372.17676775590223
11560,456.7765935301524
11561,389.7339013638197
11562,429.6257355943743
11563,597.3137063158787
11564,497.027468100502
11565,443.34968462118854
11566,465.42264117783395
11567,570.1209724029117
11568,428.1719977890138
11569,424.3210928452274
11570,627.2903962016122
11571,447.0077815837716
11572,410.9085655239109
11573,562.8253647857572
11574,515.3452024350324
11575,599.8213546646365
11576,505.67401125523617
11577,470.7343707467158
11578,498.4838359466722
11579,535.607826429967
11580,459.68287546587175
11581,446.47493481103083
11582,430.8989498389457
11583,590.6300460148143
11584,574.9457318903279
11585,424.5950540912729
11586,379.51894616688367
11587,409.88578818487866
11588,473.8302308375119
11589,399.56168415660375
11590,496.5102173427417
11591,554.9819306383907
11592,429.80618660386216
11593,413.53417481081954
11594,529.1554451694911
11595,452.04319057898897
11596,411.98579650364695
11597,439.99192362557926
11598,431.87487849729615
11599,498.5255619186163
11600,408.8226666985527
11601,362.6904647552622
11602,532.7985494129273
11603,469.9766755201917
11604,510.2132972330833
11605,436.30369867615036
11606,395.8188685376751
11607,558.6012686611537
11608,315.80891585796314
11609,547.16749056887
11610,420.9315049836752
11611,601.7072650561894
11612,374.79586969109675
11613,417.61306071162375
11614,495.8799701580588
11615,460.83746848489835
11616,514.2330196800697
11617,317.5657191730674
11618,523.8740418907374
11619,458.4324021037386
11620,446.9681296208245
11621,437.36367880923075
11622,403.97369734587977
11623,447.0329264724634
11624,507.18130039081296
11625,495.54158556149906
11626,555.4185296321072
11627,306.22174246643027
11628,513.7578136866798
11629,288.0948533728858
11630,414.39872214317637
11631,413.5578373826653
11632,468.8000960866039
11633,402.4881581957057
11634,392.3577261209956
11635,507.70162428193254
11636,427.4250319595864
11637,491.7220044493629
11638,414.3588220130919
11639,459.23185027219245
11640,457.89903689089806
11641,377.79003025187757
11642,411.28618491089975
11643,407.29040110628904
11644,368.4852604276222
11645,371.01893779448517
11646,445.52903328289324
11647,414.9270329213418
11648,330.45654100270474
11649,471.1566178902873
11650,441.077474832081
11651,448.74800249572104
11652,360.2337505297933
11653,369.4403476314741
11654,611.4002660557439
11655,372.51405041670006
11656,500.8733463841384
11657,356.21397212472334
11658,379.0793739610442
11659,564.0491484273125
11660,416.99787034097994
11661,469.413237770244
11662,554.2863310453172
11663,634.2979629787534
11664,276.53832934205803
11665,328.75769628124687
11666,548.8487859796905
11667,473.09295348719354
11668,433.3206862856596
11669,432.8224587656707
11670,503.70271881644686
11671,413.5905923261291
11672,508.1382093415131
11673,380.04972549324646
11674,389.76687353907755
11675,550.2182834338063
11676,517.5489004547104
11677,482.7697745849469
11678,347.53576998292135
11679,307.07950513956354
11680,573.4319962180199
11681,600.3617048319949
11682,483.32557100802984
11683,406.1014564354128
11684,474.34331533400604
11685,478.26301898190513
11686,453.0277240847715
11687,513.3072737587535
11688,428.001558934035
11689,381.76593987261583
11690,639.1418596210808
11691,509.94129590470834
11692,323.9277680629273
11693,433.56913947102225
11694,474.30191448540415
11695,290.1801636466727
11696,613.4038653281366
11697,477.89127017510026
11698,407.6513583102215
11699,437.5061024584143
11700,585.8791547229846
11701,508.5416081117412
11702,513.170291759087
11703,357.5658486885946
11704,441.5920305128395
11705,356.4109183378622
11706,272.2688751265293
11707,325.26859658427776
11708,366.4476912632638
11709,474.8674013873202
11710,430.1037726109822
11711,384.4402602302985
11712,479.370095615521
11713,478.35816199067915
11714,525.2393929877052
11715,585.7477214979575
11716,339.4305143973824
11717,338.17295246560514
11718,504.35068607057764
11719,452.0287941699796
11720,313.720852792811
11721,396.56926731592193
11722,390.4859954890759
11723,411.69996129064407
11724,313.6253164758503
11725,558.4158434802222
11726,492.13610238480925
11727,464.1107993749376
11728,411.0503618647938
11729,419.6277908415642
11730,451.8789429359704
11731,587.9080427171309
11732,444.5246038535452
11733,292.7717286137655
11734,486.2018092396667
11735,344.9101133446081
11736,427.9365555632814
11737,420.8658185227931
11738,420.8540378213859
11739,572.7186769124728
11740,342.7754197399883
11741,444.25961324890415
11742,338.3941568096619
11743,409.37774488449793
11744,455.3190676416388
11745,482.28414109162264
11746,429.3617761249091
11747,453.26502155369815
11748,515.7984666670332
11749,547.9432504366297
11750,536.9628198958014
11751,449.5437863931124
11752,523.0145156314696
11753,547.1361173717162
11754,433.67424470180947
11755,409.90856997058523
11756,441.47360297547885
11757,606.479777284777
11758,503.97657991832244
11759,473.9623287626252
11760,514.0474730069685
11761,531.7731479844969
11762,416.93530761303134
11763,537.1470679654416
11764,465.8231845444391
11765,350.62461738698266
11766,501.485575930716
11767,330.8841570133617
11768,593.6209669024273
11769,557.1623930693239
11770,419.38371132298516
11771,482.0525417106495
11772,383.1841886593891
11773,506.0931914406014
11774,569.849087641238
11775,483.1401844139151
11776,484.7006960682371
11777,479.4190214438962
11778,369.5464530360753
11779,448.4626890486743
11780,445.374498136799
11781,718.7343174599476
11782,486.2628520052367
11783,490.3983126131617
11784,518.0675630626841
11785,388.89950771490794
11786,431.5592733884994
11787,323.95672474477567
11788,446.7323636864504
11789,436.2167107183595
11790,382.80047289115856
11791,477.5859750136905
11792,421.3035081234824
11793,566.4371522074879
11794,507.65347458800005
11795,426.38811365176326
11796,310.8761657373544
11797,334.5360927835164
11798,466.46892955307976
11799,487.0078021555383
11800,414.632261300534
11801,452.8997962464754
11802,613.3083393849536
11803,448.9254285087897
11804,631.745062947907
11805,490.29420510577705
11806,543.3812485037611
11807,494.79125512260447
11808,537.4009811846686
11809,346.4301046635381
11810,361.511962871273
11811,451.87290598896425
11812,442.51234329579233
11813,361.6173685443701
11814,515.9041563764871
11815,293.9306407364629
11816,417.3469870955625
11817,521.4828765177908
11818,333.97302811190974
11819,486.1971409514722
11820,369.0641143180787
11821,394.3051435231675
11822,497.71152842504375
11823,359.14083531364753
11824,440.25606602449665
11825,515.1007712606681
11826,508.9495378918878
11827,501.56653334645915
11828,530.1345037519105
11829,505.2943811047579
11830,267.4038903597616
11831,482.8124386736393
11832,387.5003222892383
11833,332.6964520349593
11834,381.35412812142874
11835,367.5062166083382
11836,296.69899853865473
11837,397.22053451466303
11838,538.0317930296765
11839,475.7139855418569
11840,378.1846928729236
11841,535.2481356685478
11842,504.85098347818354
11843,388.3634242183489
11844,320.2392784892534
11845,388.7296546458007
11846,436.625410984935
11847,463.6152999856673
11848,519.026432094799
11849,512.0434040564809
11850,578.3065867863884
11851,672.0911681436143
11852,399.0545347273341
11853,552.6744130498133
11854,372.5027683177784
11855,436.2740809537279
11856,371.35177442150734
11857,475.6660522925223
11858,486.64520818556576
11859,590.3654877570045
11860,485.4714297909508
11861,461.0258742461522
11862,458.5703616316773
11863,366.6308114426674
11864,491.2674146118803
11865,547.456805298409
11866,576.5761287702206
11867,445.80562517919736
11868,494.13495442939706
11869,412.31703706722766
11870,465.84465512683346
11871,537.9645682246805
11872,429.52565291746714
11873,496.7868261849611
11874,436.79348447790255
11875,456.3374251267482
11876,455.5137138577847
11877,495.6572757455039
11878,488.2113284797027
11879,626.4349512295853
11880,462.334149055221
11881,589.2406284002154
11882,582.5278683544933
11883,489.66840195949226
11884,376.43791074327225
11885,317.19099405210136
11886,416.9283581909734
11887,459.08636513144916
11888,379.81432838283865
11889,453.9850515265542
11890,452.5342216877631
11891,332.8822702227176
11892,346.99568389694645
11893,397.96910672048426
11894,557.7987308340054
11895,423.58657944507684
11896,525.4279557452927
11897,376.97352850237843
11898,396.4279814328146
11899,532.6845805275216
11900,500.74742606954914
11901,440.4212380512731
11902,561.7056569577658
11903,326.1111285782194
11904,414.00651119584364
11905,491.06093242072365
11906,425.54178888642645
11907,333.804980291398
11908,394.0322741763562
11909,320.1150089083864
11910,299.5445447694886
11911,512.9251105558114
11912,488.9752837200679
11913,459.9861597087821
11914,435.2820450017369
11915,318.3440736344388
11916,613.23499084608
11917,466.56802306531836
11918,505.33078199468673
11919,428.1612895800121
11920,454.47904714455456
11921,394.441680759035
11922,389.28702583327777
11923,576.8909043372913
11924,437.78935332734915
11925,492.69818134164524
11926,536.3296834292782
11927,385.33481519199876
11928,331.5182872293926
11929,488.7619179367983
11930,464.5467935003509
11931,535.4024129643931
11932,496.345323963741
11933,218.51414656246405
11934,444.6068489140746
11935,431.3427097133103
11936,463.2393798565315
11937,495.2053168741484
11938,502.8458255763999
11939,478.42815033341935
11940,309.67289686178714
11941,376.53266004815833
11942,516.337660801631
11943,432.8504023509615
11944,387.0396705328042
11945,512.33166268575
11946,486.6583931945201
11947,480.9593810087854
11948,412.3743504535567
11949,310.441244804367
11950,475.91734059970054
11951,432.2774244617877
11952,530.6515017990556
11953,497.2002755980011
11954,617.8656539026224
11955,476.993697756463
11956,625.7062160157961
11957,617.7847460804737
11958,490.80709618898993
11959,427.04303127500293
11960,388.0611941145184
11961,466.19757794554073
11962,447.2827410889268
11963,429.4972836095153
11964,540.8015690988137
11965,521.7460835113226
11966,408.24236021068435
11967,518.9449625307601
11968,380.47517629678384
11969,407.6382918552467
11970,616.5163121113998
11971,463.2472128657097
11972,652.5122129273755
11973,484.37936493195383
11974,513.783001888683
11975,545.0267561098174
11976,518.415499047286
11977,590.4938991094926
11978,435.1746418121919
11979,328.5381996582229
11980,469.99521686029436
11981,478.4300671970204
11982,377.57662312134806
11983,559.6157233225093
11984,385.53630414015106
11985,466.5391191957372
11986,381.34771574116684
11987,585.6716833368658
11988,383.02963206350944
11989,335.3931241495518
11990,553.9318015872719
11991,350.5289151081849
11992,530.270758981537
11993,254.00404476967634
11994,400.86498416320904
11995,297.57443624135755
11996,408.043490101605
11997,583.7274101587082
11998,536.8732516117062
11999,419.53961412893983
12000,498.7189110534325
12001,434.1126390839785
12002,458.15923231580916
12003,507.62110177576034
12004,425.54266613394003
12005,541.6670491696617
12006,404.3187877300252
12007,391.0096775627764
12008,436.7790699164668
12009,575.346048612566
12010,394.1775872286218
12011,407.1053929484198
12012,518.8579531180618
12013,361.2307588865743
12014,360.0061704319635
12015,571.7598193853943
12016,541.3093175250871
12017,438.6483550492433
12018,346.3277953471349
12019,496.2863093804372
12020,424.09774122357373
12021,286.04781059573435
12022,509.2474167200515
12023,533.1070019351198
12024,446.8880504978302
12025,460.92025935133165
12026,306.5451801732636
12027,565.5811226809136
12028,470.34961263292803
12029,510.8227315798069
12030,512.5738435065318
12031,452.99609041365596
12032,238.55392613336963
12033,389.76103098554
12034,441.88289691186054
12035,505.5487994608002
12036,416.9742164676461
12037,472.6317918825225
12038,375.4517561080712
12039,448.69852842665324
12040,347.0695443182101
12041,507.14287292620685
12042,529.658858525296
12043,429.77466300092107
12044,461.7017857482586
12045,506.55977778342617
12046,546.8002864220349
12047,414.71220235166936
12048,398.8511930964613
12049,411.01316434706143
12050,433.1713047850716
12051,458.75591872368324
12052,341.07124087150527
12053,384.34938659374694
12054,430.5874061942596
12055,290.1322607460354
12056,490.8725808712283
12057,368.1513037911192
12058,460.33867498376424
12059,519.7860070351155
12060,474.17012844503927
12061,318.9035014115119
12062,482.98624844007463
12063,356.7432382608474
12064,516.416677553326
12065,544.0037965551694
12066,457.54312664431995
12067,464.2286477110125
12068,389.72110205912895
12069,573.1392268766658
12070,458.76157435205994
12071,450.4179357673909
12072,400.71873435250717
12073,426.919942690884
12074,393.8127124470284
12075,414.957269451409
12076,482.97367699849406
12077,432.48564644290985
12078,402.23722329075184
12079,525.5368069970851
12080,472.8240258587638
12081,478.5715773880925
12082,392.03461196728693
12083,502.38536264530273
12084,568.478285370278
12085,417.5837623621818
12086,536.7940773876353
12087,442.6613664438828
12088,363.4035044700777
12089,381.6471506155857
12090,457.65912520916515
12091,528.1653393603399
12092,386.71112533052053
12093,412.68889473176756
12094,503.29051614801324
12095,442.63750875482924
12096,456.1500507069137
12097,497.9608550780068
12098,513.643899328552
12099,454.53896288484475
12100,513.1345961319139
12101,522.017031490988
12102,482.09744587099806
12103,477.424026950401
12104,418.02558679535053
12105,471.4682887485192
12106,405.813129602232
12107,361.1234119095121
12108,473.4372265114425
12109,477.85781522738347
12110,375.6553133966338
12111,571.7126073539025
12112,521.7347793219635
12113,476.34600294960035
12114,493.0694110353894
12115,325.0758930486096
12116,534.341984630432
12117,584.0793666273773
12118,425.16284595041407
12119,447.6063450791974
12120,528.1665582334484
12121,469.244901886681
12122,552.0506938367321
12123,481.96220852895607
12124,532.627549433273
12125,515.0190998259669
12126,461.4353736393634
12127,463.2123453298475
12128,398.94367278260256
12129,562.5852144683133
12130,322.23676366755024
12131,508.4261189581468
12132,522.2781492706458
12133,491.66427022834034
12134,465.7759463074161
12135,294.67843950840296
12136,384.14663201169003
12137,549.4948883794245
12138,434.0751069509615
12139,571.3274083052446
12140,370.6812813402487
12141,352.66691159815497
12142,447.26880760182604
12143,533.4132070264152
12144,345.5327537974756
12145,489.01466326790467
12146,394.58598629988103
12147,363.8290004683554
12148,405.654438063796
12149,537.2794473227661
12150,574.3879417245878
12151,343.41966200480033
12152,456.6281678454245
12153,339.28469305056103
12154,452.15382679166936
12155,409.7949981879615
12156,635.2253713343699
12157,271.1339065718392
12158,462.4852838686316
12159,507.6902701384933
12160,446.7553046716852
12161,388.2875675505251
12162,583.4744663145451
12163,468.0337805341176
12164,501.2013222288997
12165,456.78773315752056
12166,475.32168542148474
12167,377.36372654195964
12168,507.05284467966726
12169,540.1024822274463
12170,395.4823744748228
12171,377.9307284494586
12172,520.9856348518592
12173,410.3301983372666
12174,621.8188640848506
12175,460.9426070299646
12176,406.2797953148473
12177,477.7882921886326
12178,395.97132656072563
12179,466.1066673944199
12180,442.9669108461327
12181,484.46510887395374
12182,508.60015313493534
12183,400.0181307085804
12184,483.8551061388987
12185,482.1797775633487
12186,332.0068637309352
12187,538.897332988623
12188,459.07232374010556
12189,480.9247592061608
12190,493.6326222095612
12191,339.40778703054536
12192,496.79773565823933
12193,451.16526885129156
12194,378.1388736569854
12195,418.7215912864002
12196,332.1104330654237
12197,545.5722364063379
12198,399.5517694902628
12199,489.3147164334684
12200,374.9818696696175
12201,511.16629001194207
12202,545.7458435523863
12203,497.492912829146
12204,405.1886825952038
12205,406.96308872602185
12206,478.0317112312635
12207,356.1905183406161
12208,381.75255268947234
12209,538.7408995397847
12210,397.8869127896406
12211,422.3101004563861
12212,419.1687894425467
12213,334.71946605013744
12214,496.7054726013843
12215,546.924901120592
12216,411.04708362216115
12217,364.89900090655476
12218,415.9912113786748
12219,393.5319613108674
12220,393.58025010885507
12221,428.31839250699784
12222,567.4888901362513
12223,378.747682880443
12224,428.7556279638687
12225,440.44746433650107
12226,580.653291571335
12227,511.69176380518127
12228,547.3646456560253
12229,494.3681807649226
12230,453.26510597960515
12231,490.63769112058003
12232,340.0718590000377
12233,405.15888374832747
12234,484.1158283897814
12235,463.94806566866794
12236,360.00667681879054
12237,469.0841001018237
12238,451.12168601285373
12239,442.3625549484518
12240,519.1624934619364
12241,460.13048982789945
12242,422.5786031196237
12243,422.46116010088144
12244,382.0391481133509
12245,464.6017759501959
12246,371.1085650689159
12247,432.6841397191402
12248,587.5918660944675
12249,405.46881516830564
12250,559.7846290343819
12251,306.9293370270499
12252,498.0456480113509
12253,479.8604801602355
12254,527.3115990335601
12255,551.9975433747535
12256,488.93619051564554
12257,394.8922825836272
12258,502.28876159814837
12259,413.4722027658988
12260,583.3349521912488
12261,379.8236337654256
12262,558.6849912028241
12263,431.94110930283534
12264,392.92245375805817
12265,522.722141151022
12266,402.79219354040646
12267,455.19830493248014
12268,524.0977605568868
12269,418.4106536434693
12270,501.9616120359886
12271,292.8748179293137
12272,414.00918147830816
12273,389.6894786297472
12274,439.14790914146033
12275,241.33847696075543
12276,538.1273456057438
12277,474.5070489265095
12278,508.4086182709257
12279,369.89993081139744
12280,432.91291233532013
12281,447.6484290210447
12282,546.2721973006921
12283,428.80668364686414
12284,403.42331744427685
12285,473.14863138152094
12286,484.7256643194226
12287,292.08331715501333
12288,436.12717761466996
12289,414.4756097474317
12290,472.2124283298481
12291,436.29106638900544
12292,340.46773815660606
12293,309.9080302507037
12294,409.30215445482906
12295,407.48321450643425
12296,391.0893252839932
12297,505.89759888417717
12298,530.9243684685584
12299,436.6083355234933
12300,323.19923637827327
12301,412.151375145388
12302,462.71550175131364
12303,366.46902123439224
12304,476.7259972150653
12305,651.4194283272622
12306,489.47367440069587
12307,411.5844629868715
12308,332.76112661342125
12309,289.2038886953027
12310,443.399387716104
12311,486.7094292986674
12312,463.6415707677191
12313,503.1009794983618
12314,540.0254686539429
12315,448.4955685128574
12316,439.7590046567064
12317,450.47243738248136
12318,514.3111810726099
12319,402.0688234742523
12320,537.7412265002947
12321,532.3739187640642
12322,458.98198918133437
12323,293.3186541353773
12324,502.55786202312765
12325,438.82785233074014
12326,335.7729244727822
12327,448.8237165354634
12328,481.24438613634067
12329,393.36369846174154
12330,495.9487503201237
12331,453.4436922859792
12332,508.85905594832406
12333,370.6823950260687
12334,407.7998810835852
12335,382.89145729466986
12336,552.0139225549842
12337,497.6631464059178
12338,431.9867853765784
12339,429.2266124169193
12340,154.83821190868778
12341,545.9617926811579
12342,397.53999580071024
12343,549.0282074901221
12344,510.6841908689801
12345,540.3899061894308
12346,398.10801554956385
12347,441.62870706802624
12348,432.70871702814406
12349,494.0805017590736
12350,471.85411191606187
12351,506.59458117390966
12352,505.4338136798153
12353,523.3190651882626
12354,367.17914994200333
12355,468.4465579640891
12356,440.6641918178147
12357,426.208644313668
12358,521.1830535800758
12359,312.8242709427891
12360,472.0535120505697
12361,448.4930391485474
12362,509.84911330806847
12363,511.74556440730964
12364,501.16208390219015
12365,354.29969193316794
12366,430.4093258723733
12367,493.27638643309433
12368,404.446690665099
12369,473.08506423964866
12370,335.23644789576747
12371,502.3617023897022
12372,392.49181335500197
12373,503.358226379359
12374,369.4828959248979
12375,501.88865689773866
12376,411.94109896285994
12377,440.0357493704158
12378,444.97644694288533
12379,499.5147778407307
12380,561.8061946605974
12381,400.46269148660855
12382,467.39460758664967
12383,572.8863102235592
12384,405.84704757837216
12385,416.6036145687272
12386,304.67155034075495
12387,436.0276755850676
12388,587.0567375828291
12389,524.0116914155465
12390,428.4756924666537
12391,370.8581367150672
12392,425.9193012113461
12393,519.2689685397221
12394,614.5524009534655
12395,294.0436908683132
12396,348.02629710655657
12397,350.76874354209093
12398,470.0109497820933
12399,491.01118629220935
12400,475.42404820767865
12401,475.0327294456107
12402,453.4182965555988
12403,414.48959751713244
12404,502.3681830990883
12405,522.7390774037405
12406,563.2378385893496
12407,434.77081825957794
12408,455.68126868135954
12409,381.33219881786675
12410,368.0859529381063
12411,314.1703242008327
12412,462.27218733719235
12413,396.66200354909245
12414,299.5263511187885
12415,279.94983977875444
12416,585.5923162091852
12417,421.2213607281682
12418,385.131302373783
12419,529.1160502428113
12420,468.126631096399
12421,504.331108961902
12422,512.4344880677046
12423,260.9378070295675
12424,451.28046017341967
12425,583.3532750782294
12426,382.8818935510985
12427,540.6827243658316
12428,499.4900071907861
12429,413.03602850785154
12430,374.6804569727223
12431,294.10374606697957
12432,328.19006237784487
12433,449.4147185328156
12434,396.8741215779072
12435,446.87274854654186
12436,470.3489163293269
12437,423.06060566814136
12438,301.5050335102934
12439,546.520630885262
12440,490.90681831987837
12441,333.30210246846195
12442,406.10058916856127
12443,413.15936869422893
12444,433.7792720781381
12445,419.8298874715196
12446,538.8104579502997
12447,467.3820762244386
12448,419.0651278356321
12449,358.2712467865041
12450,539.9089960476583
12451,332.21153491662204
12452,417.28478481887
12453,495.9077138442832
12454,438.4936419612832
12455,574.4347564355621
12456,425.27124959311624
12457,377.04081041820666
12458,334.10621198496943
12459,532.1443903656924
12460,434.26559669580394
12461,448.7419933311979
12462,559.6803052849924
12463,552.1335268105365
12464,455.3952922655876
12465,446.46910484147895
12466,534.0405807542662
12467,367.35263943604116
12468,494.1737528389527
12469,450.3116928534752
12470,403.9126777946076
12471,535.2456289857904
12472,434.73859394373846
12473,466.2019523019749
12474,369.46966021254866
12475,247.12689159661275
12476,323.31794172431887
12477,408.2776539452669
12478,516.4190183128975
12479,467.7554602702111
12480,527.5863940095207
12481,377.03342172075764
12482,448.9149221566438
12483,479.7713824603705
12484,367.7182598795485
12485,368.6822782951373
12486,466.64661658330357
12487,396.7856008806183
12488,475.0216521858764
12489,567.2628345703713
12490,460.53698981337016
12491,517.4204682411408
12492,422.24406834184725
12493,392.47513706120355
12494,526.213310751886
12495,523.1477802529632
12496,446.2325176902246
12497,425.13566402881247
12498,404.55693463528195
12499,483.0159161774937
12500,447.25262383518697
12501,497.29247019817984
12502,408.2546019452643
12503,419.3940991909188
12504,376.7762966853774
12505,549.5815638752696
12506,315.9889240297658
12507,331.7853737931837
12508,438.8039651930414
12509,507.76415268476995
12510,591.6998589712543
12511,497.8934135494782
12512,593.9762462533246
12513,502.5306551904618
12514,364.94162747718923
12515,504.07275799391806
12516,430.3970664499137
12517,401.7338457517251
12518,513.5137919549394
12519,345.15729616009867
12520,521.1202358229292
12521,373.2298300414754
12522,422.9531308216476
12523,475.2170317020676
12524,448.3268197186966
12525,370.1479174032275
12526,539.4854759788942
12527,266.08531909694875
12528,456.9372360147071
12529,553.6974888908576
12530,457.91358336679787
12531,527.792570625154
12532,422.640209970423
12533,471.01995839511653
12534,421.7379007257022
12535,482.7546625825406
12536,597.2535447394438
12537,388.7194203696974
12538,522.0704770855222
12539,573.1108126130636
12540,412.39166809163805
12541,465.438494980469
12542,499.14123231863215
12543,454.41939993073566
12544,460.63531770045154
12545,451.8361429174457
12546,462.61973776810333
12547,474.8135922181775
12548,387.01450099805686
12549,508.40243556293626
12550,434.14689032802715
12551,541.2664433214917
12552,355.46424810520216
12553,442.35564526083533
12554,430.97937751006026
12555,490.40538222067335
12556,679.4109461469446
12557,493.6895123833824
12558,492.6923978359177
12559,505.1926845892904
12560,460.3827477597315
12561,430.9875103931186
12562,323.3467503256056
12563,483.21503273494653
12564,491.40243650288636
12565,549.781337559991
12566,432.8961594664044
12567,603.8264523849764
12568,553.5975716141415
12569,496.9481142649613
12570,453.2230387385092
12571,247.26494748090684
12572,452.51066294977596
12573,367.4966576180494
12574,325.9662556016253
12575,385.844261282652
12576,424.43725936776457
12577,476.2182060587612
12578,431.64251842208085
12579,469.95538689248286
12580,304.9833218966387
12581,265.21402565851946
12582,450.21891159376725
12583,361.44015911024366
12584,369.15577517200995
12585,494.7779556249823
12586,446.39107694905
12587,401.0140699125641
12588,569.98650732274
12589,372.0887651164248
12590,333.4636906599411
12591,398.88536669513513
12592,501.56766480077556
12593,362.6789998881619
12594,425.9425479507932
12595,456.6637042525816
12596,445.59895094666683
12597,447.0020915237824
12598,390.77042367702376
12599,554.560678622141
12600,416.92772633980456
12601,496.41939135268706
12602,481.8946156507074
12603,537.4574822649778
12604,549.5730866607939
12605,558.2452838779103
12606,469.17732014513876
12607,461.7619855013148
12608,447.2443696631921
12609,394.3596942996633
12610,533.4524136775168
12611,586.8619328151888
12612,391.97482394595374
12613,553.8946342386889
12614,518.7943741905967
12615,438.09561386544846
12616,340.40686708128965
12617,423.16094871280256
12618,392.8869325686378
12619,467.450336499567
12620,504.9170669346743
12621,431.0154004602023
12622,411.0375872843577
12623,485.26765132623933
12624,431.27996632883486
12625,523.12867300891
12626,290.2210145185423
12627,489.93072099484743
12628,573.6610876428481
12629,369.3613566629348
12630,464.06653438293307
12631,516.12452920413
12632,459.67897185157375
12633,393.687630983087
12634,553.9231767865142
12635,600.5624434540033
12636,395.6884950341202
12637,331.98347617103053
12638,504.7313758829263
12639,479.3682194301852
12640,328.48429048920855
12641,381.484408148234
12642,498.3843632140136
12643,275.45799861723
12644,356.5862039372494
12645,394.3260310171347
12646,495.4767914696555
12647,407.578872610041
12648,505.2569334793915
12649,540.5828882299948
12650,633.1815359667346
12651,426.14890054987126
12652,464.8027528385586
12653,469.5686783820627
12654,452.4253582136597
12655,374.62569206582134
12656,368.3196441387097
12657,455.0398570171926
12658,384.16822768347447
12659,474.71597241503633
12660,454.42022384449524
12661,476.28583084614746
12662,467.7567068111276
12663,452.7900352653165
12664,445.5523437357299
12665,516.7669100705024
12666,452.62718441591477
12667,422.38092044217365
12668,472.2183441666524
12669,487.18418337015885
12670,491.12769999975035
12671,328.4573139363321
12672,434.7721862951363
12673,489.5673648190277
12674,318.21220341642817
12675,532.2330312895184
12676,385.3311684601944
12677,503.03983984358473
12678,377.49728054831075
12679,564.4844241688079
12680,452.5730830180597
12681,386.94256202671
12682,320.59456834417756
12683,468.6716204738109
12684,444.210235944094
12685,570.5995850154037
12686,554.8783163269713
12687,494.47207985011323
12688,549.5530112064255
12689,427.7832858283721
12690,454.6961701570055
12691,422.5169674688049
12692,475.62156526147174
12693,479.57811212375316
12694,488.6104436889451
12695,404.4532253052795
12696,455.46613517341723
12697,254.96204401164607
12698,470.2859264328782
12699,422.6406324721839
12700,364.0982616492282
12701,334.87002187516947
12702,319.7676512374002
12703,361.5862153795713
12704,324.25635291099417
12705,591.1337216365417
12706,449.64070631534815
12707,607.693222725322
12708,484.51384996958626
12709,510.00907464728687
12710,443.5233248528697
12711,532.693907012402
12712,421.65979256804115
12713,488.53274025369535
12714,401.16804420099635
12715,415.55996895264934
12716,428.6510823475502
12717,429.9600987242909
12718,426.4935732231758
12719,315.39216697372
12720,446.2674558356271
12721,483.1097157935917
12722,551.6403519208715
12723,540.8344446284729
12724,502.56226336666873
12725,378.28839461329153
12726,509.7912286296194
12727,417.17790432951045
12728,382.15955869258966
12729,417.6314597535034
12730,454.4320611901637
12731,519.2937926790711
12732,517.5843968082233
12733,454.24068465617114
12734,371.9251938199879
12735,447.2036496814018
12736,574.2522875933385
12737,514.1678813793865
12738,419.5265353294813
12739,447.03532072960223
12740,468.02771131718623
12741,426.5620845342232
12742,462.05603943867675
12743,547.2336925115678
12744,499.4048646595027
12745,536.2477156913988
12746,396.2313455871173
12747,496.4511819654154
12748,415.5853266935798
12749,242.59265379407807
12750,427.86386863408416
12751,525.4807271132345
12752,305.6035140931505
12753,504.7504253758052
12754,339.6128615596299
12755,435.9871069775783
12756,465.9625597606209
12757,414.68527587234354
12758,440.7267377493592
12759,413.93834552445554
12760,390.67273958033894
12761,342.3384660599069
12762,441.216936278842
12763,535.2075838366785
12764,461.89047279266305
12765,424.307540849222
12766,465.4059906990602
12767,358.05709277132604
12768,347.24746413551895
12769,552.2852041371106
12770,476.0633130057441
12771,487.2169995716286
12772,464.3531230209974
12773,424.9205987106069
12774,587.269224417896
12775,270.4232859841148
12776,535.8634597162117
12777,550.3042769397173
12778,377.7037023753136
12779,560.8742860627799
12780,615.7798038088021
12781,529.7741566944616
12782,456.31458938048024
12783,443.7806565530936
12784,397.36334208937495
12785,435.03720240989236
12786,420.21165227827663
12787,435.17686253333454
12788,366.77370216714274
12789,423.38926836647147
12790,391.3520440381689
12791,363.4574202864012
12792,588.0753898146576
12793,312.1472234018127
12794,400.9450611545629
12795,376.4587225983168
12796,473.3451473706733
12797,542.6393917336832
12798,640.3426184747831
12799,494.9489334481511
12800,337.47242389602224
12801,455.1242247709347
12802,413.69764292238324
12803,498.85876779190414
12804,494.21297794400397
12805,324.8340358093917
12806,389.9845651281137
12807,394.0143826667609
12808,480.9594045214632
12809,427.8475499243325
12810,410.7359523002902
12811,219.42504754931747
12812,404.14806789121155
12813,444.04959066746113
12814,523.9376036688864
12815,515.731294368252
12816,495.83054170184226
12817,487.31876562935383
12818,500.7903702787258
12819,443.50239285096615
12820,437.4220376106946
12821,461.5982217490603
12822,535.3936892867248
12823,425.2358282049367
12824,416.80910007335325
12825,311.08231800143017
12826,363.61101568571917
12827,453.4412419599924
12828,490.427189550256
12829,376.4467780346826
12830,528.9747163286257
12831,537.2138523993468
12832,499.53379239687837
12833,440.5473753014789
12834,413.6358822674886
12835,362.897732709767
12836,290.8383652029108
12837,507.7695138731596
12838,359.67777865228305
12839,521.0654543688645
12840,405.125132124879
12841,608.002144721076
12842,469.2708037793786
12843,410.7953025436268
12844,514.4753004714247
12845,430.9259712593329
12846,489.1923223600223
12847,416.2201643538806
12848,505.2064214830076
12849,390.27381865540485
12850,414.8114881000239
12851,652.9443611816613
12852,481.2737619436106
12853,477.81647811125146
12854,452.7399436790136
12855,355.50940031779356
12856,487.8859916534671
12857,425.5560405109955
12858,560.9686786431653
12859,350.82349897207314
12860,385.08030574206924
12861,478.26502621177286
12862,499.8033919154323
12863,408.489921955289
12864,445.05162459856837
12865,404.18574356199787
12866,464.38422736531226
12867,394.0634428962976
12868,509.58596264223536
12869,498.89423858391433
12870,290.5094358791409
12871,392.0966473928627
12872,382.7346017206966
12873,432.3676542058085
12874,412.62755251930724
12875,319.42979286383667
12876,507.91023406353713
12877,322.52278775849175
12878,397.8718973287926
12879,458.04265557788665
12880,425.14836703362386
12881,534.1342590780698
12882,338.3990052566354
12883,390.76384081750376
12884,379.79268675934134
12885,379.01592980436004
12886,457.72707651539537
12887,408.71600663012026
12888,413.21113503409913
12889,563.2779044287864
12890,523.3943773829989
12891,323.8599855255576
12892,371.5842606717594
12893,563.1342939999602
12894,248.03100917447384
12895,406.2335900268784
12896,465.5885069492621
12897,468.16718333236525
12898,433.7378910791384
12899,430.38410451840986
12900,448.3896091071261
12901,417.9034987920393
12902,506.9490340089965
12903,468.79629455274016
12904,433.73910413226207
12905,480.6157700490105
12906,446.91837038675806
12907,353.4844923180137
12908,495.67820724087585
12909,410.78406362660695
12910,412.6522951060135
12911,394.08414882858466
12912,405.11512243984515
12913,448.28029968795323
12914,474.95497172137493
12915,597.7043346170996
12916,494.5942648943954
12917,401.7039485880488
12918,362.9198342313743
12919,474.01947170314236
12920,489.43270398096723
12921,318.16457387544915
12922,493.2485980458799
12923,435.7707887814656
12924,472.86123708135636
12925,544.7744284486486
12926,571.9057808923999
12927,368.7018789615768
12928,499.3634522348183
12929,573.9481864031802
12930,477.0260426200033
12931,544.626694703062
12932,480.34910949866304
12933,392.3392818891696
12934,461.66804331743015
12935,478.9151060489013
12936,416.1319914199876
12937,387.4062730165114
12938,535.8410302750748
12939,342.35954506284907
12940,313.4516326905726
12941,450.3727731622878
12942,430.02218646373126
12943,595.6352108961134
12944,337.1392235212633
12945,426.05588457300905
12946,299.46679196972576
12947,502.37113987773773
12948,465.07706476953706
12949,362.10633566918824
12950,398.94266833798014
12951,525.6115530205781
12952,347.3183703364857
12953,426.35309868252745
12954,348.2474301539664
12955,329.4765906622353
12956,549.6946620278675
12957,431.6657390374441
12958,415.5741607169302
12959,506.44918229311634
12960,481.62822369663735
12961,483.6739505369605
12962,460.78783875451177
12963,451.278376497491
12964,457.4861932298023
12965,657.6912970708483
12966,410.2233103627201
12967,463.4331787902423
12968,479.7478364803959
12969,439.38760064679093
12970,383.5011025909897
12971,490.74385158926907
12972,503.1565582714371
12973,552.7218166625562
12974,450.51660590588256
12975,201.94058740778488
12976,411.1251406684838
12977,519.2588953752185
12978,368.9926596302309
12979,436.4127223941735
12980,449.8806365736681
12981,602.5429127822457
12982,327.26382485384
12983,442.72773482691144
12984,440.98405897021945
12985,411.36346791533623
12986,397.7616871700647
12987,340.97394121398287
12988,342.80836087290595
12989,495.53344596584446
12990,337.75047259623403
12991,450.076440904131
12992,328.4989227600378
12993,458.9958619783098
12994,542.7675228615452
12995,482.35344923373424
12996,564.7386808057757
12997,535.3111462143155
12998,306.2306482836414
12999,338.55922911677254
13000,377.94384378328846
13001,313.56357888324817
13002,607.1263779489407
13003,460.177052486878
13004,364.4405418607254
13005,462.3842549710387
13006,441.3648782416446
13007,314.9316926785409
13008,348.27212204090284
13009,424.39647402449054
13010,545.9667844557771
13011,496.4265900529197
13012,539.0723988152084
13013,518.264420997193
13014,482.1022675873554
13015,529.0162596046198
13016,470.5760772465003
13017,400.4704565119689
13018,451.22828963220223
13019,547.5477858833218
13020,421.1871565161715
13021,436.9403637232232
13022,391.5164215429131
13023,484.49671307873433
13024,539.644792833033
13025,317.64656986600943
13026,403.1099032906406
13027,590.695152123616
13028,301.53714819554904
13029,537.2490887017298
13030,455.16835219591866
13031,404.850457874758
13032,433.1068077557887
13033,395.5123655234595
13034,597.862889733774
13035,486.00120195886336
13036,575.4848348234696
13037,375.54591030202516
13038,416.74113132393154
13039,386.41305382097727
13040,462.22708192433197
13041,521.0625681535025
13042,616.5228932007744
13043,309.25580477485806
13044,463.2599838857512
13045,415.40463667810343
13046,358.80104703051484
13047,638.5022002916414
13048,376.54535709483974
13049,416.35185027430435
13050,295.53240661661357
13051,543.4179775404313
13052,418.64312066067174
13053,360.4597451560752
13054,401.6743443991526
13055,452.266667301715
13056,485.2083672736608
13057,558.250099287595
13058,454.7419237264201
13059,400.7292658719667
13060,438.22731773115476
13061,379.71531294648514
13062,426.827294516211
13063,582.0090957077819
13064,310.72604770371134
13065,471.50812915032145
13066,453.6565173012277
13067,356.31980322011657
13068,639.7672844535219
13069,451.80396757431356
13070,555.3899413859635
13071,309.26786411692837
13072,560.19096923732
13073,315.478310982288
13074,447.00069076752527
13075,590.2828060692609
13076,302.4516123130815
13077,457.9968850268373
13078,433.5379823634658
13079,397.5162031780276
13080,559.9055654534479
13081,409.0489889604489
13082,353.0634102469805
13083,469.8535432117003
13084,522.44226806376
13085,544.5292043345177
13086,397.4452526549181
13087,236.2702259357701
13088,492.3719247127921
13089,528.555493481548
13090,571.5089230492628
13091,396.6907755693081
13092,453.36630556918084
13093,374.59873592353847
13094,380.50536408495464
13095,461.38966337641466
13096,485.3049427052175
13097,423.21154760979465
13098,431.150055609092
13099,480.5338974597207
13100,505.7468692991999
13101,503.419771758228
13102,478.1400513039182
13103,403.155631945094
13104,404.91743320417754
13105,306.5112020661371
13106,390.58061055591395
13107,539.01756361223
13108,494.24825681237724
13109,517.1246859749872
13110,451.0828281722207
13111,488.14562593149356
13112,425.201367103928
13113,519.9350029102909
13114,447.15098575938816
13115,488.94864705107597
13116,477.35639949312423
13117,481.6810611489943
13118,477.2888034124956
13119,539.8440077707008
13120,475.28193452505667
13121,324.0995613570902
13122,584.0636014501025
13123,453.8821870764441
13124,625.8127640719205
13125,603.3934562690866
13126,403.8830979035995
13127,585.1214660028661
13128,409.7412214067096
13129,421.9731400356936
13130,517.1942387424306
13131,460.64213368265666
13132,337.91099195712
13133,411.1049237783523
13134,626.3995801547933
13135,370.21290422326615
13136,474.2572619677971
13137,442.2385135710372
13138,490.8462050958673
13139,453.99094046796336
13140,533.4798711131244
13141,552.9008641039624
13142,424.9110393652584
13143,480.52655386623394
13144,518.6090820692341
13145,340.10660766845757
13146,382.57589670457276
13147,419.07488800428933
13148,497.56382384124436
13149,508.7800946088202
13150,441.1830255806417
13151,385.65514434796677
13152,536.8128096031096
13153,521.8248867917556
13154,441.05429601677946
13155,555.5080648134026
13156,468.38991142248744
13157,485.21934483915317
13158,562.984936289922
13159,365.9685919785049
13160,446.79932083713294
13161,340.48188238274093
13162,476.3872231016836
13163,423.1270656577255
13164,243.8796975741246
13165,387.16925620326884
13166,545.329699840959
13167,515.9810839635538
13168,520.1621620580529
13169,453.00504259276187
13170,517.9741099168302
13171,418.96734234140524
13172,487.7917358144485
13173,340.8041668605494
13174,329.0249399335201
13175,447.21496021977595
13176,406.8343369009417
13177,360.571090725223
13178,576.9381452793141
13179,323.49972021350175
13180,446.85319472376096
13181,474.2002752526171
13182,347.2160129396021
13183,469.2161316239435
13184,507.08706696374384
13185,534.4721944796253
13186,379.3174234125871
13187,503.05311814973726
13188,425.64580384743715
13189,382.8583343828264
13190,482.5967260962634
13191,421.685666439905
13192,402.7150544160348
13193,448.59620294983904
13194,481.5238123131658
13195,498.9116758966967
13196,434.7133444614159
13197,423.5425517954503
13198,408.5797142405584
13199,476.3999805250114
13200,406.36690791492754
13201,363.2984227055566
13202,458.973555639987
13203,473.16388424878056
13204,374.2427500029103
13205,373.7742244579173
13206,558.842355097037
13207,392.64349610221353
13208,390.27473804343384
13209,541.8313969323092
13210,441.06863179471003
13211,592.401607571838
13212,431.07476724608176
13213,449.63145583026153
13214,477.2509978830705
13215,488.9630843496912
13216,494.84693449030544
13217,498.6694473992576
13218,356.7713136726393
13219,405.1289709687778
13220,523.2691085561763
13221,487.4828244812881
13222,427.2131628531693
13223,573.8991128639921
13224,546.1716114348013
13225,590.3056128343266
13226,387.72395381442465
13227,449.35238332360746
13228,541.3056451981766
13229,323.9494262831189
13230,394.3441590739797
13231,325.55039405319667
13232,268.5554566585628
13233,245.75395856757723
13234,399.28521783516084
13235,420.6775356313193
13236,484.3863756963724
13237,448.46023373262125
13238,427.37964539779523
13239,366.70809386207105
13240,493.4140807158861
13241,417.2930673759816
13242,449.26335473791846
13243,486.4878948951882
13244,426.3113488007813
13245,442.220254550125
13246,400.91462203440096
13247,484.5934473108545
13248,366.4640149324627
13249,284.8860624930991
13250,514.6155030162248
13251,436.86564863972393
13252,422.59644780449185
13253,510.0976453478371
13254,516.7570466283645
13255,504.2384357650623
13256,425.36113088793496
13257,371.90375273116956
13258,432.6668940986257
13259,531.2299986115876
13260,539.7917145418835
13261,441.478046504973
13262,423.70177786195273
13263,400.9496261388616
13264,430.7282678682901
13265,368.5799664633804
13266,398.3886066114317
13267,565.1083925149552
13268,391.49926075095897
13269,562.8651065196573
13270,334.56865142604994
13271,260.8903308157635
13272,566.4112092967137
13273,488.86401322073976
13274,443.8826021566805
13275,432.3498555657727
13276,478.0670908947087
13277,528.7240532370498
13278,442.98232919979023
13279,543.3508971225313
13280,389.71676288985054
13281,542.4953529267408
13282,423.3305201678849
13283,378.77582908350763
13284,573.2419399614093
13285,338.78110599792467
13286,399.08923158337245
13287,273.5851091151632
13288,515.2503079062815
13289,479.93698990452503
13290,478.2221349543074
13291,597.0174374396587
13292,448.0746154892992
13293,489.1447483633686
13294,447.22348523950876
13295,460.65932230049833
13296,401.3623926905199
13297,413.9811667301577
13298,535.3580771128607
13299,446.33205761978826
13300,699.1890944819007
13301,478.3812217583813
13302,448.11814886150546
13303,492.3429923218494
13304,468.11564797412206
13305,390.26388217930105
13306,417.1097027204313
13307,433.5021327161776
13308,462.61380853182396
13309,566.0256985866165
13310,398.4720707757034
13311,465.71270880534047
13312,452.43108035297195
13313,484.08542011615367
13314,299.0224182455129
13315,450.15230801270826
13316,437.1354437048699
13317,321.0422715834447
13318,373.3454528379222
13319,440.2052755256498
13320,400.7091750192292
13321,367.85199638978315
13322,481.3561315853381
13323,443.4868809391877
13324,476.69352943806234
13325,484.9426298862062
13326,366.98093301186077
13327,430.0135244233769
13328,555.6434085511216
13329,464.07134915047817
13330,483.4192485602498
13331,380.5761595373662
13332,447.97914002137776
13333,414.5798459941136
13334,336.62236938178546
13335,385.4028607593061
13336,514.5292767433027
13337,430.42720993387417
13338,297.1013687178802
13339,348.3110322981406
13340,451.78513532084276
13341,451.0345770480789
13342,401.1618979308477
13343,451.3224722147364
13344,408.5004227547381
13345,451.80569198063205
13346,496.3198200054349
13347,299.7060699872047
13348,365.27022014309944
13349,511.20899511889723
13350,555.5579738812783
13351,425.8899885612958
13352,434.6785620455801
13353,394.7785228106668
13354,345.2739932096338
13355,542.2855530459509
13356,258.87543532326504
13357,489.0275283063165
13358,527.9536849179098
13359,576.9354150970365
13360,555.2653447565544
13361,414.419102514035
13362,374.2520553178526
13363,417.2098515194428
13364,546.3313560841608
13365,435.40499503614404
13366,339.2730007523771
13367,489.6328365509885
13368,470.81914956261727
13369,400.3319962039525
13370,453.75212428166117
13371,430.8509535473554
13372,419.4095973142366
13373,468.810904581829
13374,451.4589951302457
13375,436.5131073413996
13376,327.63056497907553
13377,517.9376762238207
13378,333.91182601482575
13379,456.79537677932757
13380,477.03612669109947
13381,452.7965365353278
13382,271.8101527299785
13383,466.43145077998025
13384,521.6296335697643
13385,497.8506672633378
13386,513.4271034594088
13387,665.1358213640337
13388,619.6218392838114
13389,457.0255043186819
13390,413.37132356648993
13391,223.5541358370096
13392,422.8733421778052
13393,485.0903487023748
13394,530.6883876339328
13395,368.3713983289037
13396,495.79908341388085
13397,418.04865852526825
13398,455.0690516358394
13399,419.475084082599
13400,380.2068399668267
13401,462.4618180964425
13402,431.47167391052574
13403,375.94628465118495
13404,409.4614254146774
13405,486.94435755480475
13406,454.14321500211105
13407,379.0819333940607
13408,284.7084386670365
13409,407.6004965329227
13410,574.4325901039598
13411,468.0060837840121
13412,609.5336383343019
13413,523.6845230161986
13414,609.8989641824468
13415,464.11277332986015
13416,243.95945833343646
13417,309.8748644637124
13418,515.9836893327724
13419,432.33573382452
13420,464.6774570335319
13421,546.452125598639
13422,459.15846974024464
13423,394.6105011188765
13424,405.63394601044513
13425,534.2318845561847
13426,437.6163019101188
13427,429.3731469456201
13428,477.38143299181155
13429,527.266148442909
13430,534.6817829852656
13431,473.339125987755
13432,561.9019206959692
13433,344.102776692497
13434,628.5347695754897
13435,547.1705054837614
13436,552.3604778174185
13437,460.04402842527276
13438,499.3987882007916
13439,526.7094590657284
13440,448.8599303056521
13441,469.2321203758407
13442,573.6851866219531
13443,608.7139738770923
13444,346.97193533766773
13445,498.3505058556131
13446,474.63140637045
13447,363.56979139203514
13448,406.71629080781156
13449,449.80567295185597
13450,393.4385608932385
13451,279.7177310978608
13452,389.3553486703911
13453,463.3690971218759
13454,435.38014320317893
13455,307.11113704543203
13456,425.9763857498741
13457,543.9327270978042
13458,514.4700125505533
13459,606.303572608127
13460,448.57685842302146
13461,448.20265219736206
13462,442.80951340891943
13463,613.5115626027552
13464,488.5773687131126
13465,453.4640882680476
13466,209.85855038478383
13467,499.65197846392914
13468,450.9982704671381
13469,416.5327458726095
13470,315.48574677722155
13471,453.3815160422404
13472,423.1038580790622
13473,474.1656481543951
13474,473.4879269540337
13475,562.1200666497839
13476,613.9949915321582
13477,547.6192585270919
13478,456.4666707632228
13479,427.0127169408296
13480,517.166192829292
13481,436.60070214570334
13482,410.5444140754303
13483,534.4286150246755
13484,516.500304290448
13485,641.2406101586284
13486,374.1330838527259
13487,369.31923911008863
13488,405.9253113317628
13489,575.8546784801067
13490,338.5763522788723
13491,399.0894393613159
13492,492.2875852767957
13493,429.2172309274193
13494,417.0737437929446
13495,648.2323478826592
13496,354.2901541328491
13497,371.0499700813238
13498,341.2448591458512
13499,322.4263230830465
13500,444.330234324076
13501,442.79137104502087
13502,465.8322657602978
13503,398.06676545084576
13504,460.8987050502742
13505,491.9537508968979
13506,500.84360399547813
13507,475.294547778943
13508,417.12144204245493
13509,538.2521361561252
13510,414.3387071770513
13511,530.3002329109229
13512,490.09101451683944
13513,415.3086056877809
13514,434.00003493814535
13515,375.0342341022297
13516,493.3667489176088
13517,506.56474460334607
13518,429.77928967923503
13519,355.0016615311239
13520,595.9796306655269
13521,422.81457675077394
13522,339.9734240173445
13523,422.89446429114184
13524,569.552721457882
13525,463.20950450733153
13526,557.3273841000189
13527,264.72425089232723
13528,441.836655810596
13529,408.7932213759242
13530,439.62487474523556
13531,444.13697284383534
13532,344.4655708339293
13533,357.15904252303557
13534,628.5522721264643
13535,530.540138860785
13536,369.19764817235904
13537,431.6250965405106
13538,541.8750941050707
13539,421.3867376085118
13540,384.66482618381696
13541,428.68756653217173
13542,540.8461425645137
13543,608.8533427904605
13544,276.0978054646277
13545,565.4058410011497
13546,303.56220530461684
13547,451.1813811385429
13548,605.8667597062001
13549,510.12294771545925
13550,425.9909766936166
13551,500.79753932874576
13552,364.02691018658453
13553,559.6565700797247
13554,506.80502651180393
13555,402.37095985263716
13556,429.90363662723746
13557,634.5960982072132
13558,436.7186993995764
13559,348.34788822470256
13560,503.260470175929
13561,356.52285368342314
13562,425.4119227433128
13563,472.1265904556158
13564,460.2218216710832
13565,397.8225797063384
13566,386.97573727260396
13567,379.96865896364847
13568,469.908449510666
13569,504.97366988031763
13570,350.4997150501522
13571,443.8354589501778
13572,396.08708310846407
13573,460.50514676629433
13574,369.6578354167438
13575,533.7281240203805
13576,274.02156747054164
13577,435.35855004337617
13578,386.9261320184449
13579,523.7298484650435
13580,403.6894914910299
13581,330.7234720970466
13582,250.20996022922236
13583,377.8777636751801
13584,205.08222640320645
13585,380.0298058531417
13586,468.0611224627228
13587,469.54572160228753
13588,443.16862562062175
13589,435.42493824302517
13590,515.6144060478417
13591,354.7179669325317
13592,436.5183175340974
13593,463.83431706430775
13594,438.4556915520887
13595,526.2101128573335
13596,479.0285810780356
13597,501.4148547452648
13598,613.4407682860594
13599,408.1593814718588
13600,378.70587581767063
13601,618.7569710583788
13602,439.7404511689043
13603,411.37156651054306
13604,438.98928459249754
13605,433.5446499809069
13606,495.0591270261108
13607,511.865809683499
13608,501.94091082472727
13609,411.5123604807076
13610,419.83292418390783
13611,495.6289348094765
13612,592.5415824317893
13613,497.58126386913676
13614,476.61723938761577
13615,422.8525571338218
13616,549.3752827787512
13617,632.468820027701
13618,333.26621999612297
13619,406.83090976916964
13620,366.60315934921016
13621,406.969606998363
13622,419.32058099624464
13623,492.8663978701707
13624,470.92947342416886
13625,532.3289813852929
13626,463.97243566934054
13627,366.37182688630037
13628,364.49543407625845
13629,470.9501328718273
13630,464.93571796204134
13631,518.7310356818203
13632,309.9816032094872
13633,420.7925854968862
13634,513.0684936343752
13635,542.3423021611248
13636,400.97264959426195
13637,280.73109151241135
13638,393.9384806974717
13639,418.0509650304252
13640,456.360419888722
13641,398.15508645714283
13642,535.4934840074959
13643,556.0742345810683
13644,445.9680349476697
13645,530.1097514332367
13646,418.8370822678641
13647,474.96701406552
13648,452.49140338039444
13649,414.5853852650645
13650,533.1478269147518
13651,643.6564804290342
13652,360.91963300119386
13653,526.5154054394054
13654,462.0167039000625
13655,337.42546459013556
13656,386.37427607459796
13657,537.4728392547514
13658,430.55764537459766
13659,577.3771881308338
13660,373.7676489280088
13661,512.6599759399256
13662,354.69817292039886
13663,613.01825236302
13664,523.5564832686835
13665,487.22097533484657
13666,373.4613617872044
13667,514.3014947312402
13668,355.77620184707445
13669,462.97224932616047
13670,359.61900654541853
13671,388.1050114563469
13672,477.8842097879904
13673,357.22976446420984
13674,505.1933134387784
13675,583.8052863800989
13676,331.7993083578967
13677,405.8878698802392
13678,498.6988839859648
13679,344.2171870321623
13680,498.61422087761804
13681,226.3067559705439
13682,397.88566762563494
13683,445.6003596861046
13684,418.9694436013434
13685,433.5045475244334
13686,385.4599204272181
13687,492.3954322303428
13688,521.0407616289112
13689,426.8072830643314
13690,377.2440963605226
13691,366.0841734439166
13692,451.2012839720121
13693,311.168578091074
13694,474.6308200857857
13695,629.9314681084985
13696,508.7333885754575
13697,679.0047174010764
13698,411.62900820745324
13699,386.04031539844027
13700,407.9972217123485
13701,351.52961396865464
13702,512.5724555063902
13703,479.58273106449263
13704,360.5774608061892
13705,436.8370072609616
13706,430.06635909291475
13707,640.7399373706525
13708,694.7017685636007
13709,379.6784174000068
13710,441.9340853327486
13711,407.7232718446523
13712,550.917108180092
13713,493.3757363410362
13714,583.0197317672585
13715,471.12414444132884
13716,394.46905946459907
13717,415.46773211519394
13718,439.4364232232893
13719,436.57152788168924
13720,326.9249700653674
13721,525.7200775144686
13722,612.3383173462124
13723,295.74501150757084
13724,404.78091975367784
13725,473.24002854979034
13726,491.34051985950947
13727,391.3865381203336
13728,387.7836077120293
13729,591.2547707652111
13730,548.8088235729729
13731,518.2050206274419
13732,433.94839011669427
13733,452.32315018750285
13734,418.12150069879374
13735,320.48253061034603
13736,409.8294381595753
13737,410.74163947529195
13738,414.58621900696113
13739,441.4553917310625
13740,530.3299556471768
13741,609.9778771691142
13742,502.733960332615
13743,502.2453483539363
13744,432.45804102877923
13745,501.5718281049617
13746,556.6367109021705
13747,431.7024961772289
13748,421.6574523148784
13749,353.954610396254
13750,387.5863741080275
13751,413.861266513344
13752,355.6004772748822
13753,381.3424440152374
13754,450.86413403329124
13755,436.8510037698016
13756,555.0233464394317
13757,450.7235257609532
13758,479.9526019280879
13759,569.6063290869693
13760,457.0844696890419
13761,483.5464694526
13762,355.77928424168584
13763,538.2135431871418
13764,534.0521159121026
13765,354.59944087068874
13766,426.9782480470645
13767,468.7634962047727
13768,389.63626662238323
13769,444.9971496433096
13770,407.47198989523685
13771,361.1979578330617
13772,437.5360600821496
13773,448.32668106685185
13774,458.2577923280093
13775,432.64421233902755
13776,466.5999563190146
13777,533.3106649317083
13778,436.55578443697243
13779,615.7438927978828
13780,441.36627374383016
13781,352.7299369891094
13782,479.2888604614823
13783,428.39216281564677
13784,489.8591121236978
13785,377.3221201875784
13786,426.87688945949054
13787,562.452349968301
13788,346.4826258596172
13789,658.0219422967411
13790,380.1949744585528
13791,495.9923405926149
13792,479.08381239857795
13793,334.85186764604686
13794,496.0686587404972
13795,380.25474258218605
13796,412.2424113646584
13797,411.5369477927565
13798,489.56504717514804
13799,397.20287656594127
13800,343.3050563551006
13801,483.1862950661111
13802,449.29300367589735
13803,486.25809594541914
13804,390.8543656152482
13805,547.2348053740471
13806,604.5087840438272
13807,393.0781708567902
13808,356.5359277067822
13809,232.15186110750886
13810,555.98630568025
13811,289.06061236257085
13812,474.30201424771195
13813,401.0260651306656
13814,490.2043948371615
13815,478.17716134062414
13816,379.9492679093319
13817,516.1064249132153
13818,350.9097790472908
13819,464.57372627962513
13820,497.85252309195545
13821,463.5898411941678
13822,486.69435202722144
13823,338.8593083939545
13824,466.97306317771324
13825,527.6163901023739
13826,377.01276474329296
13827,505.6741700918208
13828,404.5877387288798
13829,472.2441819727468
13830,459.3117150330144
13831,450.3009563285684
13832,576.6211761043568
13833,400.0548434785103
13834,482.38701231444304
13835,381.95456549527285
13836,349.09595929938547
13837,447.39320041050667
13838,448.8074463256777
13839,474.37201480699474
13840,464.8272816592032
13841,392.8837848148471
13842,369.3815287573884
13843,328.87039448635943
13844,249.9691495874157
13845,622.9850773520375
13846,383.82667095930316
13847,392.3646220089703
13848,458.6525534490394
13849,496.04831881513627
13850,555.4489774577875
13851,515.6748523702125
13852,473.95641713798307
13853,400.63802669137925
13854,647.7641581978336
13855,378.44342134797245
13856,615.9619592305535
13857,595.9811205127883
13858,414.6392647523412
13859,383.8176914822737
13860,497.64181735702556
13861,439.3438995716025
13862,444.39609008026014
13863,451.050687766079
13864,493.83283696547994
13865,424.216881650587
13866,403.8399244343081
13867,454.67647535109165
13868,426.1587321754182
13869,611.4402532964996
13870,309.9149800761746
13871,464.56929413994976
13872,506.46600738869824
13873,511.793033708793
13874,539.8128524026944
13875,407.93149220564754
13876,361.0093828168279
13877,520.6640408385442
13878,518.6781456488781
13879,429.9022272921104
13880,519.2324779607766
13881,413.23478047477295
13882,606.9129795111634
13883,460.7015283157701
13884,319.66121031387917
13885,419.34687321916704
13886,543.7112095751578
13887,374.1084274795824
13888,397.2129919687818
13889,381.5885424527012
13890,498.47985898984035
13891,445.3562239840772
13892,503.89031125513003
13893,432.7419813397214
13894,392.34889192509826
13895,337.2969698138141
13896,341.5473902019412
13897,416.0004358359968
13898,417.8958703526988
13899,389.66993735196286
13900,403.1200169584538
13901,550.9058924838408
13902,529.3899273299575
13903,408.3985007904489
13904,518.108913909311
13905,420.269513090397
13906,488.3621155219661
13907,423.00810892563624
13908,363.5240193533147
13909,418.0558954501572
13910,596.8632477588571
13911,481.4384350815011
13912,481.22357000639255
13913,400.81787676716374
13914,438.9014131091824
13915,464.9612441116044
13916,548.2738177368457
13917,408.18446340554306
13918,595.4855472832758
13919,550.9690586618165
13920,448.3072840044701
13921,488.2867634980332
13922,543.3321023286909
13923,340.53022715699984
13924,409.27978053192857
13925,356.8113357454781
13926,379.5811902930053
13927,487.9510813496293
13928,470.4994213338499
13929,541.5126303151532
13930,458.5176316023337
13931,524.49042540282
13932,431.69980911056615
13933,507.8476975283431
13934,456.16491705317253
13935,466.79660917681895
13936,367.67889829035
13937,521.19163400253
13938,487.72144554574356
13939,372.8022814231153
13940,330.8029311839372
13941,571.0029742684959
13942,456.1620214669919
13943,551.1098210016606
13944,470.80809747911655
13945,389.58433684909625
13946,508.84437353819135
13947,355.9519081474462
13948,575.1343129508762
13949,580.0284525048247
13950,561.1245072195145
13951,495.6492104867256
13952,387.51612745230676
13953,445.59238917015927
13954,364.2455923825253
13955,578.4133664972003
13956,451.41068861528134
13957,640.1669928097749
13958,455.8847263345359
13959,532.035861979262
13960,512.8678177880431
13961,568.1536259981993
13962,458.5655671467774
13963,396.03604123389425
13964,413.67409334836054
13965,378.41014595520784
13966,384.2770273259193
13967,440.35952532500295
13968,533.9975369062207
13969,412.7597670944912
13970,592.1552052072856
13971,498.3694902423757
13972,540.659299886808
13973,490.1533951924503
13974,452.6137845896391
13975,493.9123788523842
13976,496.5325763558056
13977,452.9788062129332
13978,354.1336469058137
13979,458.3303366472813
13980,464.93352331767727
13981,458.6768817150033
13982,432.264270014078
13983,445.04720662247433
13984,445.5190393969271
13985,493.8647869628566
13986,448.39569965247233
13987,395.1023894823001
13988,536.9966827850606
13989,457.3113207426473
13990,455.198416345889
13991,558.0758762674176
13992,347.8864194464401
13993,505.51777425505634
13994,572.2265398326548
13995,514.3669367927047
13996,450.9073301902695
13997,412.6216193083095
13998,437.80727076891316
13999,415.1668037133714
14000,409.7821731672585
14001,437.5826853390426
14002,414.7152030681861
14003,434.36985464016726
14004,459.9264694762096
14005,565.7100657473114
14006,402.91266576751946
14007,383.62738991067334
14008,496.7238192838256
14009,528.4862099282517
14010,540.9440096226191
14011,472.5667598602101
14012,303.1061816774697
14013,635.5484793844662
14014,452.59527810012156
14015,371.9680658928802
14016,388.8713953613473
14017,255.93138179175415
14018,475.02058356411504
14019,278.0129042345939
14020,506.12623723488775
14021,633.8330358896719
14022,462.4120994561136
14023,342.08659314011805
14024,467.8783541312153
14025,472.8550706367521
14026,441.6196628004114
14027,468.653856892015
14028,435.9484391622626
14029,326.35150210191057
14030,468.3303301123977
14031,443.7689861364829
14032,523.0031653662313
14033,499.0958196531142
14034,468.75025736424993
14035,467.5473049540841
14036,558.3797019706844
14037,238.65289650314327
14038,465.2252459559407
14039,414.480006604189
14040,510.51044186024484
14041,465.5313852037329
14042,437.2327208549336
14043,466.4323814852372
14044,452.47296625093276
14045,572.5383329480841
14046,416.1233934318456
14047,527.9935590492134
14048,351.70863049786885
14049,325.9261589272287
14050,381.2709650836033
14051,508.64207457642044
14052,487.0711834127752
14053,328.32752919062193
14054,290.60259101125973
14055,602.5299060935731
14056,363.4694294735404
14057,533.5015045602836
14058,310.11819712272114
14059,582.8630340634863
14060,337.654628559126
14061,451.6146558550161
14062,336.33567689549614
14063,466.0573191721728
14064,459.85694384365945
14065,497.20482325416776
14066,529.5737664976582
14067,428.83237518234455
14068,527.5013596285678
14069,473.58995696357186
14070,406.2389006998037
14071,375.02133079004324
14072,448.614838673149
14073,479.99445035954454
14074,442.6887528549264
14075,351.8888008479506
14076,444.0218172052363
14077,461.01892826068485
14078,461.1042509114682
14079,494.18884607450576
14080,431.8540001543475
14081,521.8926780417466
14082,264.24575732810143
14083,518.7204445675998
14084,499.7787196627413
14085,493.50138458343014
14086,489.87735236215144
14087,532.711718595212
14088,330.33324566699395
14089,501.8281765035078
14090,461.1930793050252
14091,535.9502243639266
14092,464.67686699378635
14093,457.3304103160239
14094,469.78591925733565
14095,558.5608473599759
14096,486.87441577226997
14097,460.5827792293463
14098,539.5928655602694
14099,375.5427604483947
14100,505.6688640395843
14101,321.97830710522385
14102,575.4987212342251
14103,542.4689390372957
14104,430.1070697220999
14105,530.6165406736142
14106,419.1174241006009
14107,481.3347693905252
14108,398.34706316354743
14109,456.64077338559184
14110,414.5645197295346
14111,387.27096509070327
14112,419.07810213936347
14113,507.8710128859458
14114,453.0479283326777
14115,596.9757990297954
14116,442.75196312592925
14117,460.21961668644406
14118,469.6409366173763
14119,499.50964393760626
14120,547.5109028631512
14121,507.56238274354763
14122,467.77286537571774
14123,498.54445094963205
14124,534.9609945397083
14125,417.745715181628
14126,437.66850508183325
14127,448.38620065623724
14128,398.53427376704076
14129,458.3577274544527
14130,465.0848323549424
14131,298.1195847773757
14132,400.2507749516285
14133,495.7264168634508
14134,461.09666153603376
14135,491.89683057653
14136,468.29110709018437
14137,565.7746640745728
14138,316.6616776050942
14139,405.60964532392967
14140,291.0004194074776
14141,441.38356321695034
14142,384.30684761349505
14143,497.93907410353523
14144,390.5935116218901
14145,446.0340078566115
14146,515.8251064888916
14147,367.5206312211614
14148,446.0272496600362
14149,436.05679041543164
14150,449.9091374493368
14151,430.00031247793913
14152,588.2725295708456
14153,459.17876683248966
14154,372.7608087936233
14155,678.9179649648149
14156,501.3753608925812
14157,453.19570621126815
14158,408.7058780987467
14159,436.5807991333731
14160,415.1535637422479
14161,406.6478711822532
14162,278.41625453726243
14163,464.3993389358226
14164,514.8774271513647
14165,344.0777410859627
14166,497.28960125342036
14167,429.3125329756562
14168,503.66951913872407
14169,512.3196783193123
14170,510.7978992105535
14171,490.3821290819234
14172,420.9272774283819
14173,386.0468436917451
14174,397.8638098049939
14175,539.4896799921319
14176,524.3853321449245
14177,448.3238385885709
14178,484.1854910163497
14179,469.86333917296855
14180,544.4178913475482
14181,458.30276967302547
14182,403.36072558577314
14183,464.06381303694064
14184,512.7748830715113
14185,484.96187245312484
14186,370.1118490179252
14187,454.2899085709283
14188,451.4869008966531
14189,416.35350358752686
14190,416.2834426191238
14191,530.6431033422956
14192,462.1707096704871
14193,476.5055701764857
14194,329.3129273443427
14195,540.5298506056397
14196,454.7606298250596
14197,579.5891724773938
14198,384.9217548831922
14199,376.14332848448896
14200,517.5091704586797
14201,572.5876036497879
14202,662.4125090830971
14203,578.8075162515134
14204,414.8147844152114
14205,550.8669152857365
14206,425.8395901962948
14207,473.46808857101445
14208,421.01773088217
14209,643.4005644948627
14210,363.7200159749624
14211,327.84115222619283
14212,586.2865003301936
14213,469.6499175783563
14214,516.9788582487458
14215,305.3636891667082
14216,702.5566477558122
14217,451.46813562644763
14218,408.2332822755984
14219,399.3750042613747
14220,386.43862664056326
14221,403.2593676569478
14222,484.00063580309785
14223,448.47272794343
14224,496.2307236854459
14225,435.1386419195411
14226,461.5594156541904
14227,427.27412210591694
14228,451.8656280682705
14229,359.6554407771222
14230,283.1269106069153
14231,465.0187039699834
14232,525.7118193728437
14233,487.04271577698023
14234,499.24411683239595
14235,306.47986056579253
14236,521.8921327533972
14237,458.30412828207244
14238,382.04515163063826
14239,497.3083505567052
14240,456.3536742531345
14241,398.62058305037675
14242,459.72048218104294
14243,426.0179845239381
14244,490.5966161963917
14245,517.7934529992144
14246,515.7329353079909
14247,474.8363736802542
14248,370.622764283453
14249,601.8103370635143
14250,506.05563430637375
14251,479.7598814129543
14252,441.30450646252746
14253,403.0512525260447
14254,495.0293990793664
14255,403.0207101641359
14256,453.06728381436704
14257,431.9149779406107
14258,490.60922205976465
14259,317.0807905501097
14260,579.5317166936486
14261,352.6025718453843
14262,452.33904883534814
14263,437.5531242947526
14264,402.0407958292919
14265,463.6314889192995
14266,500.1243175911789
14267,480.4752806554353
14268,403.7329449843475
14269,567.4971884740288
14270,418.13565864047547
14271,456.0879112350198
14272,550.2553349000432
14273,531.4164203812124
14274,342.9074645141353
14275,451.5671114506512
14276,364.05009698104925
14277,501.6235851008777
14278,619.9826971729519
14279,384.9907444663435
14280,493.5270521992383
14281,507.904898280643
14282,557.1257348311669
14283,470.15711342222716
14284,377.75324570425494
14285,494.55002151752376
14286,411.2553355125388
14287,536.3016842404945
14288,370.41912134099397
14289,526.8807285223959
14290,413.62609270669174
14291,612.8858353052891
14292,411.90238667457925
14293,623.9175080989319
14294,574.3036501192522
14295,527.8685971958803
14296,368.32167685956597
14297,482.39328162020695
14298,255.4544051375391
14299,345.00828530919216
14300,537.9458206964273
14301,430.77691366127794
14302,536.5207435439174
14303,322.9333773446938
14304,461.2247506976134
14305,547.1691031863808
14306,555.3365522978826
14307,512.2813793296554
14308,273.83837493210785
14309,377.54414770341333
14310,447.5386896671476
14311,431.58336388659484
14312,486.77491541087056
14313,330.96179567010245
14314,283.9909243802039
14315,388.90541062991065
14316,424.41308522743196
14317,423.28015715769226
14318,364.14925613755156
14319,524.9433540171906
14320,390.5474212070054
14321,386.6408752075935
14322,482.0161491069669
14323,354.5231763787679
14324,407.6391071461552
14325,317.02794588031225
14326,445.1019589219845
14327,375.6504592595019
14328,488.6849184460367
14329,493.04510214297994
14330,517.7668934779945
14331,396.5379157646387
14332,400.9706846851576
14333,400.6258808290766
14334,438.12145665925414
14335,458.0102742636298
14336,493.44527684678303
14337,592.6519488255329
14338,553.5884747096484
14339,490.98130265766923
14340,382.08113203696297
14341,396.00905789440844
14342,353.59808895669
14343,549.0688468131683
14344,369.8926942935234
14345,547.3623505633187
14346,439.4688502394765
14347,519.9606502751816
14348,416.29758167181967
14349,641.6542027612276
14350,631.8232250617226
14351,356.94736539287186
14352,545.7333098956507
14353,555.2951220521999
14354,315.91314207159655
14355,579.7768566442387
14356,399.68984432496904
14357,356.3685513540818
14358,532.7281864992669
14359,432.3924332683552
14360,401.09524316304294
14361,533.7190052400857
14362,465.013691378629
14363,357.4256791526373
14364,564.187599940872
14365,443.6316493976947
14366,597.7168861087201
14367,434.5318884954794
14368,350.134344972344
14369,439.1819383973516
14370,337.9162091789688
14371,536.5428833381094
14372,599.4999055293737
14373,546.000895966917
14374,511.60329402053526
14375,493.96152738748196
14376,365.60845917622703
14377,530.3720560012043
14378,418.54267108183814
14379,456.19515872038716
14380,430.5723357046898
14381,448.9942189600697
14382,457.74239804846866
14383,483.59547953975715
14384,517.4835091672716
14385,431.22401851726715
14386,496.2282820910381
14387,470.6091654578547
14388,442.536173011339
14389,619.8327523940357
14390,399.6015734152197
14391,422.40682775260643
14392,449.39007300073933
14393,442.6681857790728
14394,465.73759682230803
14395,572.2764305172213
14396,480.86052153520916
14397,396.20268981658256
14398,443.9591430552182
14399,426.4490944737441
14400,498.63633789722417
14401,377.87864994904817
14402,454.39278234788065
14403,395.2361531333239
14404,588.7221965064945
14405,373.5596989066343
14406,396.74714794702123
14407,543.4129998420493
14408,446.3741663550392
14409,623.2526652013287
14410,374.090630421136
14411,500.45592882059196
14412,478.74816374935574
14413,371.65823372040586
14414,382.23391458977335
14415,450.0727076372727
14416,542.9703698263365
14417,449.68586929757066
14418,431.82920129278244
14419,395.94828893914325
14420,418.53931636102755
14421,515.6765887726119
14422,466.9140772381881
14423,381.05219132017436
14424,485.33636975105765
14425,496.8400467053835
14426,437.8428258612932
14427,476.555254630121
14428,340.0695354187141
14429,424.92953607202963
14430,482.88477733002304
14431,477.10018999147565
14432,606.6129938878519
14433,475.3384531254675
14434,485.8954633737278
14435,399.9335386860975
14436,452.6716775650781
14437,477.2341654747323
14438,403.14773369347336
14439,512.4890185949993
14440,423.1759184251159
14441,417.39892408471457
14442,434.64283231058084
14443,433.34574535805456
14444,332.514148946608
14445,419.25479007025376
14446,537.848724854625
14447,345.1915511316722
14448,465.8599383636571
14449,419.1927819090552
14450,566.1933647857605
14451,461.86005067623745
14452,498.25904901380426
14453,388.03852968086255
14454,322.99148238894463
14455,437.9837065465787
14456,606.8689835858295
14457,299.7509129033681
14458,352.40889329173103
14459,515.0782982004379
14460,445.1968932356459
14461,413.67851249993134
14462,479.49494387806317
14463,539.5337418480484
14464,377.99501831381076
14465,473.2448072348547
14466,506.31572926337486
14467,441.1635298638367
14468,391.63365208910676
14469,469.7717833143057
14470,491.0914535932832
14471,393.6409792539268
14472,505.4496149659514
14473,342.1079320044434
14474,527.6043735788493
14475,476.57263367610585
14476,522.0763420542116
14477,306.15824852248915
14478,426.0753711331048
14479,419.70069182025054
14480,479.41854257017496
14481,597.5427304441085
14482,431.1399327245197
14483,468.79976696492
14484,438.5039835364762
14485,384.1516416421385
14486,316.20560079144786
14487,534.2831754167036
14488,557.7284554350622
14489,404.07575498527694
14490,369.3583171494522
14491,586.0548664305734
14492,602.4953212594664
14493,555.7126983318891
14494,410.56795137845126
14495,438.26005163085955
14496,478.61061695930897
14497,601.9642219353153
14498,554.6964219413255
14499,442.4594294889196
14500,302.4824969975521
14501,484.94112040414984
14502,556.4764405678363
14503,496.5222364324301
14504,545.6952945866504
14505,502.0248524041135
14506,524.1570589573894
14507,353.42321024794444
14508,437.20843495289614
14509,485.39636592302645
14510,562.8406111052121
14511,373.53967144705103
14512,560.8657103119064
14513,479.95734276466897
14514,339.68773806687994
14515,366.8289012246827
14516,412.2544180781243
14517,496.3418585776378
14518,287.52166403998353
14519,500.45972414673935
14520,466.2879864707992
14521,538.594263849901
14522,453.2204418715387
14523,447.7759444867865
14524,308.21398065370954
14525,197.4955359740145
14526,457.4325327521375
14527,370.2417406005462
14528,495.2194284838319
14529,447.8516901021697
14530,425.96097610123684
14531,314.1264537358275
14532,560.2541672773513
14533,359.387190173186
14534,460.12604670475014
14535,503.5633836847063
14536,503.1590880445643
14537,451.76861690782613
14538,325.09872223498917
14539,449.72660580374964
14540,400.2668959384292
14541,437.1768054031206
14542,375.30862340141533
14543,524.4748429497762
14544,508.0391191979688
14545,501.0107769843645
14546,506.09757315060637
14547,638.7011517687993
14548,461.82440445416114
14549,553.197567162112
14550,505.50169385209057
14551,523.2276002252765
14552,507.7618407928598
14553,480.19508232725417
14554,549.6852317216717
14555,381.9149672672703
14556,334.3202145534727
14557,578.3058417237181
14558,449.2642672565633
14559,509.82438841549754
14560,540.49400737289
14561,434.7428381390937
14562,425.6719328964167
14563,409.81926106243736
14564,391.1885168848346
14565,319.92431836709545
14566,582.3214542223637
14567,435.42556084296956
14568,490.35503254549485
14569,505.4453125319829
14570,402.4855422941524
14571,414.71745231201425
14572,435.76917565709186
14573,516.8625927576237
14574,392.9768479949758
14575,502.8268211570498
14576,403.39969158128486
14577,432.7185188528681
14578,523.0145220746438
14579,326.44416980432277
14580,497.1290201905274
14581,441.0366253501127
14582,429.82573326926024
14583,449.95514321170083
14584,577.7617027095152
14585,303.0891309028192
14586,406.4224680711061
14587,476.2866440111462
14588,559.70753509756
14589,351.21688644016774
14590,404.30761075123263
14591,409.2895829627054
14592,455.80101140557485
14593,562.2023640377464
14594,477.5145603341207
14595,627.3040607132668
14596,465.68709635504825
14597,464.9796851912965
14598,424.3567049539327
14599,493.8230033553924
14600,513.3574602796162
14601,535.0832696924061
14602,466.84690485103783
14603,380.2360657307131
14604,524.0584527490405
14605,362.6722752229685
14606,393.8844209467799
14607,633.8995120836487
14608,431.638611342731
14609,508.4851782143438
14610,449.3390577572031
14611,461.7815762769412
14612,473.0027752619685
14613,378.77059042198977
14614,551.2805567176207
14615,462.727159247517
14616,493.9526436523702
14617,333.374153728067
14618,523.392654796796
14619,401.17335685358887
14620,421.8857953171599
14621,325.2632459640208
14622,405.3619608078995
14623,520.7302948075436
14624,463.7687807856009
14625,567.7586818562004
14626,450.0892872580532
14627,296.3099831015547
14628,413.4438118556072
14629,499.885325104258
14630,399.6263831192925
14631,459.20741028992904
14632,479.5897805526093
14633,380.1874121495562
14634,399.58663665337457
14635,462.83034134226176
14636,346.1444135772189
14637,450.3331327746487
14638,422.30464291646746
14639,310.6409624550457
14640,490.13921528626423
14641,437.27143026031024
14642,450.06431693770907
14643,437.462536891259
14644,456.35997468880504
14645,469.4456789153313
14646,429.5626424990926
14647,468.73562614662046
14648,435.38099395864634
14649,503.83788839612043
14650,508.25135417074006
14651,364.8310207479293
14652,440.5626992269571
14653,486.53783393322897
14654,513.497278424833
14655,398.2515405758139
14656,487.61853138476636
14657,437.1514111539403
14658,400.70001577099833
14659,404.7719547794267
14660,593.5782359205567
14661,557.3637816590173
14662,502.0090398725231
14663,427.37701553121616
14664,550.7495403683546
14665,338.2243639254907
14666,508.26732939343754
14667,478.8481946516003
14668,579.0465697406523
14669,398.8177558346067
14670,551.7309219757726
14671,547.45978955586
14672,451.0761474352941
14673,426.8717894306463
14674,460.9662101451292
14675,395.91806213467527
14676,451.0364935760952
14677,471.65225969265805
14678,582.059863976324
14679,386.2211864089173
14680,350.9056934824825
14681,368.69108820506995
14682,537.5775832941541
14683,524.4086812671653
14684,343.4021122068078
14685,308.4320886346864
14686,474.5845787272167
14687,547.3528917665202
14688,395.573162720985
14689,364.3517660566958
14690,371.90867128149824
14691,560.8209615552681
14692,370.6916599310002
14693,486.99149557149326
14694,427.9729689670146
14695,498.3205274551934
14696,219.83944460204842
14697,398.559546466945
14698,448.9641018733054
14699,417.1908386461638
14700,472.64133010933017
14701,423.1964182717852
14702,485.6203255764755
14703,416.47338050931023
14704,496.6367939649049
14705,570.5868445404581
14706,333.70139356788843
14707,421.66185425889927
14708,433.8170240852244
14709,467.50121189750735
14710,465.5549511105853
14711,425.48309116255206
14712,487.66313120160225
14713,459.9916706913677
14714,471.7145079519589
14715,446.1325652091349
14716,451.54673825742043
14717,456.2432097404241
14718,464.29354705438436
14719,504.34116109764517
14720,484.26295667033486
14721,432.0279534631739
14722,484.0153021377519
14723,434.89620406733195
14724,682.2000222217692
14725,680.2591061559597
14726,421.67523580593723
14727,407.5653809723819
14728,463.91436464876216
14729,469.2448527306666
14730,486.60577541025555
14731,514.5348421637323
14732,492.7758506561233
14733,421.75545129695286
14734,360.5006291306299
14735,607.5374802465975
14736,438.5385920959214
14737,430.88023319371587
14738,453.8164595661582
14739,439.276340699997
14740,496.7853965113765
14741,409.1322618770646
14742,393.21698227606004
14743,553.2928016094598
14744,453.3412778677332
14745,501.32623519608944
14746,330.6115000119466
14747,459.9579123880549
14748,538.1546161092774
14749,433.48232470861893
14750,494.07197945931944
14751,413.01841666395836
14752,526.7756171176628
14753,522.7447458874417
14754,646.3835471163095
14755,441.03608393270093
14756,518.2166076593797
14757,447.48900579744713
14758,333.9248309956125
14759,466.3517827999632
14760,702.0840590177074
14761,366.7994329790475
14762,412.8870464834011
14763,309.53387946020996
14764,346.5183642465112
14765,485.7288107153842
14766,408.27176401348953
14767,401.14130726008244
14768,498.43408171766356
14769,482.62989479275524
14770,459.1847573937407
14771,578.491296680883
14772,512.750780477
14773,301.70425323535244
14774,424.038004237706
14775,377.5853853886894
14776,377.90168099066244
14777,341.03646523561105
14778,528.4108312236816
14779,401.2057929134539
14780,459.86422224971864
14781,537.2669552195313
14782,383.16694227674975
14783,387.68289840995897
14784,455.1904720724189
14785,441.7753863247614
14786,343.60037994829474
14787,527.534292978093
14788,424.11679408518415
14789,430.45613419607776
14790,458.21937938298294
14791,392.24533461594945
14792,468.4577621745789
14793,444.9268622432677
14794,449.5987776613363
14795,482.6475993917915
14796,400.5748176208952
14797,420.12120645665993
14798,450.93068801863336
14799,385.52243969209314
14800,496.8827191503681
14801,544.4192982862417
14802,435.5950705316474
14803,433.710549181576
14804,281.6433717512
14805,556.3945582403019
14806,459.48798974641517
14807,449.36295809921506
14808,415.54054765575864
14809,314.0174473974813
14810,378.6094641394983
14811,557.6203014888553
14812,444.70063961152835
14813,416.7241777604449
14814,396.0492979846864
14815,398.09275411445583
14816,448.99881487895215
14817,460.8382698362538
14818,414.5869774365866
14819,514.4148510095456
14820,335.19129751179287
14821,378.1619987200462
14822,511.281150132617
14823,316.5684704126392
14824,430.1836091327039
14825,459.4231821812774
14826,427.8463075860934
14827,432.67734398462244
14828,493.00178126688115
14829,527.4455320505306
14830,345.02452077484315
14831,578.7128057051762
14832,541.765907168696
14833,446.02781121424624
14834,435.8751361153175
14835,361.6055986805441
14836,438.0356571962194
14837,444.668896698
14838,448.2810762751734
14839,465.0919878784861
14840,481.49717320870656
14841,505.5388475068446
14842,411.20062258942244
14843,375.9238983276967
14844,485.42748875748936
14845,449.3482266299263
14846,242.58289308390144
14847,431.2750312809404
14848,333.60067939968593
14849,469.00387192886615
14850,355.29003492281606
14851,412.14502007815315
14852,445.28650596261576
14853,279.5590156801595
14854,467.1879349769555
14855,556.7418156275199
14856,476.81405704186466
14857,445.6431795119191
14858,392.2643514346879
14859,299.90937424220215
14860,388.5136005319094
14861,533.6919501551974
14862,470.5394835078084
14863,519.0122879776338
14864,494.4139748551288
14865,551.6787849726252
14866,372.10870882778477
14867,520.2820895189302
14868,526.5857721836035
14869,394.4114766055483
14870,527.8189881288685
14871,472.424995322687
14872,521.4740120170225
14873,331.10611909233825
14874,533.1535646628181
14875,472.8808123762649
14876,524.9017625806209
14877,539.508337840549
14878,469.54789808893855
14879,558.5771994568487
14880,532.4792208252557
14881,397.90112094887695
14882,482.59311944279233
14883,399.9510127650201
14884,517.6578883209578
14885,523.7945523844797
14886,344.45153781187923
14887,526.8683441316207
14888,465.3455619969735
14889,492.0180835822651
14890,393.6014825209097
14891,430.4080683765037
14892,534.3406491356386
14893,333.6648451799722
14894,476.6640394702976
14895,502.3363681557259
14896,433.9474109750637
14897,495.6764704387327
14898,315.2850515031463
14899,387.0520577354269
14900,531.3762567014767
14901,386.7191571694471
14902,454.47046496264977
14903,521.2190784511229
14904,533.0220857094083
14905,457.252842562955
14906,516.2744862347714
14907,439.92362992245853
14908,525.0013607027192
14909,419.63816865910826
14910,529.4992176089823
14911,504.134323358116
14912,503.01783331766757
14913,451.8042714753697
14914,298.4701150403773
14915,470.07753538268395
14916,596.2172922864079
14917,409.94125093439055
14918,449.4226717190218
14919,369.58536586519676
14920,476.02920720801063
14921,451.7164307818978
14922,348.51484851223285
14923,344.79115569822164
14924,431.8810449493587
14925,418.12426828797726
14926,582.3397581124942
14927,382.72739875
14928,486.4901796315759
14929,469.86477274670926
14930,304.1410523847274
14931,330.75651012290007
14932,281.1298643134818
14933,306.1940734894604
14934,479.8589692714032
14935,467.25726156370274
14936,304.8623222907589
14937,402.41842692461415
14938,479.43714882949433
14939,557.4796116119619
14940,509.9107612170324
14941,418.2791738300357
14942,674.4396161237402
14943,427.3522447010464
14944,512.2197955909197
14945,534.7495946529937
14946,550.4761023147214
14947,448.46508663167316
14948,494.7461556595747
14949,618.656909509382
14950,437.34179572087163
14951,537.0837408510957
14952,583.2382997936567
14953,415.7730825071886
14954,456.22510166119935
14955,446.2551344403338
14956,500.85089482063876
14957,350.66034539993325
14958,316.494335720303
14959,476.1119854274723
14960,464.9197498567912
14961,515.27142495668
14962,491.1273349540872
14963,512.1905578613871
14964,508.28345943842055
14965,495.16795063207553
14966,439.0802864280327
14967,316.2942948907313
14968,526.7292265781733
14969,410.8542245529382
14970,612.7595244859132
14971,435.8954487215318
14972,449.07931781598705
14973,395.8514456754082
14974,481.2924189439516
14975,401.3887205002084
14976,497.23789144065887
14977,518.3478044598535
14978,411.4459155172713
14979,500.61548927586813
14980,446.52542058725584
14981,390.1182127523819
14982,473.3486164685109
14983,465.0663476564349
14984,484.1204992154363
14985,501.2034269683054
14986,413.0004082281578
14987,474.1617164070715
14988,582.362341021302
14989,483.4745799193622
14990,509.7904201651501
14991,468.6611706444364
14992,303.6244854078057
14993,446.4471961757359
14994,443.15249907683983
14995,429.970230112138
14996,447.890211462378
14997,524.1216580937053
14998,503.3528199022236
14999,378.1858313438721
15000,498.62925453631624
15001,531.7852348017369
15002,457.1986808185898
15003,401.4975707151976
15004,469.74523422303605
15005,427.9753073534908
15006,542.0201142498719
15007,437.04546498901124
15008,402.6026466043615
15009,481.28409991538274
15010,323.3655237554126
15011,549.5069440759427
15012,337.37881432757104
15013,802.0684370906207
15014,572.5352920604169
15015,441.2901667047566
15016,456.49669617776624
15017,290.4684120345781
15018,504.86841352579876
15019,492.0712120018065
15020,430.91678946155434
15021,329.8935321406582
15022,373.2032848086239
15023,299.4048896055429
15024,553.6269688756564
15025,548.6865731372827
15026,384.6812574319957
15027,494.86687140182164
15028,549.5107376097393
15029,545.3457437134322
15030,363.4598906249811
15031,427.3728338361324
15032,353.6946992943953
15033,533.2294906503776
15034,476.8678567402463
15035,521.9063551255501
15036,405.5796307457832
15037,446.60346473061924
15038,503.1126576371414
15039,472.2558618591223
15040,533.0846642721401
15041,534.0059441738958
15042,301.6717701301882
15043,531.7104735292022
15044,408.69135213444724
15045,430.3370142832194
15046,526.2670544323947
15047,491.1859149571233
15048,438.092881743136
15049,377.0103681655756
15050,352.602928896808
15051,468.52675007664675
15052,422.9303101556375
15053,432.40086327630286
15054,441.1730037629334
15055,486.581981928992
15056,404.1363122494479
15057,321.6476880519224
15058,284.9980098256489
15059,464.4682619827144
15060,391.28842355225095
15061,464.678630499413
15062,439.93348282796904
15063,463.9928467343638
15064,358.25327647544606
15065,396.486565104229
15066,507.1305409453031
15067,471.39032191303943
15068,341.4763484183953
15069,522.2901765508243
15070,340.9815014141364
15071,561.1456227029379
15072,461.14915659508796
15073,404.262945344545
15074,442.9599991645052
15075,474.45909761686994
15076,305.69064255279386
15077,257.9830102875074
15078,446.6366843903808
15079,460.1808581235325
15080,483.41584728946077
15081,494.4073944368087
15082,356.91056262864436
15083,449.1010199192577
15084,414.917481783878
15085,499.1930761145346
15086,428.21966458831616
15087,429.4869764120663
15088,500.49913001854634
15089,537.6969950029772
15090,333.5707830735486
15091,421.69886494073444
15092,403.2442217987073
15093,416.76967756833795
15094,509.11317792479707
15095,491.5822544536875
15096,364.945557945493
15097,422.1082660978146
15098,454.25521499987514
15099,404.67284844146997
15100,725.7920991545833
15101,520.9083255501517
15102,411.5626420872656
15103,362.89330890737654
15104,399.6296267205662
15105,337.28997677114904
15106,401.00024020020635
15107,491.65768097939986
15108,466.30961834602124
15109,463.8358538727001
15110,355.36959755288115
15111,328.9790750849104
15112,291.69725894884414
15113,321.7335514317303
15114,441.2065664063539
15115,432.1931812425196
15116,392.9915383263405
15117,297.6051191114995
15118,429.73933558450403
15119,432.441449304589
15120,492.2805337745968
15121,310.77680339418515
15122,397.59534951173816
15123,612.961437518181
15124,454.1438818389374
15125,400.4938666114937
15126,443.8671280674654
15127,583.3996140700363
15128,352.15952486385277
15129,392.8696246031067
15130,299.8312326648461
15131,513.6728802216202
15132,408.58480058189247
15133,379.9340297655597
15134,399.34472602666006
15135,450.770028544596
15136,583.9530608985795
15137,423.25711570334823
15138,369.68069940003676
15139,380.59994123889027
15140,443.5754344209822
15141,354.2730650470045
15142,622.29537513176
15143,458.9796871249708
15144,511.37970170543315
15145,430.6513182324094
15146,489.87081961899617
15147,509.6677052418372
15148,449.6391397053134
15149,422.21392922507533
15150,527.2735759624132
15151,522.4861536654389
15152,437.204484569863
15153,562.2465451626351
15154,353.3287008751337
15155,363.70454198282766
15156,457.1449872805307
15157,396.9154754996155
15158,503.86099969125445
15159,568.6826369409682
15160,346.06025707814547
15161,560.4642724990684
15162,323.73188391642213
15163,442.3972962569193
15164,478.032978862511
15165,508.8214755266756
15166,371.78455128307843
15167,500.05882538415005
15168,463.39646032092736
15169,381.9478109700947
15170,412.49409564948763
15171,415.6748621320885
15172,503.4343813081854
15173,371.251766502075
15174,441.6274540178901
15175,485.25174895724456
15176,494.88454355487994
15177,585.4997543445978
15178,598.3953562353627
15179,544.8011719640317
15180,554.1826248505504
15181,396.0803133352196
15182,442.1958958794405
15183,559.3271284565079
15184,409.0402816097936
15185,198.75964086535447
15186,491.67757928219953
15187,365.35065191151244
15188,405.0183104469885
15189,564.7921620415151
15190,322.84774575400445
15191,462.6889279473068
15192,492.6709009864157
15193,643.3744330436621
15194,462.8393213379412
15195,387.9461957960257
15196,538.9727287161581
15197,438.526576008187
15198,593.1027286173531
15199,480.8782977118418
15200,538.1893001221016
15201,327.34774251511186
15202,427.93881200683256
15203,352.0404954181784
15204,431.98886967453205
15205,434.63438458004276
15206,574.5366795280468
15207,387.43291975560976
15208,438.3070652004812
15209,466.51210712929094
15210,495.8742459565466
15211,495.1392047426994
15212,353.95656552916705
15213,467.3708625421299
15214,426.71535772731477
15215,448.94373769585854
15216,442.68230684265257
15217,515.7442784975426
15218,333.08036927525455
15219,421.73480027269585
15220,477.4705100688032
15221,364.9290180713655
15222,421.42087406525474
15223,509.1882153902433
15224,484.9707403131909
15225,428.6026923473964
15226,413.1312832165556
15227,328.2159125140086
15228,427.8202585633406
15229,583.8297039148729
15230,377.398445057295
15231,533.2108434819891
15232,466.1401175809538
15233,393.00691292781664
15234,563.1184941010721
15235,487.51719428040025
15236,511.9359502940024
15237,413.61931133858735
15238,624.5692997677075
15239,345.8521471251472
15240,356.47314676751347
15241,423.9337307442627
15242,524.5847026513462
15243,365.0903233268052
15244,492.77640806187514
15245,422.00533543581815
15246,266.4154578043288
15247,408.2394615967022
15248,532.1334592927898
15249,640.7473280320409
15250,419.23932158913345
15251,415.3426957075245
15252,456.89325129108283
15253,408.6936064511281
15254,409.38582337176786
15255,415.73983493457234
15256,491.19137839014195
15257,447.6975300721906
15258,421.32010748723616
15259,488.8408719261845
15260,445.93933951656874
15261,575.2808204391281
15262,384.79246705172454
15263,431.9919820272356
15264,392.3089319323539
15265,509.21247833357313
15266,393.9166168208099
15267,386.51227531113955
15268,410.1954691999813
15269,415.4141450288131
15270,465.88978717493205
15271,477.7213122298069
15272,408.972570810845
15273,335.6987462847208
15274,528.1445201378906
15275,504.72484864783627
15276,702.6746451343145
15277,367.86518686207967
15278,482.86127793902
15279,457.7072274049721
15280,341.2278120468608
15281,423.54533792735845
15282,414.82558201357745
15283,466.5436298409441
15284,512.778901677533
15285,371.01836546884323
15286,481.9972508147949
15287,409.5900347634428
15288,355.0177444638505
15289,507.7735645238792
15290,528.0730284320742
15291,511.90919329418205
15292,546.5852951481963
15293,669.834993750169
15294,431.5825887505902
15295,460.20965726187524
15296,382.7244163032716
15297,406.6548073261097
15298,445.14531967235035
15299,510.1598519162392
15300,509.0137076782488
15301,424.92192590900186
15302,403.50349081267814
15303,512.4486208208086
15304,389.5114054676173
15305,253.62371043069788
15306,503.3014194213473
15307,371.70926544134835
15308,524.0888330259197
15309,521.9289016469504
15310,444.1612842756896
15311,519.7900063990326
15312,472.08272309867255
15313,382.1514237660909
15314,391.49231969509265
15315,413.7714530350262
15316,439.50096240510095
15317,648.2073302211766
15318,453.6482427080831
15319,387.7676791310496
15320,381.1127333180654
15321,481.70814236764676
15322,273.54063785486244
15323,368.98493428938013
15324,442.61675868513186
15325,318.28877749592704
15326,533.1196325484746
15327,425.1494852260933
15328,377.42171336025643
15329,426.98723132312165
15330,441.1864897340652
15331,444.95884141126857
15332,401.76609547078317
15333,595.0865753535375
15334,542.4825133979824
15335,430.2959823279197
15336,415.50077092367
15337,573.1950391140491
15338,419.1139343552094
15339,386.44449675385204
15340,396.93174606715655
15341,330.16715810159315
15342,554.6039012720785
15343,465.2908663652425
15344,447.38811905075437
15345,380.2574344004873
15346,579.3674238342871
15347,482.6212872466099
15348,497.50730397815704
15349,528.411261626726
15350,396.9613895717272
15351,351.44894850879837
15352,403.6395091047046
15353,452.8594791618615
15354,519.07024437133
15355,481.5903836010803
15356,491.7271030919818
15357,459.86408619957444
15358,275.2017976044717
15359,529.9607717398951
15360,453.592285281856
15361,510.22665103085694
15362,463.45022273029446
15363,333.982821804222
15364,410.14462951399526
15365,429.5631555397332
15366,455.1628054490661
15367,315.0745950463322
15368,390.8452599537691
15369,445.89558083352347
15370,314.57180082874294
15371,264.783938585083
15372,520.1315029047399
15373,399.87849907055937
15374,347.1988102992077
15375,388.15417937535216
15376,434.2418376350901
15377,464.9905654087375
15378,578.3288916968277
15379,541.47976295877
15380,402.87208436027555
15381,422.8903122252326
15382,418.6602914088228
15383,205.01130638500638
15384,453.43047444121896
15385,361.03928699175697
15386,520.786422847516
15387,441.90325524259885
15388,490.18249069528935
15389,392.2979283999606
15390,545.9485830075378
15391,453.0809950625771
15392,345.31363095677733
15393,540.2166084861653
15394,658.6040676994035
15395,536.1763212949804
15396,390.96539385662464
15397,463.7785179219158
15398,324.21127052170397
15399,315.7898994127233
15400,531.1630939648347
15401,347.17714962738023
15402,522.5767591588384
15403,490.96672964011384
15404,637.1793497370767
15405,414.20558874416446
15406,480.7447740012534
15407,456.0462240842557
15408,378.48501002203403
15409,485.84040436948953
15410,408.1447402742743
15411,380.1577518379948
15412,440.2026344081177
15413,445.8023680534712
15414,380.406514360367
15415,469.14842925388535
15416,588.6669280105984
15417,313.35686011603866
15418,558.4877622868764
15419,524.8530470141536
15420,419.7829028740061
15421,517.2771319477141
15422,411.4490244322865
15423,605.0406389428059
15424,399.36527365247196
15425,407.43390528461254
15426,442.45557679535796
15427,338.75761095923417
15428,521.4437027713395
15429,452.60124541776815
15430,603.5867178324104
15431,353.38403916035674
15432,370.74799477493804
15433,551.2677343534656
15434,399.37584862579587
15435,406.1536434818887
15436,399.8098274552302
15437,409.6471502517536
15438,374.26828184784915
15439,410.38946960353854
15440,433.68593872697045
15441,454.16810272146284
15442,280.34198225605445
15443,475.4093441558271
15444,607.7140116744201
15445,414.4894366139761
15446,279.23675021064213
15447,438.9059632988314
15448,549.4303161607263
15449,449.486337299259
15450,479.84776379937324
15451,557.5622293394538
15452,410.81123562255
15453,324.9392032979476
15454,317.6161412049301
15455,556.926620671021
15456,349.88737832605864
15457,421.15273106394943
15458,449.9194155377087
15459,333.45865046346137
15460,437.2520129733131
15461,445.1872607315085
15462,523.9775912319627
15463,504.25781626145334
15464,547.8631708268869
15465,545.9561473067994
15466,349.45216173508504
15467,516.107205447645
15468,493.2181774780509
15469,380.9649484749269
15470,447.1752423061764
15471,396.7045395588662
15472,285.79476826087887
15473,443.74307759617324
15474,440.6366625515527
15475,475.1840129107432
15476,444.6209886261053
15477,237.57762772958262
15478,496.3339301572321
15479,423.04450105646936
15480,496.3887676460586
15481,567.8905897821254
15482,434.5113954221412
15483,514.8457897219664
15484,567.5378698027179
15485,500.3120435752333
15486,481.4822663193341
15487,526.9512310304688
15488,439.39043267612124
15489,551.4409049648664
15490,591.6340136839564
15491,471.57201840980275
15492,316.2909969793357
15493,506.7730509331909
15494,421.8622252414488
15495,475.75364808597715
15496,246.0863179243245
15497,488.63208820409204
15498,399.39683880020743
15499,569.5069295877928
15500,405.83452166942027
15501,392.6243564486551
15502,380.7916948324905
15503,531.4512508683846
15504,365.1255960373476
15505,478.0262929896012
15506,473.21275570839043
15507,519.7891283148218
15508,328.65121346534767
15509,308.7163088752807
15510,489.7566875965441
15511,411.93235054039053
15512,544.7791367269257
15513,503.72991597150553
15514,381.9749110648812
15515,563.0770121669538
15516,466.40847288467495
15517,530.7735099797428
15518,439.3807559671712
15519,384.86629228007075
15520,435.6323800854289
15521,447.87851766816726
15522,418.17782176307384
15523,357.31552345289566
15524,447.9973195075493
15525,487.98950085308263
15526,545.369572533778
15527,445.93374010946513
15528,466.2446988963073
15529,621.7892413393919
15530,468.7307303098684
15531,247.75559892320007
15532,478.15791381195265
15533,486.40685065777626
15534,481.14983881395943
15535,506.925927288884
15536,551.1099521912632
15537,331.62898906352603
15538,481.34643930454774
15539,290.21664769936706
15540,484.2673708309047
15541,411.3803113225679
15542,476.3275395105764
15543,416.752007497214
15544,376.4803835642633
15545,512.1185579909553
15546,367.41438338295967
15547,443.3284904042245
15548,422.878732003881
15549,447.5932066436532
15550,327.5355444847924
15551,521.1533006600956
15552,371.70654079108016
15553,375.2329878056654
15554,450.9389969011504
15555,576.3143661083765
15556,394.41037501911165
15557,394.92746091622195
15558,413.48907495105544
15559,527.5839317349518
15560,520.654392759583
15561,455.27274352456084
15562,439.4647056217522
15563,482.53955013612415
15564,365.7371268815608
15565,448.4943298052491
15566,405.29279762250644
15567,554.8690555413813
15568,481.42315072245526
15569,354.20295393480546
15570,355.16773062259267
15571,490.529280246687
15572,594.5199559928967
15573,475.09364258415224
15574,435.65130028733734
15575,519.6724746358012
15576,495.55109516998016
15577,417.1006734998339
15578,486.3159907339396
15579,501.17364215160944
15580,349.49146467851307
15581,406.73083182737315
15582,468.762853739893
15583,507.6468858907527
15584,547.1194152480389
15585,514.0900271123054
15586,393.5174608474154
15587,393.29634359706694
15588,394.3238857733906
15589,429.93362861669056
15590,404.4913553066486
15591,330.87029091371215
15592,413.6681304987309
15593,400.36792591069724
15594,415.4824019085448
15595,531.1932133020199
15596,513.0032355246244
15597,368.0985980864722
15598,411.8193438591766
15599,488.8601854056014
15600,430.7429884002539
15601,448.58497481450945
15602,356.0230147704862
15603,452.7938406486244
15604,455.6954247900744
15605,431.8767480273578
15606,540.7836931409513
15607,405.25398468937175
15608,405.2305695667918
15609,505.03507847317206
15610,393.5629683974509
15611,443.53322117952115
15612,381.8308496810672
15613,531.5392233185648
15614,351.1416350633886
15615,427.56213088791264
15616,482.74174167960706
15617,381.6681081767195
15618,429.2348140456544
15619,265.06542921372915
15620,581.7534164495474
15621,331.5609777568587
15622,441.08278416568226
15623,428.9652193217996
15624,430.7703619572666
15625,306.49693791103334
15626,516.4137912924195
15627,454.389225270979
15628,493.39519185297775
15629,472.2375512926728
15630,465.83590505429646
15631,450.39359406880266
15632,418.0641825508492
15633,495.81127793349907
15634,464.398287890122
15635,425.10008767833705
15636,429.80364277115086
15637,334.3698225514059
15638,429.6358566059792
15639,460.45673671901795
15640,388.09939456949513
15641,309.5373446404645
15642,437.42200932314745
15643,476.53798253796253
15644,439.8330069785432
15645,399.7598709286051
15646,555.7968676065791
15647,537.186869153298
15648,447.2139587516192
15649,398.73971882261606
15650,512.8835242915601
15651,281.4403313310005
15652,438.2686078746598
15653,445.6454661407279
15654,514.8405843576622
15655,284.31975943582296
15656,444.5521790660247
15657,377.82344298233426
15658,360.84240127828843
15659,437.7687019553252
15660,553.8501804162969
15661,459.4814026311102
15662,327.43949413523
15663,570.1152011321026
15664,451.441185852423
15665,398.4404864197358
15666,413.2571304657679
15667,409.32049150861735
15668,422.312379117872
15669,491.5020092363886
15670,459.5456148850159
15671,455.9423048649337
15672,494.4131739858977
15673,561.5728879623091
15674,494.88584556636494
15675,585.237157066231
15676,404.4646689164861
15677,326.53383907973773
15678,513.7654445034321
15679,414.98412466584745
15680,378.9828265429999
15681,423.1683220069488
15682,505.4915873565054
15683,479.94712615911993
15684,596.0375916804544
15685,364.54060651622666
15686,437.4535371434953
15687,485.3817484064542
15688,465.7774656632472
15689,334.2688559600762
15690,322.2792508260273
15691,471.05318523055246
15692,528.1791264282124
15693,525.5931971995791
15694,567.4311977724248
15695,473.67764625445545
15696,563.2727107725678
15697,393.06377428468767
15698,468.86311941342785
15699,492.0613933833505
15700,488.44481378615535
15701,341.40135804199434
15702,418.54029716211414
15703,323.09785416714084
15704,470.66198294381206
15705,535.0569798464595
15706,389.03365954838534
15707,524.622253889266
15708,425.85067603551755
15709,501.01002805930796
15710,540.6517619589627
15711,366.87632052836653
15712,507.0954399955039
15713,450.07665051985424
15714,473.2985273499287
15715,400.1392262137212
15716,508.77777618492144
15717,524.1068093369553
15718,467.30714261561525
15719,500.0943998811605
15720,487.29732400504224
15721,415.47655836937093
15722,342.2328519259577
15723,369.0228394227872
15724,506.82512561682813
15725,512.5842443894268
15726,437.57854968795033
15727,584.7587260279073
15728,339.9835447639451
15729,532.6278637855153
15730,401.50613785027826
15731,493.20037091609953
15732,539.7394260834654
15733,364.1494413573171
15734,475.4223649622932
15735,399.0491116646797
15736,564.4921908417733
15737,347.5445322956196
15738,527.3578413271814
15739,453.99442522011714
15740,396.8074271793731
15741,393.4321870364864
15742,451.2650819377478
15743,390.27013376474093
15744,342.5398468058929
15745,414.26244956410864
15746,436.48549050759794
15747,544.0931950642199
15748,530.5616979287802
15749,495.0227653522431
15750,682.9569201537682
15751,629.4057957431733
15752,384.37875308773357
15753,477.60105295967855
15754,339.0802233469638
15755,441.1816772616512
15756,487.51470216763624
15757,426.9645927980128
15758,466.5337020569232
15759,384.06612287396644
15760,369.7831502797277
15761,624.4091095730953
15762,488.6541308516379
15763,446.1118907179292
15764,260.09412322952943
15765,421.22133291298707
15766,469.364579285709
15767,365.1423832749286
15768,408.74805002830374
15769,515.9867314264065
15770,472.1936742902799
15771,497.316807274714
15772,554.0516904961979
15773,278.4414970832572
15774,470.72742826355494
15775,475.3491623766678
15776,380.565137567549
15777,415.6438596390265
15778,467.70862507179095
15779,665.6767113963866
15780,452.92412441462164
15781,398.1702390908327
15782,484.3366301555303
15783,577.4821239797878
15784,535.6776084012421
15785,380.95180097424685
15786,404.6578399188587
15787,423.0574609397906
15788,282.26580247037964
15789,520.6278181734572
15790,495.8952884288689
15791,297.41241591169836
15792,562.6952314102084
15793,324.70834950905214
15794,342.9285045920618
15795,453.09465920714115
15796,484.54957777908174
15797,344.78657964217643
15798,471.4628188785121
15799,419.5470062511377
15800,401.78466168814055
15801,492.0722369293022
15802,417.5093297505101
15803,418.8593350349244
15804,550.0052380151751
15805,562.0546120932572
15806,410.64934825284087
15807,568.044560725874
15808,478.4118607767247
15809,457.7607696106223
15810,458.64083983345785
15811,650.9862072731689
15812,516.8074989220086
15813,487.7948506331803
15814,519.6643076731535
15815,381.2432379960044
15816,378.0170267092293
15817,450.67361440583676
15818,341.1408101253345
15819,397.83526593089385
15820,422.15814866170547
15821,415.08449737077655
15822,355.2147308065427
15823,365.4965797174874
15824,389.04166871071686
15825,342.2056532496655
15826,514.7391269264808
15827,438.60166245112333
15828,114.25556363547636
15829,452.48235466543423
15830,442.2974678294627
15831,451.64006105870175
15832,597.4885049131392
15833,585.2631021468034
15834,383.71469052666737
15835,465.5362239141302
15836,507.434970947236
15837,474.7649085273164
15838,395.40528364227947
15839,471.0848932274472
15840,435.99466586955174
15841,480.1801353727179
15842,475.8900288542108
15843,502.86276827864623
15844,590.8733765664358
15845,507.3508179485759
15846,431.33114413588
15847,476.41170109932744
15848,491.3121648169697
15849,515.1823654214822
15850,617.2234491516975
15851,523.0468951807629
15852,420.44660193991973
15853,503.2483711582883
15854,421.3303807528688
15855,393.108120275292
15856,303.0122720266928
15857,331.4970211188008
15858,413.82399249640764
15859,471.2980375507045
15860,372.11003269740587
15861,526.8763343389493
15862,486.57402444942363
15863,493.9942069462039
15864,594.1998701943223
15865,303.08326187775305
15866,405.19819461044716
15867,320.2165884213753
15868,408.45066991687776
15869,494.27950549602065
15870,442.77868405655374
15871,646.925014772362
15872,406.29468833040846
15873,561.2244161547474
15874,439.8606724332068
15875,500.7498618359688
15876,452.1623186403609
15877,525.0795955506368
15878,478.1249546908261
15879,499.4415891913819
15880,453.0768002559473
15881,438.82966724753516
15882,400.0804205974966
15883,338.87706569170507
15884,395.4791005652378
15885,453.0504942847562
15886,538.4949420936154
15887,351.38186361046
15888,459.12853202244395
15889,338.30924489613096
15890,440.57743811073436
15891,520.5163379346615
15892,472.8730823603033
15893,435.13827050507496
15894,478.52569037232297
15895,425.982328146126
15896,279.1023765939937
15897,551.5376577268233
15898,444.0856738094029
15899,443.3331638838441
15900,536.4079651253711
15901,552.3383777171354
15902,502.7688521994357
15903,437.82637469282946
15904,397.2115916545989
15905,511.22898688443655
15906,457.46290649935776
15907,531.029140329781
15908,420.97352931475206
15909,449.86962910634935
15910,375.58063901914744
15911,516.8369058070809
15912,478.4967023292093
15913,412.66461760288
15914,511.644795356439
15915,467.0998723706485
15916,487.85672905439236
15917,444.5954840135057
15918,404.2814236257781
15919,610.1575796053072
15920,540.8381062727973
15921,509.0709304599553
15922,474.3623170652874
15923,448.35397336466815
15924,507.63485582484043
15925,526.5129184275415
15926,396.62351591231845
15927,307.69751175861666
15928,312.8341562014766
15929,378.6047106774312
15930,603.8451714126487
15931,439.7889364930711
15932,363.6411525129938
15933,416.96115043862574
15934,434.14422925130947
15935,452.70056178751315
15936,517.6143472748358
15937,283.0088396251963
15938,447.65236875753834
15939,435.68352792221543
15940,429.82477061909685
15941,509.89237221011416
15942,455.6659070715165
15943,334.498126316943
15944,303.22833027432176
15945,435.57346266873776
15946,514.4952811186891
15947,546.2370779857515
15948,413.06344949122285
15949,348.8143446607687
15950,386.4252543050923
15951,373.19828048995436
15952,503.3730312070513
15953,437.3127905692304
15954,420.33328987725014
15955,503.9048422837703
15956,514.7658385991639
15957,482.3438104559091
15958,505.05552471047855
15959,627.4159095267245
15960,349.75708917590913
15961,554.4789672373684
15962,450.349871499601
15963,385.50311926001353
15964,502.49124049960557
15965,494.88004166147107
15966,486.4284206359175
15967,402.9989127282056
15968,497.62408652388507
15969,547.1441508838863
15970,458.0856570086731
15971,509.59285865859766
15972,611.9693632496325
15973,557.7022841218521
15974,520.2339505437938
15975,423.2867903617584
15976,494.1210514354502
15977,452.2050481963272
15978,526.0709015372172
15979,538.0830370746479
15980,357.1932270658386
15981,353.3377576524546
15982,446.1603481142846
15983,520.9555917860584
15984,539.9006259251278
15985,309.7731012999909
15986,329.4938066715044
15987,412.05108372740324
15988,480.33338332466604
15989,532.2120028341722
15990,375.18027667997916
15991,447.77658373900755
15992,501.4021327339799
15993,527.5667722978108
15994,282.5143851653665
15995,397.4903804289958
15996,478.5999397057498
15997,442.1811521293969
15998,429.701840116412
15999,462.7368215675285
16000,400.5351184832343
16001,431.0834118375907
16002,527.9746315705286
16003,611.6324635444173
16004,400.1487483299417
16005,515.2054467715908
16006,435.16186309011124
16007,308.25311416696155
16008,260.28137161730365
16009,478.2068283604626
16010,617.5103178222807
16011,454.16417511218134
16012,617.7662767388852
16013,532.7333625559506
16014,422.7737868856999
16015,450.70883408585513
16016,545.9062655902135
16017,447.77873409911183
16018,431.05359875736565
16019,483.0591090703782
16020,411.7653327401767
16021,476.4741303713877
16022,464.24690234357905
16023,458.3909390949635
16024,419.1150492477592
16025,593.9741199483863
16026,360.4964905715744
16027,296.5439386516842
16028,437.3311397357891
16029,328.39892456424906
16030,439.1835483510608
16031,470.3669223738595
16032,451.6195384814679
16033,513.5510579754374
16034,364.7723592892885
16035,449.30270065617555
16036,360.3241758216001
16037,564.2685103511905
16038,449.44957509543553
16039,448.12193338394434
16040,422.0575818574566
16041,457.31293696802004
16042,421.0260662927651
16043,407.9499501849666
16044,481.46818257800703
16045,422.66769788574015
16046,463.9205077790079
16047,496.33979402354043
16048,372.11615692081955
16049,364.53695009495516
16050,486.75151278217817
16051,468.6763607741703
16052,495.3938578531953
16053,444.6523027877093
16054,500.19617462010285
16055,612.4221321030504
16056,480.5743361070681
16057,298.38339913470804
16058,539.7015623433466
16059,537.7108525078465
16060,353.67336301150505
16061,483.91876960388237
16062,426.6565273760858
16063,445.7983020003859
16064,443.64512865017656
16065,476.11611411848804
16066,562.5160076142206
16067,474.23499431969225
16068,428.36743356149975
16069,418.8815578082194
16070,456.53222315219875
16071,264.0245464937692
16072,400.64877434921254
16073,425.1651257446042
16074,412.65132843972793
16075,431.08094863009404
16076,392.9636666045183
16077,471.9636449162019
16078,513.5730551337327
16079,460.50081028938445
16080,518.2264077874688
16081,359.1912910887592
16082,379.39446910185745
16083,527.0676080865867
16084,308.02662306773914
16085,539.8032123157406
16086,396.15918265819727
16087,437.72740621992585
16088,476.3861282095047
16089,425.62996190892443
16090,522.0160246708147
16091,443.88542270662464
16092,405.0553538758273
16093,425.84352552154354
16094,399.6546624474922
16095,486.3843696823198
16096,491.17794921147544
16097,374.00370336080204
16098,336.3924886415293
16099,379.64602857583725
16100,431.6083502397356
16101,456.9817072598013
16102,309.0210261982855
16103,399.5353827008511
16104,604.3989465644918
16105,518.2156149385706
16106,387.84513423783477
16107,431.39571377435345
16108,439.61059974380237
16109,502.63954410657516
16110,572.7415205282305
16111,324.7636446511608
16112,341.5864050280601
16113,459.1706829390346
16114,377.9795786300453
16115,594.2048924101542
16116,448.4759526767664
16117,464.5255703960402
16118,474.94985528495806
16119,502.4862039093255
16120,454.64004576559
16121,305.133047325292
16122,500.8168088287975
16123,405.1526880890135
16124,504.5387626034444
16125,487.5923721613814
16126,516.0539112877564
16127,526.4406704729088
16128,522.5893954860821
16129,448.0140431901784
16130,393.3306741048495
16131,412.44653624207393
16132,529.9450554788544
16133,432.795263457602
16134,553.3182605992588
16135,538.0747406599066
16136,378.4055494726043
16137,417.09481946422693
16138,461.5736934589868
16139,332.25758004232364
16140,446.7562917474199
16141,323.8799861869038
16142,452.8434479788273
16143,458.6571350824875
16144,475.1209122087429
16145,452.4361229827758
16146,384.2185860659617
16147,478.6340180375634
16148,413.17282673670337
16149,495.8995811643709
16150,398.2391170976163
16151,614.1955585674134
16152,491.62378789196254
16153,674.6505598920261
16154,408.5695946688986
16155,367.71098169814195
16156,500.79676427487306
16157,410.2791429965951
16158,357.590527292125
16159,465.17991513080756
16160,666.4255167670706
16161,311.2078080098221
16162,518.0214649082553
16163,482.60792229030983
16164,493.39590540748935
16165,526.1177951902785
16166,608.816842214697
16167,550.2762096650547
16168,466.1614480534941
16169,430.796084728163
16170,444.2214416612251
16171,483.849624452322
16172,489.9202009778187
16173,375.2093628914105
16174,588.0449355917116
16175,614.5910342855046
16176,503.35101354545566
16177,506.89689774822995
16178,488.22410268245596
16179,427.8265070069046
16180,411.4476498116443
16181,410.8595184503639
16182,565.0225774348561
16183,390.4577147515911
16184,453.24782416402917
16185,321.67458573261985
16186,594.5081616628378
16187,408.2704392943841
16188,428.2669332713127
16189,463.37646904500264
16190,463.489575290447
16191,359.744604575722
16192,720.1361831122882
16193,413.7099963293078
16194,430.344874868276
16195,452.97379753312305
16196,417.8263279392376
16197,596.3659391061365
16198,274.8555928149432
16199,432.1013296057573
16200,489.975240862186
16201,531.5764978840799
16202,522.1184066834666
16203,510.10527087401096
16204,319.82435304801453
16205,376.0133146615396
16206,474.0390706759986
16207,431.6793069665536
16208,517.5029022631414
16209,449.27133030101487
16210,346.5934461821194
16211,437.82121937217835
16212,406.1816574853973
16213,502.3004390537103
16214,393.18907286616417
16215,435.64723970277635
16216,360.0979920293952
16217,450.30190762710396
16218,430.0438569576017
16219,520.9035484775367
16220,439.2154461145933
16221,351.4586819199905
16222,443.7653261553502
16223,473.34603603179795
16224,428.1262009149541
16225,521.3729591145966
16226,587.2196016124711
16227,387.81692419153745
16228,278.0604818049277
16229,369.9086746721347
16230,314.5858334064725
16231,460.23437527728333
16232,448.9483745128441
16233,475.08656385918914
16234,353.403329960858
16235,501.3649347530584
16236,546.756055959474
16237,434.332880217304
16238,321.84767810290276
16239,447.6995324411913
16240,509.55451003398997
16241,478.4824707344547
16242,355.40779858071136
16243,443.4618809382703
16244,322.44729665972443
16245,403.20126100202083
16246,549.0118387478082
16247,440.2652475144857
16248,498.02769655111166
16249,426.6042556803008
16250,538.0994187434648
16251,486.53714191244325
16252,484.4803119257998
16253,496.4613290336915
16254,465.34440643306687
16255,437.6339859601974
16256,360.85228842835005
16257,482.5435522729194
16258,506.47537669502094
16259,404.62288190669926
16260,418.8075107808268
16261,564.55486185703
16262,544.2218696754377
16263,630.5347017888877
16264,555.0835188248068
16265,518.972505387728
16266,333.15768413530867
16267,471.780642210236
16268,437.77802690830646
16269,376.23016462422567
16270,408.72239786714
16271,446.6843599933609
16272,380.4146948338492
16273,544.6162566732143
16274,396.8660375791133
16275,382.92322594807575
16276,532.4197430089579
16277,499.5751275463632
16278,326.65768035391596
16279,405.26400252496205
16280,478.7415553583052
16281,376.38790649023775
16282,410.08724178265345
16283,413.4098344088575
16284,414.12330472134425
16285,431.6509283998132
16286,455.35335453635435
16287,460.81281074107727
16288,441.4490448755178
16289,319.0476396309665
16290,463.18152478367693
16291,443.64662766759426
16292,627.207013323978
16293,569.4111516850859
16294,417.22556786908535
16295,653.7770815729716
16296,531.820002874392
16297,437.1354336459313
16298,476.9489926940501
16299,618.8060509703199
16300,577.6964003730071
16301,514.447191779222
16302,520.6438360209407
16303,468.20900001053684
16304,516.2485380327582
16305,441.80070999164667
16306,497.79053539565325
16307,544.5585874902509
16308,448.1616459376954
16309,476.03614067358836
16310,452.8553827958403
16311,483.9627655880446
16312,354.0969578777572
16313,504.0793383330082
16314,311.32240635039045
16315,480.7634727491432
16316,569.742368275399
16317,352.8960928139674
16318,367.9958749042091
16319,435.8357204448851
16320,398.8691110628087
16321,278.52610361487405
16322,476.8213010877076
16323,450.18402037612003
16324,372.56911004790345
16325,435.8120469686549
16326,580.0538550097394
16327,522.4249292792919
16328,578.4912587818443
16329,455.3855015799396
16330,421.413256637374
16331,266.62947614690796
16332,285.7836834344259
16333,478.5562965543853
16334,568.2882800165025
16335,485.8920758972186
16336,489.114930796225
16337,545.2474010213339
16338,422.3919577375142
16339,521.6876523351331
16340,503.31152332538113
16341,418.5563615088968
16342,436.20952055934146
16343,308.716165360094
16344,549.9177011637552
16345,404.9839002665291
16346,376.88395157165724
16347,533.1203771117341
16348,428.3254984341579
16349,524.6496368674776
16350,407.54391891172736
16351,542.3406919719134
16352,449.19072238845223
16353,486.26174789386545
16354,369.1840465451272
16355,461.0287824464225
16356,512.8450245867647
16357,407.963976645107
16358,547.3790828863787
16359,411.6450770088671
16360,320.0644874402861
16361,556.3550935009367
16362,441.07301428278913
16363,416.8062152050071
16364,379.1461181940365
16365,507.15171244740463
16366,471.3113113925069
16367,378.3536760016382
16368,400.2415216517973
16369,489.9538109099961
16370,447.12088862523194
16371,491.18219683073005
16372,408.16019786025726
16373,346.0499720818497
16374,319.5247130584425
16375,393.27649984478757
16376,507.3063691512612
16377,384.0016467501105
16378,432.6343524103965
16379,399.51413335348946
16380,420.0864103785749
16381,492.7330673344551
16382,401.52165267329485
16383,487.7598932986855
16384,457.4579959575672
16385,433.21479170704504
16386,553.5508766734854
16387,475.0897116206296
16388,407.5342272395144
16389,451.1685547073733
16390,428.50002256895317
16391,280.93594315694327
16392,550.5726429424524
16393,386.24770070550125
16394,126.45973120722081
16395,438.92971116691416
16396,595.2065197567994
16397,384.0796465113917
16398,479.0553014890927
16399,424.97674461802524
16400,528.556601001819
16401,345.08199396314257
16402,334.0048188529559
16403,333.9242458313507
16404,300.96355604637387
16405,533.3276721182564
16406,435.61768861431426
16407,500.17988883110235
16408,443.97160873925714
16409,458.55589139479355
16410,362.40110474950006
16411,428.71400384152
16412,436.074171290736
16413,305.525615099165
16414,511.92388281858564
16415,377.794024140556
16416,453.6285987637466
16417,484.7615647421738
16418,419.43531158667673
16419,320.396879952422
16420,503.31217644051384
16421,438.32760087203945
16422,394.21849231077533
16423,466.69437331461296
16424,250.0817721024988
16425,339.9293237811548
16426,465.47764285754545
16427,482.22905043405757
16428,534.7507568624843
16429,443.8044850818542
16430,523.5943508272592
16431,638.9531854388413
16432,517.4872692048787
16433,546.1241706335041
16434,347.5942806823953
16435,369.39896557334527
16436,397.3517164339043
16437,518.577382721438
16438,376.0303405680959
16439,515.6922886770844
16440,528.5414461315484
16441,406.83248107375846
16442,359.6808549062073
16443,410.20953710110985
16444,406.0964579608367
16445,495.8100561060289
16446,413.83871886470314
16447,506.3497295005772
16448,452.98025921990256
16449,340.8060520039218
16450,447.3808938639729
16451,345.74519731460765
16452,544.9051311732101
16453,490.12500146530425
16454,349.79190853396216
16455,425.4442726973153
16456,360.80390487014074
16457,574.6004212289082
16458,416.7605727884505
16459,544.7676469135938
16460,389.60296453897894
16461,496.2614965825674
16462,565.2786651518805
16463,634.4839497815185
16464,369.2494657498422
16465,506.1651244912888
16466,480.64008734664253
16467,457.481471463785
16468,451.96757826700554
16469,376.180395259228
16470,222.87021887990818
16471,441.3243689682255
16472,403.69390187671144
16473,415.4203877166976
16474,332.35659874162667
16475,557.379508399959
16476,422.32128279534084
16477,469.09312005762985
16478,416.486007792383
16479,410.7927000112417
16480,512.1097171156836
16481,368.2370162370133
16482,452.8780874968998
16483,373.6263912209606
16484,523.7403019113746
16485,464.4412098092628
16486,316.2357745353267
16487,479.3074790636102
16488,292.8938732651987
16489,396.665957579109
16490,361.3506364145399
16491,476.5856141779621
16492,403.72636139039207
16493,499.03450065280856
16494,243.55831243572896
16495,446.67769560274365
16496,429.82666850491387
16497,457.8452905197538
16498,489.3876648293128
16499,376.57481620870175
16500,370.49278778795394
16501,647.9948899397813
16502,389.2698002293728
16503,395.4684773101667
16504,384.85125122404895
16505,589.9300091505484
16506,333.11469822657284
16507,383.51326770865296
16508,546.784384214699
16509,414.00308546502987
16510,389.47271442593683
16511,405.2301970323715
16512,463.6730076043671
16513,376.24416799340923
16514,283.01151705915436
16515,349.20305820228316
16516,509.34407514911595
16517,403.17537891345626
16518,401.45427717808263
16519,488.38160771975765
16520,347.0266863785244
16521,375.7510467194793
16522,513.1650600535187
16523,390.16043533575123
16524,450.46464674329223
16525,514.8362810879078
16526,403.1803224234392
16527,408.818435104524
16528,473.79178297462704
16529,533.9034540547348
16530,320.6011886633759
16531,423.0404014908703
16532,539.7160598692718
16533,402.14232003364526
16534,557.7725412010689
16535,575.7122734372794
16536,309.24835779851117
16537,399.0531250786637
16538,460.3741069732696
16539,460.4935176275074
16540,530.6044843647977
16541,448.3247641476283
16542,454.7450774039367
16543,447.1961039759939
16544,335.4702908025717
16545,577.2354719366375
16546,529.5775854732824
16547,457.18132698273104
16548,528.0075011350789
16549,551.692164848049
16550,270.4641393891355
16551,407.9084790264454
16552,372.9477310068422
16553,310.84657950393887
16554,333.0468834436446
16555,356.48483535582466
16556,477.85398512137374
16557,448.42239448566403
16558,557.2124860878203
16559,444.0759675992959
16560,539.9491065798571
16561,430.5611423184233
16562,560.8787226020355
16563,464.4735939086711
16564,366.7584946893978
16565,334.7269286654311
16566,452.14717826399095
16567,504.04879274668406
16568,467.52858135547376
16569,410.16387497739134
16570,483.0451009643549
16571,526.7646077086703
16572,445.8378050846157
16573,485.86430000347696
16574,544.3896278308504
16575,438.28547533693063
16576,393.1556742760014
16577,430.4151714476204
16578,421.24798628733186
16579,559.0903796677445
16580,477.3789953971288
16581,555.7579380454213
16582,503.75407582800943
16583,346.1366591001172
16584,431.0061050997822
16585,538.7966751534935
16586,493.1659103458166
16587,452.3165389396561
16588,471.12203729324125
16589,483.32025278259414
16590,572.2914774594069
16591,458.7446728710502
16592,659.0018290438006
16593,489.84604087178747
16594,415.8954031516665
16595,415.841606830213
16596,467.1120908019005
16597,426.8886641112413
16598,308.5726495563106
16599,599.9909923236305
16600,421.9004868625612
16601,481.12599114286525
16602,372.8555375837217
16603,433.8465969273527
16604,358.5840830106411
16605,396.3800852698054
16606,433.11529666641854
16607,428.5054661866441
16608,526.8273093723141
16609,366.1156075036736
16610,424.5905173931025
16611,462.0509050682087
16612,452.45852152900727
16613,483.06368133195224
16614,361.9279299115492
16615,476.9144601318361
16616,473.180649452224
16617,427.77671907331927
16618,510.7288683771141
16619,318.9074686914868
16620,407.8630831736322
16621,545.978775131918
16622,491.5837851540391
16623,582.7966737215551
16624,464.6695975724923
16625,349.2941189883181
16626,321.33059228653656
16627,336.06603918335463
16628,423.8329311732704
16629,402.13797660179176
16630,426.874761801061
16631,492.2870439231611
16632,415.53246510441693
16633,422.6852997053077
16634,368.86554076997146
16635,369.7886697758467
16636,414.29505155117545
16637,427.96435093944245
16638,468.79694662932485
16639,406.11937457874967
16640,424.17074471868256
16641,381.1385170620221
16642,510.20084208276813
16643,340.63568103531526
16644,250.91650937533967
16645,460.0481169470761
16646,403.94197566414766
16647,442.2636650297548
16648,528.3324264209841
16649,402.20248063983826
16650,339.39642438484333
16651,433.74300735326733
16652,457.78230931409655
16653,431.0246734193352
16654,418.5946096950482
16655,451.58960116450965
16656,389.2405238344111
16657,421.13230799121436
16658,470.9138041416334
16659,305.77176014230884
16660,492.4931652566208
16661,330.4753149484211
16662,450.4510926635926
16663,313.6130713997076
16664,517.4561465835224
16665,373.790402864933
16666,344.92286921381714
16667,469.7866640057794
16668,330.87209075493143
16669,520.2527827165922
16670,623.9811242703578
16671,305.0025961520756
16672,308.3506277750143
16673,356.75161411626823
16674,451.30968355675486
16675,433.81275942793644
16676,483.06318642083625
16677,380.6209137518553
16678,435.7858655010788
16679,444.89888404809545
16680,439.31211677248353
16681,505.79670267185605
16682,388.1063368665026
16683,478.5046194175364
16684,472.79371469190886
16685,550.9625584175528
16686,454.133272796645
16687,589.5053933024896
16688,498.4504777504036
16689,572.3871515527342
16690,400.51086558839944
16691,363.9121686865251
16692,501.651037875359
16693,533.091362069569
16694,365.8311727102459
16695,454.5720594748166
16696,280.3220162975902
16697,364.34497639202016
16698,450.0109161345654
16699,554.4269687085803
16700,461.4222766373131
16701,440.95991966625354
16702,420.8594085592503
16703,333.5850174905639
16704,491.24419189479903
16705,619.3029994588377
16706,720.4062211818931
16707,444.9214453541434
16708,410.7599030615071
16709,564.609451701313
16710,317.26809479609994
16711,177.0775651815955
16712,484.8645637921846
16713,351.40190625965323
16714,318.06227086667803
16715,331.488451067398
16716,523.8562973079378
16717,453.155136008634
16718,447.7273307396348
16719,508.6126019839838
16720,459.621913610913
16721,392.1098640628198
16722,503.19220414878623
16723,458.0571575455945
16724,539.7451282850499
16725,431.4316743263904
16726,455.0698273036285
16727,452.09777644858366
16728,387.9615658671175
16729,500.6956196843899
16730,389.19494810977125
16731,523.0282762246669
16732,480.3691054693034
16733,495.67823404982164
16734,560.7869321140993
16735,479.1863661235018
16736,487.2927709559189
16737,443.5188574261986
16738,515.242091261534
16739,427.12748525101233
16740,444.67978255280485
16741,502.8898861380718
16742,522.2160984176752
16743,567.3912989278537
16744,423.21949165385155
16745,381.7135725925005
16746,476.07683432349125
16747,586.6794320841757
16748,507.84325227855015
16749,385.99286881634777
16750,445.3718013144752
16751,554.5576256113411
16752,358.88940583977956
16753,544.6874523712261
16754,486.20710366167754
16755,441.7212056809878
16756,392.1950878130064
16757,479.6362678627422
16758,467.429943446504
16759,384.656012678211
16760,417.76816509042214
16761,462.5787021915441
16762,411.86347637134287
16763,612.3316649421018
16764,502.5496272636173
16765,446.81628380521045
16766,445.6194861727231
16767,402.91746036176863
16768,499.505729177423
16769,429.9192167125331
16770,473.7113333711209
16771,465.6284881860753
16772,430.1270039808631
16773,400.51037833428165
16774,361.7362988604011
16775,409.4045627554292
16776,327.34407498010194
16777,500.15625787736144
16778,497.1177279938187
16779,398.9049283796544
16780,398.2782432997507
16781,430.27285280799936
16782,420.2737330415755
16783,505.32417476055707
16784,541.8573736230583
16785,517.2211100728889
16786,578.6282070867878
16787,467.31506920051623
16788,446.6961447138409
16789,334.25500155160114
16790,461.07199253408237
16791,529.8608032964614
16792,567.5960014968468
16793,404.0093405952738
16794,430.5391943376343
16795,393.16039434316735
16796,409.56022060275467
16797,446.2364412690514
16798,481.45981159861907
16799,542.7945392848528
16800,533.9368385586038
16801,516.2491885871784
16802,524.3071366024811
16803,401.0775180085571
16804,359.46131644368046
16805,535.9461518755326
16806,429.66445286838206
16807,614.2103905412193
16808,487.5043041109289
16809,382.8482804275816
16810,575.1453798517432
16811,490.5528442622318
16812,391.6808869720412
16813,426.9245457208267
16814,546.6176171744432
16815,414.2300949046122
16816,404.0826914136394
16817,538.0306987015241
16818,472.3063877890491
16819,501.9745092371017
16820,412.897111225724
16821,410.27172747222187
16822,422.01833571966984
16823,387.26882020489614
16824,363.8966244455359
16825,366.32823713355333
16826,437.0917692491143
16827,432.8951331435587
16828,491.49810854755384
16829,357.3147302887618
16830,475.46165860243724
16831,540.0657633599008
16832,386.94969903538987
16833,550.6754884957285
16834,508.7711986885436
16835,371.77967555492074
16836,470.7747074031421
16837,397.7272181695734
16838,365.08135852976767
16839,410.34940147530006
16840,437.69793052655297
16841,461.48896957675663
16842,509.46439600018255
16843,477.1319651739421
16844,325.57971992229534
16845,296.67195052881544
16846,522.7256293668198
16847,458.23065559586325
16848,466.74411063364556
16849,519.6668046592738
16850,296.8624805180163
16851,497.113877786264
16852,503.38351670266985
16853,401.78134513127145
16854,447.6470600959619
16855,432.31709957536776
16856,360.21421399692554
16857,374.93851817333916
16858,413.29725857523044
16859,565.1593951434646
16860,560.954975087447
16861,509.17615898521694
16862,510.0412310211929
16863,556.7574190055764
16864,514.5696473588004
16865,605.9440835137505
16866,456.31051766673676
16867,506.7129186354021
16868,453.0662498275457
16869,512.079726398192
16870,648.5991500373859
16871,364.5741858948266
16872,570.1740359512546
16873,508.52951999229856
16874,506.08047082416715
16875,501.51377965935865
16876,426.9130174278093
16877,430.52029354965737
16878,486.84744225424856
16879,413.5303679382313
16880,508.8705310009846
16881,494.06635780693705
16882,546.2183487899671
16883,558.434653940807
16884,372.15821866297483
16885,401.43665311017736
16886,388.8795752585886
16887,437.6763637303047
16888,471.47908236219877
16889,542.0229920696684
16890,479.2822672019753
16891,337.89264312517844
16892,453.1362054784342
16893,386.75165621757264
16894,492.7820333342017
16895,478.7196119016433
16896,547.3688395487839
16897,561.9201842116058
16898,522.1253272508532
16899,517.672318380395
16900,336.5962796743171
16901,452.39983962860885
16902,372.4596564729257
16903,413.3242481579605
16904,532.428927469513
16905,397.2638042101787
16906,531.9474034801516
16907,491.6680963217064
16908,447.2097745469972
16909,585.4921455731316
16910,437.674253898386
16911,467.43515298635714
16912,488.8999187383476
16913,512.3496063201726
16914,485.55911401594045
16915,534.2056781224783
16916,381.71996333042824
16917,507.86333584006707
16918,460.75773955530195
16919,357.1810264035641
16920,464.70269108606647
16921,540.4205256192108
16922,531.3214162124684
16923,374.3617184898475
16924,600.7038919260309
16925,358.4751769057277
16926,426.904339241342
16927,462.6692469198485
16928,330.4331349460357
16929,428.18246177859515
16930,427.4288320020961
16931,494.562191412092
16932,462.46515581953395
16933,496.5490085363354
16934,448.3762487115186
16935,645.4006425190391
16936,499.29929193265775
16937,413.6510312639987
16938,620.0648176617431
16939,682.4127866990177
16940,520.7601911272313
16941,510.2322278862093
16942,478.9624547044134
16943,534.8681642552067
16944,450.7880364752033
16945,434.3528082764053
16946,520.7889938948138
16947,466.64963343884597
16948,510.2460595461706
16949,396.2501423795257
16950,469.4271206056252
16951,531.9216768425707
16952,539.8069330155242
16953,485.4074069278158
16954,469.6999749221288
16955,498.7038185410662
16956,464.3949282784629
16957,401.9865288473065
16958,415.4971759731328
16959,498.19644535267986
16960,446.4092761675549
16961,503.21430061965106
16962,506.2309832721022
16963,379.10530258331136
16964,545.5089612243113
16965,325.6650139952649
16966,418.940571167188
16967,606.8780578383606
16968,465.1481085521406
16969,367.8890039399375
16970,337.9568878454494
16971,337.47343496902613
16972,572.0030942197378
16973,408.7409030651441
16974,430.7066574657514
16975,486.08304152332687
16976,384.7728243076986
16977,363.84338000707714
16978,613.3682320100672
16979,378.2206993595699
16980,354.33107783090287
16981,450.65954570610387
16982,498.6824128913602
16983,509.49148689337915
16984,382.5588635845548
16985,449.36829459917516
16986,532.9530866405958
16987,411.87427164383746
16988,471.27850245838596
16989,511.67362985061516
16990,504.83706794556775
16991,418.76534673132676
16992,623.4345187788688
16993,548.8610957197817
16994,546.6194004598074
16995,481.1445278119082
16996,390.88078159330905
16997,576.1527917682304
16998,513.5642585866125
16999,475.40727528509825
17000,448.31397574002756
17001,561.87528614699
17002,528.5848568750189
17003,484.253543822395
17004,366.6897184777191
17005,505.3507695505012
17006,474.2879146922204
17007,454.4085214365037
17008,559.3433924432543
17009,457.6178997776786
17010,656.8923032930137
17011,397.8011453835238
17012,611.1257026317181
17013,401.75035316067743
17014,365.74897365849296
17015,409.00469407605664
17016,431.91328388964666
17017,467.36118411815676
17018,512.1985553070114
17019,442.5606132656819
17020,307.75042861304325
17021,477.9694223997864
17022,624.9866015762702
17023,421.10976304466374
17024,451.2650714530161
17025,541.9765690603507
17026,420.68378719624826
17027,483.81498595153937
17028,566.6750125567015
17029,414.23563764450034
17030,477.4003616374963
17031,498.9411404611408
17032,440.77237668900784
17033,564.9679679384087
17034,496.2111580593417
17035,409.77715481558363
17036,532.288260078001
17037,492.4669996968032
17038,507.1704882739212
17039,562.7532047568657
17040,456.69458118831994
17041,337.63958498074084
17042,448.08262572045544
17043,423.79126923225897
17044,559.2219167965497
17045,429.127640686845
17046,522.9261094815131
17047,304.56769680052093
17048,417.8083819190253
17049,464.7460178568363
17050,467.3098603298036
17051,437.68204176908966
17052,456.08641964650656
17053,416.6504642070632
17054,455.853714269266
17055,448.9279924471363
17056,352.6931516185816
17057,439.8965052265231
17058,357.8294643413272
17059,500.6154250797483
17060,349.8157933448482
17061,572.6866541539699
17062,369.891155087787
17063,394.5347028628496
17064,441.0524846619453
17065,467.2511391345552
17066,551.3294716805211
17067,443.95423985947025
17068,498.9854451567426
17069,414.83591771825303
17070,504.01453436633085
17071,406.1139926032292
17072,397.6632706345767
17073,521.8336470625014
17074,399.6976188790793
17075,428.52649231071234
17076,308.00686494213153
17077,345.21090769932545
17078,441.50909788868313
17079,477.9688740710137
17080,501.5731226423919
17081,354.86616866931837
17082,467.15566772602307
17083,519.7868881781043
17084,393.05004077184395
17085,367.4173066794565
17086,372.47773952932374
17087,601.9567105395189
17088,404.53879570602703
17089,329.79731270131936
17090,577.7682015613187
17091,479.67229875367536
17092,542.591964241834
17093,484.834833959909
17094,376.5610662952801
17095,495.8775592901828
17096,528.2732230448387
17097,339.94833322521805
17098,493.81372499714394
17099,388.58012758239624
17100,449.55148448818625
17101,495.0197529796504
17102,366.56328054679904
17103,584.1404918882107
17104,446.92714985425994
17105,433.46842749085874
17106,526.435099597169
17107,393.6156047983719
17108,495.34195479046235
17109,366.7671357822828
17110,453.87160784413953
17111,430.5961613096001
17112,570.0400712986417
17113,446.55757455381496
17114,511.2849958566647
17115,513.3561323927522
17116,343.0021694575068
17117,414.8859858692525
17118,455.62846140889786
17119,462.3602181333226
17120,449.2564678848814
17121,422.164046823492
17122,532.8733877680138
17123,323.02049896615495
17124,445.081430794249
17125,431.8709650062299
17126,585.6520338334419
17127,414.8157156440122
17128,405.61579558282193
17129,449.76271528047585
17130,528.2779986377084
17131,301.23004304818284
17132,459.1219338737582
17133,351.3069447813615
17134,536.7772187502541
17135,388.6497462603962
17136,477.5055530409908
17137,538.5600073136445
17138,431.2971232790743
17139,329.9487102975738
17140,497.64518193964443
17141,412.76226025087504
17142,483.1612119908885
17143,386.50440221644965
17144,384.4744171112479
17145,437.02228811762967
17146,494.2455101370038
17147,338.46220466697196
17148,499.00608166196315
17149,376.9917483173064
17150,444.172913711406
17151,387.8084843503445
17152,343.3299226061042
17153,403.23371324626913
17154,432.08881029639076
17155,470.5695106101027
17156,502.950467544586
17157,463.20002166898
17158,596.2163442544395
17159,494.8798817928615
17160,497.20466387717977
17161,412.7834036898519
17162,473.5127207097178
17163,474.3324869212999
17164,413.7216527253775
17165,365.85671399550506
17166,414.43905954643685
17167,574.4612620922064
17168,416.55437921715816
17169,448.84454164638163
17170,355.943767726739
17171,559.5281705019825
17172,385.00068355686074
17173,403.3972994117382
17174,453.63850665030486
17175,390.788920092229
17176,501.66312739931203
17177,590.8364115040118
17178,342.90438622682404
17179,450.22731006984725
17180,383.78428086252063
17181,417.6508300294144
17182,427.7064671095162
17183,417.3308401418381
17184,396.39850330614115
17185,426.1655614726716
17186,605.2749646906552
17187,523.4206536846153
17188,438.1038612351891
17189,414.22472399606244
17190,425.8159839032006
17191,505.98045093045795
17192,326.980885260284
17193,440.3997318286585
17194,386.7207725152259
17195,360.73451019334607
17196,533.0477805635536
17197,430.65104060121035
17198,409.65775995009966
17199,411.10872413328224
17200,312.79625806042844
17201,544.5071789379556
17202,528.5368698160446
17203,381.80327877202296
17204,362.711236693145
17205,395.7486234512965
17206,497.196230014056
17207,360.38682513042863
17208,326.6942476099135
17209,605.5691275351803
17210,367.3771788788502
17211,460.75692764094896
17212,556.3535303466749
17213,406.84050667072194
17214,460.7773088943557
17215,385.0031872321521
17216,519.4399582316337
17217,515.1738212405634
17218,552.2654289327548
17219,457.6529253349304
17220,422.83929621925813
17221,429.22680185726284
17222,496.5162738240034
17223,338.391719903092
17224,562.5634831890976
17225,459.0156163578871
17226,401.69883580134126
17227,575.2613509748843
17228,366.2239414671477
17229,404.241715596415
17230,421.1870868788678
17231,479.7255648379253
17232,437.2399187742285
17233,348.7787939526314
17234,481.901724325451
17235,410.8321287155674
17236,312.716060279124
17237,456.1118274782293
17238,485.21677940536284
17239,440.71559996529936
17240,490.2724012407315
17241,336.8056810093795
17242,335.80574076767294
17243,438.96786057060706
17244,405.09647582626025
17245,471.42737083887397
17246,366.263573248876
17247,363.3050317853978
17248,521.6406179424047
17249,454.6710080787674
17250,462.0681921224229
17251,541.8887201665098
17252,344.4075318618467
17253,503.53834776466255
17254,471.2018182731113
17255,448.54629593646774
17256,448.07865873301347
17257,345.4805066118985
17258,492.20279886737524
17259,519.5274437891843
17260,337.8309187999706
17261,573.142212426926
17262,492.2879510606469
17263,619.009240831743
17264,402.2393013614125
17265,555.6840753718775
17266,346.74151777909026
17267,392.13578509307916
17268,298.96376965980807
17269,369.61895813180337
17270,287.99669212008905
17271,607.1959329953843
17272,445.2156418743886
17273,338.4755956004232
17274,384.5364988699501
17275,414.3338243399209
17276,540.7648807034792
17277,508.064189227498
17278,254.27068177796045
17279,506.46306674665243
17280,607.9552142000075
17281,357.89955683836735
17282,254.88728495717436
17283,394.13139922673633
17284,466.69398903114705
17285,473.44106737299774
17286,274.33846552088767
17287,582.6541884799193
17288,467.19238721454843
17289,506.26262864549017
17290,550.2277171487169
17291,518.1872757970369
17292,439.70473031780574
17293,455.04865647120585
17294,342.1410549774011
17295,421.9540113320659
17296,397.77417433709695
17297,509.42913681405696
17298,479.342059629895
17299,480.7162746092802
17300,290.39233263972557
17301,388.9360267127169
17302,573.6528554436333
17303,554.811184464006
17304,263.6423236296085
17305,453.2789349462607
17306,509.9843445388508
17307,462.92373157669715
17308,453.4754860768767
17309,483.02605446458665
17310,458.21917022509217
17311,436.4515026856871
17312,521.7973727783152
17313,468.9691839060957
17314,523.0219190754424
17315,468.0603512964513
17316,401.20905155816325
17317,442.2996681909862
17318,403.296974548808
17319,396.938487431399
17320,407.0433024929199
17321,483.572031833651
17322,549.4321946356971
17323,512.6452255363321
17324,504.7347234519219
17325,496.4277032150762
17326,450.37948627912215
17327,511.3958329659358
17328,508.0510818776828
17329,398.58834820428564
17330,629.8926270405256
17331,456.32109116037407
17332,391.41274382839583
17333,538.9489101435395
17334,470.4569068250461
17335,407.1369345656817
17336,446.078083253386
17337,486.13868689070273
17338,421.4222804445995
17339,382.4527573009554
17340,513.3142972922758
17341,437.04413914157305
17342,461.08254769824026
17343,566.1749841242857
17344,477.4303437262635
17345,498.01456334657667
17346,497.0641558695347
17347,355.5228364884887
17348,305.05929315506415
17349,427.7910744880232
17350,505.200264184156
17351,330.05246618262953
17352,477.52550852648636
17353,318.38103593617024
17354,567.0320506013686
17355,514.7008920051375
17356,476.5001442308028
17357,533.8393709494313
17358,403.15224398545007
17359,532.5063992206227
17360,349.83853999612916
17361,426.03672100535596
17362,330.69853607523993
17363,465.096585978199
17364,455.69930682538177
17365,554.1272959855136
17366,348.90744498470417
17367,455.707011896221
17368,462.9352885953757
17369,518.0908517947081
17370,366.3704101276863
17371,395.07891424639615
17372,437.2269494796582
17373,437.5317560954329
17374,697.7732402790197
17375,411.8940771977643
17376,565.5507425927714
17377,530.567691335221
17378,420.247712797862
17379,420.00258521676585
17380,475.600202515852
17381,394.3211051404133
17382,485.48042142945013
17383,397.1236679530861
17384,549.4543781354186
17385,389.5366799154392
17386,276.92085372393893
17387,371.9142924514993
17388,296.6301963121893
17389,450.344020531823
17390,336.5121577541331
17391,528.8898307590051
17392,400.459041779897
17393,390.45008248270824
17394,332.21238163412727
17395,461.4073235176465
17396,390.376062354176
17397,558.7390066632969
17398,553.6430077193389
17399,422.7749019111624
17400,353.28001941300874
17401,462.3960238641271
17402,482.11473003174444
17403,373.7479928493318
17404,450.5921505163002
17405,477.42602720091026
17406,469.88803337123153
17407,516.0186603318398
17408,464.0935584705771
17409,382.71673432602057
17410,513.7603670074712
17411,337.33137366184616
17412,443.9460678146731
17413,510.8385191175801
17414,354.83387694525595
17415,430.14393969216644
17416,449.0700780725389
17417,504.3352271351761
17418,437.06253007314575
17419,552.893930064008
17420,390.82309017130893
17421,568.637531898862
17422,587.6804241949819
17423,474.7284263334282
17424,408.83503350652023
17425,394.8429063433593
17426,361.8448722768795
17427,266.3556916244745
17428,463.42156424110607
17429,468.2190088300967
17430,515.5893859909604
17431,363.53464050558966
17432,584.8476451384751
17433,406.9912049365458
17434,512.554302850132
17435,527.2119846246343
17436,276.313368628097
17437,445.1823716485167
17438,475.8169035928213
17439,455.61503660642654
17440,450.3143281417735
17441,367.37511406316116
17442,517.5137655468205
17443,467.4002795389835
17444,448.7127745886882
17445,429.83447148586515
17446,502.320475283587
17447,453.8858545295109
17448,426.19076143572505
17449,598.2765007446283
17450,549.6152036493321
17451,495.0506146200182
17452,445.41281564437327
17453,425.94742623746964
17454,371.03550238429034
17455,495.3955891420856
17456,366.80809921337647
17457,478.1484746527726
17458,390.71090981559206
17459,427.2441499342908
17460,503.38225555648046
17461,450.9121438015976
17462,434.48649225066737
17463,506.8806023466515
17464,519.0885299418402
17465,449.6845939492943
17466,519.172544901783
17467,433.83600623164597
17468,472.9416801324935
17469,612.8858524955953
17470,472.0860495168344
17471,452.0223076869824
17472,509.13760085049864
17473,510.0520722230153
17474,567.9370105104758
17475,476.35222796592194
17476,543.3968290624596
17477,497.92946476406195
17478,493.3033897524606
17479,511.019289036207
17480,327.4047935942747
17481,431.1413396116719
17482,447.0767513272377
17483,536.1545580253382
17484,420.45459482484586
17485,393.2878570188752
17486,412.17001208401945
17487,379.68085165464583
17488,427.0346820351505
17489,287.587389256989
17490,390.4284380486531
17491,442.28288785777886
17492,346.8283333954095
17493,442.93857943169
17494,409.28526381964235
17495,367.9413842827738
17496,383.4055643442802
17497,439.1753910657998
17498,459.46341646027105
17499,450.3138967921506
17500,508.04206953462113
17501,412.0833158112844
17502,479.85344203435454
17503,289.8357101927991
17504,372.3538702683059
17505,348.46137329267435
17506,455.19882230785447
17507,397.9278836615383
17508,479.94246243042113
17509,537.7463462434843
17510,575.5897515738505
17511,511.05268275570785
17512,507.23820360217536
17513,582.1015673644735
17514,470.9844751118888
17515,511.92996718244143
17516,431.398291719617
17517,356.3092043048624
17518,451.33386152863574
17519,531.8086341914238
17520,564.954912490573
17521,552.7584822744338
17522,361.28452855427383
17523,589.9207663339258
17524,371.7414103738867
17525,352.80994094761866
17526,575.1703424788251
17527,420.63955510222684
17528,475.32460119549705
17529,349.03444124036446
17530,486.81013123401647
17531,470.8378380325372
17532,484.3484232650025
17533,533.7567637503868
17534,462.1172782649914
17535,493.1070996018666
17536,576.3862420159461
17537,400.2507494951084
17538,512.31474736739
17539,339.69918770122234
17540,463.82716186115886
17541,371.5558831347902
17542,456.5449441180373
17543,363.7246832768384
17544,489.432792758505
17545,412.4263577946747
17546,475.5884289928688
17547,450.55888527097716
17548,411.4996091965136
17549,426.74161125995295
17550,510.647346810862
17551,500.8228549190739
17552,450.39795901606556
17553,491.96322906682417
17554,480.6416479943952
17555,566.3509862411362
17556,417.1630827403258
17557,417.9562989929277
17558,282.3060851296167
17559,520.0859784087025
17560,480.806961982634
17561,500.7206261106409
17562,350.65150531759105
17563,440.51729953466196
17564,303.3636351666404
17565,528.1672691382598
17566,417.419144655074
17567,534.2558998160001
17568,481.1789362490188
17569,519.2874993000959
17570,450.62609344697603
17571,500.10244985081414
17572,420.9095852449646
17573,423.82459488541394
17574,499.1959571511148
17575,472.9696314561514
17576,455.3528678641757
17577,441.5849926155089
17578,440.8673871344135
17579,393.0101175883553
17580,438.43773332827857
17581,346.4054551354318
17582,456.83987306782547
17583,391.3678805786902
17584,367.8716015773322
17585,474.2357943329373
17586,457.5799074122471
17587,470.11403627957765
17588,428.8307799688879
17589,567.0993925646635
17590,561.3909861557901
17591,396.5553253645959
17592,435.7073820446188
17593,329.5140400655381
17594,531.2804467864937
17595,298.91743848037953
17596,352.15046639233634
17597,441.17622251202437
17598,386.89246489195256
17599,527.3710450291974
17600,419.56724998265184
17601,408.3707954441658
17602,422.44032489986137
17603,575.3324259459979
17604,501.2917262258427
17605,415.8846995571924
17606,571.4446143379519
17607,450.2991804095156
17608,412.18059439359854
17609,438.7458648756523
17610,425.3322169433466
17611,469.99156545500153
17612,386.8645895115651
17613,454.9228739124199
17614,547.4203904048574
17615,520.9558025256996
17616,430.7995582262954
17617,493.39647582252445
17618,386.16451767179217
17619,554.8189168634849
17620,393.4397617324859
17621,432.15238967301207
17622,468.25803420096224
17623,461.7613235661852
17624,538.2369144173648
17625,382.20427282463163
17626,415.8279276272248
17627,462.0108411765925
17628,396.1847684261164
17629,554.746332027167
17630,432.2084986586771
17631,458.0438462505737
17632,426.84416116723344
17633,510.22414081908215
17634,454.12150591772905
17635,395.3929319986759
17636,637.1209594367959
17637,493.0046477093458
17638,433.7876378474657
17639,375.9530943146834
17640,514.4600749092515
17641,384.09127586920937
17642,466.1104645361111
17643,396.7343286535862
17644,471.57539865598784
17645,386.4094126379214
17646,523.6709626779505
17647,500.44497512361465
17648,402.5091943283662
17649,393.75945848677037
17650,491.04282110453534
17651,411.58193909888547
17652,456.6381909299488
17653,528.7304317309611
17654,458.9679742645839
17655,441.7207198016104
17656,504.8108352604688
17657,535.737735187428
17658,450.49658307516813
17659,413.77825867183554
17660,508.6320491796827
17661,532.310502792828
17662,677.0314099121355
17663,460.14360562854284
17664,410.72945704739647
17665,360.4961664777546
17666,450.5823521518899
17667,379.6438368964422
17668,467.09343198240816
17669,545.9699834290062
17670,506.0895427041524
17671,331.2078045224365
17672,480.5483018680817
17673,508.9257113983646
17674,474.4387991712222
17675,483.6268966134685
17676,490.97586098959414
17677,419.65610410236366
17678,528.653728965482
17679,480.40854206964514
17680,318.0652881918314
17681,453.66236953487095
17682,468.21634557063675
17683,500.6822424378524
17684,425.8312105554028
17685,455.45568446281067
17686,558.6769127926574
17687,498.69262039716955
17688,517.7886381932196
17689,423.14815740126124
17690,421.9295628613177
17691,479.58089627422714
17692,317.5944604274944
17693,337.08398275478925
17694,495.92504622787055
17695,532.29493090327
17696,334.41871419219206
17697,386.6566292935805
17698,526.9526844463686
17699,487.22698542439383
17700,320.8255747023501
17701,430.65876818195835
17702,493.7996603595304
17703,472.63150147390064
17704,390.2832999302432
17705,454.20332383001573
17706,576.9742071629805
17707,535.1608610655967
17708,438.1901603539212
17709,469.4724831979423
17710,405.822863882309
17711,505.48181666850314
17712,289.7617393235544
17713,495.0696661033283
17714,375.68837430979147
17715,337.0355124485855
17716,395.2310557089309
17717,274.0353298125815
17718,362.89674423345525
17719,463.9763853278999
17720,442.38277090233566
17721,322.1519849147402
17722,368.30867216859383
17723,405.79016703096596
17724,493.90331992204347
17725,386.7133949304092
17726,467.5894475845195
17727,426.0711719382913
17728,463.3867183999349
17729,474.16486081732904
17730,400.0543729964273
17731,405.0013348654334
17732,363.83671098819684
17733,342.78169077813874
17734,442.5917989631316
17735,379.86198245372975
17736,523.1541328181801
17737,493.0629658227787
17738,498.0182653334982
17739,389.6878146451571
17740,377.5527787767779
17741,392.8115466968639
17742,532.9053326153228
17743,482.8802347361416
17744,424.65638501071976
17745,539.2562389505109
17746,300.9348472179016
17747,478.53540875671825
17748,446.39061558825955
17749,309.07671491165223
17750,283.1306732084403
17751,483.4887205658164
17752,485.5261458336388
17753,529.6742673792165
17754,217.73473361164244
17755,477.80620889974426
17756,589.572903533666
17757,470.6903298306416
17758,394.5587809990457
17759,466.8420275879886
17760,492.98428283088714
17761,537.1063084104335
17762,465.7105401337393
17763,462.4723441624107
17764,442.0945731767804
17765,292.53058338295403
17766,475.3331173070065
17767,539.9622831541225
17768,432.9325427595164
17769,418.15235216221106
17770,467.4191204941841
17771,553.9391937013373
17772,303.65249189663024
17773,506.1676506823984
17774,547.8699718037939
17775,610.6194287879224
17776,545.623036861275
17777,418.9576319593536
17778,455.9368989470877
17779,360.11157381717203
17780,447.6006294527493
17781,376.5236540251293
17782,360.4493188142966
17783,562.7713118606105
17784,451.80839919682927
17785,377.62429040361343
17786,311.5497484327642
17787,579.330821623097
17788,508.6979881199258
17789,365.8021777809756
17790,514.4253175158734
17791,339.37978663426134
17792,455.820538791907
17793,351.85840215953954
17794,539.5722426341013
17795,408.9872673186159
17796,547.1921417781908
17797,386.39473531752384
17798,409.29736496962374
17799,667.9247204897921
17800,388.3078706040349
17801,366.77828038459285
17802,415.98197658382446
17803,482.26544895430607
17804,535.3193117351733
17805,312.6477597071314
17806,412.21216739429
17807,338.52216562772935
17808,529.0043629098122
17809,571.5088456740679
17810,561.1284042375738
17811,528.2857490063335
17812,270.2983747131362
17813,571.1657820181498
17814,435.17498992331457
17815,422.8565066986507
17816,553.6472786530386
17817,387.29633878783625
17818,526.3499061931686
17819,365.7776725745682
17820,544.4708937992797
17821,521.9274422369538
17822,455.3231120373981
17823,496.7782327455625
17824,452.7237724860359
17825,456.03675741995625
17826,564.1484348081136
17827,405.0097746855039
17828,344.9350307420037
17829,493.25880608702545
17830,442.136690200602
17831,408.07166287347405
17832,458.492138809537
17833,379.67532082049695
17834,454.37481183502194
17835,440.8983303646091
17836,428.587499766629
17837,503.49531433285125
17838,357.48477723707384
17839,618.7085949020646
17840,430.3194363455377
17841,440.6082500304726
17842,501.0248213834945
17843,427.3173119977885
17844,590.6191612076738
17845,480.518008663944
17846,425.36309542515295
17847,505.5646520241119
17848,320.61561454377375
17849,448.9839275351384
17850,279.07201081578785
17851,378.6870068749003
17852,462.22580705325595
17853,333.72203077378856
17854,504.2112866277141
17855,512.6589677765039
17856,441.3673158510979
17857,453.22729288241175
17858,512.9726276928071
17859,577.6644779909764
17860,541.6001324965943
17861,382.1211050801204
17862,530.9004349521379
17863,401.7719997381511
17864,409.6397487590475
17865,513.4202752114868
17866,472.9764150014478
17867,429.36493656501597
17868,404.1280422727634
17869,465.95181933885436
17870,491.30083259495143
17871,445.0618012422249
17872,385.98830218335917
17873,516.0372841939519
17874,587.1695122578542
17875,538.9912914168021
17876,524.8275610935125
17877,491.4313913494271
17878,485.9132166228599
17879,529.4378246441615
17880,497.15546384664304
17881,387.51916471691834
17882,298.6609615651084
17883,378.53541294267524
17884,442.569561519855
17885,432.22016901809053
17886,429.8572929965072
17887,332.1604331029932
17888,481.206635915617
17889,441.5175432854149
17890,363.3380044179837
17891,380.0691507299039
17892,406.1842951073373
17893,438.83271949247137
17894,320.88947246131227
17895,469.30546732063596
17896,427.222641206808
17897,443.218305536147
17898,490.8447557303739
17899,435.29214730325106
17900,365.4617687079471
17901,441.83776622655
17902,358.8154899448578
17903,358.78392112833797
17904,399.8002198174281
17905,312.09806364196714
17906,575.5167075471722
17907,430.46515198474935
17908,336.8166192280328
17909,511.2479330884775
17910,460.63096620411557
17911,444.61168111889725
17912,435.9938143814204
17913,396.46011671190155
17914,330.3010981165484
17915,382.05480528745846
17916,444.30715492010364
17917,371.906634319955
17918,519.4704177692789
17919,393.41072860753246
17920,571.8036659376309
17921,477.51449121425566
17922,420.9879125308002
17923,405.86189781362873
17924,461.8544544772925
17925,572.878542217067
17926,543.4190315470963
17927,462.35019317759145
17928,476.2038839346845
17929,496.159029218892
17930,630.6903352793687
17931,579.3483212198229
17932,473.08432121598486
17933,523.2991101663287
17934,417.9706183267033
17935,512.2769381926138
17936,465.7613655262427
17937,419.0374076715674
17938,465.18979463097327
17939,487.3700921263038
17940,456.0740966071021
17941,369.1029533100114
17942,299.7442096250355
17943,521.1052782865493
17944,537.7425966148662
17945,370.86161771590656
17946,430.16097570389485
17947,387.8861750357126
17948,348.4231689881183
17949,482.4938772089239
17950,515.9279085943674
17951,320.0872209988766
17952,404.49997486117627
17953,482.0880392744714
17954,533.1738733512577
17955,479.6423029999484
17956,428.04600887185575
17957,368.6663258708682
17958,367.16250793782876
17959,354.78739607769603
17960,564.0610010935885
17961,486.55545003337187
17962,634.6172317680706
17963,412.518635457409
17964,457.60413846357216
17965,428.9558928791124
17966,298.15643909390724
17967,541.6365312668736
17968,395.3077603188536
17969,391.15610300743776
17970,496.0669578519572
17971,380.1326016601061
17972,348.295279096882
17973,434.53104977611645
17974,372.97448064341916
17975,483.08320987675114
17976,464.35196670469065
17977,498.35217966223325
17978,468.5992919951169
17979,428.37310160606495
17980,525.3257755011758
17981,466.5163336576252
17982,466.9682784256014
17983,433.0542963336937
17984,318.6360553479999
17985,538.1585199114843
17986,404.31159248680564
17987,400.59359836028085
17988,491.8389342742418
17989,453.8348260401199
17990,381.2494481334349
17991,246.7410270533353
17992,454.00708736283866
17993,402.52903364045966
17994,501.5050480400464
17995,443.1073116669151
17996,481.3409042087512
17997,602.6894608773621
17998,664.2390657377429
17999,349.4105913483639
18000,540.0773580609801
18001,470.96144474357544
18002,513.4795841096809
18003,516.8944949765348
18004,334.826750228461
18005,270.18669135448897
18006,484.0421036595499
18007,412.8717248122776
18008,578.1055132671404
18009,488.7652966537876
18010,365.82453083843046
18011,362.3956650721263
18012,570.3998306283569
18013,302.9840096410515
18014,250.732129348399
18015,481.626949899506
18016,404.68776742889986
18017,435.4948865396276
18018,366.6460269507939
18019,388.81007690728325
18020,554.4325328324741
18021,388.0878770848975
18022,395.89578775347525
18023,555.3788085265003
18024,452.92890723410864
18025,402.09581642275714
18026,340.4251175913442
18027,587.3287782529056
18028,537.363710306437
18029,455.2006510019937
18030,630.5136884102012
18031,386.41757130903676
18032,385.6339549192625
18033,346.207655595177
18034,611.1008254457997
18035,391.84113486065763
18036,550.8599412708425
18037,472.3559781078238
18038,488.414977499889
18039,552.2748601366525
18040,410.69793272546013
18041,458.27351805576734
18042,321.11885160834055
18043,418.8447070639933
18044,472.5701830889324
18045,371.92102063626066
18046,315.4311354339663
18047,568.7128550703148
18048,623.3737879665098
18049,493.73620331931414
18050,520.6632426312776
18051,416.65384350587624
18052,450.51288095686016
18053,393.691851491884
18054,510.6928904960517
18055,247.6725215495737
18056,390.69033245923333
18057,349.9780696781455
18058,513.4046044073517
18059,367.89182339866045
18060,379.4491311039537
18061,537.7499565734828
18062,458.62260651634665
18063,509.0158031143403
18064,366.7333713490857
18065,405.6008862287448
18066,337.3960150863124
18067,488.43826993243215
18068,302.2887543296669
18069,601.9897712320201
18070,366.8942330854369
18071,508.02055088122523
18072,370.3204492850003
18073,471.4195876332771
18074,376.6340354903699
18075,266.13090071695814
18076,402.50183843767707
18077,381.87126961467925
18078,498.9540519718761
18079,487.5167685203917
18080,568.4759994827305
18081,344.7500799920003
18082,479.20414388041036
18083,601.9633011384545
18084,442.28133254906993
18085,372.62958575066585
18086,452.6829802437266
18087,473.8212575648768
18088,376.30851493770393
18089,383.86219067833684
18090,411.3151443197122
18091,363.6708976426846
18092,466.3783579293442
18093,274.03963404585375
18094,527.0288499223733
18095,490.4462339982892
18096,344.84282682688223
18097,364.54920725293323
18098,477.99613077326194
18099,385.52731428894157
18100,453.3671185555245
18101,573.8469933471588
18102,274.7407570267354
18103,445.4948567772229
18104,419.5294010914222
18105,446.29538597653595
18106,446.0246439689568
18107,452.4706468424591
18108,353.9524792181924
18109,510.9938875323649
18110,324.43369592630114
18111,408.2240670704554
18112,395.62819137815967
18113,498.1716902463044
18114,443.5577305916922
18115,620.8641100599874
18116,354.9098963606701
18117,264.15334040674827
18118,569.9424982083443
18119,506.33188047204794
18120,406.05845882119394
18121,390.324131155563
18122,598.7776655173917
18123,411.14926546717743
18124,450.5924475887031
18125,419.72198656437905
18126,515.4231807746862
18127,428.8026698613623
18128,545.4462102521926
18129,490.4844793527468
18130,572.8344118106204
18131,335.9063441149507
18132,367.6574867625341
18133,434.9137091514137
18134,444.4699300148382
18135,460.87854276716587
18136,574.1446223267932
18137,372.6327815601252
18138,465.16627703051546
18139,579.1069338938977
18140,439.96152728152475
18141,449.78069563553584
18142,436.1955801566876
18143,491.19021601386794
18144,398.75364128208724
18145,310.1747922004134
18146,543.0443533074044
18147,437.6049829252378
18148,557.885263494503
18149,469.78528212979694
18150,462.7229772073966
18151,533.4057095168611
18152,465.3493558771781
18153,392.9143577747599
18154,478.46967466752454
18155,383.90933380047954
18156,490.9157210005334
18157,418.2946228818551
18158,456.2888721496006
18159,271.51877907160326
18160,410.00016850338983
18161,501.59964461474664
18162,475.4081949397157
18163,348.5056146129282
18164,472.9688129649123
18165,364.19992945540287
18166,395.99056282356105
18167,381.6838529067664
18168,531.3370891625862
18169,471.50841871183036
18170,425.81229258656623
18171,609.2489477587844
18172,410.3797364055014
18173,432.239950800273
18174,449.6126732729428
18175,475.8662956141002
18176,403.0450658765221
18177,386.5144965072564
18178,501.6731400145538
18179,508.19975029816356
18180,507.2131245349714
18181,366.9800410902074
18182,498.0806786910314
18183,557.6654287905403
18184,489.0533352862003
18185,393.11453484398226
18186,430.54140764647815
18187,441.3383767095986
18188,333.11683489495107
18189,597.1100963581733
18190,433.4802630625196
18191,467.28926744998904
18192,532.2035479102417
18193,420.1125619912238
18194,440.63345008914024
18195,444.40951039021246
18196,353.02952685014446
18197,441.2338219766975
18198,484.9320451949589
18199,417.9464812982503
18200,645.120930632961
18201,693.1494911534977
18202,378.1043743557797
18203,523.6920696871115
18204,474.0894077320957
18205,535.6162528537299
18206,422.80673880818574
18207,470.23333549538063
18208,368.7634305320104
18209,479.65743508808214
18210,361.7643921797931
18211,418.39557856121496
18212,496.8551463481466
18213,477.0190357816022
18214,464.7129010503294
18215,369.25588573189464
18216,403.0332523025066
18217,408.4131053102047
18218,428.0725188641531
18219,546.6843169800875
18220,404.3279020802753
18221,540.0464917526193
18222,534.9468682056741
18223,400.4542131935241
18224,441.51933866612177
18225,329.3889519632179
18226,464.5172416967702
18227,434.6083740098434
18228,429.8877260311389
18229,471.61763082944015
18230,656.1211179512525
18231,439.7923764675237
18232,554.5426757458765
18233,478.1545725712298
18234,416.04964258217376
18235,280.5643084500127
18236,400.75988978817793
18237,418.137128589318
18238,435.1147926674485
18239,499.1865977029988
18240,518.7087048404323
18241,518.1582052751764
18242,430.17600859746636
18243,508.3446454497307
18244,555.1747988039493
18245,497.5162252218217
18246,507.50797062919116
18247,342.54125772661394
18248,501.1544701830128
18249,288.7943586659217
18250,319.71464417973016
18251,451.0595511104051
18252,514.320621507634
18253,505.05056210073604
18254,538.8247568471398
18255,521.8718570186084
18256,517.3145449812707
18257,495.0853786563478
18258,421.59281949506476
18259,415.1661630295342
18260,431.1838824165077
18261,418.1478713689992
18262,601.0100043268367
18263,376.8275809559375
18264,502.1961994569598
18265,500.0275591655574
18266,480.7055834132955
18267,351.1027898502757
18268,372.20691732161555
18269,470.5507745095445
18270,362.71183661486253
18271,475.83463028196496
18272,478.9749785586527
18273,520.5197534429121
18274,565.6474419195652
18275,373.61968413568246
18276,333.8418937226098
18277,549.6829779188643
18278,288.35924452012927
18279,498.3462962463174
18280,464.13715414974735
18281,334.9487198215625
18282,306.4973057964716
18283,490.7806139583375
18284,394.7281553495964
18285,461.49166673818877
18286,446.796627349221
18287,485.02448498829926
18288,406.21513551064385
18289,466.8869547471071
18290,382.27876034825744
18291,531.541905086737
18292,373.512394610653
18293,428.5559623055993
18294,643.2201182833469
18295,488.2858798779041
18296,491.3816617310738
18297,492.4121730978026
18298,464.45674288751496
18299,303.37367629704204
18300,395.2193171318633
18301,485.71623038993533
18302,408.6016152493421
18303,550.9109251793383
18304,436.045073622772
18305,480.7343381070762
18306,517.1890503899191
18307,458.72193495525545
18308,537.120088989917
18309,360.7213303870841
18310,535.9268476213427
18311,395.50981787976417
18312,521.8323642530404
18313,533.5492731834195
18314,470.25890001038437
18315,377.26238415891413
18316,448.9941577792613
18317,470.24998108023567
18318,457.3631257610596
18319,345.11868553809666
18320,581.5358401227402
18321,509.04489293676374
18322,474.33783357763656
18323,502.45126582912076
18324,420.17293862082926
18325,391.5876980660541
18326,550.4023498841203
18327,363.66329353465255
18328,246.69371687037412
18329,364.0900014091949
18330,305.92068730359887
18331,497.11085737225994
18332,475.5808159416962
18333,257.2482533774925
18334,443.7493522065486
18335,448.27004605251983
18336,479.57589601537825
18337,394.0328703878618
18338,568.5883842545909
18339,515.0172984472994
18340,472.58363556991156
18341,377.6493225082511
18342,453.87224189846205
18343,475.2218528613215
18344,500.4329006022016
18345,399.25223619531835
18346,414.17647586627396
18347,505.7680753175143
18348,579.4065317524244
18349,526.3224530074854
18350,600.3106397155228
18351,552.4695925938981
18352,480.71755734450903
18353,402.17811716132405
18354,491.4701017955505
18355,502.8272510818864
18356,510.92629578458997
18357,369.36761205367503
18358,569.6326815348369
18359,372.73266417049797
18360,381.9884011041474
18361,529.6652064749968
18362,446.2419084584637
18363,470.15285512516255
18364,571.6915784097461
18365,438.17359957717656
18366,415.84637908897275
18367,383.33015728262626
18368,508.80239198670205
18369,445.91541294560784
18370,420.07440176018594
18371,357.67340853366653
18372,451.45515347472445
18373,568.5097917104359
18374,374.80124210288415
18375,500.4683551385914
18376,390.44576333618556
18377,618.7135265307537
18378,430.0255569833827
18379,447.93429833270307
18380,411.9598456709636
18381,563.1575401337914
18382,468.0851574692047
18383,485.74531589298476
18384,498.4253538288884
18385,396.9751981898431
18386,383.79424292454314
18387,507.2017355965461
18388,294.4258472964948
18389,527.0172179955732
18390,402.55214660463287
18391,370.70769595940226
18392,432.27957810061787
18393,425.9955845401581
18394,532.5399441643513
18395,518.9088614162308
18396,422.78528865387835
18397,481.37404316063055
18398,526.2601673960254
18399,439.4023960754414
18400,431.77131181959277
18401,469.32416572774304
18402,422.75204070091775
18403,616.6358694964159
18404,474.6103572428517
18405,376.14081533729376
18406,502.57578297796704
18407,474.9601842829589
18408,546.7507970174144
18409,367.1768076849977
18410,384.1988371576439
18411,432.3765418950029
18412,562.2745251770566
18413,437.42798533753603
18414,459.5422504581031
18415,553.3927514996068
18416,540.4510003637006
18417,461.35145058730944
18418,475.52449607488353
18419,506.012352677886
18420,564.6592224320369
18421,544.6506027501327
18422,506.6648311597143
18423,461.00557634915924
18424,409.7667320975502
18425,634.647919393883
18426,427.5931147159141
18427,424.8639589169793
18428,502.40023763551613
18429,413.71633067846045
18430,410.017903752824
18431,500.94113270268434
18432,418.9292850468229
18433,332.6003324718623
18434,433.7829928988555
18435,469.50899664372486
18436,404.25177029489777
18437,517.4708869392113
18438,307.3573549005665
18439,460.05173133251975
18440,485.40949663372857
18441,596.6483306780417
18442,481.9200461445047
18443,323.32370851132936
18444,441.9457154649999
18445,476.24325827039246
18446,511.0942210074284
18447,395.92319559487595
18448,419.6074867509453
18449,514.7646902540604
18450,609.3872331699772
18451,403.46272944738513
18452,441.3645658621637
18453,487.13247492366355
18454,428.8412499687122
18455,501.4925549770838
18456,416.90342383187203
18457,517.295719942356
18458,499.678906156563
18459,570.4577757048868
18460,462.9493535264217
18461,534.6190211385492
18462,545.4398746725019
18463,498.1126762165585
18464,624.139900850045
18465,415.5825458852953
18466,468.88520194185924
18467,532.9932029473079
18468,489.61390073556237
18469,588.5517991558053
18470,437.08776811700574
18471,517.5754932994415
18472,447.7862658859257
18473,513.0285288313738
18474,425.82497068371134
18475,345.09700606040303
18476,268.121272445924
18477,516.2986587565373
18478,303.58183927287945
18479,464.8613883665826
18480,435.8860782405398
18481,429.1450787015754
18482,426.12917812954
18483,405.1515765049317
18484,539.1942935911088
18485,565.9750197785705
18486,420.21823797027605
18487,454.5806256565309
18488,428.56516105466886
18489,691.3327057514119
18490,431.35248145157
18491,468.7602786131419
18492,580.6987164089937
18493,446.888788279516
18494,381.70247435921357
18495,481.45934320586866
18496,525.1834386989175
18497,474.41381906635155
18498,388.248405004262
18499,434.357099017541
18500,382.51762239478194
18501,280.8616693892603
18502,436.7172303349605
18503,315.0512395558627
18504,530.7602339414307
18505,388.47951081705395
18506,473.2018078201277
18507,450.95275367712406
18508,394.67414409671085
18509,379.60113145370735
18510,466.8712788630974
18511,426.972697289373
18512,441.6542035420071
18513,399.10918992493
18514,373.97259680417756
18515,366.40769368170515
18516,452.09147068717346
18517,238.92645813113978
18518,433.0802723627639
18519,294.5087504608488
18520,471.80704802973895
18521,477.91485649516505
18522,499.0735536096091
18523,434.37141538507507
18524,464.0068948235978
18525,547.6118794930375
18526,417.9580053851893
18527,438.208758160848
18528,437.27665668893707
18529,345.7111308228123
18530,375.7529647964797
18531,316.89697358894233
18532,516.1473653724612
18533,503.62669421046
18534,350.6846412638075
18535,357.0597317115763
18536,437.9021029363161
18537,472.3526996372955
18538,435.7744560992586
18539,402.73923801547147
18540,650.8705004279373
18541,633.6634116359786
18542,406.2066335732813
18543,529.6287953934794
18544,431.76190620806284
18545,343.07615819831113
18546,435.1156338823401
18547,347.95346184119336
18548,291.91596645694034
18549,429.6439817704679
18550,589.0468753510477
18551,334.2901459305096
18552,439.0991339007516
18553,342.1250609230848
18554,701.1367419205347
18555,400.7597614234359
18556,459.25209318017284
18557,413.0634496729204
18558,442.366837953813
18559,429.9305881717118
18560,593.3227737429612
18561,544.6624196619263
18562,496.8439538240759
18563,516.3861778241442
18564,440.8088319678489
18565,517.2975682314495
18566,423.467608761927
18567,461.6205706566996
18568,420.94212695505894
18569,421.7622142967932
18570,504.65332054732994
18571,432.66714611514885
18572,307.5599294123533
18573,446.98980872593916
18574,307.871696336994
18575,529.5973767433022
18576,480.9564246991089
18577,529.5169611168192
18578,553.4541013452962
18579,495.2966949661142
18580,369.3330255889581
18581,416.88730280787803
18582,415.6341926381368
18583,498.5621184927652
18584,542.2521229134529
18585,286.4567517730855
18586,376.51138235323907
18587,345.38326671472703
18588,339.41178349074653
18589,490.326711534072
18590,467.61889236231127
18591,451.82339601658975
18592,293.99627286207647
18593,444.51710098850157
18594,392.0784772028073
18595,576.7515985274404
18596,546.3235309264453
18597,518.2837795543448
18598,415.56403437239595
18599,422.16478065725283
18600,385.63950699135256
18601,409.25136297117217
18602,429.2321497373594
18603,648.6024818535418
18604,441.3794344036049
18605,622.5133776104136
18606,314.3609945682995
18607,446.87163219240813
18608,485.78142355092814
18609,411.81085481294645
18610,361.34512348197154
18611,282.11118226695527
18612,436.85402493831896
18613,376.77295677379215
18614,438.2494645212139
18615,423.5694453985569
18616,525.3966425386577
18617,481.5473406483243
18618,566.870136640069
18619,522.9871347688486
18620,371.7766045311085
18621,660.0870452609391
18622,411.37322504599774
18623,314.62409188075384
18624,458.1353812233306
18625,418.6685447031057
18626,394.23068160003396
18627,414.76917231407657
18628,442.7142329153222
18629,489.96758821225535
18630,538.5118597994499
18631,268.886040233755
18632,403.4682427151087
18633,451.3676072970546
18634,363.22158403354786
18635,440.09579946470836
18636,412.5548956991474
18637,494.94249093752774
18638,397.3484897722814
18639,430.9849762433007
18640,279.1904140252949
18641,580.4430106522543
18642,437.633392467862
18643,543.6060772818504
18644,503.664370112809
18645,514.0712459190178
18646,585.4596538142175
18647,491.0561868806538
18648,561.5418864612567
18649,487.2413125870394
18650,412.05152074969163
18651,448.47757136862924
18652,576.3904574768596
18653,428.2402511464416
18654,518.1515741803775
18655,358.08317358049754
18656,430.25296676874564
18657,527.639479522469
18658,497.3168657113655
18659,478.5807132579018
18660,220.0318233084198
18661,499.2370125234598
18662,386.42359738237866
18663,503.6807043144875
18664,388.3410966774544
18665,319.544284419461
18666,527.0132110580985
18667,377.0743622594704
18668,386.8030552269698
18669,573.2233089529361
18670,412.8171472279686
18671,326.39690826733215
18672,540.425164737976
18673,564.9337055173052
18674,530.7171291430388
18675,478.30024713690995
18676,535.096545767149
18677,470.5819378680265
18678,294.23072439013123
18679,643.5554061762803
18680,339.44854321460855
18681,386.3816839549695
18682,414.6850761897424
18683,476.9523152591378
18684,350.74511850202026
18685,388.2034022636627
18686,593.6474825282615
18687,403.6847082287499
18688,473.0701561027155
18689,472.6369919696179
18690,724.5839766006053
18691,325.1803454768474
18692,344.4426150033541
18693,409.2349095781057
18694,391.85772454479365
18695,594.4916719871671
18696,472.140450215649
18697,410.1917048776595
18698,403.17942437901763
18699,481.4083549107655
18700,434.2037011453261
18701,367.7223401105408
18702,461.41067619843915
18703,333.36253478259323
18704,403.97846861687873
18705,432.4040905800401
18706,406.54486745287596
18707,471.0189896958601
18708,386.0868819943989
18709,384.21915296424754
18710,656.9482610665804
18711,566.9832297431326
18712,330.2124955408213
18713,492.67073752526335
18714,517.8987418923628
18715,425.5825283973048
18716,568.6985478703734
18717,397.364468446151
18718,329.81279779530917
18719,504.65610956548517
18720,434.10103861080853
18721,347.8363185222903
18722,351.20708204792555
18723,543.1466867910635
18724,396.2923991917538
18725,384.8595960352943
18726,461.28752920989695
18727,459.81273217906784
18728,400.61376151032147
18729,418.8368420870232
18730,376.8300077778813
18731,444.4659238265483
18732,339.6514567204506
18733,347.3631748319831
18734,486.9714924308991
18735,345.3274142219824
18736,529.7669411507655
18737,517.2208961237797
18738,388.89157032324374
18739,516.1751421155018
18740,448.10129903961695
18741,630.407815713088
18742,536.0762537125182
18743,513.7388582893416
18744,512.0943652302917
18745,485.79157532258597
18746,508.3593601450366
18747,364.87472344322924
18748,476.22482736316607
18749,423.94716620033324
18750,456.0818059187044
18751,432.41119135418325
18752,366.01687913845103
18753,471.8599340518271
18754,434.6597407996136
18755,504.5266570760155
18756,561.3320012571207
18757,431.34112323011806
18758,325.73487881992617
18759,470.6191661096779
18760,440.2339447256189
18761,469.9684471188816
18762,404.5054975517574
18763,505.9659347921468
18764,544.0102175658762
18765,383.468738146521
18766,385.3405587814316
18767,611.2212249687788
18768,512.0118919624817
18769,279.4982085092614
18770,387.14616233343116
18771,409.14590104928294
18772,422.4551895883893
18773,518.6921565394747
18774,475.572114548871
18775,461.79941661701974
18776,363.5617789831254
18777,462.6697867952299
18778,525.902207690182
18779,534.9743131382045
18780,406.9197829510716
18781,570.6093611242082
18782,334.25916486630877
18783,508.01477313964403
18784,377.82924209919514
18785,550.704001214336
18786,582.1148808357265
18787,495.93166959399
18788,500.11011402383645
18789,521.6793217977112
18790,338.0833507547287
18791,261.04768330626234
18792,300.4518662413226
18793,582.5412808373974
18794,468.63274694050307
18795,345.35518895873275
18796,475.9282353072316
18797,502.23176656483867
18798,496.12190289740295
18799,498.4113322990172
18800,393.7671649656494
18801,468.38708973605907
18802,474.57979242146746
18803,359.84026312704424
18804,401.8231860642754
18805,306.40609833545534
18806,449.305813315377
18807,372.4534039328929
18808,566.0162661028122
18809,496.54188311653866
18810,414.5689141394709
18811,234.7141672681375
18812,410.48069604300025
18813,366.0849913238817
18814,439.7854702740971
18815,386.3088162927941
18816,243.2595308378842
18817,315.66502429644635
18818,352.098216536128
18819,347.407749472319
18820,525.5233399644721
18821,342.2483336459439
18822,533.6934208913066
18823,431.001506129359
18824,400.2442381425651
18825,482.8672990048329
18826,492.16280183108756
18827,552.9394129995364
18828,469.7478848079006
18829,474.2870363489402
18830,490.8923978589714
18831,432.1576373863241
18832,451.70188959958034
18833,566.1617324090174
18834,496.9591309444387
18835,377.28861071134855
18836,477.8205317814318
18837,418.92664433645064
18838,355.3490075115511
18839,483.51582397736286
18840,602.5115855532125
18841,418.90851600280416
18842,369.9052771469584
18843,529.4770878891562
18844,441.0339470972167
18845,475.28821161221316
18846,381.74613389046226
18847,367.5514218017593
18848,372.43782160926764
18849,433.87115647496273
18850,484.1590410852317
18851,392.7321614890945
18852,551.1207247116607
18853,606.1050849157036
18854,412.16371313581686
18855,278.3341544238031
18856,436.72052489267924
18857,422.24483750036717
18858,408.69623262906316
18859,597.6734929495644
18860,465.19813652673366
18861,521.0786081359864
18862,411.930227740646
18863,575.1577552290146
18864,461.1942154701534
18865,377.6436961015648
18866,416.7379960033511
18867,381.09839178830214
18868,360.9535047703891
18869,472.2216495776397
18870,597.62467790793
18871,485.2301932395574
18872,439.8164312366105
18873,436.7157916652625
18874,518.79193576191
18875,455.7361302241598
18876,620.0874616867333
18877,403.3283132495806
18878,355.2789784186199
18879,405.44168165563497
18880,366.2641873975105
18881,447.29439174441035
18882,487.43196237459784
18883,606.805246143965
18884,508.23314422536
18885,319.1653443963379
18886,520.9531121953713
18887,517.7308845248923
18888,375.73804252281883
18889,519.3269829276256
18890,460.9254900015366
18891,543.2027710045827
18892,367.4833125022431
18893,614.18190820418
18894,497.1708365082012
18895,387.3574372140825
18896,539.4980625594978
18897,422.00921414502864
18898,405.61456434211186
18899,469.0995135587831
18900,591.9243477805871
18901,503.2071589013195
18902,502.78275784772484
18903,301.3493429224572
18904,407.2164414459968
18905,469.42316012710336
18906,469.4921342538212
18907,526.4905450430631
18908,400.2637281713335
18909,502.1299627880581
18910,417.7371317323725
18911,494.50940526073447
18912,460.80925086525264
18913,565.7708023280056
18914,487.5626403402472
18915,501.47250281743237
18916,334.64443495587204
18917,318.5408156384783
18918,439.44141800741545
18919,419.12491318505135
18920,350.7225026401333
18921,489.30351974761646
18922,428.8572890365734
18923,461.3533755460124
18924,547.9971923823682
18925,402.826062950255
18926,561.2005177113828
18927,506.3995492803069
18928,372.5286429618393
18929,583.4145208467219
18930,482.13686338412015
18931,376.4751874815883
18932,424.11505582263817
18933,347.04002191022164
18934,678.5012701988528
18935,412.79453109943876
18936,477.919813659007
18937,446.9467962073542
18938,526.6406651806868
18939,342.8719116364827
18940,446.7673966035093
18941,479.6231847812886
18942,511.9341224743686
18943,362.5308485815889
18944,448.86859952852717
18945,398.5343328747122
18946,369.7478134128929
18947,401.1982475312564
18948,515.1342146446128
18949,346.1111989479904
18950,621.8189740980644
18951,379.7831937932026
18952,362.675501514678
18953,434.9395760257282
18954,403.1631022797121
18955,491.67746883818285
18956,490.5124508719189
18957,337.65501730879765
18958,502.1920569807046
18959,499.9837172906781
18960,280.569374232463
18961,363.21211492747057
18962,348.4097560966701
18963,419.1525490228638
18964,522.0877703709932
18965,467.77356179377307
18966,544.9136511384845
18967,492.75999921404514
18968,495.63396190921503
18969,475.5264721784224
18970,460.45525281917855
18971,423.4788167726996
18972,311.6717290975903
18973,417.997297517654
18974,433.7903935729269
18975,456.4746071620137
18976,574.0787618340465
18977,406.99323584231263
18978,700.2794934189915
18979,421.7712946130309
18980,327.50405654817774
18981,458.6977020900815
18982,399.26024847529976
18983,454.4035303559409
18984,520.3272630932358
18985,325.16602100527024
18986,401.5008024849474
18987,371.12679130717856
18988,433.80872677981296
18989,454.9872039857519
18990,247.22917219376956
18991,490.2606580010328
18992,406.32766597012267
18993,427.4874464101485
18994,370.3530162790666
18995,475.8702574315979
18996,335.38099258844204
18997,545.5848003924694
18998,490.0565528592571
18999,387.9522589997756
19000,465.9052869126344
19001,396.553857051398
19002,420.2495789746569
19003,571.95087497866
19004,473.89241263645476
19005,413.05905221589455
19006,417.93454601274584
19007,592.4300247438259
19008,408.5630145386691
19009,472.96862893395087
19010,546.9314847305177
19011,420.8128735216957
19012,436.7213020219439
19013,417.2890778324472
19014,434.9707306083324
19015,465.32186774904324
19016,437.20171706290006
19017,349.48300251750055
19018,566.5331399696032
19019,519.8324442181829
19020,471.9083552304341
19021,333.9485073648853
19022,439.453840144503
19023,315.3633558050542
19024,361.3817027316014
19025,370.02501774991106
19026,429.46115444275677
19027,503.92175966935554
19028,437.3054453795839
19029,408.9246970993252
19030,456.53922842911936
19031,526.9534585974131
19032,499.79056960607755
19033,389.93188783962734
19034,438.00068975745864
19035,465.625538458194
19036,372.0363397236234
19037,300.68892226611155
19038,469.58310502797735
19039,393.5916868708849
19040,456.0086320110041
19041,560.1384997976188
19042,459.5729766631108
19043,514.4094276803443
19044,481.9767154391723
19045,544.0695365519147
19046,393.4198369571129
19047,432.94672800148055
19048,615.3892372127805
19049,446.23737297640093
19050,525.8199450241286
19051,536.6943939342138
19052,480.9271535074136
19053,414.2657282506378
19054,344.8654253015737
19055,524.6864274649556
19056,534.6551651243202
19057,428.74697763051324
19058,352.8529498710276
19059,462.31766352844545
19060,499.0737329919139
19061,402.5816173379167
19062,470.58978776414307
19063,493.49525630173025
19064,491.31385110979414
19065,518.0144898097221
19066,515.9621960215957
19067,471.829538800261
19068,310.5178873578768
19069,316.83518956234707
19070,455.2319525216903
19071,585.936259365419
19072,449.4837248013511
19073,413.5894028253931
19074,259.344790350475
19075,404.3382061656516
19076,579.1035285598527
19077,447.156913634887
19078,523.5504067805952
19079,425.2929044932732
19080,410.269629183929
19081,405.8189772723139
19082,457.4743826372041
19083,666.2435065718828
19084,389.95684779286347
19085,416.4428911856697
19086,430.163108777322
19087,364.0386301020848
19088,570.5878031738526
19089,452.3826357885592
19090,371.59002991864185
19091,458.6859968560647
19092,416.7825861590076
19093,380.24203055934356
19094,473.6881381401725
19095,545.0449464820432
19096,505.7673141499383
19097,455.10863810721906
19098,524.8086349415306
19099,412.6053921468476
19100,440.2870954602537
19101,380.03993109439426
19102,444.0701589717159
19103,427.3077530432272
19104,386.30422784542816
19105,372.36359856289323
19106,546.2385276382233
19107,432.8479159859497
19108,452.0446865589205
19109,411.91827704166184
19110,511.75723019067584
19111,531.5027547286277
19112,327.6940787728979
19113,353.18317934171483
19114,471.0595381390889
19115,474.91268397820727
19116,406.91729402705926
19117,440.3068937099519
19118,457.7050685815791
19119,372.9817201805868
19120,387.3974689315978
19121,430.08431909578064
19122,444.08531032337504
19123,554.8760772019532
19124,505.0896131182467
19125,565.7743356134264
19126,329.3880365795996
19127,443.36441225924426
19128,477.5581853247856
19129,538.2431460667331
19130,517.4789245681542
19131,514.5705207422852
19132,443.78392733404144
19133,517.2582807518204
19134,377.4598361830517
19135,452.8779337562703
19136,377.04315532885386
19137,430.24676126194635
19138,494.71835656557863
19139,354.4027405081133
19140,399.02879878190265
19141,403.0195556776752
19142,402.9214927844958
19143,471.54390358942254
19144,281.7125372306912
19145,423.62174425405766
19146,429.8770382500152
19147,331.3441477762645
19148,598.3070053960402
19149,408.7213429143903
19150,500.62364094003567
19151,407.792734847561
19152,407.34420631496374
19153,447.5019643237852
19154,384.51600263028706
19155,495.1276014933165
19156,466.01044836316015
19157,499.7060797953839
19158,552.982218741416
19159,535.9599032681496
19160,584.6759237629445
19161,396.2952355422764
19162,460.7108757042049
19163,429.62768304892603
19164,434.40614974271125
19165,394.49256014001446
19166,419.95838305434825
19167,379.9323845247109
19168,493.29582842229007
19169,501.47373182045976
19170,465.6540079339545
19171,523.3632814448371
19172,299.3541520900579
19173,566.2633906364093
19174,568.5002121358498
19175,566.9099398577383
19176,514.794556713914
19177,445.5555768474918
19178,392.54776461656303
19179,343.50316173710246
19180,610.4814599499143
19181,597.6001222565096
19182,450.9804356827449
19183,380.8874915782934
19184,462.5585814135143
19185,462.6755190744661
19186,447.5988768193856
19187,535.1257635091499
19188,574.0188065451345
19189,404.487148847235
19190,428.30347028443373
19191,462.8104638371227
19192,496.20401991989814
19193,357.8025733415727
19194,527.0566531709985
19195,484.6177899995781
19196,402.7227728837984
19197,397.80652308560093
19198,567.9090336446802
19199,361.4558163968772
19200,389.06045587434807
19201,384.2554937371308
19202,492.7186009741313
19203,484.4030251778911
19204,471.2983675308287
19205,482.77688996567144
19206,453.2989436580264
19207,362.60039624818063
19208,382.06787072722045
19209,310.21482363680053
19210,381.65579331655084
19211,422.0572189041998
19212,469.73607196246485
19213,425.535734958364
19214,302.1062367954864
19215,445.7713337887027
19216,580.1695409560282
19217,395.84123083669584
19218,591.6775742696279
19219,487.31887544259325
19220,504.5969348285306
19221,449.9415166111759
19222,527.8529173660829
19223,421.78502616358037
19224,491.05416514562717
19225,466.3272922276103
19226,486.8431984316471
19227,272.56180662225375
19228,418.87424522736467
19229,563.9559090456028
19230,488.65304823724733
19231,542.9251949316323
19232,406.15086927101765
19233,469.2373329825373
19234,529.3741709323525
19235,523.5643310840943
19236,560.8041785454701
19237,329.81201068548654
19238,343.4375791659842
19239,531.8894867844976
19240,486.0630994058168
19241,501.37337288984315
19242,573.5795949158766
19243,429.5174849788052
19244,641.2861778408923
19245,441.3455722400738
19246,635.4980597320751
19247,583.8267649696726
19248,376.9203115061609
19249,398.8138823944904
19250,400.142168682524
19251,566.0711636624595
19252,638.3676796280853
19253,384.526237635031
19254,374.347749369672
19255,380.0349001286798
19256,476.1696577326334
19257,301.36547109114366
19258,308.15761618282903
19259,411.90012263094235
19260,362.03153987358286
19261,321.68129698987013
19262,523.3786573954428
19263,443.6570934112774
19264,379.57415394136166
19265,481.5460221897276
19266,268.8413393608794
19267,384.85307732325685
19268,533.4939827431688
19269,380.9534712132979
19270,395.46552249570794
19271,383.54466715597107
19272,464.42666880832456
19273,409.37539773791525
19274,416.18135599727464
19275,492.5113627425634
19276,482.65581928985597
19277,460.82958916510245
19278,432.51277424801054
19279,486.30702204564625
19280,349.8052560559176
19281,420.7778760907662
19282,509.2528099813627
19283,445.60005721151146
19284,440.0730327625865
19285,480.3808735685
19286,435.1125841897677
19287,405.17778818998426
19288,502.4295655208123
19289,407.3955527666847
19290,350.25816461341316
19291,600.2586997631153
19292,496.5960261618015
19293,324.7347975233506
19294,314.143009618084
19295,446.9585066025075
19296,429.89289126132957
19297,464.35789273836673
19298,376.03923563189323
19299,306.93740174941826
19300,395.5564889111804
19301,353.7102057836414
19302,463.508189143373
19303,420.03263152358716
19304,505.57048376717415
19305,379.8210248373823
19306,497.4998014006588
19307,477.95873556347226
19308,561.1711181145052
19309,523.6703161467225
19310,399.9523047121565
19311,566.5010784167927
19312,411.8727102250345
19313,643.741680093817
19314,514.0046382812088
19315,414.64257547414087
19316,545.8851732757245
19317,514.28234197357
19318,540.2465779293832
19319,438.6963353361927
19320,423.1224524721296
19321,499.6320981014522
19322,509.2418363734118
19323,415.13767957474937
19324,469.4297682238824
19325,471.7587945757361
19326,458.56641146892576
19327,516.7263525836664
19328,437.09651990372515
19329,496.21125598916126
19330,488.50592887140635
19331,400.5979510841828
19332,427.88937495146524
19333,366.61897332981914
19334,432.4600919281228
19335,531.8948133831775
19336,403.6033332728609
19337,375.80027308522926
19338,470.9564523455393
19339,572.1195107448755
19340,485.9341944743179
19341,382.9383462254059
19342,451.88239321958844
19343,473.49590545655377
19344,355.7270898589212
19345,461.20723324570673
19346,242.8350066264378
19347,336.3422984092463
19348,487.9113023546575
19349,437.9026512993157
19350,639.309643389825
19351,379.1554069210286
19352,466.6717390297345
19353,342.6436572448372
19354,394.7877367754031
19355,441.4745755119485
19356,506.0093306153517
19357,447.61903747996666
19358,349.06628857198376
19359,479.2445199414638
19360,630.6982371279672
19361,481.77438090662326
19362,606.9216573546678
19363,506.4166804881188
19364,530.2712416886422
19365,551.5781636595598
19366,397.0384013299462
19367,444.6064168211503
19368,442.4278826377761
19369,382.74769121857935
19370,500.6891147632149
19371,362.71323521417344
19372,442.15478560522223
19373,428.55370972035826
19374,383.52665955072706
19375,478.0194950879989
19376,504.12738732102474
19377,427.58218600376665
19378,473.4348028613176
19379,516.055570467012
19380,437.997253840282
19381,443.0747222223647
19382,392.054907353315
19383,450.5884322049957
19384,585.5272226703343
19385,520.9285779700728
19386,490.3630174473828
19387,391.8009017821649
19388,513.667307911676
19389,315.19024493840993
19390,311.59281660807966
19391,488.9230213592413
19392,511.6445780621094
19393,376.5224251844275
19394,528.8360814055499
19395,409.755788680384
19396,482.8884307901762
19397,346.31430686875325
19398,435.4929377324696
19399,458.7801320414132
19400,290.97700564361475
19401,471.98890273342096
19402,363.8310373995438
19403,453.65908285753886
19404,540.4671832821593
19405,622.9871576958416
19406,390.65243312803216
19407,329.65544541185125
19408,359.6376834280787
19409,353.5449440758205
19410,476.3878711496151
19411,484.75880509751045
19412,373.1173110081375
19413,459.1278625282504
19414,360.13368577843244
19415,571.4224451968437
19416,450.33265886721557
19417,478.06862580541394
19418,438.23299233777294
19419,381.8915909709636
19420,425.40216095118006
19421,365.94016292079505
19422,445.50188421143827
19423,377.01337573939946
19424,313.82554530608064
19425,318.5158982424847
19426,540.1131161515284
19427,411.9694318009756
19428,514.8928107473656
19429,462.7934869707344
19430,427.9007602405851
19431,671.0291742545786
19432,396.49886636112865
19433,393.3410192840831
19434,410.45000286998334
19435,453.04494919835975
19436,342.58308741110545
19437,317.24787083306086
19438,510.78540413475525
19439,436.383778842456
19440,459.6869944186529
19441,456.85717369466545
19442,541.4536149947108
19443,449.41147657167824
19444,529.6303969835794
19445,545.2551016069762
19446,356.6391783629558
19447,409.06787950654245
19448,445.03512078067297
19449,570.7645040774728
19450,563.2923275236082
19451,370.71853437752054
19452,514.9419591186919
19453,443.9193712480663
19454,391.6159950326752
19455,354.2480682974029
19456,430.4797743778283
19457,506.4983223892658
19458,398.6298120464666
19459,439.60801847649407
19460,489.35170433252455
19461,463.6796964898175
19462,396.35879465671024
19463,358.55917182077746
19464,398.0879599140404
19465,591.6623237176822
19466,530.5425486702223
19467,516.5816691647003
19468,497.74271394355725
19469,340.52337512107687
19470,401.4970436004537
19471,430.7491837849619
19472,520.0336509802676
19473,433.2308437494043
19474,346.05737646310763
19475,363.3977412596929
19476,463.79122104955974
19477,522.1978486365348
19478,423.8523311980976
19479,542.8893119503263
19480,473.56029485706114
19481,475.6547250989926
19482,435.6338326152559
19483,335.85893354628996
19484,305.90081018322996
19485,325.81135716048163
19486,421.46908793703955
19487,463.60745741186344
19488,318.84087124857206
19489,441.26409933537377
19490,347.51748126589877
19491,407.7001787068622
19492,501.12115407498015
19493,485.04209970054677
19494,484.06954912925505
19495,533.3541616643462
19496,559.8403535978207
19497,445.58885314926863
19498,418.57320711413956
19499,399.9126499663627
19500,463.8671981031835
19501,464.69930144222917
19502,436.18087059437266
19503,497.04222683762055
19504,398.52768338678027
19505,539.9539626948762
19506,519.0517756143342
19507,576.2077805082696
19508,416.1571947924948
19509,524.7529689987887
19510,572.840118008392
19511,537.4802013617654
19512,358.3044262153552
19513,534.0931043473041
19514,402.14717512291486
19515,368.04807503923786
19516,345.01200346526963
19517,421.55146874317956
19518,543.2411801693497
19519,461.9556673916703
19520,472.8405903208979
19521,368.51176983476506
19522,477.0471621582841
19523,531.6961227518055
19524,366.15931790777313
19525,541.2785235811751
19526,438.81521398038234
19527,367.2586846912911
19528,411.01243699749983
19529,466.0081762276941
19530,398.11032756727946
19531,429.05733541068054
19532,401.4598519750702
19533,554.0813081776005
19534,416.3758321601465
19535,328.661311733487
19536,538.6074373028223
19537,452.35504530649166
19538,441.2268655357409
19539,539.530100372539
19540,380.7531887999031
19541,566.2945507453564
19542,497.52105424328454
19543,518.8086375889897
19544,536.4036142199672
19545,551.039093017482
19546,421.35804896665337
19547,348.77346928273016
19548,499.59408767643845
19549,440.61250493111066
19550,387.2544375573016
19551,403.605689178803
19552,544.2562801322774
19553,152.54283609729166
19554,578.0498954881431
19555,516.0234962541508
19556,495.5650602877639
19557,421.94131934121606
19558,559.8102606354371
19559,454.3615269132448
19560,459.44168102225774
19561,529.21110168102
19562,442.16762510643827
19563,252.53046747315344
19564,497.8116111909447
19565,474.00636229651974
19566,473.86949132221423
19567,402.0113911568623
19568,577.2099971871952
19569,489.5930813622257
19570,442.796606889967
19571,391.56968551380334
19572,435.6747424351332
19573,491.2803335773933
19574,390.5296061213588
19575,439.515275261039
19576,451.18629784817824
19577,471.3229365413511
19578,412.64107732794474
19579,289.94104611694195
19580,437.8886927553249
19581,440.08412645601715
19582,341.565635187268
19583,338.08278977283453
19584,380.8196549168582
19585,524.3527009046029
19586,456.112762729274
19587,493.06131932830306
19588,363.6713640827165
19589,380.6843966179158
19590,430.9350772567009
19591,530.4425308833929
19592,532.2362475447856
19593,348.63151652361785
19594,384.71344775867004
19595,222.32621877788344
19596,420.95125233359596
19597,451.6672565018665
19598,518.1544150614301
19599,526.8060207097791
19600,366.8937733933196
19601,590.747978276979
19602,652.9150164635192
19603,512.4625968748271
19604,336.4250210729236
19605,460.7443946908242
19606,442.84207168996335
19607,448.90542975939474
19608,316.7849844657951
19609,464.7411027825719
19610,500.7031655530174
19611,374.3618566030504
19612,527.9978261292298
19613,376.80537469478867
19614,336.0600492879904
19615,400.574541461269
19616,458.751367003058
19617,317.1038425562259
19618,542.4254152295517
19619,439.18995233165066
19620,492.45669526450575
19621,437.792434737537
19622,495.0898959515506
19623,447.2220091235852
19624,380.5603647221831
19625,441.8119521872085
19626,500.8909367514756
19627,410.6613942994419
19628,497.1469047569248
19629,429.1781087638685
19630,481.55640757021985
19631,610.2095681471822
19632,622.3198027528654
19633,500.45287973498955
19634,597.2272072847373
19635,474.37374097697756
19636,365.21837245798673
19637,464.3611005159923
19638,546.0112469461717
19639,385.8118258822607
19640,421.71114181337504
19641,514.9322382777684
19642,574.4984397552665
19643,509.33202295095026
19644,632.4751043689596
19645,484.5893873158613
19646,432.97877514032757
19647,301.63633427459723
19648,499.56113607120125
19649,515.9645444349126
19650,440.2776813651867
19651,295.07297743875773
19652,513.0355257884905
19653,432.8992702748523
19654,439.6788525052079
19655,555.3274676460848
19656,546.9892501788431
19657,511.67895236459606
19658,370.7700528840799
19659,545.4379442393083
19660,377.77548527783654
19661,521.0127280056238
19662,193.2672845916037
19663,458.81776890201405
19664,504.63797129577733
19665,543.4868307380203
19666,589.0192486398024
19667,310.34792609211723
19668,420.9287109851585
19669,399.34557532513514
19670,426.6899344448303
19671,446.09289324159914
19672,484.6790789532727
19673,481.63879829520124
19674,457.1563475312591
19675,421.33987524155503
19676,451.7047813867494
19677,540.3483176789123
19678,351.4394144724425
19679,563.6690125121471
19680,463.0455698483529
19681,394.25740109062144
19682,483.8043776041245
19683,483.4298347797586
19684,425.71460045996554
19685,497.12295234312046
19686,524.9296695500875
19687,501.47204354223817
19688,393.2576483483087
19689,469.4471459540097
19690,552.9031552926195
19691,448.442754652844
19692,551.8471964105222
19693,525.4558888216242
19694,517.1307695344368
19695,551.3794047260258
19696,456.98347456931424
19697,436.0336598572336
19698,499.57075825904997
19699,485.3028270005774
19700,473.38023840206574
19701,423.4810092115738
19702,518.3166558322365
19703,553.7470667401208
19704,476.7588076714639
19705,330.2095180314668
19706,531.5614092722737
19707,440.8950438385868
19708,406.1987524439466
19709,380.78941129099996
19710,435.88410143238707
19711,431.57128905297276
19712,437.2485327017326
19713,457.945359265293
19714,546.008269313473
19715,481.8733550216295
19716,471.2786148600735
19717,402.5688280613476
19718,428.7741283620289
19719,618.6908104317826
19720,469.01648319088116
19721,324.77015785088685
19722,338.27868791658176
19723,410.5505403709413
19724,433.3327078102408
19725,609.260588432527
19726,377.7521810717246
19727,352.260541299181
19728,515.527744379356
19729,415.3872292752852
19730,552.4530377348061
19731,425.5121004117217
19732,557.8804875684064
19733,334.1015142390835
19734,327.99290445206367
19735,409.9183135206982
19736,376.5876577356569
19737,476.0655000164726
19738,395.7450057631216
19739,408.85501001265374
19740,380.419702885692
19741,444.02799525846416
19742,497.2040417300174
19743,456.44556509866175
19744,472.2316911872327
19745,359.73520285727534
19746,456.5755285600103
19747,381.49030775493037
19748,408.69812674596733
19749,432.0092488807631
19750,484.17441473565947
19751,320.2298601124881
19752,478.3867148318869
19753,475.65215177589255
19754,467.8680430824454
19755,359.8000035581645
19756,422.1698333543627
19757,510.6660345121094
19758,449.14894449705673
19759,444.8661473585534
19760,372.83623522344203
19761,431.35027228805944
19762,349.6710622967808
19763,404.06258412869806
19764,410.43994587488777
19765,565.0665128375344
19766,471.868747926246
19767,396.46896753726895
19768,485.1380126253551
19769,380.49767389935914
19770,484.2432522390887
19771,485.0883365560434
19772,552.932208743923
19773,368.85424891957103
19774,427.6350006000666
19775,482.6172656275879
19776,481.91882789842185
19777,505.4167210362145
19778,451.38769596458485
19779,531.2875351943169
19780,400.95922972498994
19781,491.5800663284294
19782,342.01402337834713
19783,559.119621766851
19784,429.00670127099556
19785,481.53218802561685
19786,417.71657183625246
19787,466.94864415613847
19788,471.202081697978
19789,422.3459655293698
19790,383.884564028488
19791,626.6452517551483
19792,443.8403346216365
19793,521.3932993447547
19794,358.32893469115885
19795,328.7363474854913
19796,569.3500188219564
19797,452.7060167304483
19798,540.7789251827793
19799,450.96216108670393
19800,483.74070777227195
19801,430.7850939106669
19802,428.8870184731662
19803,456.68950713563123
19804,358.50955879127326
19805,522.9196040032548
19806,439.31501694018164
19807,695.6010777817731
19808,460.0841028156588
19809,446.5233650388524
19810,484.87805516014504
19811,536.955239744618
19812,515.0662686289515
19813,445.37159441934364
19814,435.1673381442962
19815,526.0612613662674
19816,457.8989365084423
19817,469.09777119616945
19818,555.3950124164523
19819,381.09285737471527
19820,414.3144934616231
19821,391.0793415741923
19822,558.5892360957317
19823,552.6237124004127
19824,501.3580379785251
19825,386.276263803859
19826,414.5726935596356
19827,531.8094137681062
19828,498.63083735180817
19829,352.91771898467556
19830,414.13286141356934
19831,566.9421559905147
19832,471.0837687433189
19833,456.2853303633348
19834,505.65990108134565
19835,463.02189273222314
19836,421.6093097514824
19837,536.5264675385622
19838,489.99336976878396
19839,431.30503209569514
19840,409.27947952226816
19841,502.02242347203713
19842,478.1932807151754
19843,537.0554570928236
19844,456.7062859973667
19845,212.1895724428355
19846,501.14026400381556
19847,414.76387079492883
19848,377.6491671651838
19849,411.8462141076357
19850,429.688369206593
19851,311.59955143513025
19852,442.6919739243989
19853,502.837862015429
19854,459.78249161965385
19855,485.0038683580094
19856,501.524348887334
19857,446.1308557138225
19858,515.7257415116848
19859,451.14591975886947
19860,335.6498502347606
19861,524.230487319034
19862,406.12357557381046
19863,505.0131402913048
19864,375.3031509620063
19865,343.1092206176084
19866,422.44024124629385
19867,603.3970052295087
19868,258.22617299344233
19869,446.1074080141613
19870,537.7326860090824
19871,570.7464240834967
19872,540.9054913396499
19873,436.6556858798217
19874,524.6205439008298
19875,446.5578283435197
19876,425.12337144692583
19877,454.80498738954526
19878,519.4261334584953
19879,404.1126714695913
19880,502.5568601407592
19881,299.0188438878596
19882,412.524649085744
19883,419.9744594784684
19884,353.0900832265942
19885,452.6898433881947
19886,436.77472346348026
19887,474.19072581527485
19888,467.04751823791145
19889,459.961976257837
19890,329.4400896646918
19891,616.4111453378215
19892,368.10379333796624
19893,511.6943557969812
19894,422.62163154117246
19895,557.4594426945511
19896,457.69974776930724
19897,468.48492806608266
19898,453.7629067487809
19899,465.75921319467216
19900,424.27043798202936
19901,361.2726282560303
19902,552.327034628736
19903,415.0300268133174
19904,522.2760636897079
19905,432.73514055198234
19906,540.0457178016791
19907,516.6215915195172
19908,399.84724764353086
19909,397.1631667975131
19910,440.93433028480206
19911,394.5792930316622
19912,446.99540041258587
19913,394.26028145035195
19914,475.62758330016595
19915,516.1911076819632
19916,493.08588546933197
19917,323.8693509119532
19918,366.617225744495
19919,323.1667360398359
19920,441.383731257406
19921,417.15601743087706
19922,560.1094019161364
19923,531.9460478688006
19924,453.1624061957805
19925,396.84114496220997
19926,411.12769434827857
19927,288.2953801267187
19928,477.03682170767667
19929,399.9394871993319
19930,568.8729494900449
19931,503.1408160322302
19932,381.4886986816586
19933,429.3844347959227
19934,484.2511749618323
19935,519.1106850628817
19936,405.1826592298754
19937,378.5507876443205
19938,461.6235370389408
19939,455.6230618331652
19940,383.5314077973451
19941,402.39394136876274
19942,307.6374659568354
19943,374.571807838958
19944,473.0687244198957
19945,396.9295008552778
19946,413.7401033556591
19947,592.531393724247
19948,521.3073550828519
19949,408.07563883381033
19950,453.3288031409503
19951,425.85327600540836
19952,520.9993894112982
19953,408.6573259560663
19954,459.85682729621374
19955,412.83899108644556
19956,348.5200291665224
19957,364.53259809099256
19958,621.0486964518628
19959,448.22969913651434
19960,487.74446784301676
19961,436.8860946395139
19962,484.17624413537845
19963,477.85334243563017
19964,430.4258448387083
19965,438.59718600342234
19966,536.9788528050742
19967,566.8519828833867
19968,410.35024563848737
19969,577.5235381745572
19970,549.0891490508425
19971,560.8774101138685
19972,374.3990431044826
19973,370.07395380955774
19974,369.8690398050745
19975,468.116033454191
19976,460.3969703797456
19977,469.93021026376704
19978,516.3042683273687
19979,230.27222031711784
19980,490.3033942148408
19981,423.11525724675056
19982,558.1309251907115
19983,414.0003177040398
19984,532.865577926229
19985,555.9172026991956
19986,437.3221742096192
19987,395.9007685120582
19988,488.84854831383404
19989,448.4040008932468
19990,362.076466832374
19991,459.4352225539067
19992,546.6298539635527
19993,540.2986951580739
19994,390.24953030557515
19995,403.3114661835373
19996,467.5279207169091
19997,524.7092199270688
19998,596.2342244473452
19999,422.49548986232935
20000,430.38184897345957
20001,424.34627577697034
20002,487.23183930859096
20003,420.7749161118286
20004,385.30372779695153
20005,510.1299419105759
20006,545.5288774209282
20007,568.7553941162412
20008,404.9082422430598
20009,330.309149570166
20010,420.7033272105404
20011,428.14664280020406
20012,410.5554130972034
20013,439.2152017562896
20014,425.4025901870127
20015,346.2412379751235
20016,391.6721622367113
20017,567.1419988018014
20018,414.34628441217114
20019,548.3840117751847
20020,422.2796158308616
20021,317.79020031390144
20022,407.2271837413765
20023,465.490412453409
20024,463.892467164688
20025,454.1013227631955
20026,487.1760076301328
20027,366.39190642247513
20028,339.34651245489334
20029,673.7069121638498
20030,498.121187968433
20031,491.72838909022755
20032,366.48461229869116
20033,369.42378585165363
20034,402.620024743936
20035,408.7518266327952
20036,477.9538105735064
20037,311.22004787043886
20038,395.35728860619804
20039,401.48088964714333
20040,403.87616510459645
20041,465.5436503218484
20042,451.6618611548564
20043,376.4860344709709
20044,480.34888387197356
20045,384.77457882357413
20046,416.312857544074
20047,445.1515745487603
20048,412.28402224277824
20049,390.2041631606651
20050,431.6763408579283
20051,539.1532812319373
20052,542.3801060605356
20053,461.30195816683886
20054,499.4266627859333
20055,453.43745593902815
20056,606.7402384465621
20057,343.8401715172771
20058,586.4600793531441
20059,384.59424457268534
20060,449.52030879679324
20061,268.25961954335486
20062,490.6181099804846
20063,406.45131271852324
20064,406.7739125224408
20065,398.1246995807951
20066,468.9336240571072
20067,401.11372546507454
20068,585.0992525167843
20069,584.6196225324912
20070,370.6556081781554
20071,437.1176782306566
20072,613.4450099334855
20073,582.4975276269843
20074,565.2454959647636
20075,552.5467959016828
20076,407.54537332177534
20077,388.26545486735836
20078,393.69896933528906
20079,481.79636164927035
20080,625.475500483258
20081,337.79602718721475
20082,364.18051018386046
20083,355.6255731129784
20084,424.55501946703504
20085,132.9087719573697
20086,393.971416251226
20087,489.13620502127566
20088,410.2716904022312
20089,484.52874431566653
20090,432.5617511282554
20091,381.39753906023014
20092,272.9937928889087
20093,478.8580399007275
20094,541.0710106916255
20095,430.84079101130936
20096,534.6169277378908
20097,453.99847740947155
20098,407.456465484363
20099,464.00790147655187
20100,477.4448484279897
20101,427.42684843139745
20102,406.0141610070123
20103,446.2956724978959
20104,424.602363413416
20105,327.6276898120063
20106,483.72355511127756
20107,467.2501993052283
20108,493.32562239000646
20109,448.7975833053787
20110,546.4243246566889
20111,550.2222354255538
20112,333.28203905851365
20113,532.4711830753613
20114,395.37763220203493
20115,383.9356333200522
20116,582.254923581279
20117,479.41845233861153
20118,334.22742430759985
20119,327.59936627289375
20120,415.7410373663343
20121,395.7544920892386
20122,492.4596355349524
20123,491.9497502074356
20124,471.0820585423518
20125,469.5723184404573
20126,389.3187351940571
20127,390.4673768081484
20128,376.6672074432702
20129,363.03550340177503
20130,525.071201347334
20131,347.7325445651914
20132,520.6125983469123
20133,500.3770445247098
20134,383.27265639000603
20135,393.1167313495816
20136,463.1407480248024
20137,415.1307685409358
20138,313.4675294590877
20139,622.9936599655376
20140,433.3402306736872
20141,406.1850873423073
20142,525.624206213065
20143,553.7732474383062
20144,501.9089282021175
20145,455.03618497391005
20146,315.59506386517774
20147,439.3562931911161
20148,493.4024915719337
20149,350.71984743436127
20150,413.6294388976964
20151,567.4411323441269
20152,581.3165063964634
20153,508.8971266819971
20154,405.8314090139581
20155,537.6713536056102
20156,487.56374630137816
20157,479.42086935805554
20158,503.17866900627183
20159,349.76829093749103
20160,497.98682708833485
20161,486.017242479349
20162,433.80912441781584
20163,610.2034863683126
20164,500.50245546337055
20165,449.54092585858245
20166,617.5168328960476
20167,406.8690099139754
20168,408.670791859819
20169,479.7604173567453
20170,418.99261491415325
20171,499.51077629566026
20172,438.2237226400249
20173,420.61275944817936
20174,470.4572589916581
20175,625.1592889738224
20176,491.60236045229664
20177,410.17928615135634
20178,474.5236949738797
20179,489.81062401801375
20180,525.2501430117884
20181,406.28943098225926
20182,516.9761779575555
20183,595.2638121838523
20184,424.22493507197885
20185,553.3816791244358
20186,436.6866888879113
20187,494.11587380930837
20188,480.58853314419923
20189,509.68549643705586
20190,511.0974173987834
20191,581.0980442409606
20192,384.3202516065671
20193,438.9562091027159
20194,394.5026628859466
20195,527.7315220255329
20196,523.4340148793324
20197,355.7428201567271
20198,446.3645555738439
20199,378.5140826934357
20200,456.858613558255
20201,315.11830401586775
20202,458.3382962206924
20203,454.3056090266826
20204,469.05772535783603
20205,426.09395750652897
20206,416.67860239483946
20207,503.133776456166
20208,321.3203589361125
20209,394.37057203911974
20210,350.9644742879573
20211,454.1280981623364
20212,499.86695741920715
20213,376.40042290336015
20214,576.0032099477135
20215,450.7016148700216
20216,297.3249671301432
20217,302.7114033804811
20218,595.3992816726586
20219,428.5559753532665
20220,533.5115034542587
20221,318.2454826283855
20222,421.96891640821184
20223,517.7259516312561
20224,433.8574532846548
20225,361.09126655340845
20226,343.99527446213654
20227,339.56048334481403
20228,466.9281650632255
20229,516.5343029803284
20230,441.9726840198199
20231,446.2378044577592
20232,539.942684690401
20233,425.339120273071
20234,374.581334445504
20235,485.2097346894493
20236,520.3339927005817
20237,499.05653363712025
20238,489.83805486777385
20239,420.4107324446396
20240,381.1686773796991
20241,509.8012427409511
20242,442.4664221232207
20243,540.6010022289436
20244,453.89136382552863
20245,414.2218796852054
20246,448.2865181362994
20247,348.4904036128966
20248,296.694032071362
20249,520.7881111915451
20250,528.0265692991343
20251,276.3670335290542
20252,418.0406267834298
20253,461.9317227449197
20254,555.410225806388
20255,361.98453033684444
20256,531.2531944246259
20257,357.4823900071092
20258,589.1491271352337
20259,439.3471509798833
20260,475.4296392468258
20261,498.0497353946524
20262,372.799977192676
20263,477.3198859151748
20264,426.9974700211145
20265,474.5301255312618
20266,461.13670305670047
20267,488.74685809157756
20268,471.7889036691111
20269,386.3934252222661
20270,636.8241302756011
20271,472.96230962443514
20272,610.2025404709752
20273,322.2350608824281
20274,315.1854953510193
20275,425.13711974992924
20276,381.99377571965897
20277,407.4983496352644
20278,450.0309250727791
20279,453.90647321366487
20280,437.3856459440601
20281,380.04268422003645
20282,439.12479413066967
20283,430.5499638249048
20284,460.82076342116216
20285,340.8052465913296
20286,448.42989150817994
20287,454.5261231187793
20288,547.1863248941232
20289,344.9226497664742
20290,526.6840624393844
20291,488.99829160977777
20292,333.56311655935974
20293,295.73781223852626
20294,323.45441148081636
20295,493.986091239387
20296,503.6520006466483
20297,288.19286210400514
20298,388.7049786860117
20299,347.2464681914954
20300,479.037452944615
20301,465.13934896455095
20302,551.9625499721624
20303,433.8909151569723
20304,504.96723839407326
20305,291.6305159856013
20306,276.077724530366
20307,347.4529590509852
20308,503.159033457329
20309,447.91560346947114
20310,548.7437360012233
20311,517.3133306798463
20312,553.9115409130145
20313,437.2202802116954
20314,439.08683872778107
20315,421.9889802804233
20316,565.5367556609337
20317,495.567898859538
20318,477.75872545858374
20319,432.92218106883126
20320,460.5453059237792
20321,461.3577420805163
20322,405.29547106650386
20323,451.9500797568121
20324,424.1318358613036
20325,425.1221091490892
20326,506.5809277573737
20327,468.8391765747611
20328,518.4563515376079
20329,443.7934178855446
20330,504.72879441784545
20331,550.5364049562035
20332,506.55892114250463
20333,385.3170920299255
20334,364.3951059331903
20335,469.1009425450662
20336,446.1164971280426
20337,369.64749447572655
20338,542.50775440195
20339,416.449685006499
20340,437.7199027719242
20341,585.309596224599
20342,444.4079250079017
20343,530.2147704406708
20344,516.9097544411168
20345,342.1094746258791
20346,433.8932565592183
20347,332.3060534530828
20348,448.6590292750124
20349,356.540688011881
20350,566.6972767919424
20351,443.29188782212765
20352,285.47683792650554
20353,460.95794405062645
20354,400.62114522395285
20355,445.41174344624255
20356,466.03546954558965
20357,490.0817637896144
20358,443.0170453336022
20359,468.4344183290821
20360,411.50208740400484
20361,486.6094203640659
20362,547.862928353479
20363,488.98473480058465
20364,389.0964713699922
20365,417.08171296311474
20366,451.2295911464932
20367,520.0976453899785
20368,491.6513852573794
20369,497.92071994087615
20370,457.567649743558
20371,519.6225794079141
20372,453.32778564082804
20373,465.9919108377009
20374,490.56675426950244
20375,540.6244592476381
20376,473.09429054207163
20377,416.9340397846848
20378,436.1206281807678
20379,374.7984316529314
20380,489.54944243899047
20381,367.39922160412925
20382,291.92695283431055
20383,442.2060883897616
20384,490.31498511160027
20385,427.91164544706436
20386,367.7274858746632
20387,310.01659737925746
20388,479.8482931126833
20389,445.07278243931836
20390,426.0614240503533
20391,423.0673145574369
20392,501.6038963879335
20393,392.415633538485
20394,467.04102904223095
20395,604.807198578422
20396,400.8484671531223
20397,292.2076111796758
20398,461.7378088589286
20399,484.72404728493166
20400,521.112267577707
20401,557.558954430185
20402,443.4093032176137
20403,541.2481388287921
20404,469.8299665726694
20405,386.56432539640554
20406,461.2639528217456
20407,373.94063656250967
20408,394.53997656001326
20409,481.41051786618766
20410,417.2942174602399
20411,375.2721101707305
20412,471.4188605443894
20413,477.5307136652269
20414,386.1023925653322
20415,465.81604098335623
20416,459.129818948942
20417,580.2647618860624
20418,574.2053015500488
20419,374.23874846606907
20420,341.5647765272063
20421,383.33410870630786
20422,294.98182577672856
20423,497.44402697897294
20424,578.87970455069
20425,367.29504767794185
20426,569.5354311860636
20427,591.1245003597653
20428,497.5668592906121
20429,477.0382791973644
20430,370.433919939803
20431,369.27917825635853
20432,580.9834925282171
20433,340.3404675111035
20434,660.9949835382246
20435,438.86280765455996
20436,507.35024953030467
20437,530.9550698951157
20438,473.94422613308734
20439,362.6257637781293
20440,453.5249729095771
20441,451.18608994578733
20442,406.67904767798456
20443,610.8138867720862
20444,411.94044187626344
20445,291.94423143556804
20446,497.05539519749453
20447,413.2979673427898
20448,439.6799052721935
20449,488.51574872830275
20450,243.5729314880402
20451,365.18768268779314
20452,412.91985895952496
20453,357.5831578306978
20454,514.9289112847174
20455,431.2606521889829
20456,462.61786238722533
20457,429.34755876493756
20458,487.0788696919008
20459,442.3268234315646
20460,494.562775562211
20461,471.90092017334587
20462,500.9256645287179
20463,304.2430158681085
20464,578.3264384729682
20465,393.49338389752234
20466,422.5660452418813
20467,361.42531517650474
20468,383.6051961040451
20469,453.89557126063295
20470,570.6603169871486
20471,486.24226038065564
20472,400.45020675837793
20473,431.8868452916479
20474,622.0619932934687
20475,574.9393377385444
20476,520.413875242403
20477,425.1151814982983
20478,437.95028041650465
20479,578.80043844522
20480,444.2998122410384
20481,348.6375379485933
20482,454.0778218881513
20483,335.68357115249
20484,390.35214583173575
20485,498.79266769015493
20486,449.6180892757352
20487,428.59481980901603
20488,476.2754103571747
20489,427.1168707900669
20490,406.1776324257765
20491,434.5855172330989
20492,452.3310430563424
20493,503.5847213104448
20494,346.5466329932387
20495,612.2483349962876
20496,375.21641226367865
20497,421.16508847376895
20498,451.3150511154028
20499,581.6921043868557
20500,341.17111681176414
20501,362.9699954605459
20502,398.99349395953556
20503,396.7064101327891
20504,339.07421675446
20505,415.84014577195
20506,436.95756232802745
20507,487.39697017912994
20508,372.7823045697883
20509,478.6761237121223
20510,499.3879651068154
20511,434.762909399924
20512,298.09690985054146
20513,502.8273480096967
20514,408.88173963957036
20515,572.3349003356312
20516,387.6461367851978
20517,408.3316485485867
20518,535.1342685700226
20519,477.9691737195554
20520,464.07140066593814
20521,430.5754700399674
20522,419.3101513838525
20523,386.7521063225144
20524,427.8259653039578
20525,462.0398779465122
20526,348.30145117732195
20527,463.07690678015365
20528,563.1387906039537
20529,532.3096631118724
20530,489.47410318038226
20531,475.5269968157692
20532,528.7018976320893
20533,399.78850139946235
20534,443.5165823297582
20535,496.54645312261886
20536,510.7411001244131
20537,392.93782672273034
20538,407.4438587276863
20539,479.85258982297756
20540,447.47270457963776
20541,480.25812049180905
20542,406.42735900658494
20543,240.61757455856997
20544,551.7748366904208
20545,371.4644381741009
20546,429.63171753613517
20547,490.2159747513355
20548,404.98886807144993
20549,467.3236152847723
20550,496.29770891022537
20551,385.72574730182697
20552,463.68306065158873
20553,392.72195479993013
20554,409.8401648672381
20555,441.7781315089942
20556,431.4831711381144
20557,568.8603299911629
20558,413.1003753524998
20559,483.0361749832851
20560,491.80045965599476
20561,500.3277537837111
20562,447.1696138953603
20563,372.5415211239353
20564,317.29037847904397
20565,531.6324199363082
20566,406.58178680818133
20567,353.71919944564826
20568,486.9294569853878
20569,536.3138816076648
20570,445.52669527049443
20571,403.7930542230786
20572,466.3037593083679
20573,556.7448105311013
20574,291.20784011825936
20575,436.8684621234867
20576,559.3708195365123
20577,394.04320952286747
20578,417.0871773436869
20579,415.6717920904617
20580,397.2869712292503
20581,417.4040880841324
20582,433.70169940290634
20583,486.8836822891646
20584,499.0064950482155
20585,455.582359681792
20586,529.0071838405134
20587,450.32551227243346
20588,454.919911082082
20589,461.293379885035
20590,395.53133736784656
20591,342.980992682711
20592,366.1547507306612
20593,441.3764782589816
20594,495.8740500991186
20595,535.5695536437141
20596,418.04082017554055
20597,522.339900971845
20598,596.7378237780471
20599,416.54549458132306
20600,499.98444091155125
20601,412.8157086267938
20602,447.1273342953524
20603,316.7015411808333
20604,493.1666081667368
20605,577.5879472470715
20606,457.601177047338
20607,488.89891582568305
20608,438.43272791674747
20609,317.51313895686224
20610,444.4524526287101
20611,551.377485267423
20612,526.1773508863217
20613,443.300301335091
20614,441.53854526423265
20615,561.3959939451148
20616,476.7351968281521
20617,431.555167335985
20618,310.07187706058915
20619,358.3757195352793
20620,361.95110609140795
20621,467.6445696999634
20622,415.1543582540545
20623,354.36581498622354
20624,386.2663173471695
20625,519.5333824132438
20626,539.4756696859872
20627,470.2100014300337
20628,506.4494564692524
20629,441.3352546455852
20630,600.5693001792622
20631,480.5674957600193
20632,421.3501680276996
20633,338.23585869107757
20634,498.5081577687811
20635,412.0329165422215
20636,416.181484988756
20637,473.706122375488
20638,356.06824204309595
20639,569.5410625877525
20640,359.17759967357244
20641,505.7662109637703
20642,319.9001040044687
20643,446.97037579028944
20644,344.20964668097093
20645,483.4773719492296
20646,437.5799833773883
20647,396.29740659398595
20648,429.93317409322265
20649,383.5663044092415
20650,367.87354149883214
20651,474.34144187548026
20652,438.99074286219417
20653,526.5224112770702
20654,313.48530515779595
20655,420.94486287160834
20656,423.5790414332774
20657,386.1978206291425
20658,467.24238053879355
20659,450.7744223016455
20660,566.5465692618629
20661,464.0561637585944
20662,413.9566317777953
20663,506.4386469366351
20664,462.9822231064046
20665,454.8005596193571
20666,462.80491538765176
20667,504.2322700716782
20668,359.18039538620593
20669,428.36065031611594
20670,443.8316109498799
20671,451.39196447796155
20672,402.6569078242498
20673,399.45187385400027
20674,391.28158721115204
20675,494.3933688775147
20676,427.91849938866187
20677,394.5047573920352
20678,473.8586698372004
20679,429.3736865302716
20680,525.176608513818
20681,420.19752609793
20682,456.0760970769967
20683,480.9394204314209
20684,296.35130531303935
20685,439.5756818376776
20686,306.8685078002004
20687,441.3332208054858
20688,513.6185503476537
20689,412.82090672802167
20690,579.1036423736427
20691,504.8855217095215
20692,402.0136229786009
20693,422.1898397554137
20694,384.2490473631598
20695,436.5160799614565
20696,298.5036892775182
20697,442.2990612514032
20698,283.5817210683439
20699,482.63508747174996
20700,452.8091789066822
20701,485.2446802695469
20702,483.35605890076755
20703,533.1049749074397
20704,562.7089689855038
20705,273.1452703588123
20706,373.5356497954944
20707,564.5286162655697
20708,541.4832590339645
20709,455.32482212882815
20710,273.4623568507746
20711,569.5462957217953
20712,410.9258080270757
20713,394.4967640720645
20714,471.1398192428621
20715,435.63336984810263
20716,574.6467021295937
20717,495.7865912298452
20718,440.7526889668489
20719,380.84004037360717
20720,466.1772712924836
20721,477.04207026955567
20722,367.4914698467505
20723,492.9439360338561
20724,534.8118835440453
20725,469.44906859758066
20726,511.96144292358525
20727,450.1951752560652
20728,266.5158772010599
20729,412.1510450076105
20730,374.2716805987843
20731,449.3972484540359
20732,489.53819272914944
20733,310.1989176329314
20734,316.2834180261102
20735,516.0169274296964
20736,387.97971073935634
20737,532.8835287672799
20738,482.7605090137574
20739,458.6210791376815
20740,573.6877457940651
20741,425.49924140998553
20742,489.52052806953714
20743,574.9497011536318
20744,371.3734425902294
20745,504.27174633259955
20746,446.0598442035364
20747,559.2474058260983
20748,475.34830605036836
20749,566.0879570600275
20750,475.6161646477194
20751,467.2265818482794
20752,522.1789884541942
20753,548.8607632651145
20754,437.5494478701774
20755,488.8606841165737
20756,438.0997151658883
20757,473.95259979479886
20758,537.0161250362537
20759,470.33718460685566
20760,426.2391703131459
20761,521.0568995622031
20762,445.66742412661836
20763,490.47315102715794
20764,399.61989057416577
20765,367.58706587357085
20766,334.6331743221349
20767,432.9481352665609
20768,451.57098518449516
20769,436.2169424726825
20770,278.68177319369084
20771,484.3244903145597
20772,468.0676696243301
20773,347.2313957876873
20774,564.0934359885888
20775,402.29520042117935
20776,480.7287167871864
20777,487.40072808840677
20778,540.8376186808433
20779,362.30213641841993
20780,537.1785921186653
20781,581.8871520256705
20782,433.6792772437496
20783,540.2844140555683
20784,316.8368695248903
20785,450.99112686222486
20786,456.1565002559175
20787,403.75828973373643
20788,403.12077339777886
20789,521.6265517153751
20790,527.8280506269075
20791,490.6427030350433
20792,545.6354665419148
20793,537.8259358414261
20794,467.555364520857
20795,563.59892585807
20796,542.7953793803181
20797,404.3700986358229
20798,451.2482214923598
20799,359.22517669270286
20800,490.245624737746
20801,501.08793056474354
20802,192.48780205630757
20803,378.6841597350536
20804,372.73018933729537
20805,287.1833328414624
20806,441.73568391264
20807,499.06924092664684
20808,532.5723168617382
20809,494.82059259651203
20810,348.73946976963873
20811,683.3703488334129
20812,517.6543553815379
20813,386.24582795127816
20814,424.2288423712365
20815,301.9369022596592
20816,422.1058707172463
20817,494.4663647051355
20818,525.0436801642912
20819,587.9887150137447
20820,377.31084899434086
20821,388.64867128501646
20822,442.7297468895216
20823,494.54426740903983
20824,376.0503075729787
20825,531.9110209633566
20826,397.1569385206742
20827,427.2022236456667
20828,490.59626730179764
20829,413.720733499436
20830,512.0528748574851
20831,292.70590004984376
20832,427.9754729043287
20833,520.8181953234778
20834,442.96803510720673
20835,431.94248087247314
20836,575.05538792857
20837,459.71268136887454
20838,301.1466921278783
20839,424.3914560636744
20840,341.2765869498229
20841,580.3844974798944
20842,358.7097528661296
20843,356.03469275727804
20844,309.0710828328546
20845,391.92595042542985
20846,358.634669424521
20847,352.2076963742494
20848,331.175438546745
20849,370.6265307253196
20850,380.5726708632698
20851,462.94013001294127
20852,363.1826317883221
20853,558.4339252950518
20854,394.3397222298364
20855,384.18029914203913
20856,600.9114056159742
20857,393.4316387109851
20858,485.59177870518505
20859,351.8872987278357
20860,416.015613904342
20861,471.70326972311557
20862,343.07702741932366
20863,517.5300771328441
20864,413.8448471966943
20865,503.52374387059905
20866,329.8601686396952
20867,413.88574419466795
20868,457.60443918787655
20869,373.14763655823765
20870,295.1856941944259
20871,428.3532643432173
20872,381.2526264614153
20873,474.0087572136125
20874,569.8832963714722
20875,441.23732735809887
20876,355.6680378554701
20877,487.51485206301066
20878,582.541035271605
20879,435.8735334214616
20880,470.1879318780373
20881,474.1366624473433
20882,558.9019317100756
20883,582.9734042704317
20884,408.9422921152788
20885,346.9618100845049
20886,526.1226283631719
20887,477.9818416549063
20888,510.365910267102
20889,413.5199214348197
20890,424.613042535169
20891,517.1652382496429
20892,397.7012748523275
20893,460.8288446086982
20894,432.73822854132715
20895,470.2988477192055
20896,477.3586673178778
20897,484.64984420017055
20898,362.53003693356453
20899,498.530340517082
20900,498.7054665926822
20901,423.67705894047356
20902,420.9252871657522
20903,572.9229627652755
20904,519.7685512503502
20905,399.6445806148885
20906,367.1388173607675
20907,428.30099128520527
20908,429.6333113546651
20909,343.92075214907055
20910,516.4307609484866
20911,393.6440335535938
20912,395.47653670328015
20913,600.0726542483762
20914,391.02777630127883
20915,423.66541096798665
20916,391.2400383383201
20917,310.1168295951003
20918,498.18960727603053
20919,522.7891735077428
20920,388.4166477710131
20921,447.410530299445
20922,356.98175825278724
20923,451.24450374252854
20924,500.02336610870213
20925,384.2649393797254
20926,410.50896427315155
20927,528.8104259220592
20928,384.6570306251476
20929,493.2709660252989
20930,424.8876663660201
20931,374.63746839376546
20932,509.3273097182241
20933,520.7827066200268
20934,516.9550684934721
20935,418.56431004222776
20936,391.36219937983117
20937,305.596941385963
20938,448.82749475776353
20939,491.34842039934443
20940,446.0005387165586
20941,394.0592776678702
20942,420.23126354663964
20943,411.05599299635765
20944,468.47150730044694
20945,394.97028805063303
20946,404.5769202013917
20947,510.33420810639393
20948,459.8272172326146
20949,427.10752537703235
20950,444.8904427129616
20951,407.3533809527595
20952,571.3230556743443
20953,497.2104417177944
20954,457.8409907965745
20955,414.49926710176743
20956,301.637562031251
20957,445.04520403600844
20958,413.664095417472
20959,572.094556436586
20960,300.8956525888891
20961,612.4883270417774
20962,353.4572510706751
20963,594.2212410277499
20964,453.2977200662451
20965,511.6260375705217
20966,372.8753253240502
20967,477.7706324548242
20968,425.5644409236346
20969,494.88786596834456
20970,517.7947281141069
20971,385.78856482811767
20972,310.39910851093356
20973,463.2013432173799
20974,445.87661177115143
20975,382.3951422378918
20976,530.4870704569149
20977,334.0135823427936
20978,522.6420195423277
20979,552.8320339513624
20980,388.87574565334637
20981,469.1459823578728
20982,338.94939809252145
20983,381.4336177310158
20984,316.4028157393081
20985,534.6224272413873
20986,499.2003766524401
20987,336.4713162096737
20988,344.13641253732027
20989,407.318434518813
20990,430.69283417272885
20991,451.5821021303141
20992,467.7568510196686
20993,550.4121135401637
20994,376.1789003201878
20995,343.5701131626045
20996,477.8313408915963
20997,486.70206676047195
20998,474.17321079357475
20999,363.10387525954707
21000,489.96694594855177
21001,364.578768158203
21002,387.58190896331115
21003,333.1332729456265
21004,419.4394837787706
21005,350.94568228986964
21006,560.2640407459949
21007,401.9807112178546
21008,558.9046407090078
21009,448.69684467019925
21010,513.9134964215982
21011,418.7165410371413
21012,364.1222980838436
21013,376.94886080449226
21014,526.4149110924369
21015,400.5705358235385
21016,511.3359941331382
21017,382.3013322194197
21018,477.3426062682875
21019,504.61333318703413
21020,433.9815949992634
21021,408.4489229653752
21022,383.8428341710436
21023,515.3900523313231
21024,472.7608888510775
21025,526.726112342769
21026,480.46103626211504
21027,573.8278341253784
21028,391.87340165234804
21029,560.6015503512659
21030,394.27861909477076
21031,534.3813294293099
21032,484.0878671784479
21033,469.8106727610822
21034,471.175896406251
21035,555.5767311808048
21036,441.95594811435063
21037,559.7795998144468
21038,552.2893192794379
21039,511.250781518733
21040,520.5448307179862
21041,366.0555836418293
21042,483.6132231196485
21043,496.33203367227014
21044,304.38548975042573
21045,465.6468346075134
21046,431.6908660575067
21047,457.8662094471986
21048,426.44816754887717
21049,474.23832914850686
21050,425.13697564655985
21051,388.2381799539674
21052,478.0558437353421
21053,345.44590708284403
21054,424.12079701714487
21055,387.5916081757902
21056,345.67655533779396
21057,386.7561051264666
21058,429.21808292118016
21059,560.3889454249078
21060,644.7585296070631
21061,682.6234053801422
21062,489.6679154412395
21063,507.8144542255286
21064,454.05955804640325
21065,557.45460432914
21066,476.20831104469175
21067,469.2184326669072
21068,395.33621067621146
21069,548.5249220674261
21070,465.2970760030502
21071,372.4667450776601
21072,554.0589855771733
21073,538.8539394345166
21074,544.9680850361276
21075,458.52578289719656
21076,482.18249391471875
21077,522.1394183874946
21078,428.665134901179
21079,504.6136138636252
21080,415.7506119277094
21081,440.33352058106743
21082,399.74172543699893
21083,443.97309611406286
21084,329.19202769993194
21085,489.61408501745615
21086,363.7717366340217
21087,422.44655123867904
21088,305.9109665142491
21089,286.0097276805356
21090,510.7891145956849
21091,440.31453926343374
21092,454.1629633328328
21093,487.4745083685168
21094,390.2440299331346
21095,553.7460558596355
21096,484.16273597680134
21097,426.5854281740017
21098,479.85402721722363
21099,406.25593704540734
21100,445.68157075532963
21101,560.8609543702123
21102,559.8088058329416
21103,516.5374872160099
21104,535.1158914204854
21105,305.52893852041336
21106,435.2613992351927
21107,465.35918556692377
21108,636.3894452909677
21109,364.6595024275707
21110,354.0697622861728
21111,483.24990277860354
21112,353.1879951565469
21113,452.1926581085248
21114,548.9984391071074
21115,439.1647778030953
21116,393.24071054201414
21117,448.2567951931558
21118,369.84476784946446
21119,530.5946486992004
21120,400.34188378490563
21121,468.8850747640093
21122,525.2124174769805
21123,454.06675003328587
21124,429.5111036971109
21125,333.9151635870471
21126,547.3544161294881
21127,468.36648019537125
21128,436.60074523318156
21129,433.3385737858846
21130,492.53159710306096
21131,537.8918312025925
21132,546.8944995482791
21133,438.84662752790916
21134,464.8235130081548
21135,522.4791482835831
21136,412.89421144940417
21137,568.8524033090112
21138,371.7667371385284
21139,577.5555110318833
21140,510.8905915441266
21141,499.54586004297244
21142,404.6701519433611
21143,603.0524778404351
21144,449.20285665954276
21145,450.3674447974977
21146,430.8946640304191
21147,446.31341150027345
21148,473.58124353233154
21149,465.9267881235543
21150,406.9941955192292
21151,520.5776807407353
21152,417.02140734364735
21153,423.6735633643222
21154,504.35501223561147
21155,466.0732427333414
21156,437.19885590020965
21157,457.967877978548
21158,499.7439057141924
21159,503.3721813212651
21160,592.7872943120854
21161,239.52055881295774
21162,440.0514984379525
21163,477.6150699426627
21164,463.97482717757686
21165,518.3369144157136
21166,487.67808907331795
21167,548.1889583777626
21168,471.382781214116
21169,570.7642876441212
21170,297.79240337621076
21171,456.00165638331174
21172,427.83333021523924
21173,333.4874903420513
21174,495.26850340904576
21175,397.46052904424903
21176,535.2918995249914
21177,507.5536088332606
21178,414.9970851477257
21179,584.9501581471882
21180,383.6643904330095
21181,424.6231798166861
21182,337.9305557282195
21183,410.1200398134097
21184,448.9036863918661
21185,446.6913711352486
21186,515.3366585042974
21187,467.1053621190686
21188,405.7409309608851
21189,467.9609213300855
21190,561.86099985018
21191,585.8116091634963
21192,364.9591083320901
21193,295.590879909005
21194,399.88857381145704
21195,459.7914210654355
21196,525.4489417112678
21197,402.2428012026213
21198,452.09429547416755
21199,523.0550808876728
21200,406.2423375950158
21201,505.0863961236001
21202,439.9841815476867
21203,465.393247932076
21204,373.8542510380854
21205,594.216815445391
21206,527.0190286028129
21207,376.21618710109976
21208,472.4155736939282
21209,450.7748312040011
21210,495.3844925353788
21211,351.5679909552213
21212,459.7729999489984
21213,355.6384899356552
21214,473.53054982533524
21215,417.5793765122017
21216,453.71669559630544
21217,435.14126613927726
21218,377.58489038029114
21219,465.51049588484216
21220,503.43827245475086
21221,541.7952539164928
21222,477.3585362622167
21223,388.8451135565622
21224,456.10048931014285
21225,705.3378701128928
21226,366.81751404446544
21227,483.52474464266623
21228,396.45899241167683
21229,516.6953171627136
21230,447.17903052358173
21231,364.79986717090884
21232,394.08917828752965
21233,525.2222635690035
21234,329.84381269993276
21235,518.1384716470518
21236,356.99737085916763
21237,401.6435020034654
21238,400.74175673876755
21239,491.5785901935125
21240,526.3062130273869
21241,485.89561376545254
21242,490.27846528117107
21243,516.1327520719811
21244,373.3007703362937
21245,525.9733530818793
21246,554.3460734697455
21247,582.9402219444661
21248,464.0018959016918
21249,561.2861532932984
21250,432.6395918698055
21251,512.7272474811907
21252,527.4371746000288
21253,402.01993512365954
21254,413.0487157061379
21255,607.1099729920503
21256,492.55983117903685
21257,385.25239420193446
21258,462.68689397028703
21259,425.4259461891064
21260,465.7767341388247
21261,552.0703708042852
21262,574.0737656954565
21263,394.51814783982326
21264,540.3199037354815
21265,420.7421291111633
21266,468.06020039850586
21267,466.47299791095884
21268,414.2434274086968
21269,444.1623014301243
21270,439.9224499990005
21271,370.91543278004036
21272,312.61165109240073
21273,447.69213995139324
21274,464.187323084765
21275,497.9901685996015
21276,406.6422210979119
21277,413.31709717920376
21278,505.3125563082413
21279,473.6386341954274
21280,525.0094796489658
21281,467.4862869649966
21282,434.26693234123707
21283,537.4868138940088
21284,450.9387874653208
21285,446.9463922403176
21286,438.4735190750825
21287,476.5473149029616
21288,456.33861357548705
21289,543.164265342623
21290,470.62842673495396
21291,428.910953038052
21292,324.95769193621004
21293,428.85266592891765
21294,455.4001592127938
21295,470.62931112820013
21296,556.4354720712556
21297,447.58846380244046
21298,451.69291842317057
21299,377.3416395860359
21300,343.39889820319996
21301,408.25683370055714
21302,323.22343860669946
21303,433.68498910684065
21304,390.3906431064771
21305,404.4971729917759
21306,459.9978633761775
21307,499.6717362996784
21308,289.3018350256953
21309,420.7591313085283
21310,381.007005637256
21311,475.3054188859781
21312,571.2661179421531
21313,423.73177594509224
21314,587.1799444440566
21315,438.9530701508047
21316,266.33073441279265
21317,563.840601531525
21318,357.242211337881
21319,416.24344381022706
21320,372.5164674743527
21321,332.7683194818944
21322,378.55222268958204
21323,438.99837966975826
21324,368.87099834686074
21325,381.7797964166759
21326,442.2420925432144
21327,476.13005470099046
21328,301.3721567957072
21329,429.63943010992534
21330,489.7380193713263
21331,514.959742956674
21332,431.30445354635356
21333,470.83704288499405
21334,435.50622479958133
21335,277.9616694149368
21336,378.61319363164597
21337,276.87191061189975
21338,415.41697792153155
21339,454.52913961825215
21340,467.2650034012689
21341,491.34653382014915
21342,431.0837555760204
21343,463.12339421666803
21344,349.28201481467164
21345,496.8223616737334
21346,530.3727160522863
21347,486.1492017733143
21348,429.05790185789317
21349,401.04810317242277
21350,455.7377976324725
21351,446.4108170818585
21352,448.8178246963151
21353,424.4371188624864
21354,408.69973988555347
21355,584.1889793138969
21356,365.7503837555625
21357,427.0284866232999
21358,347.5892414793389
21359,452.8071416087058
21360,511.9808293925542
21361,259.46850490210704
21362,501.7147103882099
21363,434.36931490700397
21364,467.0918238224881
21365,396.9977617742679
21366,415.98378792329913
21367,591.0610453439956
21368,205.84075101184888
21369,480.48739548268367
21370,485.56549605957434
21371,413.6938626290447
21372,374.01109773802466
21373,310.63940195775655
21374,447.0983830032077
21375,496.59530515741056
21376,473.0743882652739
21377,492.92856466660345
21378,510.3508322998388
21379,347.34612346395966
21380,398.1565482600645
21381,331.91034322932677
21382,483.21653614283844
21383,446.1478949024862
21384,449.95707507057176
21385,444.5437075261836
21386,337.8226161733844
21387,523.6220746463306
21388,479.16815577507356
21389,504.4012486550051
21390,303.45061444870237
21391,287.7772870521275
21392,402.11830500873873
21393,530.8284372384394
21394,429.71385488396686
21395,416.7861842180911
21396,493.445011392999
21397,504.5885639340819
21398,365.1969745215759
21399,527.0145289896003
21400,404.060703917776
21401,492.15899580891073
21402,570.3918963062862
21403,490.8271125860677
21404,455.33638258151376
21405,345.65572123773705
21406,473.12732604980107
21407,444.8469796720539
21408,526.8217239173694
21409,551.3492425891013
21410,725.6742114095206
21411,446.73101470548426
21412,548.2963888381539
21413,417.1779274779262
21414,336.99711120213533
21415,357.141273524043
21416,354.38246225953253
21417,367.7434330237764
21418,449.94540590911276
21419,477.66617759287624
21420,527.3502434415992
21421,533.3682827329617
21422,456.5659931220907
21423,454.1472135134293
21424,433.5863098002276
21425,474.06405254185586
21426,406.0523233304993
21427,432.8719108553624
21428,399.95896030092615
21429,402.8788524444608
21430,308.42147268259794
21431,454.6278259156065
21432,502.214999232118
21433,462.7520675338116
21434,308.9789563574955
21435,408.5780896198769
21436,576.2108677438383
21437,416.3827147843821
21438,679.2704876577
21439,513.930401362772
21440,486.3000002158483
21441,479.5192676088796
21442,518.8673879580575
21443,415.82053003202185
21444,556.5601916395993
21445,409.503635399045
21446,469.4979875857674
21447,354.24854558474124
21448,359.4758134870949
21449,461.71249694881806
21450,396.6190424303414
21451,343.8350870429813
21452,431.1352629625156
21453,562.3621355639086
21454,430.03622719419633
21455,457.2906043629749
21456,376.6395523718157
21457,482.3541927758917
21458,307.92388413109893
21459,469.7750457804704
21460,463.2600521803413
21461,501.7670838785751
21462,494.25215043345804
21463,403.0226544237935
21464,383.0425839420455
21465,398.20701001405195
21466,336.7469683622542
21467,462.57619665703197
21468,389.3229141929422
21469,416.83253015298914
21470,384.88371694324496
21471,414.61254250640656
21472,471.2522824718112
21473,508.8193135503677
21474,489.43423041540194
21475,509.64415905328997
21476,520.8394657212953
21477,414.9536899696909
21478,382.07029393355145
21479,511.5755541542022
21480,486.1038586109086
21481,612.8010544593543
21482,553.3724395312809
21483,376.0356986032968
21484,284.5891698459099
21485,488.85788033850207
21486,480.13903304127945
21487,550.1175034950893
21488,414.1913783601905
21489,348.2782420833284
21490,495.8936972502774
21491,530.7225220707245
21492,460.685382819308
21493,555.3357031022553
21494,421.08518063440397
21495,499.16475144256424
21496,574.1056735238923
21497,433.55485480219556
21498,610.1619046741145
21499,531.6813158539251
21500,340.4900249493454
21501,451.5762624083708
21502,475.1965544287715
21503,502.45771985040955
21504,573.9912136295052
21505,379.1332574353539
21506,575.6894337217376
21507,356.5687909130918
21508,457.0830524979798
21509,380.6676789215011
21510,398.78585070925686
21511,362.06899075651853
21512,500.3511580036398
21513,329.12011328200174
21514,526.5943214725146
21515,402.6580423240908
21516,444.85225736104115
21517,464.59175916622894
21518,488.75025140668544
21519,323.83979265651067
21520,330.07867940203334
21521,565.8717296632387
21522,461.21861272559994
21523,415.60483495945914
21524,593.3494681076892
21525,499.4130136643971
21526,456.1210320315743
21527,427.38335971055625
21528,348.92597007324457
21529,453.04221523678825
21530,275.0885438111072
21531,483.4311374585386
21532,555.4130338176866
21533,453.64040476949225
21534,394.137078608238
21535,399.63448891362043
21536,352.2057997150327
21537,522.2632128794932
21538,472.31800381925893
21539,424.9272210562617
21540,377.4264882422839
21541,535.7475671475225
21542,491.39871991241125
21543,484.15334423273043
21544,413.1063809755884
21545,383.3936408434263
21546,464.1120215362675
21547,462.1065532441537
21548,486.13022919475554
21549,466.0151146409342
21550,442.1254431474109
21551,376.14486389448945
21552,490.8872734996854
21553,404.61145698187613
21554,543.4266128531904
21555,362.45324562410383
21556,559.3823680785442
21557,508.5451627923653
21558,464.7497839369087
21559,477.13723547394835
21560,474.75092432313426
21561,460.27749345550427
21562,384.87458011105673
21563,459.8970708396755
21564,342.38471127293354
21565,356.29006756402873
21566,433.57603887711576
21567,360.24096393698653
21568,448.8245072529327
21569,407.54424110669976
21570,561.1535468278875
21571,401.3576905608685
21572,419.3193093382433
21573,536.152694214194
21574,287.48859632753107
21575,459.68193371200823
21576,406.9389744671999
21577,490.4732939908665
21578,351.87931321436685
21579,566.475402434818
21580,404.0107102858451
21581,299.85183495186504
21582,494.9698221938351
21583,513.7480627376364
21584,440.22152968582526
21585,419.547498817261
21586,535.6837804048117
21587,472.77390208509513
21588,600.6165119704199
21589,521.6541054081292
21590,596.0268818912521
21591,428.8329248935485
21592,417.3872088673051
21593,504.20539227230097
21594,489.7288476025744
21595,448.7181287258852
21596,487.2321270115704
21597,502.94494338805373
21598,452.9943379940297
21599,421.4386827309824
21600,516.7877567208124
21601,569.455031003425
21602,435.6792014436578
21603,491.3762950675484
21604,530.3842820201213
21605,407.2504046402061
21606,316.3651046357655
21607,498.86556443790874
21608,511.4499662112677
21609,575.6128918018447
21610,402.70036366021765
21611,496.1400738524645
21612,453.2976724421772
21613,363.26294640166253
21614,439.34355346768143
21615,514.8968974478179
21616,417.71912432568104
21617,402.4551595834198
21618,401.5062122572816
21619,342.17621214930614
21620,477.2166914567844
21621,466.01952107766465
21622,365.88035513607423
21623,367.2696473822506
21624,405.88136773442193
21625,389.5921415519074
21626,611.5061851854347
21627,339.7399623215463
21628,395.4557504130184
21629,492.8171274915126
21630,520.9063578909243
21631,293.55605318401047
21632,558.3457973724463
21633,413.63681348782137
21634,533.680269666917
21635,472.5010388113309
21636,410.36273100705324
21637,395.2139246057039
21638,472.27786050213734
21639,594.0123369974395
21640,337.9242485795163
21641,323.22804773067946
21642,455.1892816391081
21643,451.18411422230736
21644,577.5532429524378
21645,315.7019638226593
21646,511.8326845890321
21647,463.387036951462
21648,411.65199183949585
21649,338.38258947607636
21650,443.07047234980286
21651,311.8283867415335
21652,379.6412808619451
21653,384.80402671304404
21654,459.12923799799506
21655,409.90934843860117
21656,510.7706135944766
21657,439.68778790018877
21658,415.1198195456236
21659,389.4992653134498
21660,497.99041959256044
21661,550.4309986080799
21662,420.7168050695525
21663,452.75038650835666
21664,480.95555042565917
21665,567.0902543085742
21666,439.654752278821
21667,330.5930421525245
21668,540.4547798089351
21669,640.6554492970062
21670,382.1287018572261
21671,244.32101840810142
21672,491.4006748761984
21673,457.42703466522835
21674,528.1406286942836
21675,414.245534172857
21676,526.8322792898958
21677,413.680785022343
21678,388.634451946719
21679,294.444968345104
21680,521.2127171175787
21681,480.7871736063651
21682,410.53092481394276
21683,583.2372209308813
21684,381.4504496425857
21685,375.08892889051907
21686,533.888612548464
21687,566.4728468573784
21688,434.5842420839463
21689,428.8206831063233
21690,604.2945456700469
21691,464.96702307480325
21692,565.2099425374985
21693,298.1645477145015
21694,342.5513843161925
21695,521.3809264023739
21696,513.7985633437298
21697,530.5858826398265
21698,426.24052283984787
21699,564.7232277200588
21700,527.4989436548251
21701,461.86725431234083
21702,273.68232983097994
21703,506.6420935065387
21704,441.1578137336587
21705,452.2760814328345
21706,392.73534300868187
21707,400.52372111377264
21708,521.0402812389187
21709,562.3691863546978
21710,381.72368570169056
21711,405.69727625700835
21712,423.0912694844539
21713,346.00875347972703
21714,480.0314871433319
21715,554.0456676518965
21716,504.2555669204556
21717,459.73215628121983
21718,241.8482088710335
21719,516.4953268996395
21720,416.93225284760746
21721,478.89397365542163
21722,494.78349876475625
21723,429.7860538106017
21724,371.28868927713916
21725,410.1150196281666
21726,399.67385164537404
21727,461.662913649356
21728,583.4498383905799
21729,543.3622426487814
21730,532.8911891837411
21731,359.3812226386182
21732,453.8116581484339
21733,496.09784436892215
21734,366.6028916018126
21735,363.8862550548853
21736,549.6132027227084
21737,477.4202822527073
21738,472.8165302307394
21739,498.7133171429187
21740,368.08070061469516
21741,427.3464979608712
21742,411.55648723703143
21743,342.79334909578074
21744,472.8951982566777
21745,564.161304058561
21746,409.98992222969923
21747,378.53394689008644
21748,422.7708302720048
21749,493.41570760531454
21750,436.5644209023876
21751,427.58552844532016
21752,265.92896181225825
21753,519.6322423321932
21754,501.59020600895695
21755,422.28982111468304
21756,391.6697574136644
21757,413.79006655280335
21758,464.11228726634613
21759,375.2702603046476
21760,522.702098633231
21761,395.22049177822583
21762,548.2021207318217
21763,337.84179330727
21764,545.5401930283175
21765,445.83541298874695
21766,413.36879275430096
21767,475.30004063232997
21768,503.38690003140067
21769,457.7303369217415
21770,430.72153827659366
21771,438.9607029620455
21772,489.9995133787515
21773,373.9111489001399
21774,432.66749453158684
21775,348.28524247481124
21776,312.2093143307195
21777,332.2298699236754
21778,582.621332472727
21779,585.2814654591457
21780,371.0896374655677
21781,503.27690333565283
21782,674.6851009806587
21783,458.52228321841346
21784,413.9581150066305
21785,468.8875208123008
21786,589.5886081134267
21787,623.0329809401622
21788,507.8257696985633
21789,495.16485131705696
21790,320.4964210242754
21791,527.5650564720555
21792,301.39738640837163
21793,351.1337082000956
21794,439.825061645286
21795,334.93290696840955
21796,437.2064153641127
21797,452.8583496957363
21798,491.40748407126785
21799,354.3096312038077
21800,398.117343094259
21801,502.77477448064997
21802,482.74435741327767
21803,453.6434698140621
21804,523.8579446880107
21805,306.9473905077465
21806,402.5489848444466
21807,426.34261796779515
21808,528.4839620216486
21809,570.9735953050726
21810,396.9054041742493
21811,402.08166895256346
21812,321.53406771405304
21813,436.293339591056
21814,376.59299981839655
21815,418.8944413657207
21816,505.8487009309345
21817,569.9654143989029
21818,449.3788199983339
21819,511.38735124321624
21820,371.6826453725337
21821,514.6397763922856
21822,613.8510462732357
21823,500.44955015084554
21824,404.39720098437556
21825,449.09873808105505
21826,466.6499784869909
21827,485.38256917658947
21828,458.06514803514995
21829,381.25776311518337
21830,460.0078850547239
21831,289.2922029207318
21832,436.2335353035505
21833,417.3322397448021
21834,509.55428456245295
21835,412.2569065140775
21836,361.73726988167766
21837,514.1385753270209
21838,505.5786155372288
21839,517.4459955755775
21840,493.65697616752294
21841,463.0855865749072
21842,572.8263551873957
21843,352.7893644022249
21844,468.44474649894715
21845,331.5794990220436
21846,344.0393395134595
21847,337.75121636995175
21848,503.0525489677856
21849,522.4042621001591
21850,436.08778724240057
21851,431.77379204568416
21852,495.27645797771913
21853,489.63956343509665
21854,386.81830487799465
21855,387.8501389146275
21856,440.22058337112645
21857,367.18515858526047
21858,360.88442739876547
21859,453.43197128722215
21860,450.7248439906143
21861,378.2864398887996
21862,459.7458581842826
21863,549.661251246728
21864,487.4201199793574
21865,501.5159931978907
21866,371.6282443520492
21867,529.3126363147702
21868,417.8226466534216
21869,305.9881089591393
21870,583.4604742589427
21871,411.7085203729637
21872,585.4447578460298
21873,498.30349953364595
21874,361.5247772207788
21875,572.7762680891329
21876,275.4370684843538
21877,343.0114587499068
21878,420.4161683841316
21879,356.27906452666775
21880,483.181389399467
21881,401.3866890532948
21882,395.41434411755
21883,394.8080384320431
21884,674.2669482598723
21885,315.641504337868
21886,544.7602017198371
21887,501.1761315482022
21888,448.860171675338
21889,505.34928139393094
21890,452.42932175993263
21891,536.7784578903282
21892,408.87750408519463
21893,540.7145167847181
21894,548.3285999767907
21895,516.1557031657427
21896,603.04326245024
21897,517.8230557747183
21898,460.95239047023364
21899,441.47382180355095
21900,498.53223432013493
21901,525.5985992252528
21902,403.67762082549314
21903,453.28166558884976
21904,427.44377892447596
21905,499.8386547580019
21906,385.01657159223583
21907,474.5939541310613
21908,489.0974390099571
21909,450.7963935595556
21910,355.4755891295065
21911,430.15158003672235
21912,469.59629654432354
21913,450.6919365628659
21914,403.06725004959986
21915,479.1535725604649
21916,438.50596878645035
21917,401.7434224815105
21918,399.09053468443705
21919,380.5081905413712
21920,585.7869714890667
21921,553.9955853128779
21922,392.5203914483441
21923,472.5341126564061
21924,446.09861527682006
21925,384.83609465677387
21926,575.491699569962
21927,431.5580051323745
21928,496.21184713084216
21929,492.9957329210368
21930,470.9402743913014
21931,630.8332574585622
21932,515.3587642152745
21933,427.6594298404331
21934,423.48257888853493
21935,330.22656133096694
21936,447.57374103710333
21937,241.99528257397603
21938,433.1044994133921
21939,500.7205404736948
21940,445.32278964705085
21941,331.79408207291976
21942,345.8200334621735
21943,601.465150607671
21944,522.5944460690962
21945,523.5887525778156
21946,468.23235720658255
21947,473.46131679782656
21948,306.64766916704485
21949,376.24769813727073
21950,416.17948246873516
21951,423.76623596650177
21952,591.3390287536779
21953,456.7776853117792
21954,473.8827034974846
21955,435.82007068699096
21956,272.49335846428255
21957,454.43307123036124
21958,533.6877220378028
21959,531.0737295527407
21960,340.5483737689866
21961,521.5440576038219
21962,598.1623883831079
21963,507.48693298301527
21964,550.6873950852321
21965,570.2126508460894
21966,572.5403417302261
21967,303.33295590738
21968,406.18126409843387
21969,468.1844149724791
21970,509.9135857544646
21971,460.79951303204297
21972,520.8412291535587
21973,547.411600670897
21974,400.51701556212606
21975,257.1725378922372
21976,323.98616842487667
21977,444.5479322517894
21978,448.50544397987784
21979,326.45609968217076
21980,686.2158836841835
21981,379.09722419539344
21982,465.13345055645397
21983,426.25411568028267
21984,446.27588983203503
21985,494.42949457220067
21986,449.90520950997995
21987,556.4644721999425
21988,606.917403005398
21989,496.5177427771793
21990,358.44171123908535
21991,393.05297871262223
21992,506.0908454225013
21993,552.451850810336
21994,518.7885083449247
21995,424.48614795542306
21996,457.15580340798346
21997,517.131707105781
21998,579.6715207711699
21999,424.0890626109547
22000,500.20712214487787
22001,383.38080326377246
22002,492.48603846951
22003,260.5650536749422
22004,384.7737489100213
22005,522.3238770342625
22006,307.9368514255917
22007,461.56871206242954
22008,545.7022647720355
22009,336.7916466805517
22010,463.84639260128654
22011,633.8829785345596
22012,415.1866822829341
22013,403.25307345503535
22014,536.2355872537636
22015,462.3446449131387
22016,402.9486646222597
22017,417.265514867953
22018,323.9060142510335
22019,580.2910738344663
22020,447.2165327098726
22021,467.8272200425797
22022,312.2683853135779
22023,359.0122105774524
22024,438.40759385181406
22025,438.28562056976637
22026,506.7078179010772
22027,363.4616636166962
22028,440.2704167864281
22029,325.7809554975414
22030,460.70744877601703
22031,370.16548509271547
22032,506.4407182937658
22033,429.97666869220643
22034,472.4680738332475
22035,439.1242998759673
22036,387.5643586736808
22037,599.7411373413767
22038,533.3862567245782
22039,428.37398597803326
22040,471.6490569334298
22041,609.1703339437726
22042,404.5861546252214
22043,442.2612913178017
22044,361.8588556792054
22045,514.0252782759148
22046,512.2651289745918
22047,290.8370965420448
22048,522.5639463218643
22049,454.19063733170435
22050,270.17195339992116
22051,565.8300637328689
22052,440.69002768476247
22053,385.53115092643503
22054,402.5928440707362
22055,361.3715959668201
22056,517.2350084563328
22057,367.02002067941464
22058,514.8590774882681
22059,479.36466119737844
22060,530.9998407817478
22061,423.63379657137085
22062,400.5465307730186
22063,349.92747641443617
22064,529.7178437628726
22065,493.05011418068807
22066,529.8200318088185
22067,466.4209432490611
22068,434.35789219816775
22069,450.59388105388143
22070,426.45108199821027
22071,454.7027057093497
22072,493.0657247992038
22073,510.7546953125695
22074,429.5842053782913
22075,429.4440249784228
22076,427.694234179974
22077,509.2466379262664
22078,517.5283722007442
22079,359.2747562750347
22080,596.8018353478114
22081,499.59308410346
22082,502.91746727403756
22083,386.06329271992536
22084,480.33592329182807
22085,401.92675025592706
22086,345.2981831790854
22087,311.7989453616096
22088,397.8812433763583
22089,281.49704076354607
22090,473.3119964733418
22091,435.67648035642867
22092,478.7306975068972
22093,654.6961057083076
22094,385.1754185806106
22095,381.6087275344648
22096,537.6361613111652
22097,403.62136477548916
22098,436.5910412885712
22099,324.32747870723796
22100,481.90992204841126
22101,626.6218517883448
22102,385.21935258116844
22103,396.2612955302613
22104,427.1645022450332
22105,402.31042037567977
22106,423.30352501036185
22107,412.11669892506853
22108,536.7997906142505
22109,405.4367581788039
22110,383.8427884091486
22111,384.9277814293482
22112,478.8508335172464
22113,449.16694674652473
22114,492.753188728996
22115,474.9328157624228
22116,398.2163823548326
22117,337.99832113873043
22118,444.6552474223386
22119,412.30556443269785
22120,443.4668828614973
22121,505.6793741879583
22122,459.8735875585204
22123,380.38808514026937
22124,267.91812853180573
22125,588.1784560748018
22126,372.60745759551895
22127,275.1262491731928
22128,500.42202850373263
22129,257.3275838704623
22130,413.8364503322081
22131,443.95765473058316
22132,424.92217676821804
22133,336.09117791290055
22134,445.4804314084231
22135,506.54095423733406
22136,411.70734403331585
22137,401.98763971974785
22138,493.111475820274
22139,545.6160687930035
22140,435.58288903033963
22141,404.5892059791023
22142,474.09306819389593
22143,472.3636095022048
22144,528.5422298087932
22145,437.26389507708467
22146,602.6518436937665
22147,368.9344738548583
22148,423.8583370154078
22149,468.68897383616076
22150,417.53559602880455
22151,528.1623310173653
22152,401.96149797705505
22153,378.151311563432
22154,518.3025127329422
22155,424.8588471195847
22156,595.1177627771351
22157,445.99824654224176
22158,417.03495086363165
22159,404.5833431694499
22160,338.58929372110634
22161,520.1118408907158
22162,409.36674090537593
22163,566.3934428252504
22164,542.9305718107802
22165,390.9973222976393
22166,416.0832033910034
22167,310.94066737833384
22168,394.3136260361527
22169,311.41127735212035
22170,312.2364171535143
22171,420.9201302743243
22172,486.0460774807075
22173,510.98401527539687
22174,437.3971585274664
22175,329.71218621760414
22176,442.08820677052586
22177,527.7176512244819
22178,385.98664729635124
22179,352.99102690439776
22180,500.17617151757196
22181,449.42807143302963
22182,474.7977836391889
22183,507.40241714905926
22184,430.6774928614314
22185,480.61076249524086
22186,314.13940648977405
22187,401.9420663565554
22188,319.263196731642
22189,393.25452521351775
22190,466.80203187106173
22191,508.50239374084504
22192,607.0133695175118
22193,488.20266350941654
22194,491.92069462483715
22195,264.4246527124805
22196,280.3516625741144
22197,459.149814132562
22198,297.72621735529924
22199,377.6536893126892
22200,495.9028695839245
22201,446.27956028051807
22202,501.7665544288904
22203,333.809777126651
22204,423.9953663157096
22205,581.2775707557714
22206,394.75692174261087
22207,448.5023697847611
22208,429.72154634125707
22209,411.80059252859076
22210,465.7901619872302
22211,331.16523344276453
22212,524.0577972035383
22213,375.53555327996105
22214,411.3228605375235
22215,301.59093840024036
22216,565.2716830489804
22217,398.8591685278612
22218,407.1357108357938
22219,427.80804609162556
22220,389.89953731492557
22221,440.3937060462592
22222,458.4723618091133
22223,459.9955881194203
22224,387.5283326086773
22225,487.9002061487128
22226,599.7179780345642
22227,418.5411742855449
22228,453.0927398094266
22229,461.4543781706649
22230,486.7933645704896
22231,463.92987265347534
22232,583.7341667485921
22233,540.0437757060556
22234,548.3763444921271
22235,584.2033412043203
22236,309.8715456550427
22237,476.394185933088
22238,469.60321301194955
22239,583.6120591263967
22240,473.7806377701366
22241,424.9783539771466
22242,424.22512938685577
22243,349.011558818947
22244,412.4939319520341
22245,447.07830846491385
22246,516.687894836881
22247,457.7166611158875
22248,478.23464913236637
22249,381.2332142989822
22250,490.2738901129892
22251,436.098049299511
22252,522.5286988558502
22253,423.9459329971795
22254,432.53747525911496
22255,505.5419488519057
22256,501.7065790454
22257,413.98468343716684
22258,414.7731014393133
22259,493.7780792422057
22260,283.79662768180856
22261,542.3787177271556
22262,463.1381456353971
22263,501.578166653122
22264,430.8469239939857
22265,408.461250610961
22266,397.43022813959914
22267,408.9691320637148
22268,445.7737855055944
22269,521.387545792857
22270,426.9801014108248
22271,476.32341225732654
22272,379.00985233244484
22273,501.17335685184486
22274,446.3595266034651
22275,451.12122727772027
22276,555.2410108401076
22277,466.2253671113629
22278,380.5035598357706
22279,314.4373534527647
22280,416.42186128631454
22281,534.0218544938431
22282,373.037721980979
22283,496.1038659640122
22284,370.6692936775733
22285,489.6399469182367
22286,575.1956324600902
22287,200.6885954515004
22288,522.1506329652819
22289,520.9676725835816
22290,508.2317082611207
22291,295.4052633924617
22292,457.16964281314296
22293,426.43090869187915
22294,459.3815196746106
22295,510.7782767671326
22296,413.3411873623504
22297,573.8166210433876
22298,559.3524812177791
22299,392.726592288024
22300,397.68090203732163
22301,514.0840037274832
22302,457.20249278336485
22303,379.12336255355086
22304,472.85232992199815
22305,358.6289537827577
22306,464.34328784486985
22307,522.7573183438211
22308,505.7612379509504
22309,495.1723088488306
22310,414.00621623060874
22311,366.61038659152985
22312,435.77220084515346
22313,417.6820461402403
22314,454.590619284058
22315,479.11323132850805
22316,442.3056465365765
22317,547.8983970876418
22318,480.5014093806367
22319,471.1843487972455
22320,454.3595687820219
22321,566.0734509983045
22322,420.5952856392227
22323,425.19095180137066
22324,410.25309930861584
22325,415.5853047671216
22326,504.2102314367191
22327,561.7665311116056
22328,320.5412541554435
22329,568.7298314747703
22330,300.93401014002654
22331,450.37210403137993
22332,541.7641294934425
22333,427.2400133151665
22334,408.8798945110727
22335,370.4186263807585
22336,532.3714689394844
22337,325.10720946968024
22338,412.53617156698687
22339,550.3625236459812
22340,529.902122738642
22341,352.5078918614622
22342,432.23591482354277
22343,478.8336532938586
22344,411.12392164325473
22345,433.66596267793363
22346,359.9452241372866
22347,404.6105231512631
22348,405.5748927658077
22349,598.7177782108549
22350,482.0579105797969
22351,511.07205819583965
22352,360.0497899144974
22353,464.8794562181385
22354,467.91046624853215
22355,558.0876050881616
22356,435.21393450679403
22357,558.4982161123008
22358,304.2165289932299
22359,338.58331480147564
22360,392.5341525066018
22361,499.2115990913323
22362,439.41581308166997
22363,570.5118478502181
22364,360.25163158243606
22365,467.50715255206535
22366,407.27192432508383
22367,527.6966219828121
22368,439.3356881921417
22369,382.25099504584784
22370,364.55240633089375
22371,390.9454592153051
22372,475.68003192503875
22373,473.946686750954
22374,400.0415583209689
22375,448.5981953776385
22376,519.2008010990909
22377,495.71464816100547
22378,556.8080827847599
22379,371.9572180743843
22380,429.8012911773111
22381,324.6525734293351
22382,467.96104229133783
22383,534.1551713283127
22384,619.5289725704192
22385,427.81183947981026
22386,472.91654453248674
22387,467.9085878897709
22388,479.36700637478407
22389,405.50825920352435
22390,514.01236605076
22391,385.7887142871264
22392,474.5349093400133
22393,392.8904565895138
22394,223.97239254667676
22395,466.4857046894781
22396,406.1807545535058
22397,398.2618636193704
22398,459.7171923939739
22399,656.7122466099028
22400,438.38217700754007
22401,540.7666490160799
22402,529.0649580352763
22403,562.3919035752516
22404,490.81110173366983
22405,502.67775839084595
22406,510.9052259715283
22407,425.9899090254743
22408,462.7433295052519
22409,355.91139985895694
22410,544.54729018982
22411,506.44832000527737
22412,433.35840324438635
22413,446.96911300522964
22414,483.12706205632884
22415,360.34161869918546
22416,565.7537044007747
22417,372.17579686392804
22418,570.9918900276627
22419,329.3512434618622
22420,360.2481425258976
22421,549.5580936464
22422,386.5955122930321
22423,405.6885316497336
22424,495.36056620997795
22425,400.4446798759222
22426,526.6404617853168
22427,381.0522789170584
22428,461.7605564585998
22429,492.9438231507009
22430,478.11381784410037
22431,561.2000375379231
22432,397.65432089483284
22433,569.2900985162136
22434,399.1506531971599
22435,266.45768184471694
22436,383.32506863854536
22437,388.3605446532536
22438,487.969288769179
22439,425.4702179683563
22440,469.5707106202538
22441,559.6072501536951
22442,546.6758635163135
22443,456.86025843942707
22444,467.20600079269747
22445,458.33899609050314
22446,326.38456108325306
22447,444.9438292873435
22448,404.57264482297865
22449,519.1606776599464
22450,479.66975210203907
22451,333.51850085725215
22452,355.1310294831569
22453,396.00571764429094
22454,484.93593141692367
22455,388.7273441430139
22456,438.5025770822874
22457,558.6588525993968
22458,439.8115902454296
22459,353.48354559226226
22460,406.74113671701116
22461,409.7995910525736
22462,486.34204272898916
22463,421.59782688909746
22464,489.0001277993066
22465,261.36129005318753
22466,539.5646432982734
22467,423.1631331946641
22468,325.79605908649137
22469,396.0671216157552
22470,549.1619996129941
22471,362.60626645851033
22472,395.6215668916013
22473,427.4140532670469
22474,490.3444199948724
22475,428.8053820057659
22476,550.3706834466791
22477,368.2462398431763
22478,399.35333073816133
22479,460.2245250612641
22480,458.12041269474565
22481,543.4650647120825
22482,356.9525224040742
22483,519.5866546837495
22484,427.57575376879345
22485,469.27992435413825
22486,488.2082668143383
22487,523.3862796936836
22488,519.6165997206693
22489,440.19625897492614
22490,535.6442100832392
22491,475.45404507049767
22492,509.9327406224957
22493,512.9105451746644
22494,455.7221446983997
22495,428.77018566139753
22496,324.3368976344927
22497,499.46618193638255
22498,567.175600555195
22499,426.3020566971158
22500,479.523820632693
22501,503.21056297510773
22502,351.23882238216754
22503,418.0973867866484
22504,481.1882780190051
22505,533.1209173178424
22506,450.0162373571825
22507,589.2818385850694
22508,607.7715839675972
22509,472.52996155576517
22510,426.2019402365938
22511,402.68898989705843
22512,442.7496878695867
22513,440.15119785477657
22514,526.4770516177022
22515,627.8377541729728
22516,371.7565197709856
22517,399.4067792011841
22518,441.66633098407465
22519,477.372619073237
22520,639.3696704178938
22521,339.2234495262071
22522,477.68416352897964
22523,305.66851767264774
22524,428.438740090352
22525,388.22110145316447
22526,512.0480252934558
22527,495.3332339586382
22528,496.64435975881645
22529,256.7320166822742
22530,334.38878712719776
22531,320.57827331663185
22532,471.18469201378167
22533,315.08954227142874
22534,492.89073318547275
22535,397.8910956349307
22536,435.5479203494541
22537,319.310513384751
22538,351.04534030193076
22539,476.73200905114544
22540,457.6494519437133
22541,519.1822359457561
22542,413.77876681292486
22543,492.8826729670475
22544,399.4859402208847
22545,472.73874980630416
22546,529.4859296676909
22547,493.85517157807936
22548,508.9115094135913
22549,493.0554230884958
22550,458.9184757856313
22551,499.3120914014237
22552,458.791238574033
22553,249.44959135720194
22554,388.1333891545594
22555,398.45079978656554
22556,400.44173026898204
22557,408.7445790197295
22558,579.7600346715957
22559,516.73023776792
22560,488.86662425839677
22561,550.7170126253242
22562,417.02377158326436
22563,431.4281200574104
22564,365.3511801757655
22565,450.6009290866089
22566,484.01791171120396
22567,647.7488526833416
22568,573.5524029272439
22569,457.74287214413675
22570,436.03894776589345
22571,434.13297114982674
22572,378.1188579363161
22573,415.7173789476302
22574,236.43381875144445
22575,381.45888973905556
22576,324.573272562422
22577,508.93947431101105
22578,510.32079492425987
22579,372.39349531102374
22580,390.73241743687777
22581,443.1730521420929
22582,481.5717396845306
22583,450.1567022004087
22584,500.79703414134815
22585,446.5410245079872
22586,372.4092575952666
22587,524.4367588173699
22588,300.97490491418574
22589,479.79457685941026
22590,397.98469945520435
22591,408.58398342380167
22592,407.76686754844576
22593,361.90166756294894
22594,432.5077381801053
22595,459.18621982241
22596,493.58138739956917
22597,627.2970702640425
22598,478.8975565382712
22599,359.4615076604656
22600,524.4237391255133
22601,482.9070902725707
22602,505.92549046990763
22603,411.87842680827555
22604,512.255213545696
22605,509.6445162280475
22606,365.203876298484
22607,484.0682217490579
22608,503.2539553728053
22609,476.53007061079694
22610,420.81149656587525
22611,498.462330143946
22612,453.29842850398745
22613,519.7502244260785
22614,308.02363424319
22615,627.9130896068204
22616,523.2763630105945
22617,342.7591204314939
22618,319.4096430622882
22619,491.7126100276922
22620,498.96687185047216
22621,493.11287667277065
22622,541.9547683832926
22623,377.3916861682293
22624,533.3158161175393
22625,348.1619290701158
22626,441.9622917106945
22627,553.0095282533366
22628,399.8920009439083
22629,463.3247852665111
22630,488.61590385693256
22631,358.06312341470993
22632,417.84848692179366
22633,551.7007091544557
22634,444.6849554430493
22635,462.6661600702582
22636,403.2815587580398
22637,444.27500796815303
22638,477.9051721668084
22639,506.11303751034023
22640,466.50024362331294
22641,519.1741176802764
22642,486.42504872824765
22643,406.310615609973
22644,478.28188846705865
22645,560.7059694868676
22646,483.08496411368685
22647,442.6182000754602
22648,412.92871492419056
22649,476.29595492643784
22650,419.97950735200243
22651,517.6286792884822
22652,491.0781218414224
22653,348.31634535158724
22654,431.6602111889908
22655,345.5656997193875
22656,442.74854569440794
22657,383.7770513906613
22658,511.05088582522717
22659,377.0027032152157
22660,562.3861549066994
22661,300.62845266445015
22662,396.4135728144252
22663,470.48889941868117
22664,286.71320697135207
22665,532.6530947568765
22666,460.5114923400911
22667,477.8001004409179
22668,344.22561874733333
22669,299.97720847476495
22670,535.4491355583173
22671,450.68613487144654
22672,482.66792026958257
22673,333.5496336083426
22674,428.77301223446005
22675,449.7881097169357
22676,527.5358202860016
22677,537.2010498306071
22678,411.88818419671776
22679,432.6506494773623
22680,391.7126368274764
22681,473.50872109494486
22682,503.44371063134827
22683,441.8022551625652
22684,434.70912172742527
22685,469.80261321233496
22686,451.63068163137615
22687,494.46007287276495
22688,540.3494504909053
22689,493.80477373508955
22690,406.57720107017184
22691,430.1934412944755
22692,450.4316395991536
22693,241.18597867041552
22694,385.77301932243756
22695,412.3644624848989
22696,456.73633428962466
22697,452.33909518527423
22698,485.12182679352435
22699,280.56602239107144
22700,496.5523244549998
22701,390.3018179522306
22702,426.9095745065277
22703,497.28987118097876
22704,420.9249861460512
22705,328.1082303774693
22706,524.3087999384512
22707,521.8199480698408
22708,450.10064252679786
22709,573.6939981083965
22710,595.2173128293728
22711,487.62750286534947
22712,452.57612049457435
22713,461.5106702435802
22714,525.2009210212196
22715,279.74969966398055
22716,474.3970392310567
22717,350.1986104031803
22718,546.2001655054763
22719,451.55974692148664
22720,364.92910942962317
22721,505.42572602023495
22722,359.9500988113791
22723,536.5447054172384
22724,416.35278793916757
22725,427.1599693597988
22726,437.42225722336593
22727,481.38147700095686
22728,462.3540500229507
22729,389.81705599480347
22730,433.3194787987343
22731,506.19435792891136
22732,329.3367451719374
22733,446.03746617934013
22734,498.98795499254334
22735,450.3626323480826
22736,307.32491803394373
22737,471.48548827570903
22738,547.9044932391349
22739,506.5876679545918
22740,449.37937779729464
22741,590.5169234366051
22742,521.4604085675545
22743,474.0500246573331
22744,410.38434330008494
22745,515.7971124795487
22746,375.63761603503673
22747,440.61526066646127
22748,423.06587037985764
22749,426.23326795933417
22750,412.7169312097783
22751,507.99833302423144
22752,409.30143127572353
22753,559.4389218277878
22754,502.62766889569264
22755,568.9556336033801
22756,322.2220092612853
22757,338.18206845623325
22758,416.13924909570414
22759,510.76306521198217
22760,378.78495723601327
22761,418.9166346985274
22762,441.8562583025949
22763,431.79853056833036
22764,436.7335673012768
22765,476.1151340869873
22766,464.68244392117344
22767,439.4436353030031
22768,427.2468889262237
22769,330.92628362500886
22770,392.6151493313806
22771,419.6178054557141
22772,589.5079962702081
22773,526.9860349049438
22774,428.08976875312027
22775,393.25826424369535
22776,484.3671400326305
22777,348.2309885113515
22778,406.34208404467483
22779,492.7772137061237
22780,476.8141405938009
22781,490.2036475772128
22782,471.74059826398224
22783,482.25939809965683
22784,262.75846621702385
22785,380.04011429405506
22786,485.0597228705535
22787,442.55062954189754
22788,455.07691819244843
22789,505.02082432489425
22790,496.87413488211774
22791,570.067180891961
22792,369.04519236892537
22793,546.4096981440995
22794,438.95618845101217
22795,419.96122064596534
22796,371.19658633187106
22797,434.0258638730481
22798,592.0727334441325
22799,410.2915910172271
22800,396.59272219055373
22801,366.84236476866727
22802,468.9343092710938
22803,458.21094735936623
22804,321.6506331675162
22805,417.0581953789182
22806,322.0372843874232
22807,489.72282961091446
22808,350.2684765991154
22809,443.5856968441798
22810,510.5220049847209
22811,466.3411185341417
22812,343.9027798221333
22813,436.3644989050342
22814,364.3215502831452
22815,417.15952736727803
22816,396.154657371755
22817,415.94668650278027
22818,341.0610081200851
22819,606.1034455828712
22820,355.93440581922215
22821,461.45211169300154
22822,560.9623808250751
22823,622.6829669669722
22824,420.1343946516454
22825,578.0179276903468
22826,282.21446133861383
22827,462.1008411718981
22828,564.0877748474273
22829,387.1141101990299
22830,467.5402966980244
22831,543.96619538075
22832,444.9678145915369
22833,448.5670283100233
22834,363.9280735803762
22835,457.65719942529284
22836,499.2242020258493
22837,451.16287853379964
22838,446.0723351273557
22839,453.75909463015
22840,456.1522923043888
22841,426.0927056535401
22842,425.59128800233424
22843,445.1099793773298
22844,521.3374216151091
22845,386.6963920396744
22846,594.161795354685
22847,503.04283089658907
22848,486.23214345900357
22849,432.44977573796046
22850,322.01370399238596
22851,553.1033584803099
22852,510.17153331997355
22853,495.36541756400834
22854,563.8107035212092
22855,506.9206668861719
22856,444.52718824538505
22857,295.76180294560953
22858,421.2620582151163
22859,531.8158195677423
22860,413.39169299905126
22861,473.9126532160838
22862,431.1538889783641
22863,436.2834796838625
22864,449.88258629493436
22865,505.5787296410316
22866,425.61210748345036
22867,366.49394594642996
22868,551.1415412235588
22869,307.4493182459744
22870,503.03065600419785
22871,317.5466905789633
22872,551.0513701738456
22873,541.6534184905559
22874,486.28045873024604
22875,442.4111574740201
22876,388.55242937114315
22877,411.4408366965677
22878,488.393606642459
22879,481.1267569191682
22880,514.1013605602669
22881,422.8378036144696
22882,416.31189981706234
22883,413.0205659126312
22884,424.15263271404604
22885,409.7851673782423
22886,423.6382289049745
22887,377.39720090827694
22888,448.2010204721342
22889,419.60987811531936
22890,531.4750889932974
22891,384.610545721928
22892,326.1962865830108
22893,255.13339425699732
22894,469.3602517508381
22895,454.7345335160213
22896,507.18741181122743
22897,407.9944773521296
22898,388.40881561014965
22899,406.1577884101327
22900,507.5011219182874
22901,417.1081033693626
22902,595.0183713371665
22903,446.3780597315232
22904,353.59918569391397
22905,434.97547462621355
22906,423.38172642921796
22907,351.2905105483371
22908,582.9091068712729
22909,444.76442637356786
22910,465.22659353368846
22911,534.5338992751703
22912,463.0524636582742
22913,387.69547474491736
22914,306.5715912898303
22915,445.61695341971847
22916,551.0060820041564
22917,489.0696728076939
22918,433.73927455668775
22919,508.25396112068853
22920,537.9256110021049
22921,529.9334749268417
22922,399.88559626190835
22923,467.7198514351935
22924,393.70210370458744
22925,504.0472791351818
22926,410.7925888096583
22927,312.9795645591352
22928,390.7194112946944
22929,350.3640864723419
22930,535.3565445429402
22931,480.4946784169663
22932,465.0386655255824
22933,407.6485449415325
22934,477.32796541561635
22935,515.2616639405957
22936,514.0557887710039
22937,439.15650778584654
22938,348.05197697355874
22939,490.03794762931733
22940,478.9814523454548
22941,388.7104769144749
22942,545.769362042512
22943,410.8062431292441
22944,464.33699750445135
22945,551.3743995047463
22946,400.2599103883068
22947,532.2587882564858
22948,550.1106013625927
22949,327.5575720718725
22950,354.8540741387539
22951,488.1807232435437
22952,392.40468546221433
22953,480.334290339284
22954,365.26234010323145
22955,439.893448455226
22956,422.0830546234846
22957,470.2082915832455
22958,648.1873211926453
22959,410.1320921483685
22960,462.0202843237404
22961,535.7007707261022
22962,369.0493147020904
22963,405.33030611548503
22964,365.6089281400103
22965,447.42802453406966
22966,649.7600421546232
22967,533.6984928203697
22968,482.1596435520339
22969,441.9604529888741
22970,493.06935093040795
22971,493.1360514238724
22972,424.61293038174466
22973,540.6327694108265
22974,444.11809179025136
22975,473.5603912184845
22976,589.6242136787821
22977,358.65725422715104
22978,383.4026901296301
22979,408.3893586582693
22980,559.0052793294627
22981,655.1095945337387
22982,445.7001959737193
22983,407.05207208550223
22984,421.2423952611554
22985,377.4320681796982
22986,509.63863256560967
22987,384.4868388469855
22988,512.1185331015114
22989,304.995547452488
22990,478.4178491707995
22991,522.644420462414
22992,439.3259042714465
22993,604.2462196333272
22994,416.5413044638595
22995,533.2564718766304
22996,577.5026880602645
22997,426.75321888112506
22998,385.79928190837165
22999,413.132907972962
23000,475.4911245045856
23001,383.7552823612958
23002,404.378798987202
23003,398.9598360569701
23004,501.9444592490577
23005,493.68811581280045
23006,416.10083546887364
23007,499.44785061427837
23008,437.11911348567713
23009,417.63425016794264
23010,502.4307407110725
23011,393.5566536711359
23012,470.0324130132229
23013,359.5739204958966
23014,474.44945557807284
23015,464.7890576342638
23016,538.8730146245686
23017,401.9840977214111
23018,590.525096682462
23019,434.45879078521546
23020,653.0553032511608
23021,629.556084120509
23022,441.4636349483357
23023,327.8325481933558
23024,484.66465965760597
23025,530.7200813670229
23026,266.8007080572559
23027,437.7979330109257
23028,543.0546487763064
23029,496.4677187067659
23030,550.237423721228
23031,408.9906319668308
23032,416.91307379763214
23033,453.1653931494303
23034,361.5340732716886
23035,449.93290774408683
23036,444.423494651876
23037,570.2300928411045
23038,582.5183097355233
23039,426.9839551072036
23040,522.2366167833186
23041,380.6238275388034
23042,356.03138018822676
23043,476.3266593134362
23044,302.28334476678555
23045,498.9376319729875
23046,487.96109959809985
23047,392.9212960195472
23048,413.4102653378577
23049,432.85857844984776
23050,543.0551819628101
23051,567.8333972376779
23052,402.59024624667245
23053,307.21586846658465
23054,436.11876038111365
23055,458.4959837619865
23056,522.7727811767538
23057,471.3306129363209
23058,442.72880077360134
23059,410.0146713613073
23060,476.80911035152997
23061,391.38554069269026
23062,391.43556444694127
23063,592.8503971412525
23064,500.44350658982887
23065,449.25740386796116
23066,441.789612655149
23067,350.2507560347708
23068,458.7933792722501
23069,538.8357558397862
23070,335.06580211100044
23071,347.32760767295
23072,506.4223800074954
23073,427.7565415858277
23074,560.659386106885
23075,589.8042997650406
23076,390.87041726056356
23077,459.54374991716963
23078,429.6340871092512
23079,406.9107112933442
23080,668.515985052124
23081,479.0177551803136
23082,474.3217243638319
23083,380.41198491723674
23084,445.73004767701116
23085,426.42127460850196
23086,502.19065850654727
23087,416.25707123128404
23088,617.695209704849
23089,385.210152043629
23090,524.1604031455378
23091,478.91092030681597
23092,418.63144926591673
23093,397.4757921905461
23094,244.05744035620864
23095,457.0723842054533
23096,713.8477224535519
23097,241.33817392747108
23098,506.77538226800186
23099,351.20016469365675
23100,414.07237459856
23101,332.2536525373096
23102,358.64712420036915
23103,388.12717589250667
23104,496.13487928349764
23105,420.24838793554386
23106,323.9607933367776
23107,492.0980667777973
23108,461.00282131902435
23109,347.13103269456525
23110,507.2839043668378
23111,457.11832909521945
23112,656.1612232573679
23113,450.26454094799055
23114,388.36651746846024
23115,465.54920632683763
23116,323.046627299104
23117,526.9524250055955
23118,259.32078827292924
23119,284.5866127374136
23120,522.2807626440214
23121,512.4851379166589
23122,371.51240120268915
23123,453.860201097098
23124,549.9713515042254
23125,420.0995082526025
23126,529.0838411946961
23127,531.4918528454779
23128,425.1891465998315
23129,459.72701075035735
23130,518.6363832967754
23131,414.8608087977356
23132,334.51133479376097
23133,510.012863853423
23134,403.5127013886297
23135,427.45180699288835
23136,420.3830356630637
23137,415.9149762465401
23138,482.57066155698277
23139,427.03316880949257
23140,373.0873092743184
23141,523.621265521363
23142,373.3716337266273
23143,458.9231688327475
23144,491.2793768626623
23145,404.2228332444577
23146,624.3538691910587
23147,510.0638355542268
23148,455.002514309492
23149,519.1753133093965
23150,577.3729841305015
23151,496.0117022108378
23152,474.8222351389465
23153,505.12553270495465
23154,492.24993236306005
23155,413.34383992866736
23156,562.5468451538862
23157,461.45659494834365
23158,668.9242649488942
23159,359.1123751147274
23160,524.4971328576578
23161,538.6386381710804
23162,374.09859168832674
23163,371.2454493877101
23164,389.930956316352
23165,453.26472541430627
23166,539.8928758850866
23167,333.75941984420314
23168,400.335601218076
23169,552.7916068180372
23170,341.9444425829726
23171,446.10270821260696
23172,515.0357928029186
23173,539.2181503284756
23174,540.8725009504547
23175,321.26855879911375
23176,425.22697956204775
23177,427.885542170078
23178,458.41658796960246
23179,330.4864774501604
23180,504.22318882707447
23181,510.85363227248814
23182,355.8439339569022
23183,645.0382321491159
23184,513.0214512211202
23185,398.419617880676
23186,432.9350362192726
23187,534.1452865438063
23188,492.36778207928046
23189,499.2026054454014
23190,520.2227193046066
23191,513.8044066375991
23192,480.0282652262133
23193,403.6591987338049
23194,527.2058136684863
23195,425.99398878244915
23196,380.42884579459576
23197,427.4836510460872
23198,549.5405546596237
23199,448.36005270446526
23200,439.16759954269526
23201,491.09408371138636
23202,438.96548321936785
23203,482.7527089089033
23204,360.54637010500466
23205,493.0635469414615
23206,484.0013373218438
23207,616.0409327472247
23208,357.57976066608705
23209,489.03402181050575
23210,382.2066919539968
23211,386.86792347623066
23212,438.81795748145663
23213,435.4487505018609
23214,587.1911260493316
23215,517.5896351898822
23216,517.8637104556748
23217,381.2858980765395
23218,415.4075751426132
23219,334.8167389389123
23220,423.78926752253886
23221,408.67377548224044
23222,392.5730476870629
23223,518.8206926086986
23224,394.96553876950975
23225,449.8525107941624
23226,384.25065547300653
23227,335.4855119248424
23228,363.86049912987306
23229,479.92669503406023
23230,333.9117208131123
23231,516.5952766026013
23232,291.0379931390623
23233,459.11045462941235
23234,448.4214803787588
23235,474.54110953527726
23236,447.5666227931012
23237,334.1246945429457
23238,479.6783047357588
23239,587.4006879189708
23240,554.1653274929788
23241,391.0229617926816
23242,397.3796180773777
23243,532.4382722322363
23244,460.1175315947041
23245,428.12430389129094
23246,458.43779880965474
23247,552.7115686881292
23248,364.0798626233575
23249,512.8554038605129
23250,521.2516245344858
23251,490.2987984216928
23252,553.5610825720065
23253,374.69083280342505
23254,490.77212266062116
23255,328.7360762744602
23256,497.6813513674365
23257,476.6736430648933
23258,458.13134294153116
23259,492.32057666213217
23260,479.8670243896086
23261,424.22062680097883
23262,585.3339418790694
23263,490.28860276220075
23264,443.15818744656
23265,468.9007037047043
23266,395.32616848422543
23267,446.1370844813047
23268,453.15738800677354
23269,511.19734134935436
23270,335.6906829921383
23271,497.92037019091595
23272,375.24575373573504
23273,368.8381694187909
23274,419.1995567490738
23275,433.0545862534715
23276,448.6523602577757
23277,465.0749438887938
23278,429.1847936714888
23279,415.2515070670622
23280,482.62602805402054
23281,415.5139342071647
23282,429.9203317190287
23283,423.3448094286291
23284,437.2731483019171
23285,545.4992536892422
23286,495.82996451094675
23287,442.0663209009436
23288,524.8426222518639
23289,500.1888564544668
23290,291.071962268697
23291,489.9359295204055
23292,344.6256789863322
23293,497.62021873102805
23294,467.2711839437092
23295,381.3521749329503
23296,537.2241059733722
23297,371.5575315111426
23298,392.5058823063482
23299,398.42253164074265
23300,565.9676922998624
23301,396.75744018909245
23302,415.7382314108201
23303,406.5977368001114
23304,465.04133038722546
23305,422.80141858014326
23306,401.11653084019036
23307,420.6537103927455
23308,554.1780095403255
23309,342.50312600713056
23310,391.511094781326
23311,469.6698334267715
23312,331.12647011684555
23313,422.20411663325405
23314,267.48982390851205
23315,395.73213267001654
23316,576.9237280138701
23317,448.68686933998936
23318,446.69145867129936
23319,463.0917440804697
23320,423.60237808235587
23321,311.4330247565702
23322,503.49655343621686
23323,457.9705688105364
23324,502.42296863209157
23325,379.9109578403107
23326,445.7441050487905
23327,533.8260849236799
23328,483.79600916300444
23329,423.43811453508056
23330,475.9780088900715
23331,547.3287754841932
23332,478.11192182909065
