LOCAL_IDENTIFIER,CORRUCYSTIC_DENSITY
0,405.4392353832306
1,422.6911508568412
2,478.47862585287965
3,457.9148974886872
4,530.8769144826123
5,511.44666176153237
6,412.5615335935829
7,455.36659324820175
8,468.13570949444414
9,455.27273336514025
10,431.0472793384809
11,481.1825742769528
12,431.3016830800116
13,453.6728227497179
14,481.23202247410956
15,489.0047314436614
16,523.5309558684521
17,488.7475332398126
18,516.0152707227159
19,528.959964691098
20,442.0715002267268
21,450.3800828024256
22,438.1556289333183
23,468.06708247196957
24,455.82994519874086
25,437.8368704010959
26,422.559454187766
27,390.7733037893955
28,457.3410362864486
29,462.97499562094924
30,379.30508026489986
31,488.1265934162775
32,457.36950303731317
33,480.43926700124894
34,461.2637410635665
35,454.23027344281275
36,424.9567875554792
37,496.70170148767096
38,449.41859188068895
39,455.7962081801152
40,503.3537960872975
41,458.94246667885216
42,421.7049066080705
43,467.60684239799156
44,459.1851624486777
45,454.7574867351911
46,466.2882831630564
47,407.61588359002354
48,484.0597465583635
49,483.04008630701816
50,462.7746915996568
51,462.97810958850636
52,402.3921469125218
53,404.93072523620947
54,473.39247710479316
55,497.7632088195439
56,403.35293229814107
57,435.95930813086403
58,401.5842869416486
59,468.7047689064067
60,402.4708791908031
61,459.27056627186283
62,461.5425228806981
63,394.1812927076561
64,457.10345977039566
65,457.2425276405829
66,435.60804897667657
67,404.17074296092613
68,390.9087570521164
69,460.82385931113754
70,452.27572068208303
71,455.85883446518693
72,423.5803310317865
73,471.39487508711903
74,500.40776830626004
75,471.12474310579285
76,518.1572631177279
77,343.80453321455366
78,454.9199502187507
79,449.73750691554244
80,365.4591327888953
81,448.27792438018383
82,410.3755784107573
83,468.29445906915606
84,432.68395030023333
85,423.71007217673355
86,463.9406755797072
87,444.3707168592652
88,513.6497174163252
89,527.7759032261104
90,450.19643407485586
91,425.4258122889131
92,433.12218859810827
93,464.35093531289147
94,472.04811377277514
95,400.45219770645747
96,404.3891229240831
97,468.30938862089056
98,489.010912918177
99,494.8059496363147
100,462.7881857193858
101,512.5160114560166
102,404.7132700759301
103,503.1789098428277
104,493.19851394646764
105,495.64896091548803
106,462.3376385340614
107,500.5750284810168
108,449.9770206591169
109,481.7664663007917
110,448.3315834993107
111,436.25648694055616
112,503.58948922267615
113,489.3980991910067
114,447.27658786502866
115,467.28791034566524
116,508.57962945263756
117,381.1063788207033
118,392.84876211792715
119,368.84367038411693
120,499.97199062546474
121,419.4527799733108
122,438.74438310010265
123,384.07701753316815
124,558.2842959790968
125,490.9222023608606
126,382.5147951508959
127,436.40401225494054
128,457.08383009763537
129,503.633307335529
130,451.2505860873771
131,460.1450875567004
132,386.61842558185594
133,399.9891102986541
134,462.9170244530887
135,463.51697506781284
136,392.28946795942693
137,437.01121580067667
138,331.834790546124
139,489.8680687971659
140,466.2876136746845
141,475.14473137965047
142,420.6416844053962
143,444.0613371485313
144,452.2738733430873
145,462.17615458122515
146,451.1836172543274
147,491.54041602253136
148,435.4726020754822
149,413.90630236086935
150,437.51253040653853
151,456.1286472946404
152,504.7622286966178
153,436.94887690604156
154,449.6303288833012
155,489.1640463841268
156,461.46042798380523
157,393.66374824859685
158,472.22996985352074
159,461.41490281963235
160,385.4533376498334
161,434.27476849125355
162,524.3894173202884
163,410.2228333445941
164,403.38195022305524
165,479.28588632438226
166,414.05122536888916
167,444.3302819131869
168,450.82737177801636
169,452.9287524732992
170,398.67962306878525
171,430.72406848974634
172,479.36500148413774
173,439.7183029223533
174,491.4318955075764
175,466.4830752284725
176,448.613257369708
177,412.11111201396574
178,445.3487445156861
179,475.2393007493992
180,500.4105016688738
181,470.39257076082987
182,466.4574815461336
183,397.5789257517399
184,426.0185027307547
185,453.06273764215194
186,437.589035735005
187,557.0427564676842
188,409.4503510129412
189,438.45081951028334
190,471.02944076392424
191,470.01698933724543
192,445.3482560714062
193,472.87982479411136
194,482.27098521204726
195,441.73028257153675
196,391.47220524806966
197,480.93083864642483
198,426.1083161244569
199,422.3816050200097
200,426.7746322067276
201,462.21887003596277
202,464.9064535428539
203,481.63893895598113
204,491.11012960659696
205,500.40379065642253
206,425.83936743919656
207,366.8143726684265
208,508.7766218843878
209,357.7687344166477
210,432.64328181147187
211,387.93813171933164
212,435.5863221549681
213,455.6614640493539
214,413.40468925038465
215,407.7673553174045
216,463.83637038490633
217,435.139880766299
218,390.6268890950433
219,435.07000185353485
220,401.42690565154675
221,488.28771298597786
222,417.1546835292502
223,440.19693578345846
224,467.3548370418533
225,504.1386132286876
226,474.2299190269246
227,452.43063536178977
228,479.19613980694606
229,400.01063300372704
230,470.7227583586739
231,481.794934978062
232,493.70327169221923
233,356.3655727759302
234,431.4482576975925
235,458.951383279692
236,414.5068719673445
237,447.49687593179465
238,444.66743449585323
239,445.78724607892343
240,487.02208383723485
241,503.9940114208341
242,466.9714821156445
243,488.6126865983335
244,446.30664638227773
245,402.74961564790334
246,507.1580699646794
247,402.65125778936493
248,489.8424645427112
249,446.21996840535974
250,490.48571954414655
251,394.3612149615608
252,416.9985377925603
253,412.53006649908093
254,470.44023647104586
255,404.9345660610014
256,456.5025669456219
257,487.9737929380209
258,385.3348483618422
259,499.04841396234133
260,449.06159497543115
261,541.1928892658173
262,436.5057146174736
263,499.7084132491352
264,486.82297445399297
265,488.7533512658586
266,485.6438029588295
267,381.85008129053364
268,500.7452149957373
269,468.5709836532925
270,457.0396446927955
271,401.9695341003959
272,490.0929636396853
273,450.5915746739655
274,436.0903795233661
275,437.8076775321292
276,512.9541559464323
277,491.319227914279
278,462.51627642834626
279,415.6315584542112
280,415.7996575927751
281,428.6703177898467
282,435.38613170687717
283,437.94307631759585
284,465.8683466242326
285,438.87704045359703
286,429.23150720302027
287,417.54328286784437
288,452.10400162533625
289,517.0913731737182
290,432.8278327630166
291,448.9200966630015
292,467.2359365396424
293,406.840248790959
294,455.3683986500487
295,435.7911408179014
296,524.8369482519314
297,544.7094572907154
298,426.81289348923696
299,519.1639138087936
300,445.61192559516786
301,374.13519662078124
302,437.54685324586075
303,406.1226356762365
304,446.59681193282654
305,422.7152514327398
306,396.0188762870376
307,424.0949914995982
308,381.0021953389176
309,454.02713899865523
310,431.42368509281215
311,438.8283849556855
312,539.2598386844727
313,464.8570019955994
314,360.1176455899006
315,411.18430106581667
316,469.0966520752808
317,441.71333224487006
318,394.3998786085327
319,437.15751197748597
320,454.4353773664761
321,470.9771347457874
322,489.72406032881906
323,418.8896593416353
324,469.09381700467594
325,438.45618769436896
326,451.5826702774601
327,470.9877330490097
328,437.20321536878055
329,476.7487209645483
330,385.1455669192603
331,481.5559040701481
332,440.9184535206516
333,444.4921920339229
334,461.12510876362023
335,476.9928371102139
336,377.7154087510319
337,414.7281942029373
338,469.2201313917233
339,443.06383097965124
340,466.17875766940057
341,402.4469543546326
342,449.31379249241803
343,407.88484899100473
344,477.41029879127484
345,462.1676243475879
346,405.68896036470824
347,504.39005574174706
348,432.1110092084693
349,441.6666544568606
350,386.1347510304513
351,451.1729835623596
352,563.594939259666
353,388.06252727869827
354,433.9811871382135
355,514.992545450038
356,440.12584187293254
357,471.768912166144
358,484.54498259734714
359,454.2578955173751
360,516.0682099590782
361,555.7746357561024
362,527.6684743110212
363,422.98922769504406
364,436.08730407672067
365,435.08083210135413
366,432.10071103861566
367,324.01802904090533
368,441.89600839056544
369,416.9040764144001
370,440.8288055213496
371,414.6724741136897
372,463.4913540428131
373,480.1791064676677
374,412.6511286181302
375,401.5083302722914
376,419.02947218576026
377,384.38635623283704
378,425.1229085713264
379,489.61150723470666
380,445.57563691862526
381,422.38979754385355
382,415.91959140688147
383,493.5154353875483
384,417.5426657898189
385,463.8957979933728
386,536.8787666456491
387,481.55846402615464
388,459.7803285598367
389,417.8245033521319
390,429.12540686836684
391,435.7292901402576
392,437.5244828435117
393,453.2562071552897
394,472.0203802102323
395,477.6238085097384
396,395.89975765597046
397,418.8179996114503
398,454.337813472029
399,462.38512973099034
400,497.95615965328835
401,494.9879675322248
402,425.016325576178
403,540.1467323105063
404,443.25728450665645
405,435.6046434425417
406,398.4645065302633
407,445.71708760436996
408,471.03987271267437
409,454.4845157488572
410,490.16660430738216
411,434.10963025892596
412,530.8572682711048
413,488.9744916772677
414,517.3531873924338
415,477.9978110264329
416,467.9926058352912
417,523.2605109976874
418,369.7894238432874
419,493.29480888874866
420,443.8310456570909
421,406.1107804589572
422,439.3713093262278
423,494.2480566432525
424,368.170563117091
425,407.89044167926943
426,459.5766644595758
427,455.62046163295724
428,488.925134938375
429,474.3188037514061
430,424.96576681109957
431,517.5507569012651
432,396.4217124044014
433,432.7619331991207
434,413.6321119957719
435,397.7349336655393
436,418.22136903914674
437,388.2893129190944
438,453.97069854603495
439,488.8403676120213
440,405.97113695780234
441,456.34915367053475
442,479.6661991190767
443,400.4223545513361
444,408.4741913079265
445,388.93862879494765
446,444.3949597842777
447,474.20013650021
448,479.71868601138823
449,423.40295922136994
450,453.76754051053433
451,466.6153420518764
452,506.22925400206185
453,462.4359430297063
454,397.0216781881176
455,439.84594781304503
456,416.90854689835675
457,492.74153480773776
458,397.0759454407382
459,465.28287785823073
460,412.30698415329914
461,492.31988226175093
462,431.64867958029726
463,423.44402796141674
464,397.4641476544497
465,539.8957172343838
466,440.47399962055374
467,496.08382663719306
468,409.9632422136366
469,423.28798246285055
470,421.6285921053614
471,433.45581046907586
472,470.74608516988815
473,461.15855809014795
474,482.8118515450576
475,465.069068882261
476,491.75815648139906
477,481.3778237829163
478,417.2998334374422
479,413.32361777328924
480,491.1443633813112
481,407.03260917789237
482,464.6094444695455
483,513.0454499407072
484,448.23914940334345
485,440.38698667896506
486,431.8700794627039
487,409.6556209853964
488,478.4144497925462
489,454.63006733277837
490,461.4544289122401
491,476.81341848474176
492,424.52629451019175
493,450.2526909950144
494,482.76997035291
495,516.7544721688108
496,523.1792650715007
497,401.2350908903942
498,432.2476860361973
499,504.9401285198021
500,433.989563276932
501,469.05406604499234
502,408.3545383688279
503,438.7790541310835
504,437.87933163431677
505,483.18221601416184
506,377.1771548806355
507,518.2079731912814
508,365.0072955523476
509,428.1754686739715
510,513.5271800235599
511,465.0908430140079
512,400.8327745339785
513,453.5908953017255
514,429.7088922984872
515,517.4645798884898
516,447.8695267712163
517,424.33792210879164
518,508.4865216551534
519,488.56968054842105
520,512.826883731371
521,405.26530013630037
522,449.4436333113736
523,554.3001977626491
524,474.953872862508
525,464.42591811098816
526,524.9566809971885
527,440.4740208210985
528,516.5140284469882
529,387.25188596657154
530,463.34718171948185
531,456.0317515810232
532,370.97108508834117
533,431.1240972025812
534,317.4340587637099
535,446.1212985327267
536,449.6447553047249
537,516.6965553372227
538,490.9567193967517
539,503.15540815198466
540,496.6735945516279
541,467.42293872833903
542,417.9244014351559
543,418.3040691723279
544,477.9596194152297
545,479.0309458112237
546,451.13347939384175
547,450.00679716426913
548,403.86304869461355
549,461.36191754510384
550,502.554314056913
551,503.9937176514678
552,494.39223713022756
553,445.00420228575604
554,460.32724265110255
555,537.6523479611108
556,458.03748247878366
557,457.77197337146004
558,448.57477613185466
559,431.1192351138702
560,423.3049720253942
561,496.79219217646926
562,370.05022881228035
563,494.4881281188021
564,449.79544723594347
565,443.10592342903334
566,473.4955361759125
567,473.02839887790714
568,457.3808353521662
569,492.1946577887693
570,545.3110429248059
571,434.8814159424068
572,414.72656635738343
573,420.4574493282614
574,509.3363051408304
575,520.9019477246829
576,475.2613393676656
577,437.46818252830025
578,465.3882557546559
579,437.75658300528175
580,537.305558993642
581,454.7130043327926
582,455.994226037715
583,448.1090715944607
584,456.35412742206523
585,393.1199713238283
586,403.402075569222
587,444.0793188691387
588,466.80714023479055
589,518.8494513957622
590,521.484577005708
591,471.8081780559928
592,467.27731169630965
593,395.48966997777234
594,469.0606980403102
595,459.4856047498258
596,447.66916165537253
597,529.1827010283771
598,430.94584881629424
599,435.22427100566966
600,424.90598346609954
601,394.09441666296823
602,476.5410608515532
603,435.74847107089715
604,406.8525889746197
605,476.4148254897737
606,449.7320272258868
607,464.28597461972
608,415.2849426072096
609,476.1480505873949
610,457.74407704017534
611,405.623186909782
612,361.20189477056294
613,532.8111045641602
614,464.08662658181316
615,434.3570812689118
616,480.6899917400727
617,396.55164023607506
618,450.0565896009159
619,454.51311017644406
620,485.444522450886
621,492.48994581703744
622,469.1689640959557
623,478.96074050829503
624,434.52050060800144
625,436.557405094701
626,442.91174160361305
627,438.69937112997656
628,434.7208235526249
629,413.52791358165416
630,502.0674714880751
631,511.31085304781413
632,437.4133655931553
633,435.27733988514103
634,494.80844225508724
635,466.9123636703949
636,350.1616660875203
637,453.94790525551184
638,474.0317413231015
639,497.02533345258416
640,443.5465645611138
641,427.95294769560195
642,538.4026824351121
643,479.6233042281949
644,368.1901479762344
645,423.8305295602792
646,430.50708026474734
647,413.65152819697664
648,454.0860095551431
649,444.6175834070654
650,446.84134551843664
651,459.23982875824464
652,514.3063406352804
653,421.1674525103141
654,444.25770712511155
655,389.78126703551277
656,434.708498919388
657,396.208813787467
658,472.80001174294296
659,480.61065305548425
660,439.461010775818
661,448.51038461717144
662,450.5808441757698
663,442.56201061435246
664,497.3824000514916
665,428.72097741846676
666,462.5227849762788
667,484.46736883059856
668,465.1358381245403
669,417.0273450858288
670,422.35242006706727
671,441.5814297676656
672,418.3432313316918
673,482.25657986486624
674,390.281650703665
675,399.42746269702684
676,438.260903621674
677,416.2488780378942
678,377.8059028196823
679,456.9295473877754
680,401.8968256692444
681,437.25609882517705
682,456.7827955684712
683,356.64106916506955
684,492.72206821726877
685,493.45364577365626
686,478.4272448868448
687,454.64337077243226
688,461.6474823983418
689,469.3422458968508
690,381.45824186775934
691,462.3201836525055
692,444.70327273133313
693,419.04169127628103
694,386.6791881912922
695,451.6804326674977
696,435.8497463049226
697,446.64210450052985
698,492.39809654158256
699,397.40069548636114
700,460.4695044138
701,480.7793445277442
702,430.23468817550787
703,482.2049800734094
704,500.8873094343599
705,357.9419460934199
706,459.51507735293245
707,426.79914141025114
708,459.9313093608512
709,431.7538221497996
710,456.13780071913146
711,413.37204541686424
712,447.35920527250323
713,439.7838971779254
714,405.5966229726988
715,468.8289017747358
716,431.1483407145567
717,437.59979447867715
718,394.014085301569
719,565.2539608775036
720,444.7044695075618
721,398.31643872304295
722,439.2362475127501
723,508.61337258423737
724,429.0180413510564
725,405.0836302617048
726,403.8505607317609
727,425.68434811966415
728,469.7164712380648
729,493.5036694586825
730,432.36894915654455
731,425.67258377935093
732,420.0400365081177
733,442.0336367857459
734,461.13606915455523
735,318.97008472673247
736,454.94117809562937
737,379.5183914370831
738,440.87829177178577
739,431.7696361305129
740,516.5893153561844
741,452.87398061988114
742,537.2535468332425
743,475.29164437597
744,410.31610494914383
745,427.3959791593755
746,503.9432661182607
747,477.3208919600122
748,429.4130028448326
749,491.6356859434583
750,432.5645113126961
751,486.70341171905346
752,422.11070914031774
753,445.6908895022992
754,495.1765340898424
755,436.3203616496715
756,424.53913669104713
757,467.00563815926216
758,371.3510533517379
759,431.4236337756908
760,445.1406947831016
761,454.52546808161463
762,449.1028220899858
763,503.70074150654915
764,474.08374567422436
765,551.1510347418604
766,469.32741347252465
767,482.82100489442604
768,419.7699374622026
769,461.79257539576207
770,444.68056840135574
771,423.55529487884166
772,352.48106059881195
773,486.8941101535793
774,458.0524254521639
775,422.2428931480977
776,414.73225339822284
777,497.77657338545043
778,433.3452054734622
779,541.1523842321409
780,459.58725794010127
781,402.5544287615332
782,491.39648093082906
783,479.7437164574196
784,392.97824527763606
785,453.2760213118494
786,449.03528102637483
787,498.9289203503491
788,419.63118275897097
789,529.0844812956725
790,399.90804530137166
791,480.38502844439057
792,425.8165204254374
793,461.2202184638244
794,401.74046659721785
795,450.47205723402
796,492.41692574868176
797,402.04862559047587
798,449.70434456767754
799,445.8055112974891
800,402.51205112456125
801,461.41510022846415
802,398.96977778245105
803,505.5188907471064
804,433.7895864039536
805,484.0771018213041
806,486.108915587978
807,428.72872933716064
808,419.6353674607454
809,454.568550014323
810,436.19534526096305
811,415.1681155323228
812,402.6265719587084
813,453.51613636851454
814,449.1350708147205
815,444.6031125956169
816,476.58505548482816
817,451.1468315346342
818,422.2542256796657
819,491.80781846086217
820,377.50748902918144
821,466.7661056947615
822,465.2132159278949
823,503.0101206319775
824,442.1568254806466
825,483.8036423381038
826,409.43616506662767
827,535.0408360599754
828,501.2175643005325
829,472.20494573872355
830,437.6174815106381
831,442.626319355871
832,492.4001497553442
833,402.86896379165324
834,458.7121828830863
835,469.3997885374082
836,496.2718456705873
837,466.21332089026095
838,449.7616029492764
839,447.0327027802978
840,449.66973077377816
841,448.960858825106
842,473.10316142955753
843,442.79680317198597
844,406.67717014213565
845,397.99093692324857
846,457.81782761222166
847,530.3937975856176
848,427.6108468521522
849,447.00783757733194
850,540.5271307302742
851,509.2982113993898
852,438.48304240206124
853,469.3378497805592
854,417.5941928450931
855,406.26023695818236
856,445.63146435522526
857,451.4006227713554
858,458.2999752065816
859,375.44797367278846
860,396.3005499453331
861,454.3644130975532
862,486.5428209256595
863,477.38298148957165
864,399.32774424834554
865,427.0713140159341
866,420.8001183414213
867,463.50867509747786
868,463.98323290107174
869,396.60029195895515
870,446.7552805089156
871,391.9205724787754
872,460.9522168071758
873,401.1785237192686
874,394.95392969767516
875,495.5941937537736
876,457.77003728703744
877,464.7857475293182
878,427.5253962629295
879,472.4778772697924
880,460.699411323291
881,507.93252023814006
882,453.8235002566848
883,442.12980056209915
884,484.86142993197075
885,412.6925348098298
886,480.5629355830132
887,466.7603618985148
888,407.5687064860774
889,500.1896133589696
890,436.46202845139817
891,473.49513601378635
892,425.7154263231535
893,475.6603476443854
894,415.7820405624012
895,434.11866010880215
896,460.55888196187584
897,401.89067479345886
898,444.76778562330645
899,385.75764610655074
900,440.0130462432139
901,416.1437014591585
902,478.12509501601295
903,434.2035638970354
904,409.3742943685112
905,411.7068154754867
906,361.2063137040071
907,514.6585712270692
908,414.6562082607998
909,391.5833685296517
910,434.54230327034725
911,386.5826857282253
912,461.43421884457194
913,468.16127040555654
914,471.7171454898526
915,492.76342359129734
916,443.6324758599736
917,482.70706778564926
918,464.24747022805
919,484.25512517353246
920,434.0717992656107
921,397.5681383368407
922,431.1383676647765
923,406.9837808429647
924,487.45565717210417
925,407.14887193205124
926,447.3953128001577
927,472.3175036114673
928,441.444070925054
929,447.73833862043944
930,465.5085461143931
931,485.8496222959314
932,466.7960854786188
933,431.0290316561979
934,406.09800043805836
935,420.91818071856335
936,415.70201806494725
937,489.37848300515464
938,419.2331370298662
939,441.00018890316903
940,453.52879125739827
941,442.02637154385116
942,431.4614914670578
943,461.3552720321666
944,419.09066162262224
945,453.04377069916
946,483.7354162101063
947,490.1668896877227
948,476.6537323507634
949,466.77438159482585
950,528.8489800270881
951,335.92349202482495
952,507.2333600012214
953,439.1872519916451
954,432.9447256430443
955,505.32776319319464
956,431.74666586231587
957,415.33383272804326
958,564.6769681846384
959,407.34494583369377
960,380.4787118932382
961,478.34603665022667
962,473.42219524321825
963,487.97908264264146
964,416.3072955303967
965,411.89317077197626
966,402.9081572614021
967,388.60074269213135
968,402.964655806798
969,401.90963306315945
970,450.91720873012224
971,459.5274180905811
972,453.0181691030848
973,476.449188828892
974,462.3473361966733
975,456.3931756255069
976,471.3306578227855
977,442.7749806434908
978,439.2818026400534
979,488.1947771665759
980,517.5659689860742
981,413.29606759473427
982,504.55884435940476
983,400.8221987602822
984,447.58097033389186
985,478.48014632750005
986,447.6413415459145
987,408.0418813999283
988,422.5765130594637
989,419.12483690209456
990,389.5709361994626
991,403.2611258878439
992,451.1136404389827
993,449.3626013170988
994,479.49888609105113
995,509.58105996510375
996,402.4700770212363
997,470.8752363280618
998,461.3970655281291
999,508.30817724273766
1000,503.2777575366651
1001,466.80582600550105
1002,428.5043600710656
1003,427.4626043022632
1004,437.0641770671903
1005,400.35952584784604
1006,337.0188413661362
1007,406.04528139758645
1008,466.66613764056837
1009,425.18708320782395
1010,474.15103781262974
1011,465.6801634226148
1012,467.15905338820534
1013,414.16927087886097
1014,411.5676597179065
1015,406.4758603806419
1016,464.0480702207559
1017,453.14951678169314
1018,460.18530403890895
1019,489.5250930908356
1020,421.2346934889496
1021,396.9744212377993
1022,457.73947457214086
1023,484.7034381137381
1024,553.7741564252606
1025,418.9439828367862
1026,413.13947528469225
1027,442.83547336928865
1028,403.15254225037467
1029,416.0590351849043
1030,426.9201324334104
1031,458.6159300071511
1032,422.13843309451465
1033,455.62195660239763
1034,321.72055835179987
1035,453.8571899368298
1036,443.8546685244095
1037,412.93331000391856
1038,474.3019048894563
1039,445.16051985964793
1040,487.5602427361201
1041,387.7456838207394
1042,512.8153816250096
1043,448.88179803532654
1044,471.57081650477073
1045,383.51158525080234
1046,449.0745209747117
1047,454.94134423823334
1048,384.9689874210283
1049,457.2714398891847
1050,547.8832377264795
1051,489.7527102661455
1052,465.54254618435215
1053,450.3829641273231
1054,455.8486777948421
1055,475.20210783971265
1056,565.8137126388654
1057,489.78526512533307
1058,410.06310501157867
1059,481.1735658006799
1060,476.3044088650921
1061,607.1871491058916
1062,460.5767606165036
1063,448.4020136967049
1064,488.2222949681093
1065,472.4003735367146
1066,470.83155967557354
1067,480.2896146271769
1068,544.9828575551574
1069,436.08996047196314
1070,533.4408217491743
1071,444.47002359748205
1072,449.91968262858427
1073,426.54025257018054
1074,441.24720861948964
1075,506.2927048349878
1076,479.6744795538735
1077,429.1534894288769
1078,448.35686998519475
1079,447.9125325670615
1080,452.6352331551428
1081,429.21749189222
1082,450.50265368945384
1083,486.20661032289235
1084,498.44082237047144
1085,420.4659467032207
1086,430.26645512724133
1087,451.3657693106799
1088,450.1602134184685
1089,426.12745295145123
1090,491.67154800326557
1091,522.2779501211957
1092,475.3686378790786
1093,407.90253687177227
1094,444.5511133304941
1095,506.11616690503644
1096,413.1675332404844
1097,416.03257212002
1098,414.9740771065627
1099,484.8406203378885
1100,443.56641128700664
1101,481.01984781756454
1102,472.9985318251907
1103,441.9676468178489
1104,485.05506320136425
1105,500.56077794868776
1106,467.4514307597312
1107,462.83302086573667
1108,432.0249586615049
1109,400.07667607901743
1110,400.4182910682482
1111,454.7198287222417
1112,498.2212342908395
1113,478.4266066806946
1114,446.0170607472131
1115,412.7637664425347
1116,439.38136065635587
1117,433.0632717988329
1118,464.1156346126584
1119,410.10038488604334
1120,453.061298469475
1121,439.90453601352357
1122,496.4515147019891
1123,366.76873979047417
1124,432.4420425746242
1125,376.19437975700043
1126,423.6388109193588
1127,473.6293193217892
1128,519.0178295859782
1129,493.70971214722005
1130,458.3209259668285
1131,364.50396858436557
1132,431.5201630925284
1133,468.9893469608626
1134,462.4647926675185
1135,367.1492067960608
1136,474.12926079094063
1137,446.09912694434297
1138,408.600645558307
1139,433.59498809643605
1140,421.5540263975854
1141,416.34203765251664
1142,395.32850669195966
1143,424.0243551939376
1144,400.7330984885395
1145,489.0352554934123
1146,428.8033437510904
1147,469.16558887477277
1148,475.08495697921785
1149,486.3244282911693
1150,447.78799137024146
1151,410.46122354301053
1152,413.3555322685126
1153,432.2150601036829
1154,504.05014035907345
1155,508.55134502877746
1156,433.44805582545035
1157,500.07735698439654
1158,492.4725236457638
1159,415.23201959855265
1160,417.8562465833005
1161,459.0448166438107
1162,523.1908527636302
1163,434.6203873644848
1164,457.2830267632597
1165,419.2986703424468
1166,453.35652995139446
1167,454.4080561627041
1168,410.46298995422325
1169,428.50848963806754
1170,450.89675291578965
1171,451.9731221553924
1172,341.383615221083
1173,455.7667824913999
1174,389.48090322582345
1175,449.2956493388876
1176,421.8571400472161
1177,433.0137187106332
1178,525.0400031327624
1179,415.9642713756981
1180,433.081547507795
1181,426.8552905816728
1182,439.5018899794919
1183,407.8802115679654
1184,449.85093201038484
1185,452.5567424093723
1186,446.8843797896311
1187,436.4087749543266
1188,406.35126819306714
1189,479.04684034554055
1190,412.93519390829755
1191,453.232395991816
1192,395.9219186431306
1193,407.9844954281281
1194,431.221490859044
1195,491.68108696174096
1196,440.8747645616259
1197,447.4012373897776
1198,547.6555779381384
1199,526.2290500526963
1200,464.09009375656626
1201,480.302186898477
1202,436.6615968808943
1203,455.97016901022835
1204,477.4200347115694
1205,361.4500075362925
1206,518.0961798419052
1207,376.932480873572
1208,500.613069074126
1209,443.22848289240125
1210,434.0395655143122
1211,412.37299294783816
1212,486.5473184506473
1213,412.83373112259943
1214,440.3155653799643
1215,401.6432956958634
1216,441.18438108031995
1217,359.48950397432986
1218,473.48749076838624
1219,469.75723223556685
1220,472.04639617096615
1221,473.18982728920935
1222,504.02924917540525
1223,455.259926035988
1224,445.45650578266753
1225,445.53551305041583
1226,396.06417498806053
1227,416.03245309302326
1228,453.6606982689404
1229,479.9614608705022
1230,464.8837139234223
1231,453.61458447378527
1232,459.5320797602402
1233,506.88640243615004
1234,466.05308443877686
1235,471.0561037164199
1236,460.6991662193096
1237,455.0638647487876
1238,459.64145742058895
1239,471.1281634385271
1240,502.38758832138257
1241,443.86099110594597
1242,513.8528032947117
1243,460.9199408957784
1244,487.1691836187264
1245,485.7367663598802
1246,398.8389204626466
1247,437.3879213034873
1248,400.4145432142101
1249,447.8008176784969
1250,408.85164486063644
1251,521.3832808694095
1252,460.03664505608066
1253,426.6839615342357
1254,518.9723617650913
1255,446.29138462840365
1256,467.0972157250928
1257,445.64070245092296
1258,522.8063845094991
1259,484.84510572413404
1260,460.1083767685765
1261,536.7107103194879
1262,413.32031509469533
1263,433.94015669176633
1264,494.51556999126194
1265,426.03224573735287
1266,462.4713357537691
1267,426.55945394791803
1268,424.1548735623314
1269,460.82685375630047
1270,453.36693925989175
1271,471.74564629581505
1272,442.3904519725301
1273,428.00840173743745
1274,542.3347824675512
1275,463.35409982336387
1276,494.4759882622275
1277,396.27315580425636
1278,394.5454379359648
1279,502.71776543460294
1280,361.0187735362428
1281,409.2840391837735
1282,481.07356298989754
1283,507.79033321596324
1284,469.55533364704314
1285,422.49851403252836
1286,412.1737907607471
1287,469.24014841460365
1288,479.21531534924577
1289,424.9389182686332
1290,447.5253470546341
1291,442.06938408542834
1292,405.74130886613807
1293,481.2905579024166
1294,448.8016278022162
1295,469.3873621418208
1296,465.81200119950546
1297,442.68162330446364
1298,481.80018495635017
1299,490.44110659456743
1300,437.4293167564991
1301,469.0883703587773
1302,475.1182544628243
1303,491.6053651736098
1304,387.1425537464476
1305,405.04616852962636
1306,472.21914440857825
1307,466.86088493602557
1308,416.240306275098
1309,472.30480589723805
1310,456.46700065601203
1311,428.3072766940229
1312,421.0097289539269
1313,507.20176295779095
1314,398.63071935434544
1315,432.1646933081139
1316,468.49789839550914
1317,462.86216694235065
1318,490.86035204044776
1319,466.19155652736373
1320,493.9341755978955
1321,472.22930990346856
1322,504.57885845960493
1323,426.59682870117456
1324,427.96616586815855
1325,467.761493079999
1326,468.42946274615747
1327,422.9652101103258
1328,400.3165488061328
1329,471.3413206261546
1330,343.13697282505797
1331,398.12647267692427
1332,396.3971972488783
1333,399.87312891004166
1334,438.1253423183591
1335,432.45101606034484
1336,433.6573900722187
1337,477.53841633337726
1338,421.2668918518461
1339,425.2409615758965
1340,440.1291799611333
1341,433.89341916991145
1342,404.19072555776114
1343,434.30060313500206
1344,476.03907081093587
1345,412.32756717720775
1346,446.74497850723515
1347,454.5912894013733
1348,486.3959308756615
1349,439.91546887841014
1350,508.5905108079116
1351,438.0158084549614
1352,531.5800756519918
1353,423.91782131200085
1354,403.7821560495632
1355,484.05731870075584
1356,467.36587405765886
1357,452.9107280222891
1358,467.1666814452929
1359,425.11392320789025
1360,395.67120506039447
1361,467.37331756256714
1362,448.37317895294484
1363,434.955414790812
1364,468.12514901561866
1365,383.4765518605636
1366,384.7797164617825
1367,475.1230881242063
1368,540.2788248818338
1369,433.60735940262373
1370,402.06791927051864
1371,418.35158178883154
1372,400.3146145999591
1373,477.2406599857041
1374,398.4356883536769
1375,508.9536863361585
1376,459.3337781499296
1377,409.2146775964987
1378,453.79123810509105
1379,487.03692886968946
1380,457.763110990281
1381,483.86175592766983
1382,454.2132557097132
1383,352.02380800988414
1384,534.9303380440715
1385,397.52719226734774
1386,447.8173889618876
1387,432.3308880685883
1388,481.430363385382
1389,432.19327680403654
1390,425.3859070499506
1391,447.9530357693189
1392,486.35077135472915
1393,469.4094613496127
1394,480.77043272973117
1395,453.03790156511366
1396,412.289629263983
1397,462.7270983359786
1398,485.8276179059462
1399,463.51552845962726
1400,402.6784254624326
1401,461.23196807047015
1402,490.6381636576666
1403,481.81756188058824
1404,452.4770721468879
1405,498.46440883360884
1406,546.0118138132973
1407,422.4892966470121
1408,465.87220581055675
1409,465.22937690573383
1410,432.1743918026762
1411,493.4916800970747
1412,480.23840572006645
1413,453.1949846843876
1414,422.7138268689565
1415,449.1758738129751
1416,461.79946745762265
1417,544.6709733154495
1418,463.00749535415366
1419,419.9304762891609
1420,530.3167469955694
1421,407.30335136146175
1422,471.31507409104717
1423,495.5355052926827
1424,501.0727345200892
1425,523.2571783233706
1426,451.10504916633766
1427,451.05634922699073
1428,443.0651795164351
1429,468.47989703442784
1430,398.36682945087284
1431,447.3668347207363
1432,485.10632760286455
1433,453.8534962078106
1434,466.25058106029985
1435,508.6695731772952
1436,447.64846257632644
1437,467.1603219060222
1438,367.91004062477754
1439,413.3759577609863
1440,456.96754688878946
1441,459.4834074936127
1442,391.15058351475056
1443,388.822864297589
1444,507.4793453361489
1445,334.6563162845682
1446,453.7885686969134
1447,422.23898547738145
1448,441.4057609786932
1449,443.84348643553403
1450,462.50523508388414
1451,502.23568140319594
1452,429.31728429872237
1453,477.1420892550663
1454,489.96970865312767
1455,407.82646744859915
1456,425.63976006939237
1457,479.38867630621087
1458,419.0776980017547
1459,415.84561151022996
1460,424.73988805871033
1461,400.6681210016821
1462,417.49954229055794
1463,477.65258761101364
1464,470.61362134691285
1465,407.62994622498127
1466,457.66650922922145
1467,519.3586739295192
1468,449.81584068686186
1469,518.7823037648342
1470,446.3012175439653
1471,449.5559276938762
1472,420.4028869529249
1473,469.0787623406636
1474,387.83378176270276
1475,434.4038991604048
1476,497.8994973085869
1477,419.1944702272378
1478,494.9871375447878
1479,404.91150973204265
1480,487.0527144172037
1481,386.6531927432083
1482,405.775731806425
1483,474.7040916279651
1484,429.05793893344264
1485,426.96873036105575
1486,480.3282690395784
1487,399.36706718503007
1488,498.0680026710738
1489,436.2487906792373
1490,456.3140261457103
1491,448.5523159638939
1492,423.02312951516853
1493,448.6121212903826
1494,464.0178821688643
1495,416.28444239067454
1496,428.74201109748935
1497,486.58261510646355
1498,551.216086442394
1499,427.6821871462988
1500,452.2319567515424
1501,443.19165894431046
1502,447.823766081744
1503,382.2281443439663
1504,459.35217843041585
1505,466.7540606987609
1506,444.345198609184
1507,467.58661261592675
1508,450.1078907036832
1509,508.06007033216946
1510,436.5219995125785
1511,424.32914980012697
1512,454.3992043635361
1513,415.34965111189774
1514,435.20825149676176
1515,452.41311676086724
1516,442.6462012636488
1517,397.2204527575314
1518,485.02504448549706
1519,404.39852563904446
1520,496.80622374852607
1521,470.89487780933797
1522,423.4761447002959
1523,376.5293323005508
1524,456.20595847125384
1525,530.4146661511727
1526,495.25081015346996
1527,442.6967300178693
1528,429.62178187848144
1529,478.5988126282612
1530,475.528275535667
1531,487.12481781229064
1532,462.73396445178236
1533,510.38275880119073
1534,453.057489692158
1535,445.74765248618786
1536,442.2498184341521
1537,486.29188690816994
1538,457.9365695451557
1539,423.84555844327673
1540,539.0192605523906
1541,393.039505094693
1542,412.54825565214486
1543,392.1692532674349
1544,505.23290516692003
1545,414.1881155218548
1546,513.813127003018
1547,485.24693855236035
1548,473.73794784489775
1549,432.81784340903397
1550,474.5039261932659
1551,403.10998626563565
1552,468.6941156450429
1553,454.47332144496573
1554,490.52342183488804
1555,402.58402589326874
1556,456.2597879581125
1557,420.12973392895213
1558,429.8814668170591
1559,505.3182882319326
1560,426.38471204738306
1561,447.05757416940816
1562,437.6532810684378
1563,457.48264375456057
1564,430.10417872423056
1565,467.7710570661333
1566,420.8498748265912
1567,508.7557693697209
1568,471.48327570211666
1569,433.0413991323623
1570,429.22524953088634
1571,461.285499279061
1572,485.6375853011274
1573,497.9507889839052
1574,414.0334795720829
1575,447.2526374900157
1576,453.50913878116876
1577,490.29322761164576
1578,474.52591400348354
1579,447.89763701176275
1580,366.53437253551743
1581,416.10651560776995
1582,357.8406585658872
1583,494.9127133114316
1584,458.8280152459588
1585,489.2584156034379
1586,491.59356253549413
1587,457.1684771024938
1588,465.3309711211211
1589,573.9317786112027
1590,420.6002801035668
1591,430.4277091323248
1592,446.12575628850334
1593,498.1997099080738
1594,365.919578248564
1595,427.06602833439416
1596,446.7946582771921
1597,508.59907542438145
1598,558.7011645354174
1599,432.2890544105378
1600,445.63431572219844
1601,453.35938485956564
1602,433.1530578076527
1603,464.02758606926477
1604,473.6871148597317
1605,399.8280495767251
1606,465.2153364388709
1607,385.8915645015561
1608,479.2217021457671
1609,413.4668169181634
1610,460.5350100943466
1611,451.09617987321633
1612,499.3198301932679
1613,497.4594431129995
1614,537.4974948576228
1615,457.3120582046247
1616,429.49655279942715
1617,408.01987423078697
1618,462.7964004773938
1619,514.0814778513677
1620,481.2282153219819
1621,454.9213538460952
1622,387.35356259228917
1623,390.1547867442699
1624,442.6961702262475
1625,493.0615707035798
1626,482.9889717076728
1627,410.986694080285
1628,464.38256410793986
1629,503.59653471503754
1630,308.92664004493315
1631,469.23884772894246
1632,409.9964868883299
1633,465.18380116082994
1634,440.35095929756847
1635,428.1427944469446
1636,442.4403542174759
1637,517.7202872592288
1638,426.29745019124726
1639,460.64896945226974
1640,397.5070916677552
1641,427.4262337398369
1642,396.3784006004466
1643,488.3910257553975
1644,412.59187353370845
1645,459.1004120959749
1646,427.5921725179449
1647,483.1580611036994
1648,454.28655352184217
1649,434.49982964326455
1650,378.0991628771655
1651,489.3786838475831
1652,413.7780067289333
1653,482.7155964601267
1654,463.6352258578309
1655,438.6567933206471
1656,439.912712652505
1657,451.66086282089935
1658,430.50765234563244
1659,429.3327054082679
1660,467.8644156530391
1661,484.92666890555233
1662,468.0749950025367
1663,469.6767369802395
1664,414.97432105330563
1665,497.0019772821267
1666,444.18602915364914
1667,405.6073820974592
1668,414.29741697078623
1669,428.7828238519742
1670,471.747561201864
1671,438.6872028258301
1672,435.54848007948107
1673,520.4454401127779
1674,393.3457080970511
1675,457.4495684198235
1676,465.81453308324757
1677,385.6274573146559
1678,458.663227045948
1679,453.79544030223764
1680,410.74847961623516
1681,461.35066821086895
1682,444.8300361944755
1683,456.1579869585803
1684,430.20383449239586
1685,420.37571098977634
1686,435.5667089628083
1687,495.4475123677024
1688,419.9888223442442
1689,456.27910884810643
1690,438.55379167035125
1691,472.8586628079734
1692,460.8930797734529
1693,452.76326816612004
1694,525.6031708872032
1695,477.8954651435125
1696,418.96184141408276
1697,423.40146838000794
1698,410.60642669287324
1699,499.2595027776676
1700,380.6602612345249
1701,407.06272252008495
1702,404.7064515191527
1703,490.6530542444139
1704,431.9069234981262
1705,490.2605401153177
1706,402.0818576735337
1707,432.8091679498613
1708,472.4447702676459
1709,467.25112896095135
1710,470.2825125264584
1711,431.56631873831384
1712,475.5540690842873
1713,401.10474954341623
1714,450.29181953690386
1715,442.27434612673704
1716,423.5821498087436
1717,504.3199955283723
1718,423.4071688125539
1719,445.1086589741735
1720,441.23219187014524
1721,432.69459398935174
1722,483.63356248592873
1723,516.5117123087483
1724,488.7472353696556
1725,434.50788715169466
1726,408.2417437106065
1727,474.19212306194436
1728,399.1228235255723
1729,359.2284440513864
1730,538.9843582505599
1731,465.03696954044045
1732,418.44130517224283
1733,503.0381095402791
1734,458.85577576414977
1735,470.3487208001631
1736,404.58808547322377
1737,409.0951651240986
1738,474.84124644780576
1739,433.39984346125374
1740,396.3861327150031
1741,437.694663108182
1742,483.79944207418254
1743,467.692105587274
1744,499.2761612596541
1745,503.35359333067436
1746,556.3924851152144
1747,436.30343252464303
1748,476.20486744517035
1749,368.76974359860554
1750,410.3809250960541
1751,513.0775267441262
1752,469.7102832755925
1753,419.28469506682285
1754,487.15890215760135
1755,445.78798571131705
1756,534.7616250297792
1757,468.4530315563082
1758,510.56016356021195
1759,464.43032984438344
1760,455.5373224217189
1761,408.34366457487096
1762,427.26772717538364
1763,445.0087528794809
1764,419.4477743595907
1765,465.22312419126064
1766,425.58324451199366
1767,452.9542236526752
1768,520.6149870816636
1769,466.8454686560582
1770,512.6786251738341
1771,452.2890757971723
1772,433.78016211327775
1773,467.90242369554517
1774,436.3753185265648
1775,470.65961085599605
1776,442.4419244070532
1777,468.74054722987245
1778,451.4706118556429
1779,442.7220911645028
1780,531.1326849541853
1781,469.66912119453093
1782,428.9029036898282
1783,459.2507211318115
1784,397.09406783411936
1785,450.8721941183082
1786,445.5389566185786
1787,489.2025045114933
1788,436.66846012327403
1789,385.91601521458637
1790,481.5315023243125
1791,485.2761487085105
1792,410.2739662319782
1793,431.9319918071252
1794,410.5230420556871
1795,417.90457189983414
1796,472.02814377743505
1797,433.0745168706001
1798,489.089358455177
1799,419.21045617097434
1800,472.24565555654567
1801,429.8846108917119
1802,520.4846369426517
1803,488.9563172957955
1804,475.5367146918626
1805,512.6078195298916
1806,494.5075586431316
1807,401.7821182058009
1808,523.8163416735184
1809,438.9928214990765
1810,414.3096994913538
1811,437.3011544827958
1812,469.2145666570697
1813,412.7119719802274
1814,441.26321663512465
1815,424.82427418496223
1816,415.4603006245289
1817,439.0005730748571
1818,519.3613657302161
1819,447.5645803460279
1820,478.6078349387229
1821,510.69301493836286
1822,373.9414445626265
1823,387.8976060913353
1824,471.92872853330334
1825,495.5551995914252
1826,421.54817376899683
1827,509.8984380459139
1828,477.45032576949944
1829,454.8423282654321
1830,403.21042279301173
1831,429.474545837557
1832,482.1836860491143
1833,512.9898632470761
1834,456.50156979714757
1835,446.57814988652575
1836,410.8585409955584
1837,414.8868400687194
1838,479.43122582418204
1839,405.708194183319
1840,494.1808793462836
1841,408.3422408872253
1842,408.00244175529787
1843,471.5658336518095
1844,377.9362031225078
1845,376.7846628223407
1846,454.1435304477668
1847,487.52210249451696
1848,436.4026121512772
1849,509.6984876277024
1850,503.80309383312004
1851,444.96397595145686
1852,447.4355319802111
1853,470.4928523118104
1854,454.9592249689367
1855,404.79826821902566
1856,493.3486241106229
1857,414.0816046750753
1858,507.3633170210603
1859,452.82164815457816
1860,510.07338168053667
1861,426.4158036254005
1862,444.01815073887224
1863,404.5028599287802
1864,484.97515068567657
1865,395.4110584318904
1866,447.9302529743692
1867,431.1276225338243
1868,472.01272935579027
1869,489.95775477564405
1870,428.44098951330244
1871,428.710284302691
1872,423.80115867163664
1873,469.34598453352146
1874,438.3581313968032
1875,472.6676349079531
1876,432.66633883996076
1877,516.6207475879028
1878,501.2617322271466
1879,539.8064367914918
1880,507.30251385296384
1881,446.5855881794271
1882,375.46517412329797
1883,477.3915796748202
1884,451.2659795461048
1885,430.42892541214206
1886,480.5628461299239
1887,483.29575353864385
1888,426.1711936159317
1889,422.1723195189461
1890,346.56036802807205
1891,379.0799283992699
1892,483.15713976256893
1893,440.58242875097926
1894,382.0570034171694
1895,409.5799721503634
1896,412.1384492558486
1897,397.2039878176963
1898,467.31153906861005
1899,462.6323496052633
1900,477.35340712353184
1901,429.93158516914735
1902,408.1473689834792
1903,501.6074444007902
1904,478.76516155553975
1905,509.289589593946
1906,431.00744139189936
1907,447.2332561386578
1908,489.0317416305331
1909,427.0190487510009
1910,426.7618912620161
1911,481.0661833783703
1912,462.34087452890475
1913,463.3297819040508
1914,412.98334436829776
1915,493.0063552381647
1916,412.413771490692
1917,437.96120570459544
1918,439.10161165924757
1919,505.55067893273394
1920,544.6562785523544
1921,506.27711642272396
1922,446.1248325338327
1923,417.41195928249306
1924,434.7966100756444
1925,381.04632457969404
1926,394.94105615827505
1927,465.74719456389835
1928,469.7373943257681
1929,471.163055922235
1930,502.99582551934014
1931,344.21761709656374
1932,414.20958858596117
1933,476.49309785465107
1934,470.6755109226283
1935,440.8875802928405
1936,493.58921388363854
1937,429.9326964271005
1938,463.8766475349261
1939,513.474195338661
1940,512.9006734262422
1941,476.24321305717217
1942,509.27231910862145
1943,471.0855950984531
1944,483.0777951441808
1945,353.7673601823983
1946,425.0467917350236
1947,413.27250172626015
1948,480.2905033622963
1949,456.86742666680107
1950,400.7190426768191
1951,448.9394976462048
1952,485.09139315129687
1953,430.99839378008454
1954,392.7309762896345
1955,504.59249063791765
1956,477.53979095404856
1957,461.3267122807037
1958,495.80601321323115
1959,433.72181291074367
1960,450.49537142292803
1961,423.754271189402
1962,373.4642455255684
1963,484.00874248606675
1964,489.4359286176763
1965,447.7779560979897
1966,441.7231375363276
1967,395.7382629478769
1968,373.41148170970365
1969,482.9937270992952
1970,414.5119112582922
1971,428.7991328060864
1972,396.38119959621724
1973,476.58342358433936
1974,399.53112633621475
1975,479.777423800295
1976,462.19467044409475
1977,506.4150394032232
1978,482.0299472098749
1979,413.10772129223386
1980,422.06404371618737
1981,477.2459858336034
1982,428.6155503224374
1983,448.02172720944134
1984,468.0195100217919
1985,503.58507815651245
1986,478.4474700296504
1987,415.33279556000133
1988,426.484787760561
1989,354.2973625958987
1990,492.33159182774193
1991,443.0788640529855
1992,457.281722766167
1993,479.94349023319825
1994,465.9246912115665
1995,397.4190066721257
1996,590.2007080876566
1997,538.1038909473929
1998,460.51617118631873
1999,499.61567933957474
2000,410.6135414471091
2001,447.37992741049317
2002,523.5052588587993
2003,395.22040233989
2004,475.0608964706669
2005,402.1112763003309
2006,460.93049279049546
2007,430.5832301300256
2008,426.00038946630343
2009,444.58307256475564
2010,440.6839872183214
2011,505.76057380742975
2012,498.14175249824416
2013,463.5512670130571
2014,407.29385032974693
2015,461.2289268395346
2016,461.24590344181075
2017,459.7862302045797
2018,446.1198669450794
2019,490.5324291442392
2020,471.7154740268779
2021,481.3198485176013
2022,466.5995911559028
2023,446.28722407238394
2024,490.17663690855017
2025,426.25401984347394
2026,360.3591427844677
2027,437.184944561377
2028,472.80284072262157
2029,433.70528467652287
2030,482.8918520116925
2031,467.80395675239464
2032,454.3987408155439
2033,453.44171387389895
2034,427.63787378163676
2035,445.57212758148825
2036,486.6317405811304
2037,419.8489438900303
2038,460.8386083943601
2039,442.24417166412974
2040,384.9458621642324
2041,450.205083510665
2042,485.0934715941757
2043,374.6692029363169
2044,426.0587178021373
2045,445.50848274664133
2046,363.78269579422914
2047,540.8446057843898
2048,493.5663447959771
2049,411.99207342774696
2050,437.8881149651327
2051,395.7975077470837
2052,525.272262340604
2053,422.76074900831134
2054,500.80469976941754
2055,447.5979737497424
2056,467.64334362690875
2057,457.9203270966217
2058,462.83602502209413
2059,454.14684696335837
2060,410.5142511059408
2061,473.43058781906944
2062,418.0303364081123
2063,494.0266076674752
2064,432.224744394285
2065,478.6015276788382
2066,533.183761082143
2067,401.1848045641407
2068,475.5045292894241
2069,401.81689004104624
2070,478.79623303307693
2071,545.300943124154
2072,426.0329347000923
2073,427.17546811687924
2074,408.52699801443754
2075,465.59637171528647
2076,424.1827254029253
2077,456.6491920173554
2078,465.4997627185478
2079,405.71242369613606
2080,370.41632168384734
2081,427.64710313417237
2082,379.74311952433186
2083,471.124285446742
2084,470.67156599446923
2085,464.3624011467552
2086,496.0974290472083
2087,470.02451910931376
2088,455.40840130651264
2089,448.7015110859729
2090,461.56741314921214
2091,435.70617649535023
2092,480.74973416349104
2093,502.51019877314997
2094,456.00835442930185
2095,448.7594390037248
2096,458.1252757634799
2097,472.5090175943191
2098,409.3690259903899
2099,466.9235003306919
2100,446.099966936131
2101,458.3844202629795
2102,450.8579131376342
2103,427.5824361366953
2104,472.8427275031496
2105,490.2253163156965
2106,381.514422736568
2107,420.9451673576426
2108,493.9329129170367
2109,459.4409046776953
2110,490.8561736272167
2111,548.6580865371657
2112,433.1878901311792
2113,427.3976253164993
2114,435.3166841764359
2115,456.2143390196183
2116,411.671496946053
2117,464.08660107737904
2118,449.81609773063894
2119,413.9727895048087
2120,495.344659168165
2121,474.55083077922035
2122,413.810890031951
2123,469.1070519969205
2124,484.63180549476056
2125,550.9511326468182
2126,467.692923526451
2127,445.5004443635894
2128,406.8782626716087
2129,393.3900272046197
2130,445.5021606048175
2131,441.33975239492946
2132,421.36671670499095
2133,465.63740675124615
2134,435.8522395509835
2135,497.6608031212912
2136,466.7141462257781
2137,427.7895547054214
2138,506.8960426846769
2139,383.52671468365946
2140,354.5471616181973
2141,450.2684044271827
2142,451.64132512615924
2143,455.04380727165903
2144,440.5354877099181
2145,466.13828517958586
2146,406.07298674857384
2147,414.84381997411856
2148,397.26235319424273
2149,435.98730770614674
2150,440.3324269263949
2151,430.0763497303705
2152,502.9900806484656
2153,384.32551193372444
2154,445.8799412537008
2155,432.1600933342246
2156,546.2285486354913
2157,442.887189440019
2158,402.0945951268502
2159,507.53647046645256
2160,485.9571472827163
2161,386.3297088442943
2162,462.1691777651726
2163,445.2081509182525
2164,462.8899332565428
2165,517.5087060649422
2166,450.362598684747
2167,436.32610205637707
2168,458.57356817297887
2169,467.79068425417404
2170,471.7320107054889
2171,434.4499685010724
2172,456.6558276195788
2173,448.85750511831145
2174,473.0194593844859
2175,398.39455579591225
2176,475.14606245217635
2177,444.0749476132328
2178,476.29992156202417
2179,449.3566185397532
2180,428.07905711783474
2181,400.0784559122349
2182,471.09632622050054
2183,442.490147652072
2184,394.1413408105303
2185,414.87021529843696
2186,477.3363540703527
2187,450.5958872002822
2188,437.19604152091375
2189,408.2698936470899
2190,474.4077223989168
2191,493.8320514367886
2192,354.9624282036692
2193,443.92056143909593
2194,387.5060051402027
2195,368.1092240647219
2196,487.7918815140066
2197,426.40442768949674
2198,496.47713966050776
2199,442.08081703018155
2200,470.64030593185015
2201,411.02852190099463
2202,499.6474026040526
2203,456.6309785466693
2204,472.81465099620976
2205,485.8688930478323
2206,459.177759925864
2207,466.6199900814999
2208,498.3757562876923
2209,454.1160148461918
2210,477.85688472472
2211,409.5822207700678
2212,407.0461902338824
2213,419.8683759096847
2214,453.6240145458319
2215,452.6729272681043
2216,424.0969972260724
2217,510.7120433307042
2218,469.6797115210748
2219,414.0503541221564
2220,448.9202984383963
2221,383.0405227934109
2222,544.0853539771342
2223,414.74849137090024
2224,433.60165403188523
2225,438.8907151673215
2226,440.0478997245102
2227,475.8649208733625
2228,425.9717942351674
2229,452.5936130891299
2230,464.36907856210473
2231,402.88802490113477
2232,507.90059226784376
2233,467.63979713447253
2234,434.263765562112
2235,400.10048224475
2236,411.3252410805651
2237,485.2064210761763
2238,468.66232336153405
2239,419.39559459416745
2240,444.12719623555046
2241,429.932230996423
2242,444.1891178339771
2243,470.0138141267839
2244,424.7879149938333
2245,440.108123458051
2246,459.9158171276726
2247,426.0312779108718
2248,421.6476787096576
2249,382.260492819644
2250,460.57102905901496
2251,459.9835867182536
2252,417.67972766865336
2253,420.404186589284
2254,475.0148167145193
2255,463.6932940762687
2256,501.30522998519297
2257,420.9742115391372
2258,458.93785445467716
2259,468.90751310327505
2260,508.1473716546358
2261,409.8626111873515
2262,426.39560990320916
2263,421.44533371176635
2264,493.5302276263636
2265,432.6864414588417
2266,409.8825816761104
2267,426.2187791769707
2268,464.4692831547817
2269,448.0074779226478
2270,408.49662250270023
2271,497.4627197851302
2272,482.74803968458303
2273,484.9816873411241
2274,483.2539640696079
2275,441.08872067135087
2276,452.877700634023
2277,430.37706761832476
2278,413.0387694470438
2279,450.48022064624524
2280,428.4834023719729
2281,463.8532199737517
2282,452.62879644278047
2283,361.4067252399138
2284,403.22936929693776
2285,406.3534076018995
2286,428.70038222015694
2287,466.15118902476513
2288,557.3007417471881
2289,448.34813150069346
2290,455.49227968442983
2291,471.5709829452156
2292,474.4648756763705
2293,446.8390309017633
2294,478.2579901226953
2295,417.0919361667221
2296,433.91831092213886
2297,455.3659836432101
2298,483.90762318606687
2299,548.5045440038558
2300,474.18109046465037
2301,440.51769996345047
2302,476.73107880804787
2303,485.0334058969514
2304,500.6292561921998
2305,470.06648601767193
2306,423.6860836408915
2307,499.75856862651784
2308,438.2909847682969
2309,502.5935312130105
2310,505.73567199609147
2311,406.13579124507055
2312,438.2233429789433
2313,483.55307649280564
2314,465.03121348847475
2315,454.3632437451783
2316,456.6465361789663
2317,470.4892112764064
2318,368.49021735934855
2319,473.176569775138
2320,486.0488883274105
2321,440.9724347943044
2322,431.4651740946417
2323,452.4113945336664
2324,472.3547660013424
2325,465.4031221051805
2326,481.36929768513346
2327,453.98087334915516
2328,520.9301263040037
2329,425.2416211074028
2330,543.1297543819974
2331,418.73534928392615
2332,453.3608423582146
2333,518.517659750885
2334,398.53713518980356
2335,468.11889790914995
2336,455.7178580487122
2337,346.90913166944983
2338,459.71789625031187
2339,387.8281760978592
2340,480.29929758376636
2341,392.4622705004692
2342,483.3114348065771
2343,505.93441964804134
2344,448.5141080717871
2345,435.0417286050502
2346,436.3825875329039
2347,432.20274921415427
2348,487.09810649072523
2349,345.926298356852
2350,448.7864198306661
2351,437.7166995409018
2352,335.5327074587108
2353,489.75548485619936
2354,446.609633693461
2355,448.88183719299093
2356,473.51311269921996
2357,500.8654136329937
2358,487.452149878849
2359,500.15598156373756
2360,482.2491761015072
2361,398.42133164395887
2362,435.3653572589951
2363,394.00017664458085
2364,515.1067863975071
2365,438.6450527916254
2366,434.4360644572542
2367,458.55309406955763
2368,426.93091708139514
2369,449.77907067569873
2370,478.59742238380136
2371,479.31262661842766
2372,469.04975279483443
2373,458.79644297014835
2374,390.34514882466976
2375,468.8343303596755
2376,547.5095342853102
2377,452.7891699435592
2378,485.11414134818375
2379,454.72625275404494
2380,444.3151093453689
2381,413.18645192076633
2382,455.5006838163916
2383,437.11671344933495
2384,403.45065709832886
2385,478.0010831802562
2386,425.0563909606155
2387,488.68998884899577
2388,378.28279937811334
2389,416.796722019881
2390,429.35236898387734
2391,445.1704003269393
2392,439.90990799457967
2393,428.3480251525107
2394,394.5124737045416
2395,505.6463188481831
2396,461.0576930340698
2397,452.60072617799955
2398,463.69404072212035
2399,483.51918801601596
2400,448.00410257041597
2401,428.7511820054607
2402,484.3341109850487
2403,413.7576678572737
2404,474.86795464087794
2405,415.8421347977093
2406,406.50825070816956
2407,459.00208342858014
2408,483.8293525350305
2409,480.5445503183378
2410,486.39522637987136
2411,395.50516528865967
2412,394.6451044845963
2413,449.7022007114814
2414,487.5217317468531
2415,463.3824165115929
2416,438.5408236085751
2417,431.96380319178826
2418,438.0834092671461
2419,474.25962421011775
2420,420.6949391016467
2421,470.0693227462146
2422,468.9586196036515
2423,399.9312453349723
2424,392.50805110876564
2425,398.44544525720704
2426,494.09031714272555
2427,462.89615858722897
2428,441.17090459322293
2429,448.4601933399576
2430,432.3793105237663
2431,506.5009650321142
2432,495.54099064677735
2433,474.49005897835923
2434,444.8119174649359
2435,417.39605672078306
2436,449.73292194819726
2437,418.7449650366781
2438,487.68212991167553
2439,462.9686034326966
2440,425.6988770323098
2441,472.19175557080376
2442,429.46763282247525
2443,446.8780480092495
2444,471.331088632772
2445,420.5522929326541
2446,481.09858879572715
2447,488.9457353859264
2448,505.1893564221292
2449,440.06491053145834
2450,532.3936060128417
2451,465.6361288101086
2452,459.5542424241981
2453,477.8088295770401
2454,439.0728481484843
2455,439.2170934346358
2456,499.08013746245274
2457,454.7386061579164
2458,413.91001365409767
2459,395.6739259485919
2460,410.031429591924
2461,458.75388770100795
2462,442.2654599166607
2463,415.3158913514671
2464,443.26756765354105
2465,439.10839301687145
2466,474.4534757515354
2467,420.6870762712163
2468,469.9619851383401
2469,446.1272710066178
2470,452.8536310511731
2471,406.62211922015626
2472,486.3686606713577
2473,453.5489358287203
2474,480.4603307581869
2475,399.6961518029926
2476,441.2414685419483
2477,550.6696277535043
2478,434.9685934463469
2479,457.8085092500288
2480,554.8738111523819
2481,421.82529590138836
2482,453.76783230060073
2483,439.7666574839972
2484,531.9812273019033
2485,417.96336329200165
2486,439.8903698983696
2487,452.171401639713
2488,467.99020584746773
2489,452.62023921597324
2490,364.58186541692237
2491,449.28765491604605
2492,414.33410199387873
2493,546.7760029451833
2494,478.44999816472676
2495,480.24623614925287
2496,427.9885650995502
2497,429.01956982179223
2498,496.1839603460316
2499,430.4969322465234
2500,475.40737300396046
2501,389.6872748229252
2502,453.7844873804027
2503,556.5495374145082
2504,425.850627902207
2505,404.08723736864414
2506,344.6885830955019
2507,404.6197567907685
2508,429.65494912009615
2509,472.77773169453525
2510,473.1190797384635
2511,366.1564131733355
2512,379.7517363551481
2513,445.98950659419813
2514,470.7891749259474
2515,440.0809408431899
2516,482.1218201313768
2517,536.383870255724
2518,418.8850216499622
2519,466.56532635584034
2520,453.05128455025954
2521,394.95733292714493
2522,495.7173540509028
2523,422.20897475272756
2524,432.7797165175893
2525,556.627314996552
2526,440.83381059668267
2527,481.6828557542131
2528,514.4571243566528
2529,460.1201536665335
2530,521.9801926630792
2531,480.1157513605311
2532,512.3039229710515
2533,434.26999099998346
2534,440.908048713772
2535,486.84050761434685
2536,416.7687990389272
2537,475.33747711479884
2538,474.3648356000417
2539,551.8342592131418
2540,454.61032954464685
2541,489.2754050375826
2542,438.09226399659667
2543,459.8116091444886
2544,466.5506234531869
2545,439.95426481183495
2546,418.61603568666413
2547,449.49486811775375
2548,545.7265093808213
2549,411.96085960664794
2550,451.31614566328295
2551,419.1171383535716
2552,505.430210780867
2553,513.8864245204967
2554,460.96276624162357
2555,450.7623042904242
2556,432.7066695700006
2557,471.08158260065164
2558,405.73460226494996
2559,454.30723053040185
2560,526.1228926064565
2561,405.38540197491966
2562,416.74659560638804
2563,459.723519818399
2564,426.2844792162028
2565,402.9314213644018
2566,586.6541814266684
2567,489.6534495445972
2568,435.4049571546412
2569,464.3790929975588
2570,439.4481907194109
2571,469.8635882004024
2572,476.26384756406844
2573,449.0877312146629
2574,452.57759506777813
2575,499.029284388942
2576,475.5471898116431
2577,477.1500297661897
2578,443.8257524907276
2579,450.91774625574345
2580,481.0923598794093
2581,392.14224713685525
2582,481.3913391188865
2583,377.3361592706421
2584,445.52531953691044
2585,478.3685496396121
2586,464.0865841782971
2587,472.00509638120326
2588,431.4521215703504
2589,449.4784064128857
2590,548.1935844228184
2591,462.5321077451115
2592,433.9775416923994
2593,421.7491814795193
2594,421.9855270964188
2595,512.4051578045766
2596,429.39427028552745
2597,535.5328415124138
2598,439.1450626778865
2599,434.2375666110575
2600,444.1178837305901
2601,363.4221824101396
2602,441.0549592170286
2603,521.4076545430152
2604,415.22366841123466
2605,516.0539004374522
2606,422.1934461143467
2607,451.5499019025621
2608,449.657416897413
2609,462.0376640174618
2610,496.02997201161963
2611,532.8641031729074
2612,494.85102027166965
2613,428.14447740051315
2614,408.56242247709827
2615,494.560096134364
2616,450.2504940103145
2617,472.79154659721263
2618,435.70287208726324
2619,514.2692628824449
2620,481.58211457547867
2621,433.6671423813191
2622,445.8525082682375
2623,432.82330343384467
2624,428.09688081282485
2625,473.8225245981273
2626,436.9374228424338
2627,454.866040813245
2628,426.3254740771989
2629,452.00097243588726
2630,445.7278324018071
2631,439.148550070771
2632,369.59868211555647
2633,522.1460705006338
2634,417.36550619848816
2635,452.0327847893066
2636,488.6181335844685
2637,439.76142293126037
2638,375.3005424583787
2639,497.7690085760801
2640,431.34600450768573
2641,491.5677277572356
2642,460.881632050638
2643,433.68730459068263
2644,445.7420759826075
2645,506.71866694720745
2646,474.55046084794606
2647,405.7999923732818
2648,456.2481308127201
2649,396.5930185280981
2650,491.6824493777986
2651,480.8373339495326
2652,436.91959548108974
2653,365.0050061966558
2654,416.85569430565727
2655,399.8461072945393
2656,439.1033185719943
2657,538.3091850907737
2658,517.9612178168107
2659,442.80374627268316
2660,490.1301994718899
2661,528.7427791917067
2662,485.02114658538716
2663,407.60557475098346
2664,441.85029019794956
2665,563.654416432963
2666,499.2578064673215
2667,457.96703623981546
2668,348.91826031751714
2669,446.62558593381164
2670,503.77349930614446
2671,462.8775206117245
2672,434.0275158654408
2673,412.59753082611974
2674,438.0550795969626
2675,428.9683998340773
2676,469.9159580655128
2677,433.91715286765117
2678,457.64915914037
2679,450.0006393000141
2680,451.78949251796126
2681,487.5464192444597
2682,420.33678980343245
2683,461.21924153208647
2684,526.6601616717818
2685,475.9102261413277
2686,454.21949898261926
2687,430.1052287251315
2688,442.3355387562061
2689,450.6721744378133
2690,474.14989641718734
2691,462.4658444133209
2692,402.62572100968293
2693,417.48022394863665
2694,425.232946568662
2695,499.0609416014896
2696,468.1332445282321
2697,490.10914875713337
2698,440.2874600032508
2699,402.0881832197716
2700,486.2103314509929
2701,512.580487978861
2702,429.29520872964906
2703,431.6015973008494
2704,498.3794249728981
2705,451.38244350143276
2706,411.9736162774936
2707,435.4671454286964
2708,446.84585084631266
2709,393.89345033812305
2710,454.97299014206277
2711,476.91193406843695
2712,444.2731407940755
2713,420.45523009259
2714,437.6324120487671
2715,448.25139893556764
2716,405.547405107422
2717,460.0393110106709
2718,453.47078864045335
2719,428.7179895816926
2720,432.2762569599004
2721,428.0616396143542
2722,466.8790683469817
2723,441.83729479994224
2724,432.98241073522235
2725,461.9416015082835
2726,371.9570743981156
2727,430.8545874941851
2728,422.17362430233584
2729,426.6479487700569
2730,424.4071307569351
2731,455.29748225344724
2732,412.66389940836893
2733,396.4883477966378
2734,469.6801776020389
2735,427.6507940127168
2736,396.286197410334
2737,422.961437432783
2738,427.27114024213523
2739,437.2801650728413
2740,402.1746009044021
2741,463.0758204618518
2742,440.86304444015974
2743,382.2178291235274
2744,453.1480608830826
2745,394.68803481968126
2746,454.4244215173728
2747,428.03880771720213
2748,467.2376789381266
2749,466.9658347194901
2750,484.85223426370715
2751,405.3209200341957
2752,431.95500953527363
2753,481.4129400020066
2754,419.8844575491207
2755,427.3566112719853
2756,409.2067042312082
2757,454.1684169501836
2758,476.2186483804934
2759,443.9172430472997
2760,476.26324802236314
2761,413.11033806766153
2762,464.2259736784882
2763,506.7314703167865
2764,485.64953913040307
2765,453.0379975142321
2766,534.9010250187307
2767,490.0339753982914
2768,454.48860482759494
2769,483.3810144222073
2770,403.77153364030977
2771,450.72516999629454
2772,446.4095787232667
2773,497.05624826037916
2774,494.7665112265984
2775,488.14393416387713
2776,506.8858526678988
2777,463.0981192650244
2778,439.0746799749233
2779,489.56426599653076
2780,448.96876274935204
2781,383.30187193180893
2782,439.8349385393574
2783,482.196320652685
2784,519.6277044509438
2785,461.44014405588575
2786,472.1794464018659
2787,476.58387325255717
2788,456.76716714909236
2789,423.29786814427905
2790,474.1515736173377
2791,464.67798969776027
2792,428.56342758946283
2793,418.9201511143356
2794,532.8270678757578
2795,447.1252142466916
2796,430.18245233093245
2797,467.50113518054803
2798,509.14372996567727
2799,445.37579248405785
2800,434.36849201167536
2801,489.8713135158414
2802,412.58763997741346
2803,393.45340789470964
2804,495.0283302810018
2805,486.0317524481895
2806,481.5190241208566
2807,513.3557889272495
2808,489.85125653620617
2809,454.4915673200876
2810,386.7470853419073
2811,476.1475871467959
2812,442.39485840121466
2813,409.7508880879513
2814,475.5951383751415
2815,439.63102380834624
2816,352.18682142823894
2817,405.82250108948
2818,387.8749678719917
2819,465.78147645885286
2820,453.0635055084984
2821,466.32416340359305
2822,404.1300884237227
2823,469.96618672890816
2824,457.32471561594167
2825,418.5624904369189
2826,444.4752667460238
2827,417.693732921882
2828,512.4048197247256
2829,454.626523748968
2830,447.68501991116517
2831,502.5725307833287
2832,419.0395533043942
2833,468.253467262265
2834,520.2910421710963
2835,428.0380712651098
2836,376.4834024578091
2837,465.5351412503092
2838,373.568512203085
2839,451.592446072785
2840,524.9715546512643
2841,436.0361891193457
2842,395.2316324581401
2843,496.07080634668444
2844,481.1011824536768
2845,433.36832828149386
2846,380.35769326774914
2847,445.41291117449805
2848,417.29283172367553
2849,472.24440862618275
2850,455.96172103714736
2851,412.69725508994935
2852,339.8277870238547
2853,389.4826883030068
2854,373.62140601470423
2855,485.2580459110961
2856,453.5693777758764
2857,437.4539118991635
2858,461.0915971578062
2859,447.017332853681
2860,478.66295733264644
2861,447.61652502670097
2862,410.1933576415445
2863,422.7118086400162
2864,411.854568098989
2865,435.9485940948343
2866,419.4436853931237
2867,374.74462744123883
2868,482.7430972805113
2869,471.9624538451763
2870,526.9351162563485
2871,420.2034363315572
2872,444.48669869160216
2873,494.6146050951169
2874,380.3047520456084
2875,433.3329259634319
2876,485.58589191592966
2877,520.8865918343495
2878,524.0114432397232
2879,428.4166853144555
2880,435.3661144670069
2881,436.86809017399105
2882,476.9418188124626
2883,488.18267147895784
2884,416.13281664313126
2885,511.39181936823144
2886,398.0037413115339
2887,471.0525502605729
2888,415.06187147302484
2889,381.9802554079893
2890,511.12185290608437
2891,422.54765946845566
2892,445.96138078675534
2893,402.0922901230391
2894,386.9372787751676
2895,465.72314010787494
2896,450.27378172941155
2897,424.79807753497727
2898,444.9368933943266
2899,435.2418997075426
2900,405.04515434539104
2901,463.40735940456796
2902,456.2808009538254
2903,539.8678239538971
2904,401.2734858816096
2905,427.62330787369353
2906,388.07223003098034
2907,466.4521031553085
2908,390.9251192013302
2909,516.1025748623119
2910,442.80157787479015
2911,500.7506510619595
2912,474.3932796618705
2913,464.96222814054653
2914,437.29680120681195
2915,394.5302731956471
2916,423.3731366893363
2917,415.3771805265759
2918,481.8101422894367
2919,466.0669653147645
2920,487.8134176952415
2921,486.09626955470713
2922,462.01825327113005
2923,416.86254982873305
2924,460.92583834995236
2925,451.79633259709584
2926,415.61217971787875
2927,433.22930058036127
2928,546.6863725213282
2929,395.96175991761055
2930,443.33798605201684
2931,543.0016991063399
2932,419.58974983561
2933,466.6647501929778
2934,443.62125741273695
2935,428.5247912091446
2936,408.5386483277978
2937,453.2609669446356
2938,400.49344859399827
2939,502.06619728191623
2940,454.86502862684483
2941,427.25519988617407
2942,467.0031280437402
2943,502.9911280905551
2944,506.5264622450758
2945,428.70886321484704
2946,420.33611269285416
2947,455.36066521292537
2948,493.0940536066262
2949,511.994428678452
2950,510.38836946916274
2951,514.478936095184
2952,460.4585081602893
2953,390.0386909616821
2954,471.8252762740654
2955,414.12086692248033
2956,484.881221377464
2957,411.0021457298663
2958,479.01305149419727
2959,407.336545385956
2960,505.0507367065361
2961,543.5299874698301
2962,411.35740500397145
2963,443.82920295304217
2964,426.77853590910706
2965,419.56765157463064
2966,499.9795559570582
2967,406.46702279547776
2968,509.2521109014746
2969,407.40316374599024
2970,425.46353004048444
2971,403.29269295346336
2972,453.36051809433866
2973,425.99982057501205
2974,456.5620788782598
2975,402.9533141978028
2976,471.70698025837
2977,483.56511467861634
2978,410.44549871117863
2979,501.6328625521499
2980,337.90575287595607
2981,450.47753568383945
2982,476.35850332952214
2983,470.51842712934916
2984,455.92149452816824
2985,472.17266619800637
2986,461.0411541701441
2987,491.5011884455383
2988,458.0082918035056
2989,478.3309080989737
2990,421.26603788503905
2991,446.30282080896086
2992,434.71061581897635
2993,427.63238824857496
2994,468.40145968821946
2995,468.83873639639273
2996,461.32155453509637
2997,455.35239256433266
2998,412.69487412122527
2999,470.476253285329
3000,457.58358037321864
3001,528.9606469303699
3002,450.12107304045884
3003,431.2795583447592
3004,434.49855179827847
3005,482.7839612827402
3006,431.23478255256373
3007,419.78048654576014
3008,438.0467027566788
3009,463.9238121798732
3010,436.3773793788111
3011,468.46403921688056
3012,409.98856010105595
3013,417.27118864917145
3014,452.4355165478259
3015,409.7693749971238
3016,484.3543514016502
3017,480.56249455700794
3018,388.01419144390627
3019,396.0676427343829
3020,407.29992119462497
3021,399.24213391097595
3022,389.3574646163206
3023,417.0198694758825
3024,393.2709196581143
3025,439.98701913681913
3026,368.7218424011782
3027,458.78284420419624
3028,418.19208677578496
3029,498.39079046132093
3030,349.21307018061094
3031,403.4040870148944
3032,469.6629511922024
3033,436.49714989134014
3034,443.90830511928476
3035,486.9055483790329
3036,525.6770516668022
3037,389.68310451960576
3038,451.085000681949
3039,421.8275488825699
3040,415.34259176506663
3041,498.02410552118
3042,477.2217722970686
3043,400.63606964013405
3044,435.4376876864967
3045,433.493499210823
3046,411.68729976210574
3047,484.18003300756635
3048,483.602052402192
3049,502.5197032604355
3050,429.8206126312579
3051,481.6186727652029
3052,499.3584400255083
3053,412.09943120029084
3054,506.38247417526765
3055,424.49154066105086
3056,422.0925877960363
3057,413.633663437144
3058,491.53645307660605
3059,396.06731921504394
3060,473.5519867162641
3061,488.74673775851375
3062,484.5062989326394
3063,525.7759961861484
3064,454.8277211644752
3065,449.85614185399737
3066,447.33886623350327
3067,480.98663529994235
3068,405.544195392902
3069,352.63655737982
3070,434.6734382649754
3071,473.98352472964143
3072,440.7066439022007
3073,516.0367181991552
3074,495.1091744673285
3075,484.09635266586463
3076,467.70642297262333
3077,424.3747813197897
3078,408.9520016227483
3079,481.0161522801928
3080,474.8771344326339
3081,476.0151243894137
3082,406.70055657775595
3083,511.6308006473006
3084,458.1012101826215
3085,394.6159539805483
3086,486.351239223888
3087,402.40634857580625
3088,387.04746204518455
3089,499.7652281406895
3090,468.8024426948572
3091,392.7219220441055
3092,473.7686687351665
3093,554.8586599690587
3094,497.81526822152637
3095,524.1035943868033
3096,439.15760005016347
3097,450.0347273826165
3098,421.92524907440713
3099,409.4790115527132
3100,398.03100122600625
3101,399.9814452494482
3102,439.065794584565
3103,449.05654323669773
3104,353.6743196710506
3105,423.07355874358205
3106,442.77008342356334
3107,496.75084500479153
3108,480.2954784036703
3109,465.36590406114635
3110,461.72029162141285
3111,499.6620081330771
3112,422.23779975226984
3113,450.5188502374782
3114,457.95892165896737
3115,487.62269070824664
3116,487.9199199244793
3117,441.8647249369288
3118,442.0110107093185
3119,410.47809266435803
3120,455.91256160370915
3121,406.16421848080296
3122,431.5176273057338
3123,481.34464701984155
3124,492.1488245462239
3125,461.1252342267224
3126,412.60800963444615
3127,455.8035916200353
3128,424.3450587633116
3129,445.7608905323359
3130,481.70127538470285
3131,459.6404292829992
3132,433.4914848197388
3133,470.21906331626235
3134,449.13072813946013
3135,448.825610886441
3136,442.859889930161
3137,463.8027176135694
3138,480.7455464820893
3139,482.5562545605955
3140,441.01005388146456
3141,474.93252329147487
3142,478.9707372552263
3143,414.020148012238
3144,458.70519154016375
3145,509.4677158006749
3146,392.7501523734366
3147,434.4481878884677
3148,524.8882261101716
3149,461.75294779046004
3150,411.04027983792065
3151,450.3623066626328
3152,502.3935724995147
3153,427.94975026610524
3154,419.51279053462747
3155,444.52072612057816
3156,424.1079579140632
3157,385.7567773134734
3158,465.7963507509356
3159,415.48287677087035
3160,512.2304827151096
3161,464.63475997585965
3162,449.4489279764867
3163,481.11096520846456
3164,439.1348007637535
3165,465.009590351582
3166,525.0688336703281
3167,480.98359627286504
3168,376.8935875073071
3169,440.1941066871179
3170,468.04744965503556
3171,412.65489171845195
3172,434.9868190483316
3173,423.21632611248145
3174,396.2821320866701
3175,485.8349198186214
3176,456.81903692654447
3177,409.62927942769113
3178,449.38327953096916
3179,492.789746996517
3180,438.4991455603485
3181,463.2640734659798
3182,376.49825670276556
3183,469.5864976181277
3184,414.8538128707428
3185,445.86760134084875
3186,444.46428714444784
3187,471.68697999795677
3188,395.49130518685536
3189,465.4302257826899
3190,433.51278295163144
3191,416.562116625802
3192,487.9071823650769
3193,383.79533204545316
3194,518.8703743089898
3195,464.15820004836934
3196,475.4020019206925
3197,450.62749040946073
3198,477.3032683589681
3199,470.8239407848514
3200,473.4292377628747
3201,459.060812777761
3202,407.3027859214922
3203,461.25704204225883
3204,497.1614013822829
3205,437.90214226510534
3206,451.58837459561346
3207,426.2450047045408
3208,409.2746008641069
3209,414.72821375878874
3210,395.3525339791503
3211,441.1711632544025
3212,490.3359449105087
3213,443.8488964335108
3214,452.8432545688207
3215,510.2632475464368
3216,531.0929103788202
3217,486.9348305905983
3218,417.61012193701123
3219,487.2338559676789
3220,418.94906621171964
3221,441.981622884164
3222,432.72944680372285
3223,472.3307921602
3224,507.2195550379719
3225,410.28922714809806
3226,533.7123500873151
3227,402.0185301215429
3228,458.7866847813861
3229,437.71583869064114
3230,460.2420358746349
3231,443.36127666920675
3232,496.10365769076816
3233,374.49319765706895
3234,466.91062930551135
3235,452.9794583713124
3236,429.3461786159801
3237,447.88469465627134
3238,455.3629879745636
3239,454.3779981416593
3240,395.8340759721384
3241,515.519988546072
3242,478.33737506280346
3243,457.9825823066539
3244,501.95047103305194
3245,378.5546405980001
3246,463.47119097149323
3247,447.78937863753595
3248,440.9741858195883
3249,470.04622844795017
3250,468.0258435876123
3251,438.78456095417977
3252,442.42889108236756
3253,516.6070445733029
3254,382.86085072658454
3255,479.36951172716635
3256,438.2487144908377
3257,451.0397448144389
3258,459.16207813874996
3259,468.53602267091344
3260,492.96297251536873
3261,398.3717277316944
3262,445.22553248036866
3263,401.67000880735924
3264,425.80831848335106
3265,408.52345218626544
3266,380.271219445757
3267,414.76979002391715
3268,447.0636044716862
3269,430.90603277965886
3270,374.9753686955334
3271,480.0466015499238
3272,440.7997469948621
3273,458.89038698073955
3274,429.41025228950923
3275,464.17788524600013
3276,460.8085423328425
3277,515.3465494971524
3278,472.5721499613252
3279,404.6834429187048
3280,519.3918091320667
3281,482.20064378739016
3282,464.4200331582573
3283,424.0017463436488
3284,444.60913234583126
3285,455.82264085386703
3286,471.6770789761208
3287,446.9561604579443
3288,379.152432822623
3289,502.63730479502345
3290,406.9413546034239
3291,449.37878585833806
3292,390.39895898555847
3293,411.675396064805
3294,498.34405901606414
3295,370.24745853788886
3296,417.6140615099111
3297,492.53587534025843
3298,438.1879684116834
3299,485.8006073263301
3300,441.88261136632946
3301,455.15615956871983
3302,423.3570823429126
3303,384.5852628845234
3304,489.07471781457866
3305,475.76278837994084
3306,452.6081667628332
3307,461.6824861470481
3308,495.4010357393696
3309,507.77003897415
3310,548.9046867989068
3311,465.02160959569693
3312,433.95329864212874
3313,441.41967921802575
3314,500.8569230479204
3315,469.31886820231273
3316,453.68688968118107
3317,479.9953220293175
3318,541.8166911170981
3319,432.6569117337181
3320,444.153367260754
3321,456.29121313448877
3322,444.25613520775954
3323,529.5836298273073
3324,445.54727607917596
3325,453.54213782484226
3326,490.3436658483457
3327,451.7067834433785
3328,443.8644871640374
3329,448.5634417300286
3330,441.45303815333654
3331,440.92874062653857
3332,440.44223577765507
3333,462.63481970201633
3334,402.72513587904916
3335,580.7484512413653
3336,426.2348359693977
3337,438.5784047422875
3338,397.81545039760067
3339,497.31346998292713
3340,483.0460572453022
3341,465.29282533906047
3342,450.5522324409341
3343,442.5214919975942
3344,438.1827826008251
3345,475.52511435800506
3346,480.87910863529817
3347,458.1956514796355
3348,412.09096965919457
3349,449.34665773656025
3350,415.50542585014284
3351,528.5358655290175
3352,516.0039016782616
3353,455.22800241712577
3354,421.1159532024752
3355,454.7536807401823
3356,436.11260881482
3357,506.0795854211409
3358,468.2240481413334
3359,433.4583924747387
3360,439.2381861438239
3361,436.7674625482583
3362,532.8372084755838
3363,465.7764648387595
3364,464.3081262443218
3365,471.9559220671834
3366,476.74570954089756
3367,478.551408926033
3368,486.8312895073635
3369,389.7373071631129
3370,454.762723978588
3371,451.1863865514799
3372,435.033966784979
3373,433.9702013487563
3374,462.2628229210568
3375,387.0039408404447
3376,492.1015075530024
3377,439.48523294091575
3378,392.8399377802413
3379,394.50861637517056
3380,379.6117389628948
3381,486.0632009147851
3382,415.22832418716604
3383,413.502676644431
3384,413.1101439488257
3385,414.0060367805727
3386,428.7028582717764
3387,482.31694585885253
3388,486.36336261074865
3389,550.0683595160281
3390,471.9481524949799
3391,414.38160585687353
3392,468.8695397575059
3393,475.0025630398643
3394,418.2879950831436
3395,505.9632202257028
3396,429.53576662058487
3397,446.5198388542683
3398,413.50013242070617
3399,451.5839541862395
3400,487.8402823514022
3401,483.8541702083487
3402,446.3872152260849
3403,516.2711581182699
3404,454.28831992485004
3405,445.8697864618471
3406,401.9708159959813
3407,428.8198261169757
3408,448.3475310981122
3409,519.9301513657083
3410,427.231789344809
3411,456.0425520513106
3412,459.40127826755736
3413,442.06884480964277
3414,454.7143401302739
3415,448.9146133075591
3416,443.41716251362317
3417,488.32563021704146
3418,411.58609792490836
3419,379.58167157539117
3420,406.70158999082037
3421,435.92995059353507
3422,445.3681806596885
3423,414.5894924260706
3424,448.9809034221819
3425,395.9856278524908
3426,422.2599876516514
3427,486.38243542213377
3428,489.1735703919401
3429,468.22067940041046
3430,395.43426133453715
3431,434.80109679851046
3432,443.1562491248856
3433,415.1666222227447
3434,444.925788312612
3435,502.64234813861475
3436,461.9744587085919
3437,437.71607797899105
3438,391.69363353694996
3439,444.9867162754437
3440,406.72983387103454
3441,467.40601313983626
3442,466.5020160292162
3443,418.354115920085
3444,465.7431275454404
3445,443.79017911368186
3446,515.1700659506089
3447,568.2254245253595
3448,481.5503687451482
3449,428.4957390998751
3450,453.13752764718447
3451,508.07434498164014
3452,428.4290220635752
3453,424.63433903086064
3454,454.8554086613102
3455,430.26398612312636
3456,463.1329810937791
3457,414.86481260025363
3458,433.1479470069484
3459,440.9789993265423
3460,483.155517985149
3461,433.11005730821466
3462,487.37391584702885
3463,395.2623562597294
3464,428.74940889172393
3465,474.2370720216586
3466,377.85865370089346
3467,413.4505218461166
3468,391.52687476809075
3469,446.3864577922652
3470,420.760517582468
3471,481.20948157907077
3472,437.21659624018173
3473,402.56759934155235
3474,407.2303291910354
3475,475.540066954315
3476,459.0839932197734
3477,440.3828694149976
3478,451.15920902199593
3479,510.20026679759
3480,462.34606810477413
3481,476.59779264557574
3482,351.66102725947394
3483,390.4236415458984
3484,520.1676026561983
3485,496.3746685010186
3486,454.046313690775
3487,375.3227825205078
3488,404.85996790970387
3489,463.47517811423984
3490,523.974183759786
3491,435.5477851755251
3492,381.6180660962684
3493,469.78948462974057
3494,457.6867424827982
3495,426.7483377829823
3496,517.5522584134125
3497,423.74400582597053
3498,478.2955156011184
3499,434.47431218787585
3500,420.29494890883376
3501,500.6220862175519
3502,423.02404740788484
3503,503.4099672090712
3504,355.075815357562
3505,409.7879765267322
3506,509.5279835492811
3507,493.3753114563659
3508,402.80580488492
3509,418.7171366721304
3510,400.97876370937814
3511,492.18264144458004
3512,444.27130912056435
3513,454.6208675085855
3514,410.45477144925957
3515,447.5710714691728
3516,509.7438052128175
3517,394.8125779948849
3518,395.7843145244515
3519,580.8946114823893
3520,431.0253836621523
3521,451.83123248189077
3522,494.2043589583937
3523,469.39533428279714
3524,465.64391431363373
3525,502.3108221462353
3526,451.72739149502564
3527,475.17662374878194
3528,453.29735831329253
3529,510.8493620697545
3530,474.9287967821786
3531,447.6391862720603
3532,429.0444851626266
3533,431.0959391238289
3534,463.075931140817
3535,420.43708292877506
3536,392.94839356760326
3537,421.2009127408872
3538,422.83172998036855
3539,483.92859072572946
3540,353.9267341594852
3541,393.8209973366414
3542,452.63372229417087
3543,414.5340948851892
3544,404.3478749882355
3545,471.4168468150762
3546,518.7700721390585
3547,498.60420838587197
3548,476.10113286994647
3549,389.4119836561136
3550,429.13184627821516
3551,460.0265634474531
3552,458.03440837538835
3553,420.7730203317855
3554,455.7077947345717
3555,439.14197064522534
3556,450.2941315859293
3557,450.4856410738517
3558,436.53354830802886
3559,400.22490923405667
3560,498.50016794847267
3561,466.73580193439926
3562,462.5472067322093
3563,398.55157048829943
3564,487.61477792697343
3565,412.2213507224921
3566,453.25909795020976
3567,421.8483577767935
3568,430.8048326949843
3569,362.9114223467295
3570,449.6946222852137
3571,472.9134780861708
3572,411.8539140863078
3573,380.947649478435
3574,484.6550826864246
3575,422.41717336305476
3576,410.9382216409395
3577,470.77835455297117
3578,504.26972627693254
3579,419.37501120221395
3580,388.9698287364888
3581,532.5853719212328
3582,455.09344281362155
3583,395.6672340280901
3584,399.46018690222854
3585,417.9122264946327
3586,418.86004709309225
3587,425.4663297848205
3588,460.79539528223853
3589,427.1600956636596
3590,419.2934578553205
3591,485.0855483629756
3592,425.0974189095018
3593,439.5973823579252
3594,376.1097117969675
3595,471.7908641124104
3596,395.180846270392
3597,471.9838084273297
3598,447.3001122935991
3599,466.82092512543863
3600,455.1244795269813
3601,464.3008324473331
3602,383.8261087176182
3603,444.0387368099176
3604,445.51302405013826
3605,507.90708750922335
3606,503.95405486590306
3607,413.67557137507265
3608,434.70201718448567
3609,431.9433717782717
3610,439.08614570184534
3611,467.10811008838306
3612,456.32677910599494
3613,445.1104408901921
3614,481.6271386758105
3615,399.93337682486134
3616,450.6509586333938
3617,437.90273713780226
3618,409.73616849136033
3619,453.2422329850296
3620,436.750646032428
3621,500.29300751480366
3622,497.8321314093573
3623,437.25173275142
3624,441.8419957444919
3625,435.19392866084195
3626,383.49277856963624
3627,432.81469898812594
3628,450.68470903766126
3629,417.5152072498917
3630,450.1310610458044
3631,444.19701357300727
3632,434.70857279792057
3633,486.3092738577091
3634,435.9812158526791
3635,488.63324922235154
3636,464.39297091759187
3637,488.2085691233881
3638,473.5549179953068
3639,423.29625240682634
3640,436.92697443853655
3641,472.1484965249147
3642,444.08698598182156
3643,468.8800060654052
3644,369.3707556675476
3645,415.4882835163227
3646,526.0579303306595
3647,440.96925684421655
3648,420.85622133679846
3649,462.97084450886445
3650,443.8951551578212
3651,449.45400449794926
3652,419.4320254068997
3653,502.2612820949538
3654,403.4762522271039
3655,482.17050102214756
3656,426.6002960440856
3657,454.3651456388803
3658,418.0167577352656
3659,446.75084421925754
3660,471.2845554042452
3661,520.4509222902801
3662,545.1873072739719
3663,386.5234640589043
3664,432.84438770396895
3665,476.28977649859814
3666,477.3741605894915
3667,480.59808522790513
3668,438.32976648626146
3669,452.8940527506942
3670,502.90037747335566
3671,475.30497534076903
3672,421.27275003355555
3673,430.08684274261236
3674,488.34496850233734
3675,493.7665058262021
3676,465.00856291853967
3677,422.5342061997268
3678,383.32200882208224
3679,446.10263761139106
3680,458.52459858201763
3681,447.50864569130147
3682,470.8316412497796
3683,441.8268665302339
3684,416.60210439766223
3685,425.6889470203083
3686,520.0435071975246
3687,475.3342514225293
3688,434.74249639913614
3689,486.1248346978169
3690,488.2386227942567
3691,551.7758841610396
3692,459.01420879939826
3693,428.7952398990805
3694,441.30558582529045
3695,499.8897709956212
3696,422.37967119432676
3697,462.44952240533144
3698,413.0616229407541
3699,465.2345703109006
3700,451.65121675354027
3701,418.2581066554501
3702,519.9274744439126
3703,395.95888299466446
3704,413.22760257315014
3705,394.66384624707695
3706,424.08579514624853
3707,492.8933234841961
3708,506.9711682769114
3709,444.896456567373
3710,462.016998405926
3711,363.53424843201543
3712,417.80970305216584
3713,366.3004684843664
3714,568.7495368208077
3715,452.21617311163374
3716,459.9708030788222
3717,487.22110840069917
3718,429.27617399541987
3719,411.5875403914225
3720,500.21646531080296
3721,441.7202739744747
3722,463.3364147490682
3723,448.6110602234532
3724,490.72394002697524
3725,471.1474936804285
3726,460.7252653027337
3727,510.6061379147049
3728,440.1406359108183
3729,463.4386115141526
3730,483.28493613475734
3731,489.2274104735187
3732,425.6942607734543
3733,443.52532241101545
3734,433.08086421692354
3735,478.58120034396313
3736,479.6384723664151
3737,472.7592929916231
3738,428.08258554293513
3739,500.3262944689538
3740,476.01250471728997
3741,435.221099893591
3742,452.5370618949868
3743,453.20944963039256
3744,401.9739852860336
3745,453.1417227451993
3746,486.40108319060477
3747,461.2179687329451
3748,401.0001404132256
3749,425.7513365795052
3750,496.11461856703244
3751,424.4069807312967
3752,500.743525658252
3753,405.319550693693
3754,404.9899339537963
3755,507.26233175173667
3756,433.878289716287
3757,428.5646035049448
3758,483.67499047285344
3759,508.0936733467811
3760,469.014422230796
3761,392.9382639226952
3762,457.1746374117592
3763,482.6338793728808
3764,438.77372521515616
3765,426.7543308736844
3766,473.8765935065198
3767,459.49822323939657
3768,541.5849476373917
3769,484.07295129666767
3770,438.2198988959722
3771,448.62991822349176
3772,371.0991655248434
3773,345.2149987615752
3774,482.5486722222963
3775,423.8878203847915
3776,483.0247324629481
3777,427.20756515799843
3778,536.2343948479692
3779,392.6318408563256
3780,479.15868581165074
3781,445.94820358148223
3782,447.4043503365448
3783,468.1656781449318
3784,479.9281148441013
3785,394.16876475179413
3786,408.8466608473863
3787,474.64095142793127
3788,482.3063526109226
3789,418.83750070346036
3790,443.35171720538153
3791,418.42203184336427
3792,530.90422447805
3793,438.6647270974165
3794,388.4750183191464
3795,438.31201042429274
3796,463.5099518707812
3797,404.6474691718714
3798,482.0118190309356
3799,514.3696373290361
3800,442.7980995962087
3801,437.23874271193745
3802,492.21116485289065
3803,420.4928895449396
3804,469.7518571470708
3805,429.8017863506066
3806,424.22551054345456
3807,434.47036150590674
3808,502.3031348913973
3809,487.2305383940973
3810,404.0374325076226
3811,419.87869443773553
3812,410.7315658160748
3813,442.52340444146057
3814,507.6685124233974
3815,483.16152816593126
3816,418.1846746217263
3817,445.1269794383554
3818,436.29594316816315
3819,503.12814751595045
3820,436.7892191601781
3821,376.52523051058455
3822,365.5822509137596
3823,412.10429514119886
3824,386.59533516247217
3825,488.90987852175704
3826,467.6176242587509
3827,404.16102626431336
3828,450.5776400262523
3829,431.88349551193824
3830,428.4965872604397
3831,407.3966706506696
3832,425.2331366839719
3833,484.3314912606896
3834,412.9599565716939
3835,464.50401613188825
3836,444.02359274659403
3837,448.55483119112193
3838,466.72160219458686
3839,499.83302627345995
3840,493.38601146007585
3841,393.1153505519987
3842,502.54202514509666
3843,470.3808892371295
3844,472.76040891902977
3845,494.0774023286312
3846,495.3306121729056
3847,460.7899930328116
3848,441.5337925236362
3849,392.3340679078204
3850,354.0616405809923
3851,457.56587236923207
3852,478.02824454862883
3853,457.69755681207045
3854,413.81971771194634
3855,405.4789183275001
3856,458.2359405805946
3857,452.728669921878
3858,502.64266743859514
3859,470.17236849835
3860,423.82265020106684
3861,467.2954751360709
3862,431.41557621350063
3863,538.6582706527498
3864,424.0288437256795
3865,441.29442569663246
3866,487.52011610849416
3867,350.99628622863065
3868,453.8157063762391
3869,429.8564179180046
3870,499.03319709959004
3871,434.34926882047745
3872,454.7288402858561
3873,416.8757102923144
3874,476.22235552749027
3875,492.6212062450227
3876,463.81037501847635
3877,440.57657226222364
3878,420.53855749733543
3879,378.0053523553231
3880,464.7531095555368
3881,493.91606023567664
3882,432.3933468616594
3883,392.28517656606647
3884,479.4045031426178
3885,406.1379240457079
3886,405.0461909215636
3887,462.62449446743705
3888,356.16236440091944
3889,435.6481731588812
3890,514.2428238233318
3891,447.0348757468887
3892,475.90811606430225
3893,472.4575745761599
3894,438.4602175131029
3895,458.2993929664014
3896,403.060630503754
3897,435.2085516732385
3898,462.9386127048672
3899,485.68770803968647
3900,481.2140155709602
3901,442.5101592232517
3902,391.9002030895841
3903,388.07605589585194
3904,428.05131605466516
3905,457.2652988767796
3906,395.68184544309224
3907,474.31506278403657
3908,475.3252261294913
3909,489.5348444156098
3910,415.0830072369621
3911,414.9624964333319
3912,462.5298456452422
3913,421.1770402229737
3914,467.2418576598414
3915,411.2793815707792
3916,412.6915771313483
3917,522.4934311358451
3918,444.9884319859236
3919,484.79671246882975
3920,405.12264576439964
3921,445.5501446287834
3922,448.13411025179454
3923,418.5704686100215
3924,461.6561213143029
3925,454.88168389530966
3926,464.9284850198517
3927,431.05282393987295
3928,458.53034920244886
3929,491.3244781095992
3930,419.64202246983626
3931,427.4590946449722
3932,432.5888845388023
3933,440.47651089916155
3934,451.3699191286954
3935,450.0924424228493
3936,493.3231066845283
3937,489.1896365606457
3938,469.6250016577446
3939,452.1511539343457
3940,397.7521935393342
3941,524.9046015730881
3942,415.432846047438
3943,485.0256060772758
3944,463.8147618674671
3945,423.6123560749236
3946,453.61384421540214
3947,420.6870414714766
3948,485.6445914509511
3949,403.1884625241321
3950,485.05906592201234
3951,489.03998179607714
3952,423.01071441497027
3953,399.08708276361904
3954,436.9944309954706
3955,449.4875308695255
3956,436.82063097857815
3957,462.8202408360311
3958,564.7209831550075
3959,417.1088791394355
3960,383.3982307023956
3961,478.4874109330312
3962,489.9921038542744
3963,488.47669938082703
3964,410.04086474459905
3965,448.34041888664416
3966,403.872410351772
3967,488.08822571909
3968,482.2260451195885
3969,413.3227457029377
3970,433.1638308553239
3971,396.22239701252283
3972,451.69914959845255
3973,452.92445212174084
3974,500.6263734509353
3975,468.0873342515019
3976,449.5711974892204
3977,419.36331761457325
3978,411.9584984576301
3979,459.4438574550693
3980,398.19059703451796
3981,406.7034696284937
3982,427.3542751389256
3983,516.5611555452697
3984,432.52407281828914
3985,443.73538114406307
3986,412.27257916252904
3987,476.8812401672767
3988,431.0377398231784
3989,498.92195149512656
3990,457.03612205052644
3991,492.7665216460299
3992,459.27321181877574
3993,449.0516433328231
3994,452.7930180198892
3995,524.6281205830239
3996,551.9637771398187
3997,464.8972257243091
3998,487.0588361566605
3999,530.9962624132493
4000,392.7681787687876
4001,407.16365698858925
4002,424.6934319903378
4003,487.7349687498495
4004,519.6912924373726
4005,516.7691642676127
4006,459.10792784984926
4007,464.9507063891715
4008,388.14320347794825
4009,479.49988382649553
4010,499.56065823094195
4011,409.58789859072874
4012,431.73044115320135
4013,457.6769702059528
4014,435.71758190478573
4015,457.617157533283
4016,486.63619051923087
4017,532.2393275289324
4018,456.8156944547246
4019,442.68028075254193
4020,461.73185555877455
4021,412.258811412456
4022,416.09428958575415
4023,485.1704824860451
4024,428.9859258856942
4025,390.0887900088995
4026,410.3344585128713
4027,506.20464005692594
4028,387.2550677233291
4029,402.11602005522803
4030,491.84276310871536
4031,444.5668095837526
4032,451.1031825236453
4033,432.1180122640722
4034,414.4302526543442
4035,414.5518340703187
4036,434.7649260705847
4037,482.8216886904327
4038,459.31644655546364
4039,515.7439357686148
4040,481.1205739718157
4041,383.0305386526677
4042,430.46392930623347
4043,464.3211167480721
4044,450.3681914440431
4045,447.3943394095959
4046,405.64256878593284
4047,439.14925141247056
4048,464.9984584087655
4049,451.4677180751724
4050,356.48957585460766
4051,479.4934089450867
4052,500.7677214530006
4053,537.3424004156726
4054,450.3782932036324
4055,515.2130817140533
4056,500.86342569483514
4057,416.7205573614573
4058,505.2900631193969
4059,321.6934291047363
4060,429.02512802265363
4061,494.22348471014215
4062,446.26887492337863
4063,466.1462661029117
4064,434.34482508827756
4065,473.5809992311509
4066,431.3748886491793
4067,420.5806361316945
4068,491.30197816875796
4069,488.7402191071607
4070,386.68696422893225
4071,455.54608918999463
4072,404.49442782425876
4073,480.5416518902202
4074,462.3096486210306
4075,447.9249303713593
4076,451.80403206391054
4077,479.8834449460799
4078,466.6231865360115
4079,485.7275349483222
4080,490.0780290541667
4081,464.44131709248785
4082,488.84866243818385
4083,516.8500397573249
4084,486.81781292086424
4085,468.38780712266214
4086,398.0640971485012
4087,463.67608019734627
4088,507.73510493482144
4089,446.71886473966686
4090,425.8166514400528
4091,450.40989057988673
4092,468.81851045503646
4093,446.0329919687081
4094,415.8217429240431
4095,360.7458920535789
4096,461.81677560481444
4097,446.4365264688178
4098,430.1834764893935
4099,429.43358147330235
4100,533.3740898576267
4101,483.1795657334892
4102,432.0018405428195
4103,511.3890103691283
4104,416.8853346411023
4105,530.7330471175488
4106,416.43999369815975
4107,477.54143905259144
4108,371.93431526247576
4109,474.69563477959025
4110,444.92872214156114
4111,498.5814584276402
4112,453.37555076241387
4113,412.54917007194825
4114,475.9899648318343
4115,503.364838885603
4116,374.7077494888257
4117,463.18570115322495
4118,503.1854197044765
4119,530.5935703530944
4120,494.5719466313767
4121,379.44460546521475
4122,477.44994135988736
4123,391.9917926044597
4124,512.8424510054737
4125,494.75712515430627
4126,424.2467059189615
4127,422.5371564186739
4128,452.53872235791675
4129,478.59835763943363
4130,418.6997775695782
4131,424.8290274126122
4132,477.30788123503703
4133,512.6563443973629
4134,391.48565804438334
4135,400.9373302010799
4136,453.85027762631955
4137,472.37524905708887
4138,529.4705454330368
4139,369.26322798151284
4140,454.0960232054159
4141,462.2824058959421
4142,419.07069402600195
4143,474.83926032759933
4144,465.86845375521136
4145,373.07578878268305
4146,419.8542439989783
4147,460.7704500334985
4148,387.2716875749124
4149,531.1641930540089
4150,453.75669299849517
4151,449.8183848145404
4152,455.0707222595344
4153,418.59441645885784
4154,421.79004342022165
4155,464.1105790266147
4156,460.0064607371558
4157,458.94393663424466
4158,504.65037554660336
4159,451.48423413710697
4160,497.3821838551561
4161,429.1550814642956
4162,404.65595730872434
4163,503.3669870599936
4164,571.6876907897397
4165,371.1531325249186
4166,508.20086986260276
4167,448.3416391869672
4168,458.826219852962
4169,450.73880525217726
4170,488.110051894126
4171,426.44379963603865
4172,471.34886238526616
4173,455.02389094818653
4174,439.9069524941773
4175,477.0174273552941
4176,489.7143566969898
4177,428.4747019010194
4178,485.06659668300506
4179,452.6813107233958
4180,484.61608039207806
4181,429.46878238086805
4182,559.5608416163172
4183,442.8217815249639
4184,431.82931112559055
4185,387.1703035097741
4186,448.907851954699
4187,475.9354703246611
4188,458.88678090562837
4189,490.63418919090975
4190,478.4445036428678
4191,489.61825726656684
4192,404.15893130404913
4193,424.9500702813787
4194,433.96489347188754
4195,445.52401593579305
4196,388.00949110185695
4197,369.8579979251452
4198,463.11063845379863
4199,423.0140707443359
4200,436.23046630531866
4201,473.71356803121887
4202,438.67805748907233
4203,469.490662735659
4204,478.69613077495336
4205,478.5235418638913
4206,418.41311495375606
4207,467.0129463297338
4208,428.2012551811419
4209,454.8445618521363
4210,431.05968843017104
4211,413.848881993879
4212,448.1472947888679
4213,452.1506743746664
4214,388.45475086734916
4215,456.6694885461972
4216,449.1821474008384
4217,457.0288691854956
4218,480.2602648783484
4219,457.3454709012663
4220,414.170854606981
4221,468.41476477705123
4222,471.8987249483922
4223,519.0503729993135
4224,423.8707389543102
4225,438.81658762524626
4226,551.292392947019
4227,519.585225709789
4228,452.65096104506136
4229,463.9110583344906
4230,445.73400206767457
4231,459.512729185318
4232,400.00159769241765
4233,439.67432611604715
4234,469.0664779676686
4235,418.8582969859341
4236,516.5913685921231
4237,378.6249321220846
4238,460.70068230130516
4239,507.9300281249027
4240,380.16190103369354
4241,449.84608175307886
4242,456.7027223112927
4243,465.5234951568213
4244,440.6528311675227
4245,413.7218044870046
4246,476.9127166943758
4247,402.43908814016766
4248,469.2680714162665
4249,410.1655094114521
4250,436.1633544512356
4251,432.19816380052157
4252,433.51662657142407
4253,481.2827303761805
4254,453.8163337544637
4255,478.6664036823591
4256,420.6514955648912
4257,405.3543261794888
4258,446.09747643669726
4259,495.80175143009126
4260,466.35031636625007
4261,466.16006703339684
4262,473.5722176308672
4263,450.58458744512734
4264,487.03130858567124
4265,552.4931302756481
4266,345.3262041265779
4267,420.08160941335115
4268,527.0145665454784
4269,470.42717834983665
4270,485.50485586191985
4271,447.3064758711025
4272,369.2871657674878
4273,498.37117078051097
4274,461.48787884681815
4275,442.56275790455976
4276,388.68276048334644
4277,398.95311404033316
4278,416.9779346100763
4279,503.0786189404424
4280,433.1893941395342
4281,451.4575991357299
4282,457.2911670630144
4283,442.47526571354496
4284,369.7536167082341
4285,470.8682693525999
4286,484.0381914335614
4287,447.3513325373599
4288,460.84919760256105
4289,442.87390511630616
4290,459.0862286270829
4291,400.37445592800213
4292,451.55813052504345
4293,451.97563768912136
4294,471.1871756158178
4295,496.9150964288283
4296,446.5281884575888
4297,415.0740057059283
4298,415.5809200475039
4299,393.8724514205337
4300,425.74554268499554
4301,409.2776325744497
4302,435.7692678236067
4303,388.4294308826215
4304,362.4805067730442
4305,416.55754991484326
4306,422.63013298096627
4307,498.0935632986863
4308,303.58081633636556
4309,521.6220615328116
4310,419.7913480831785
4311,462.0589790819201
4312,433.488660486769
4313,456.8581414510126
4314,550.764374006317
4315,466.3529865552513
4316,450.6971936879073
4317,437.34213938873353
4318,479.2582767146963
4319,420.7124058517842
4320,407.6844473068794
4321,510.6394203960931
4322,427.2505473484464
4323,483.5764223405589
4324,528.0438687137706
4325,479.97056876927763
4326,458.34868541817445
4327,434.27635406692406
4328,414.8751955368194
4329,375.2362161758379
4330,511.07922680505584
4331,531.3604841872565
4332,475.57374889911597
4333,415.18919453535966
4334,523.9865477814974
4335,409.4251709978751
4336,393.97496866264936
4337,433.34531551604
4338,429.93616362486364
4339,434.88969180936726
4340,464.28224341246465
4341,449.31186305351736
4342,438.3742022554627
4343,421.007301205644
4344,436.3738225525766
4345,445.3490089907665
4346,472.0077800821643
4347,509.32301320835893
4348,467.91756099848357
4349,401.39238287156167
4350,489.21066861840876
4351,437.64255870752925
4352,473.9630985288681
4353,491.8853434097279
4354,452.2450369324619
4355,462.8509098747021
4356,365.78112110422194
4357,516.4409316896741
4358,407.8435367225328
4359,479.169663626001
4360,502.61120407912426
4361,410.53098210295593
4362,434.0892083950732
4363,479.48323010733407
4364,460.87131280671133
4365,481.02576567433425
4366,522.3029142558397
4367,451.3696404472051
4368,463.8151847720087
4369,497.8925425129113
4370,428.75963708340953
4371,477.1881278859851
4372,418.84324035039015
4373,501.9186386122365
4374,462.6280294138328
4375,404.99036063004337
4376,474.5359892543606
4377,448.0471736823061
4378,436.50538150129364
4379,439.96725409486635
4380,407.72163176193965
4381,403.4736583104564
4382,444.9154079797704
4383,393.7719344210178
4384,420.84883679776704
4385,473.2660411459822
4386,461.1148353955733
4387,472.0198990984066
4388,466.967992134355
4389,429.9396265887227
4390,382.9950334312014
4391,451.7208888610973
4392,482.82487756219246
4393,464.2822539438818
4394,470.70452511105833
4395,418.1347648978392
4396,452.39147825398385
4397,373.9318638655071
4398,428.9553010940651
4399,410.9751638256874
4400,426.26745769570056
4401,490.547176424225
4402,413.2917739974842
4403,471.92224339605684
4404,392.1921033544261
4405,447.28582710182025
4406,434.76964171593187
4407,405.8238328425521
4408,447.2245264929294
4409,403.46870793599874
4410,480.70283345581845
4411,455.2523963870893
4412,449.9763205862486
4413,478.93234233627413
4414,403.2201269793144
4415,424.0105785435642
4416,467.9638313516049
4417,458.3059579918425
4418,432.3945638450209
4419,370.3872839543935
4420,441.9476778560548
4421,484.68145424477586
4422,422.7495396647605
4423,400.5797858920449
4424,461.4622478552481
4425,520.9375392419415
4426,464.94470669382747
4427,546.5603704047111
4428,442.65552162776515
4429,457.8875171604657
4430,441.7493653242797
4431,450.72923657337316
4432,481.86911788124934
4433,445.0342731857804
4434,420.63302352551807
4435,404.1543236354383
4436,440.20540125175125
4437,408.876471956683
4438,509.845013914056
4439,357.70754897273343
4440,444.01801873039904
4441,468.91966768755987
4442,383.04343693106813
4443,444.5672533435608
4444,462.27422615213567
4445,493.0379241044747
4446,428.45441727427277
4447,464.1141751935031
4448,425.70604220986013
4449,452.729548882494
4450,417.8763735055233
4451,408.24161219061375
4452,555.5329752861606
4453,385.26869132583766
4454,445.43534110221805
4455,392.5578937902411
4456,403.5628810343286
4457,422.56797759875224
4458,402.4163798173552
4459,422.16702219002707
4460,458.18496557823784
4461,465.51375068379576
4462,536.5465540723776
4463,480.4043284025529
4464,445.2057278357856
4465,468.2316386257803
4466,493.01422004597276
4467,439.89468133071523
4468,412.24015570709935
4469,361.6076325031208
4470,516.6831777717268
4471,526.2613935184979
4472,504.47086183227765
4473,390.31539004331006
4474,451.33448118262044
4475,424.3725684845346
4476,487.0732095123182
4477,396.8814166221309
4478,439.74332081330397
4479,443.11302865246785
4480,416.7319487094899
4481,472.22971714454593
4482,432.51866096623934
4483,435.72542535972235
4484,458.5143761318388
4485,377.2250833513038
4486,395.21116271839264
4487,450.2652221057034
4488,416.75014060252704
4489,527.8471749247557
4490,477.91259721956936
4491,455.9665966898209
4492,444.2414618865387
4493,451.4341372272489
4494,428.96029823415506
4495,477.7001102875909
4496,477.45508656942525
4497,434.95061033323753
4498,453.80290518246983
4499,455.7709995220344
4500,435.86899501870147
4501,466.81794321481794
4502,467.2276281639136
4503,487.0910491918879
4504,472.0778626434529
4505,436.3394744629801
4506,457.11852037666233
4507,393.2275964752776
4508,427.88528212302566
4509,459.7246971130198
4510,471.251172760924
4511,471.6721949404634
4512,404.9804428944908
4513,443.5806249326959
4514,487.01847613773043
4515,406.9195360704563
4516,458.8787092381468
4517,437.9550969044809
4518,475.7392248890822
4519,425.80348382575414
4520,491.9993037223696
4521,451.99841557800255
4522,459.66298976353653
4523,478.9515455772973
4524,407.0701518969641
4525,420.7218864864667
4526,396.9802954580586
4527,412.7651324932008
4528,457.0535679370106
4529,517.0931045303279
4530,493.7445134487874
4531,424.2083807604464
4532,437.1511693292282
4533,454.55225216634716
4534,496.76575719372653
4535,521.3175438253444
4536,497.27587454725796
4537,436.1607717713807
4538,459.46200309475284
4539,408.682288492192
4540,402.09030549473397
4541,445.9928933740608
4542,461.78257424273176
4543,415.83953030087093
4544,445.87119488802824
4545,495.4871027851565
4546,478.6754167250981
4547,435.879658120073
4548,466.2878785951504
4549,435.70719823973536
4550,423.0584706863684
4551,475.61543228952144
4552,487.4379573399424
4553,483.7470576529782
4554,463.11069429506705
4555,467.84917656879946
4556,400.63392046911366
4557,452.17185187879517
4558,489.91715905884496
4559,420.5402035078841
4560,446.1913192496692
4561,407.21925731579057
4562,499.4952891315658
4563,380.077245144801
4564,471.4828770270897
4565,490.1243805414744
4566,421.8251816160528
4567,496.81370285004203
4568,432.58372413467197
4569,495.96718038968464
4570,521.192414334169
4571,455.3976119379589
4572,413.0654321592887
4573,470.49422320904307
4574,439.20114185405174
4575,443.9951927614337
4576,458.28803360488325
4577,378.3506323153035
4578,409.80344562386244
4579,410.4910615762146
4580,448.2384708154517
4581,428.923804202245
4582,445.78170911029616
4583,444.1634516952308
4584,373.32639164079916
4585,428.0497214100896
4586,491.6176373086447
4587,444.83712369267965
4588,389.1314915907659
4589,463.2338759181384
4590,462.32719283315504
4591,458.8999822918226
4592,441.6969996371347
4593,436.5035836277828
4594,426.1510868856569
4595,473.9913630402357
4596,506.021178337199
4597,450.95896890231677
4598,407.60753998871235
4599,513.6075724993146
4600,467.4298322553842
4601,459.85506000043733
4602,441.10894394184163
4603,404.64822042967046
4604,451.6586551447248
4605,467.6419088984091
4606,455.6865140591807
4607,402.71700747570304
4608,460.3401801228517
4609,522.3798176169846
4610,431.9066249801347
4611,490.3603128850286
4612,447.4762632756722
4613,469.17976355194816
4614,451.9638715594199
4615,446.5791539174272
4616,519.3489104277764
4617,442.13528043203286
4618,386.50009275503754
4619,467.97981349632937
4620,410.28820630973956
4621,443.29906975696923
4622,379.22089382231593
4623,477.3817318210833
4624,453.36944382668986
4625,374.56913810821953
4626,471.75033480340556
4627,466.05139508170925
4628,470.2753095024798
4629,424.5949446240716
4630,418.3127067823861
4631,448.7230257235504
4632,443.14006730939946
4633,354.13964320680407
4634,425.83828337601017
4635,430.76265096860146
4636,502.6362138944155
4637,456.4242913106693
4638,436.4354695560066
4639,385.9652761058302
4640,445.55659364648596
4641,449.99257415742534
4642,493.8390070873992
4643,375.9760402614681
4644,437.90447424068054
4645,508.24019349883207
4646,399.07393842521697
4647,425.43277547807213
4648,501.21670748293343
4649,530.9749939387532
4650,371.39432197970257
4651,412.53943509651003
4652,470.5692164241555
4653,445.58213580682946
4654,470.1076257835025
4655,419.64830257834444
4656,454.3587790281739
4657,463.8212754045015
4658,532.8017005069444
4659,465.3422883644948
4660,455.44699090911917
4661,411.46255709985877
4662,408.3867876989853
4663,560.2312437511202
4664,524.5211185719402
4665,528.3812264795885
4666,446.31298307603896
4667,440.5961049294476
4668,438.92812610250496
4669,442.33909394474125
4670,437.18075149393326
4671,466.56087661617903
4672,437.10589029924756
4673,491.2681449290137
4674,431.4307883733878
4675,471.43406754343084
4676,432.5777590142745
4677,445.6794268080636
4678,419.943693194886
4679,514.4991758376092
4680,441.4096618074395
4681,483.94269989721965
4682,527.8338690084714
4683,492.5146979747928
4684,424.1437445102825
4685,440.14114573352396
4686,470.2430720740422
4687,350.95392070712853
4688,502.44613504708
4689,481.6873337849547
4690,490.1985702806344
4691,389.0331792726023
4692,423.50291322327473
4693,427.75512335956626
4694,419.7192328042703
4695,450.7505693722242
4696,403.7014235069835
4697,461.9109426318265
4698,492.21131422126655
4699,459.8700859979584
4700,470.24408932602006
4701,479.350297404072
4702,516.5115550103646
4703,306.4662498292294
4704,427.8187261284532
4705,428.6495460576823
4706,475.3146147940402
4707,507.31726589368117
4708,560.7831069557037
4709,483.06931155075006
4710,478.88206014255593
4711,415.92926067873736
4712,468.0641887747836
4713,442.2730292892236
4714,444.93741486651004
4715,418.02538705537603
4716,578.3072267162391
4717,474.56485423814934
4718,473.1349428371283
4719,461.0599199599431
4720,425.9707868098032
4721,432.61266435684223
4722,342.64790858996656
4723,458.4532697941096
4724,475.5071812148313
4725,482.32102614954925
4726,437.5863345813222
4727,518.1235575389849
4728,459.55471154955336
4729,370.32227545546783
4730,425.98465638286115
4731,498.71393404781213
4732,480.2787398316178
4733,404.50071732908265
4734,525.8318115928162
4735,430.6210695903154
4736,441.12586420843485
4737,418.8402467832618
4738,501.30102043734115
4739,453.11680397851177
4740,485.8302092770389
4741,413.405660090822
4742,496.0221869180071
4743,414.76001528375974
4744,470.4853670809168
4745,508.1731051930281
4746,524.0838804208308
4747,466.95778091758615
4748,458.27128739173855
4749,510.0640064943508
4750,491.8938910009078
4751,460.8150569222213
4752,503.0186422393156
4753,455.80535575960334
4754,532.9692466756397
4755,458.9600123682188
4756,435.75881097777153
4757,419.4410250874011
4758,481.8031732953003
4759,460.3204414538823
4760,384.40807330838163
4761,463.48305310338867
4762,487.2160593734344
4763,486.83803969586126
4764,488.33249509516406
4765,446.3447329777836
4766,483.0258810617024
4767,491.23601366399186
4768,429.0893278665115
4769,518.7297095019412
4770,453.8615940613703
4771,428.09414022191675
4772,485.32339500653114
4773,403.3857893931072
4774,473.0322667444418
4775,528.8502576956038
4776,437.61578066226537
4777,435.3266439068379
4778,465.7097737434819
4779,495.58602954401795
4780,410.85223869749575
4781,394.20933654887534
4782,418.6793176103598
4783,490.36165234209534
4784,566.1799176543819
4785,440.76596712095096
4786,432.5509603530657
4787,452.13209081129577
4788,414.22413263604864
4789,385.7332992463256
4790,423.9538550586028
4791,395.0441930568691
4792,464.3975931351393
4793,377.9636668707059
4794,463.1609640153883
4795,514.1081802353175
4796,419.1718446656414
4797,401.89534079958037
4798,385.2514365283865
4799,526.6202671798827
4800,430.72187296750883
4801,508.97086350839095
4802,461.4445268959494
4803,502.48119180123365
4804,447.2247081679796
4805,486.27606376625744
4806,385.8543936131074
4807,499.2577871369197
4808,423.92120403948394
4809,384.3321271444681
4810,483.7893440658578
4811,390.2065622613814
4812,403.6274424373165
4813,488.47221172234845
4814,451.4984929153647
4815,482.92683501174776
4816,412.07835683097005
4817,358.039981778291
4818,421.554385741588
4819,444.9540448132387
4820,407.20281714576834
4821,418.5411558564829
4822,458.98373716059126
4823,423.3038462120255
4824,472.0864332402627
4825,543.6272856212967
4826,426.05808991354985
4827,426.0889229060727
4828,444.24340147083905
4829,495.6560866780923
4830,443.96559273795503
4831,407.8641913115387
4832,459.51554739518195
4833,416.2958166009863
4834,416.1193300316822
4835,407.2699492643635
4836,401.45713563529296
4837,415.3063262655874
4838,486.1212356248916
4839,471.28034583122684
4840,402.0959442364319
4841,483.9238058550562
4842,435.5255127130376
4843,432.19261412154935
4844,449.53063129662075
4845,477.40387718407817
4846,419.3357239260119
4847,449.732189262023
4848,463.0949128382191
4849,418.9124721986911
4850,460.92547168067057
4851,401.26280795481716
4852,494.11470307250954
4853,438.01316864343465
4854,389.6454731893913
4855,451.8705369506365
4856,486.10156535214287
4857,548.5403152305348
4858,434.1915088765476
4859,415.72432401942757
4860,396.83010315879733
4861,569.1758534456301
4862,507.5551087254482
4863,446.9687121462147
4864,450.52777908613535
4865,409.47436891384797
4866,470.3881504243038
4867,475.4677537081523
4868,499.0025573733122
4869,445.8887998722482
4870,456.86540090584845
4871,432.01045403259815
4872,473.8054416254467
4873,566.7144982833993
4874,508.073992506342
4875,462.52058565459964
4876,439.34363482985896
4877,470.1318595830257
4878,458.6860096173825
4879,453.5550953547068
4880,490.8537399819161
4881,554.8149105146339
4882,451.13510593566497
4883,453.3887999910913
4884,458.07910897937234
4885,421.1022681652057
4886,392.1646588585563
4887,434.27198963461035
4888,445.4884155943647
4889,439.48047092767183
4890,418.58785118574093
4891,504.16575381889044
4892,487.84191879347867
4893,496.6157128302219
4894,422.68757787602976
4895,465.24362044093175
4896,464.8920421614861
4897,476.81657588390317
4898,463.57602441029564
4899,462.0126634451987
4900,466.7141272836449
4901,498.77680178444933
4902,392.04817410158336
4903,408.8059082736263
4904,461.2269527266913
4905,395.4217842984046
4906,430.5521535697167
4907,468.7304512110511
4908,386.9293239932543
4909,446.54855095449784
4910,452.77170895920773
4911,479.36377336869253
4912,519.4854166624426
4913,433.41078597712163
4914,427.23956444724894
4915,498.2939699861673
4916,491.17007967879215
4917,504.69831008691403
4918,500.7954377656424
4919,369.19382412404946
4920,402.6458536923701
4921,470.73202115736444
4922,488.9997309555117
4923,405.4834928198377
4924,464.48566918384887
4925,389.3985325246463
4926,467.83894314262164
4927,448.8923124093734
4928,439.3983107089024
4929,471.2222467347246
4930,407.19799728235785
4931,504.4845165494262
4932,542.9417613749039
4933,457.52356310834045
4934,431.9871060392425
4935,507.58269555087935
4936,423.2563109528143
4937,391.6192612141599
4938,448.70990177072315
4939,453.48160242562767
4940,500.664213618365
4941,561.2844175497885
4942,484.4225711410305
4943,438.41819012251784
4944,428.9155539700922
4945,443.53570321179177
4946,455.72653094244987
4947,474.98501912807654
4948,398.0712127798657
4949,471.6018613999313
4950,445.87436505207216
4951,508.62865044253107
4952,431.2890185102619
4953,474.6975993701394
4954,462.32691661099227
4955,432.0559780016428
4956,444.4165545461375
4957,444.07746951982637
4958,457.9807131074754
4959,386.7934653710343
4960,510.69770066473825
4961,525.2974521267611
4962,414.46715389633556
4963,511.5676671864274
4964,501.6942012929449
4965,371.01400485639107
4966,356.5691272236313
4967,387.2417142347342
4968,472.3853252716002
4969,417.9471921815271
4970,432.90099701271384
4971,466.84724204248215
4972,394.68375904216185
4973,493.4933137560144
4974,426.9323029785043
4975,434.5568470318651
4976,494.71027943263084
4977,465.05065882361407
4978,477.1084693366253
4979,447.8233129645612
4980,407.0816601912341
4981,480.46135802190065
4982,440.7364710614332
4983,446.9100321216002
4984,398.6146761904291
4985,465.4057750879677
4986,408.17608368191117
4987,426.46505004306164
4988,461.6664272085545
4989,446.9772752294153
4990,416.4621020956979
4991,426.3976238021386
4992,415.0411892776617
4993,414.59501859753027
4994,405.4196955205063
4995,477.66641949654485
4996,484.18753562530816
4997,501.78601390957806
4998,449.73268426244186
4999,467.65831881254996
5000,475.2172509632435
5001,466.01820232205665
5002,433.12060632502295
5003,410.4066316130944
5004,455.24624236531247
5005,402.61088788804256
5006,377.47999031761645
5007,432.6998632606012
5008,513.357987818479
5009,486.5403620107602
5010,461.2805484814683
5011,525.2641622831726
5012,493.5207603347994
5013,442.7076632789079
5014,477.99284168880854
5015,431.2326077650988
5016,497.9376457763757
5017,389.19919499254496
5018,355.48446211794305
5019,427.95950149827934
5020,391.3993766489883
5021,418.19366480078054
5022,442.6754468737199
5023,415.0037895307944
5024,369.35582086597424
5025,447.27951264868136
5026,453.53557385355805
5027,506.2524607609136
5028,426.9016333785708
5029,433.219693489668
5030,477.1334675197148
5031,467.9012341716082
5032,464.42460483684744
5033,431.6011318109229
5034,473.6946966337835
5035,458.9715282215913
5036,470.3425478810304
5037,465.198169346054
5038,409.06017406134043
5039,415.2829312337575
5040,540.2870354383011
5041,460.4270905288273
5042,407.69654319168546
5043,440.7717390566465
5044,400.33736042457895
5045,423.272461684508
5046,492.9273651312926
5047,425.660871145075
5048,458.8508255680243
5049,390.34800214295205
5050,467.1162222332092
5051,411.722257290409
5052,480.65750809705617
5053,486.74804041650515
5054,469.02998105312747
5055,433.1434781113306
5056,529.269124252411
5057,440.8685272851273
5058,495.65509640589636
5059,385.03758033392097
5060,502.1407536945095
5061,485.0519171244775
5062,532.6668961793854
5063,400.73154021173787
5064,413.333564892894
5065,461.1644030769064
5066,385.72208317937793
5067,392.25540476854866
5068,431.6983735704082
5069,441.17971187829556
5070,450.0584610332811
5071,436.51848055251173
5072,421.47594718433675
5073,418.52177949287676
5074,435.03947871721766
5075,413.8551985776494
5076,483.07872457383354
5077,458.66645386734405
5078,477.913786980768
5079,449.47010725673437
5080,433.4147145789219
5081,470.4401494054533
5082,478.3794902901571
5083,552.0308498607034
5084,468.65778230923985
5085,434.34192478401985
5086,436.8693824855681
5087,485.14412002601193
5088,429.3944152266932
5089,445.1381635854786
5090,465.51129514431375
5091,418.4007496278594
5092,443.9300806369959
5093,465.5694537435457
5094,363.2750170754571
5095,397.21793014181617
5096,453.1984041393136
5097,479.5831542641825
5098,495.17607590981083
5099,388.947116721973
5100,533.5559584835037
5101,461.0651720373857
5102,453.37688050118976
5103,465.54190228686764
5104,414.8623044289967
5105,486.28157663571545
5106,451.89671536708715
5107,468.91937106452997
5108,469.559116651261
5109,518.7583819419841
5110,414.8971591509891
5111,467.036544737989
5112,515.4706050116699
5113,411.25193245320867
5114,416.2238789505482
5115,441.2335079075739
5116,452.395756139016
5117,544.3373814990313
5118,479.34016304249144
5119,453.43792619527835
5120,438.88714100237917
5121,485.3643078962976
5122,510.8378886681812
5123,447.98373021708676
5124,437.7275935850129
5125,463.2293738707792
5126,467.14735537341335
5127,423.01579772948213
5128,430.81281809516327
5129,439.69025648132975
5130,441.69302689796723
5131,450.1610305434488
5132,508.52883245522486
5133,515.0640820820727
5134,427.4454789358737
5135,441.20501333541944
5136,426.97724653767665
5137,483.2050042655316
5138,435.4037303540889
5139,487.7448114833274
5140,444.8138944104975
5141,470.13605786014864
5142,402.1047406360687
5143,413.197038904861
5144,476.5384201996348
5145,439.20529991639273
5146,440.3474966517833
5147,492.28318405872614
5148,433.4797983994523
5149,482.70547687066096
5150,397.6071448076594
5151,411.20878107716777
5152,486.55811518710914
5153,514.5246572525326
5154,440.78733214751185
5155,444.1613742831358
5156,471.1592346333415
5157,413.5816340386678
5158,440.27443891391385
5159,473.6302818412096
5160,499.0382765707096
5161,437.8173246403027
5162,470.0536865139912
5163,496.8625776600305
5164,440.6622079775122
5165,429.7698010456309
5166,532.910637245543
5167,499.26436281984314
5168,503.0618717007344
5169,491.47676554739905
5170,474.1744988495624
5171,372.8925196138025
5172,435.2837341582952
5173,438.9129602618547
5174,371.7394538984422
5175,388.61525242985067
5176,487.6417714325914
5177,459.089133440443
5178,478.52803634980233
5179,391.3034134009191
5180,447.98089906163443
5181,480.0745012459717
5182,453.4199252912442
5183,499.9916291827434
5184,420.6840337461413
5185,475.9970227800287
5186,461.0145362779757
5187,418.9827308964598
5188,471.7766569521596
5189,433.958832279464
5190,447.393906201532
5191,454.5657635948787
5192,461.23083582544047
5193,482.59987788387616
5194,427.0891939266741
5195,495.66332870904057
5196,434.2432818725288
5197,413.4719405722341
5198,465.0224595214714
5199,452.8665770476961
5200,455.30994939298847
5201,440.7268626925011
5202,417.4787037815803
5203,445.1455443331546
5204,463.9821207263313
5205,416.8365447783013
5206,467.1426215893013
5207,411.2212230966334
5208,475.4100189551841
5209,397.0803644102909
5210,448.0356607854609
5211,478.54455332488413
5212,419.2726607937679
5213,465.9077361138498
5214,471.33227540139654
5215,444.0378844967974
5216,447.16017918846626
5217,420.48543652801897
5218,383.47482662204493
5219,438.68896031565055
5220,484.7643943990514
5221,400.4845510965641
5222,446.09640641868896
5223,492.77797048296435
5224,397.2711414051947
5225,474.8291938653817
5226,470.277726117703
5227,409.25566677341413
5228,534.0256537182904
5229,488.452442043587
5230,489.64257885654433
5231,516.0589105778004
5232,434.87094722479674
5233,479.0967495821334
5234,412.6541793699889
5235,479.2324533791541
5236,501.72179369738734
5237,445.1849728940229
5238,410.6863992711835
5239,463.2484727556211
5240,476.4725774808529
5241,444.7490640392303
5242,479.33423266764646
5243,442.2384335005414
5244,430.4418761493142
5245,473.88202619630505
5246,499.78499484651337
5247,417.29994377542505
5248,511.66451312863444
5249,441.56772141026556
5250,490.9734967915492
5251,456.8880974402051
5252,447.82130070609855
5253,524.8776213135452
5254,466.62868748498767
5255,425.1168678418514
5256,400.1435378934704
5257,508.6440530507971
5258,462.94279316551666
5259,467.2380008313482
5260,456.3643977137607
5261,418.9315630207987
5262,413.7631587039266
5263,444.74062796352894
5264,462.3814129007408
5265,487.391172774912
5266,390.86211616222323
5267,477.7495824045085
5268,422.03904043182047
5269,441.05486290708376
5270,445.9199840301257
5271,432.5459516585165
5272,415.736756616978
5273,482.6981614633516
5274,432.14894083880205
5275,405.8984350915995
5276,441.95527769001893
5277,474.4401180873627
5278,482.3664911131007
5279,414.72065862973983
5280,458.8130353051421
5281,415.9358543400957
5282,497.6439750208686
5283,435.1053451083545
5284,387.7051864569956
5285,443.628222280181
5286,439.1917398257589
5287,422.0386780036063
5288,403.65282866368125
5289,449.85729118739886
5290,433.62207019455866
5291,471.58308637348125
5292,459.2963131798506
5293,404.02068673258844
5294,439.3294029351199
5295,440.96708107024415
5296,444.8825585791098
5297,435.91997950357
5298,461.61517635053264
5299,476.41221569335187
5300,460.26583471280264
5301,535.0196233295889
5302,464.2927506066939
5303,382.56934516909126
5304,446.7405511331362
5305,465.35761487005664
5306,480.36576160668005
5307,457.8005043218793
5308,406.371738787846
5309,476.33613995161454
5310,493.3722404668405
5311,430.13896943065225
5312,475.9829082044111
5313,458.161497278063
5314,491.2590849668967
5315,501.4256418514067
5316,531.7515871108449
5317,485.9133970095207
5318,509.5707340837893
5319,462.63109158017494
5320,456.660176925329
5321,482.52565649462485
5322,462.9033035177406
5323,520.9713340550054
5324,424.4462159482571
5325,467.8419786642358
5326,517.032731083903
5327,411.1443203708926
5328,443.9463588963826
5329,426.95447950003773
5330,436.79095976584927
5331,428.3449940786387
5332,462.7058964100495
5333,500.4977190037591
5334,504.79450039496635
5335,416.1619847351716
5336,467.6078530161046
5337,458.3581365544511
5338,477.9377032797065
5339,466.7236965899092
5340,450.8999688719032
5341,439.49258595938966
5342,472.94581641354597
5343,439.17351379287624
5344,481.1663798720971
5345,423.556361286253
5346,358.81733657480765
5347,441.5896281883087
5348,437.5193061829597
5349,497.20082008622023
5350,433.23731276603945
5351,472.3405265548004
5352,375.3532291303728
5353,401.3211351456594
5354,419.10651620363586
5355,429.9632995972886
5356,489.12588763963606
5357,368.75665527237066
5358,501.418232730383
5359,455.5446947479063
5360,432.48243740875415
5361,381.6701973676383
5362,413.7111773510383
5363,393.70145603627617
5364,413.9266168134227
5365,465.5799578040708
5366,456.0604643011682
5367,461.93114002452705
5368,444.2530139421101
5369,456.69330265081044
5370,459.33799236300996
5371,449.93249117746933
5372,483.9700526592099
5373,423.00267273353
5374,471.26229539447826
5375,431.0680761139737
5376,450.6120978710696
5377,433.24538272790073
5378,509.1288645266227
5379,428.93078056422354
5380,425.05210306360914
5381,431.31417084474595
5382,521.944486005839
5383,444.3272236135317
5384,458.8217888851769
5385,420.16053855689137
5386,528.1173750854541
5387,541.6293806246049
5388,488.5850810600643
5389,455.0031208572024
5390,480.8072732678557
5391,500.55789531193295
5392,462.3695835875378
5393,368.7888772232602
5394,478.94396857595086
5395,456.5127071806523
5396,414.3991715814767
5397,438.96734307981546
5398,480.2514944337828
5399,386.95226921858284
5400,493.49041840959563
5401,366.70913492184997
5402,488.42225051819867
5403,450.81498963574677
5404,422.40571216642246
5405,406.04757488794473
5406,440.7753568806325
5407,395.9417423089364
5408,436.55120794617375
5409,444.40233443166636
5410,407.75530381237235
5411,442.5073304185487
5412,386.2427676898084
5413,482.7484859206006
5414,451.56430191766185
5415,435.9898110695102
5416,492.9624176158719
5417,406.69882856897283
5418,466.8485088444614
5419,479.2187857602729
5420,382.724364604075
5421,399.25348257786226
5422,505.92726689607605
5423,436.26462669606246
5424,494.6440585930285
5425,450.2059913378272
5426,453.21834859820956
5427,495.08892452501516
5428,437.4223591931044
5429,468.20026243119577
5430,474.56170296454655
5431,401.5363684081633
5432,426.46840692244666
5433,439.88921648386804
5434,436.57053781459325
5435,527.6192397715879
5436,494.117950330995
5437,504.21325421649317
5438,476.1615305569952
5439,505.80488787517976
5440,466.88690878168524
5441,448.12398292299895
5442,468.6447838014954
5443,449.6778026341663
5444,436.134310252782
5445,483.7593714287316
5446,427.5095538529435
5447,424.3162542268856
5448,487.81962571103617
5449,408.45945185632957
5450,454.62319648143495
5451,400.32198057091966
5452,465.95943985588247
5453,464.5328617779876
5454,414.1926451539924
5455,396.94112072192587
5456,469.3012385855063
5457,471.68862598354144
5458,468.9522437489178
5459,425.7076506495438
5460,464.66948622145077
5461,492.7324433315785
5462,423.24568500786376
5463,369.40953726910516
5464,458.3591285653797
5465,469.3010997931952
5466,412.79410011170336
5467,493.8780656524622
5468,465.83546763143335
5469,462.09667281980387
5470,483.15305101425446
5471,434.22409787445616
5472,493.76094710819785
5473,500.8060090739435
5474,472.7751583495618
5475,419.6867024003467
5476,436.1409401529833
5477,388.40792004575746
5478,400.23704845812466
5479,417.0788971612211
5480,497.88989362208514
5481,421.0349691178063
5482,460.1236738133837
5483,463.7469517427542
5484,476.25810940984087
5485,439.08425765326194
5486,430.2375943193038
5487,468.0298634368621
5488,436.40346819801135
5489,476.74344446899084
5490,548.515381050919
5491,438.3211277946862
5492,456.3291340627497
5493,451.6603418029031
5494,452.1064123155125
5495,520.9545341751814
5496,459.29894648379536
5497,436.8479874703247
5498,512.645679491407
5499,493.7145627664044
5500,421.79372326200826
5501,456.33612966284124
5502,518.2550402808166
5503,429.08127508903806
5504,519.2156397689095
5505,427.6902543489055
5506,358.1676329776366
5507,466.1019824759778
5508,502.8050572186383
5509,499.20298729893227
5510,448.9535722438183
5511,416.7847870363657
5512,522.6861002050861
5513,426.2502354270434
5514,492.7565269286773
5515,469.2546726805454
5516,424.3518567327934
5517,539.0552395173074
5518,486.5864004395704
5519,424.65460467415693
5520,424.1224524646142
5521,441.4339543431332
5522,409.5406972123323
5523,455.6774341439526
5524,432.9541108410105
5525,402.33680904850826
5526,485.54704235019113
5527,413.42758133459057
5528,429.8706770723455
5529,450.51255471033636
5530,456.0562202948531
5531,481.981159502573
5532,436.3234061913403
5533,485.9871048478809
5534,448.4137361436369
5535,416.7620170584251
5536,409.70859444032055
5537,473.2618798750588
5538,460.94819342536636
5539,451.4250059170592
5540,471.7783203419396
5541,482.1223247595381
5542,466.26597253015245
5543,392.17742047453874
5544,462.11253516247683
5545,479.6997348530486
5546,478.9468636725095
5547,475.49840484232703
5548,531.3226271442105
5549,440.62710493199296
5550,349.461704131481
5551,438.2476730067073
5552,447.45780858774503
5553,432.8698608967475
5554,446.85541968355255
5555,465.7598858042578
5556,519.0837715194899
5557,365.1234284739749
5558,433.50053030615146
5559,436.9681945494442
5560,487.4129578154108
5561,457.5722624732591
5562,419.55187408263293
5563,457.2989802285999
5564,414.9775858165044
5565,455.84107277350296
5566,472.5946688569117
5567,495.36925489127043
5568,434.9961037158503
5569,469.3057025386124
5570,474.64031927511644
5571,445.50920917586836
5572,433.4629713204776
5573,442.3567593331031
5574,476.5125179372654
5575,471.24798429354945
5576,422.53122455872403
5577,437.780084836978
5578,441.313493379697
5579,401.11621970961306
5580,440.017284633068
5581,462.9215756632576
5582,400.182800447762
5583,507.07676890924904
5584,464.10141240112745
5585,442.12606295250197
5586,416.1670342550977
5587,529.0254549550682
5588,456.90084736785536
5589,448.90409047031324
5590,426.6962785811951
5591,467.5402757546925
5592,452.62891273186256
5593,493.0820096878495
5594,444.44287415883076
5595,492.3746975825449
5596,465.09549162970745
5597,543.4525798757884
5598,491.3069292890153
5599,486.66158784445645
5600,457.562816471565
5601,456.3659091944715
5602,423.9853893502355
5603,428.07427179048597
5604,456.00707023258565
5605,466.39061775903997
5606,425.762882842902
5607,366.3815552203626
5608,409.2141365111452
5609,395.89907297675825
5610,487.84275940833174
5611,463.72488418185793
5612,509.62923154429114
5613,481.9607030831279
5614,464.62566048927863
5615,422.72539397193583
5616,420.91090237374436
5617,463.0882293557974
5618,467.8724927475345
5619,503.7638659598517
5620,532.3000007007773
5621,568.1042988840857
5622,447.4435485389485
5623,411.2905520452411
5624,432.6019478451016
5625,395.2156408074863
5626,491.0771734775993
5627,390.9517992766604
5628,405.8912225813257
5629,470.66583345244555
5630,417.59279022184955
5631,407.6629781212319
5632,388.21843811124523
5633,384.02155386324586
5634,435.7426707319028
5635,462.27358082316385
5636,438.22923426977576
5637,447.6472900532673
5638,477.8213776025918
5639,471.0653384951388
5640,424.0524868499965
5641,387.59011060991133
5642,413.4410469954226
5643,418.54152228861324
5644,462.94219736667065
5645,526.0778478266672
5646,468.5557452635682
5647,453.28849294999077
5648,467.21733085901775
5649,484.8416503313223
5650,482.29188703322166
5651,460.5745753571056
5652,419.9530608998928
5653,414.3051266373366
5654,536.2932354597832
5655,428.62915879184345
5656,517.3697605161283
5657,462.6001402743401
5658,409.143098358225
5659,526.4584836598514
5660,504.3472743678797
5661,458.68238654316497
5662,423.4799581179801
5663,454.76832409698545
5664,421.0365597609261
5665,454.0319046721862
5666,402.4730169296855
5667,465.3051216871573
5668,485.22829570553654
5669,445.2419399639528
5670,441.0417987658233
5671,522.6620191381911
5672,355.60072649979145
5673,490.13514404068013
5674,458.88862583943234
5675,427.6537114053854
5676,456.56201524947124
5677,408.065007329541
5678,471.48194999038344
5679,480.4881523309361
5680,514.3577110104918
5681,431.35662368859687
5682,426.1456324514754
5683,459.23641336117925
5684,423.58833468685464
5685,438.73195445724076
5686,492.69639090444593
5687,453.6661126830188
5688,433.11529327917543
5689,453.7889757465652
5690,462.2424056343963
5691,496.87471038058055
5692,461.39303990581567
5693,407.0221438394211
5694,496.1232630324742
5695,428.02904079375315
5696,405.98279798509304
5697,406.6815398087454
5698,458.26400218637457
5699,461.0878734511531
5700,464.1156245671966
5701,505.5080640130642
5702,416.08295803690834
5703,457.87733461906805
5704,434.2611087679813
5705,428.9327131868704
5706,501.94257078546684
5707,450.01676947675253
5708,456.4173386789255
5709,423.84308502871824
5710,434.7029733560318
5711,482.8531584231876
5712,415.0343669374548
5713,418.1904546980153
5714,549.2325081354029
5715,490.2688994435735
5716,419.116156542044
5717,448.4840576772003
5718,511.07655412360657
5719,405.2870677724089
5720,455.0053429992404
5721,444.1754006137858
5722,418.66796627918336
5723,417.29625005458115
5724,456.5808228364986
5725,487.17899286001386
5726,428.5157616866048
5727,409.4686153064572
5728,468.6658420429755
5729,490.25791110758627
5730,460.94813864840614
5731,449.1609385974528
5732,474.5461999526266
5733,409.51083753452895
5734,418.82320772258254
5735,436.170281118115
5736,501.64643724976924
5737,445.8833716188834
5738,428.4902343350538
5739,485.20827600214204
5740,463.2940526217664
5741,472.4549135534817
5742,439.41327825501213
5743,435.0767306193427
5744,397.15185340267453
5745,446.2735877313778
5746,415.71714267719267
5747,493.97872625521836
5748,470.39637197685795
5749,439.54663309171445
5750,411.4976125620479
5751,426.7771131526656
5752,452.31251045350194
5753,426.76786354779995
5754,542.0179856727286
5755,467.88899098172016
5756,458.01093604977984
5757,479.4200504129618
5758,466.96249090546905
5759,516.3538879948596
5760,468.86901606063947
5761,387.799048879216
5762,430.5503629823293
5763,457.3979536366093
5764,457.5710484225696
5765,436.0233041609955
5766,431.5015587072224
5767,396.94859278012353
5768,506.1704313084164
5769,433.13116991613856
5770,437.7100634549037
5771,438.89882983924235
5772,481.69024325872664
5773,503.99267025839595
5774,390.2399077538766
5775,412.60733680581336
5776,480.6716720289334
5777,403.4375099304935
5778,387.25673472178545
5779,446.4415841974629
5780,474.23049842244853
5781,388.89057769404803
5782,463.8949328410505
5783,441.3961118891511
5784,436.6726416454302
5785,421.39250345535913
5786,422.9144550426792
5787,459.25417877193456
5788,449.3116047675522
5789,417.37341842887736
5790,440.5800501010147
5791,385.4143809943303
5792,474.53199729567655
5793,483.08352796558177
5794,453.93015059124406
5795,459.8691560954931
5796,448.0594693193256
5797,430.86154481913667
5798,493.6553915634261
5799,436.21505455450745
5800,441.3242782768516
5801,513.7719256034748
5802,439.7227236530428
5803,380.6518332063448
5804,441.8958111122723
5805,440.86014314245546
5806,418.7360710633319
5807,436.7760828234554
5808,454.2957182762498
5809,441.2655688283877
5810,435.4959173002384
5811,484.4211881259371
5812,475.5156113506983
5813,414.9911296969857
5814,489.2697726389376
5815,548.6922218076385
5816,471.36907066928455
5817,462.8562916035288
5818,417.5828317994001
5819,465.57629844791836
5820,434.94948658461254
5821,453.5984417408481
5822,450.50337279884866
5823,484.9378933807893
5824,465.3096544355044
5825,407.6647045429603
5826,438.23666674276194
5827,461.51969803450396
5828,487.68221236550175
5829,411.15796488199624
5830,511.0139959497077
5831,416.8958046665764
5832,443.1867952453475
5833,432.0948847669024
5834,451.860819280251
5835,444.0157265903175
5836,384.14623500974284
5837,441.24152762146167
5838,404.29020847749024
5839,390.1273785250315
5840,521.9950942831788
5841,434.6136766270354
5842,431.3936013899262
5843,425.11004237000685
5844,520.0671083042179
5845,461.1281576664371
5846,472.89973045757836
5847,398.88431879287845
5848,472.21649487817507
5849,459.77434067070345
5850,382.793363445106
5851,535.4659319351568
5852,478.5176259085899
5853,487.78211256390404
5854,506.26537272292705
5855,470.940286531907
5856,403.3654351995377
5857,423.4998558907178
5858,460.8698428907664
5859,487.530829758731
5860,361.81638155783725
5861,457.2354162420359
5862,410.3484652799612
5863,494.65175377582915
5864,408.3759290967191
5865,473.271081999253
5866,482.291766266719
5867,492.0491633159615
5868,472.1885382072919
5869,395.2866723071466
5870,470.5450884046099
5871,441.02467409921303
5872,479.5039307510482
5873,443.7498165088407
5874,436.52146522379996
5875,394.8197598162569
5876,500.9210266630136
5877,484.1570269595286
5878,478.2673446474644
5879,449.6466880485454
5880,455.0016735205106
5881,398.40870705617675
5882,469.84364620406825
5883,434.8196259105133
5884,449.04232926344963
5885,416.2121165122715
5886,455.92438846571457
5887,438.3991912650914
5888,481.2206683363939
5889,448.13764516315354
5890,430.1857986364166
5891,466.54007436557754
5892,481.0816806727008
5893,433.3371676050896
5894,471.17169854539884
5895,434.5572857294097
5896,496.65837972701576
5897,425.9568438518302
5898,376.07442483065756
5899,410.84554969425193
5900,439.0819320468054
5901,478.2325248700838
5902,487.9636522983072
5903,417.4723900512532
5904,484.9574962587206
5905,419.0943783151981
5906,509.4382615959255
5907,456.71061363173095
5908,423.4736214642996
5909,392.2515234093885
5910,403.5129452737036
5911,496.29174509832836
5912,459.86237893027413
5913,477.3361803803523
5914,519.0047438369725
5915,507.2371490155603
5916,437.8774548769676
5917,470.3736366909818
5918,396.9419004332655
5919,468.1750830575447
5920,421.33722196712233
5921,434.0204276031371
5922,433.8767210985294
5923,514.1714808509112
5924,438.5027645534357
5925,437.0196145698967
5926,432.0831265937068
5927,453.65543246636594
5928,421.9172172593383
5929,427.89173760679216
5930,520.1148061828269
5931,466.53420028812894
5932,442.83503818403864
5933,419.63758807301224
5934,503.95921202666347
5935,411.38204140710786
5936,413.26177170430753
5937,441.9609237496619
5938,415.9348802600256
5939,414.00020781443897
5940,442.0728572857316
5941,456.95643299030405
5942,481.3142436410501
5943,416.1385896508292
5944,401.1749557350557
5945,438.4411094274195
5946,404.71454180972046
5947,477.52977988550674
5948,383.4572908256715
5949,432.01670606778845
5950,445.140421560128
5951,390.9435491113586
5952,491.300591920014
5953,471.0930747053051
5954,432.0396193051589
5955,401.94175571828623
5956,449.32701498982254
5957,500.1287996187375
5958,487.66227297460983
5959,483.7593434765452
5960,413.5373020276734
5961,426.3562116533278
5962,451.98151016328234
5963,518.9085692690829
5964,446.2017093157859
5965,494.8084635752673
5966,411.1810544857473
5967,442.6880833441125
5968,422.71141145283764
5969,468.8792968500405
5970,441.4549187663553
5971,414.13065854540685
5972,437.56244790025033
5973,412.84350716968487
5974,478.0120225963722
5975,473.446455901249
5976,483.353428160935
5977,464.9643232836743
5978,452.424282763473
5979,464.7245968826267
5980,483.84992355524787
5981,415.26248243296453
5982,403.91193596875877
5983,409.8847019231201
5984,475.4206891832632
5985,567.1827210273569
5986,516.8515966060445
5987,432.13223360957113
5988,569.846504088167
5989,391.0793405788544
5990,414.336894050801
5991,483.91646932137803
5992,479.29184140754774
5993,451.4588804543201
5994,501.26299193009004
5995,467.60621222622933
5996,412.7899874069273
5997,398.5447339817456
5998,410.1286056661597
5999,468.26560403188813
6000,431.174530694106
6001,481.1063658692796
6002,448.5343971169666
6003,407.53451993285483
6004,448.1018555279277
6005,433.52663684891496
6006,508.50471981339484
6007,448.9497018794728
6008,430.47022804078483
6009,431.1940384698945
6010,479.9630260430062
6011,555.934321646003
6012,382.6529598457443
6013,542.7373826442935
6014,425.952872014053
6015,405.97601938616
6016,456.81269129955587
6017,520.036769485592
6018,492.53357598150336
6019,314.76220194941254
6020,446.1946215589906
6021,440.7741540554932
6022,368.42691564528417
6023,476.3337888671617
6024,499.1210117779724
6025,462.20064755307055
6026,421.05644190091346
6027,394.13277053581226
6028,432.23860230519705
6029,421.20030313950133
6030,384.9401922121238
6031,367.4066817814178
6032,434.60269369555937
6033,443.7048355387771
6034,419.4179758540266
6035,471.99381320959804
6036,559.7050072307892
6037,455.45163941629835
6038,500.69410522098264
6039,443.45762423295974
6040,433.7493010934993
6041,406.5141427219998
6042,357.6880831549718
6043,504.46419178863226
6044,458.96102058389465
6045,419.0840745758616
6046,415.67557919473575
6047,473.4623937045906
6048,463.56704714266976
6049,464.990533481982
6050,367.7138453678472
6051,410.79792674486254
6052,409.3337757222353
6053,479.87789556805416
6054,425.248792693323
6055,428.17403374638286
6056,440.89369808709574
6057,459.8450747711603
6058,419.4307254987624
6059,471.15396894936003
6060,393.0094178399858
6061,427.776622708224
6062,496.68681742073073
6063,469.4108123328316
6064,398.88310836656666
6065,511.79377300289656
6066,403.5672091944894
6067,455.61143099748404
6068,381.48637522033516
6069,425.8763661968227
6070,457.8098345696325
6071,396.6206717501241
6072,436.31803806765436
6073,468.00373681626553
6074,493.06465403126134
6075,357.1380303294503
6076,494.6020241691817
6077,496.11272719012254
6078,424.7867171278464
6079,405.0604872589302
6080,429.40243459611185
6081,448.63782620063637
6082,476.4675343063815
6083,389.2996944218932
6084,437.4685302635785
6085,443.5188866373419
6086,470.0325054047186
6087,449.30738317726957
6088,448.7675884507521
6089,470.88220820834624
6090,480.0803612569868
6091,503.4960670605658
6092,427.56831218879597
6093,465.2304180071441
6094,452.2176280991061
6095,459.59948692180075
6096,408.84485785553954
6097,449.5423133872368
6098,405.91265288482924
6099,440.2511274061325
6100,398.7099272013042
6101,434.8453799595153
6102,476.40839304977493
6103,484.0290655650276
6104,463.9950105879987
6105,381.31166551331256
6106,423.2392130125637
6107,509.3739844179958
6108,410.9263584705152
6109,440.2458675283792
6110,484.5345442631726
6111,308.5593527990049
6112,477.97075819315137
6113,467.18791756316307
6114,469.3005521883174
6115,466.1904366083056
6116,527.3810367285619
6117,348.4405775838632
6118,442.78772849863435
6119,457.9956494870907
6120,327.79405499822633
6121,454.0971228086435
6122,443.2581399184379
6123,420.06039709800757
6124,440.60917256296756
6125,481.89838524026385
6126,420.8883418628359
6127,439.80686737395024
6128,452.4684614657292
6129,422.7129419123489
6130,499.223531922373
6131,466.2198977393155
6132,479.66855582797115
6133,462.92520888227716
6134,467.48314962124266
6135,461.7310474425069
6136,457.35780071526636
6137,455.01487482615636
6138,468.91368423015297
6139,410.3977632542104
6140,502.8310205434104
6141,432.139817713417
6142,443.6302741337083
6143,460.80840469498713
6144,437.8021442613301
6145,475.27711738521424
6146,462.13475261204553
6147,437.9061168093277
6148,458.7621100973775
6149,422.8290719420981
6150,440.22107530123947
6151,425.38346553327267
6152,438.2453814603348
6153,436.0164010925354
6154,484.2738150236496
6155,481.9838524625582
6156,447.01777101992445
6157,509.2219364288226
6158,459.6618963269597
6159,433.500086402654
6160,417.99844255226594
6161,451.7438710703199
6162,483.6010201585077
6163,428.2768474564451
6164,412.4866205711342
6165,470.9726173338723
6166,414.6200632343498
6167,489.9793420606659
6168,525.6392737832521
6169,454.33295100699155
6170,384.55246879983457
6171,418.54309356313297
6172,414.74584678531863
6173,444.0795891552281
6174,489.1495662158659
6175,468.54317154603564
6176,379.39030883647087
6177,466.6120061096008
6178,383.68522109061666
6179,457.0941577518272
6180,480.86605626955514
6181,511.23288017957026
6182,474.79554032462136
6183,482.693600375853
6184,410.29126708263846
6185,452.3964826880609
6186,462.8639944746198
6187,433.808871206257
6188,458.39120990527067
6189,462.62488678601704
6190,466.50471258717477
6191,403.15060674347717
6192,442.6015243874184
6193,456.56312334950843
6194,444.6873629815266
6195,424.36951252957874
6196,380.995856170772
6197,455.4263244635516
6198,515.0327729232633
6199,479.30194914370077
6200,424.51016112237573
6201,406.99114258612735
6202,395.6081372626167
6203,501.47674343413917
6204,458.5028015787192
6205,427.523582553872
6206,364.55581094852835
6207,402.0083147242848
6208,399.57633833327867
6209,443.5262315440867
6210,500.37025268528555
6211,440.2714877174415
6212,449.4223259407309
6213,467.2812142488485
6214,431.61547538311214
6215,433.26199062906136
6216,403.3761174672158
6217,484.94040514193944
6218,448.88244980377084
6219,467.16866713512576
6220,417.00870582595314
6221,428.87854119193344
6222,459.854503596677
6223,365.2516628227812
6224,513.4055182333626
6225,533.5331968381308
6226,455.0199946500883
6227,455.2206551344584
6228,383.5783527082694
6229,416.23179472333305
6230,388.3106205436018
6231,412.3095899101273
6232,467.78251327691237
6233,404.0666235849581
6234,396.2716278048268
6235,488.55492458857145
6236,526.6181312121846
6237,508.2059293526377
6238,467.13311847119644
6239,509.4125639342153
6240,470.7838376176676
6241,428.05582220380467
6242,460.2851798223558
6243,436.7344063459694
6244,396.41963492213205
6245,478.59839213558104
6246,440.01695338247293
6247,434.0281032942892
6248,376.8425685016109
6249,383.23785428574257
6250,473.98625261557396
6251,437.0975530007323
6252,478.80409879452804
6253,400.78527234858547
6254,408.5120777077223
6255,456.8287277922662
6256,390.5657940989082
6257,485.50255244916053
6258,452.39588812087635
6259,390.80920623275705
6260,472.2900550512223
6261,481.0044239335493
6262,429.3168079960595
6263,390.0958170534265
6264,459.59626799975155
6265,458.6024723212495
6266,447.34944936860825
6267,517.2803095547863
6268,519.0495541246354
6269,426.11289335164906
6270,434.30795616819375
6271,488.10608307267904
6272,436.7795395803566
6273,461.0662100123463
6274,425.20644834482374
6275,433.584657823236
6276,456.8331330758782
6277,432.0295868861722
6278,471.15315139496266
6279,443.4763601309492
6280,354.69975840400195
6281,407.95029028942236
6282,559.791550219475
6283,483.54751361952776
6284,384.7601827523379
6285,455.8947779682054
6286,412.5328417508552
6287,462.7277646209962
6288,456.56728006437345
6289,439.33113133395074
6290,407.58367208972123
6291,433.70132821616767
6292,466.19610473091103
6293,445.64045699208395
6294,455.5084421339145
6295,539.7799110489073
6296,395.9067035957742
6297,483.32870764470397
6298,426.81570903952553
6299,395.9022552891201
6300,445.69358014734627
6301,414.0785786893251
6302,446.5815006293966
6303,466.09936473363064
6304,459.456939813526
6305,471.3874940314009
6306,454.56772811957137
6307,475.8342105958634
6308,460.0863607986664
6309,472.7358471636699
6310,396.7765155207335
6311,484.1345568881996
6312,424.3322391928329
6313,463.20775220714967
6314,444.08054981859107
6315,507.6491013006758
6316,562.856390521909
6317,491.2419694581582
6318,505.95478014088815
6319,453.36406823246966
6320,468.0571397630281
6321,388.9364027764329
6322,478.37850300995535
6323,498.871921765976
6324,458.99538427831516
6325,515.6685685406919
6326,518.6973268882006
6327,417.26266833607156
6328,512.9630973842851
6329,438.5139172164706
6330,441.04981118582396
6331,393.0742891359607
6332,490.27609436957295
6333,442.9577802055602
6334,386.74799673327266
6335,469.88668666033135
6336,444.68696621535537
6337,442.1039470144629
6338,488.4049696790157
6339,392.0992199008913
6340,452.527683755862
6341,401.76687373936346
6342,452.8422842170068
6343,515.2276918937937
6344,429.1200598915441
6345,467.0450273888578
6346,423.22666812045134
6347,422.31363863921575
6348,418.55725132016454
6349,466.5574372886182
6350,387.13066856552507
6351,401.5810533240805
6352,421.91858900049954
6353,406.0192855398084
6354,484.595388279041
6355,388.7608587814472
6356,445.43457936189344
6357,495.84543244185045
6358,461.07125905153
6359,537.0273141385014
6360,484.40533481319625
6361,421.77234619501917
6362,506.8051827683191
6363,449.4644497651798
6364,485.7876498488621
6365,425.9513074133284
6366,443.1679552106848
6367,488.00296782324205
6368,397.98540180767554
6369,413.1751483142108
6370,480.826345424141
6371,423.71956106878173
6372,437.8378582281063
6373,314.7334579847905
6374,503.7922863249703
6375,455.50123455380293
6376,424.26799866123804
6377,490.5245853273879
6378,438.63882531029384
6379,445.4136454662026
6380,527.7614183868027
6381,397.5075821969059
6382,463.40302341211236
6383,415.6652942221146
6384,456.5301917797269
6385,469.17354692191475
6386,464.8357052896844
6387,460.3307293611625
6388,419.08584458865636
6389,461.9115591253
6390,462.76376529232675
6391,445.0053226204632
6392,432.2117572208199
6393,490.23580120387305
6394,485.1066009955725
6395,416.1236218774133
6396,464.5197920482106
6397,416.7007476788545
6398,512.8451655389182
6399,471.7400691786165
6400,488.29334729612316
6401,546.4274889494885
6402,441.9037801455414
6403,481.87994598530224
6404,454.69211406980304
6405,517.1650059826876
6406,439.8906771199644
6407,371.2165353256952
6408,435.8154565511464
6409,420.52639590808957
6410,464.30706680997525
6411,458.52472140710967
6412,436.64293838302734
6413,436.9189461326437
6414,423.27185808087705
6415,419.51145052000777
6416,487.9845529086266
6417,399.7780200161768
6418,477.06011804872395
6419,350.8237176814313
6420,487.9645872947809
6421,420.6574769303854
6422,449.27167981400817
6423,395.1894202685052
6424,420.96612438791533
6425,497.64052155148227
6426,483.8454474673966
6427,517.8478369063732
6428,424.9335188520909
6429,446.06145197911036
6430,477.3346890081667
6431,474.4439770925109
6432,439.4246396197541
6433,506.31354116949325
6434,467.22580579144
6435,513.4904686064656
6436,495.351908429548
6437,459.05963337084336
6438,434.3476762130374
6439,513.8185333108094
6440,406.83819382868785
6441,398.1869979029008
6442,415.43749791221967
6443,437.1688395227417
6444,466.54454998674015
6445,397.32300106989675
6446,410.05108643180955
6447,451.01553062931373
6448,490.9002303476896
6449,396.18692069863863
6450,417.3229062372086
6451,456.54391546602676
6452,464.6853945662555
6453,449.09509333366765
6454,456.9626526406281
6455,444.06224238737
6456,447.4940169863919
6457,456.9032819115561
6458,501.81861463928436
6459,433.6074937060864
6460,476.8896545249111
6461,392.52596917618985
6462,400.15386636235127
6463,421.1821397292503
6464,520.9389836867222
6465,502.3965797814531
6466,464.1320815095386
6467,430.01994893193637
6468,439.79549287494893
6469,447.4655887115335
6470,444.63904340192477
6471,456.94294412554746
6472,457.7391372982066
6473,450.68809391076667
6474,438.81499163734617
6475,390.3908781113948
6476,444.2556591768118
6477,457.94545841237124
6478,464.839217693713
6479,417.1695329284927
6480,406.0508387872489
6481,465.2211102583372
6482,421.3301389031338
6483,512.6304742614369
6484,488.2425290455565
6485,476.16766548000817
6486,433.0131585566391
6487,467.6628526942751
6488,524.8909407923763
6489,431.8965445970654
6490,480.9946693168219
6491,453.3502274308159
6492,469.3263824044
6493,406.73781527725043
6494,461.2756767809674
6495,438.8489846496512
6496,468.0775439105861
6497,444.214718023872
6498,529.1797426715933
6499,457.1204945991426
6500,444.7846164592826
6501,492.47376359740935
6502,391.730549205925
6503,451.9377021118154
6504,389.5306880963481
6505,428.2377600912778
6506,445.5448045264377
6507,460.39813917300444
6508,527.7109787445755
6509,467.3062526565432
6510,436.04209858172436
6511,428.52608468758655
6512,455.75211410027026
6513,465.10969842665037
6514,533.862756410431
6515,491.1142869965387
6516,442.7566633234781
6517,397.10968768922766
6518,501.32517848520297
6519,461.8007482568362
6520,523.179720182276
6521,459.4868889883769
6522,485.08485367339375
6523,450.86318836083774
6524,439.9223384730678
6525,473.7553045886112
6526,509.27237583593455
6527,509.58129083474387
6528,411.82824547764557
6529,447.5437237279212
6530,495.9860685571334
6531,481.4070147061073
6532,544.6390645497922
6533,442.34599085615775
6534,425.6686607223839
6535,497.19022099513955
6536,501.26538755489344
6537,450.75644779843805
6538,416.1412245965186
6539,434.5830907240881
6540,453.14842375293114
6541,419.7396496669887
6542,423.51971106749755
6543,424.4969186580783
6544,466.5986125070527
6545,412.7250384725361
6546,433.0698694762725
6547,437.1429514155346
6548,456.85814731972295
6549,506.8380608229854
6550,423.07489898977946
6551,487.20006074586473
6552,518.5231029330089
6553,426.65757967370865
6554,469.0405774525995
6555,504.0351622453604
6556,409.52395117682397
6557,480.2794499401153
6558,397.1217380503943
6559,471.59271929275155
6560,390.026459637293
6561,481.1188596596447
6562,512.9920751566532
6563,423.9085385764349
6564,429.3831202161294
6565,435.6496951739196
6566,481.11539887852103
6567,450.5146923265245
6568,462.3975301833038
6569,429.71098534572485
6570,409.94350939385265
6571,387.0485675287468
6572,407.0396636711085
6573,536.3823985188752
6574,490.49344464426173
6575,494.22796188763044
6576,465.05962775764004
6577,483.70030142420785
6578,453.99093095311247
6579,498.0806413556317
6580,460.4225024152887
6581,463.1000070154409
6582,449.338903477527
6583,498.3361474146821
6584,450.48425397676164
6585,475.99722777578097
6586,451.9644715220638
6587,515.7387507266931
6588,519.2980840077416
6589,488.07543891043986
6590,488.25386617852337
6591,431.5622519250125
6592,414.34977910155806
6593,520.061948385481
6594,486.36159991178596
6595,479.69935271110296
6596,361.58224535807153
6597,386.06561757031255
6598,383.81743286616825
6599,479.2329915290618
6600,489.65688732768064
6601,479.7312212004076
6602,460.31506200395467
6603,493.61105180029125
6604,517.078433279814
6605,420.41554509027645
6606,420.58642768172336
6607,478.4182213502991
6608,423.67120712594
6609,429.5417403818855
6610,444.8809825050905
6611,482.55934300127666
6612,421.38683696388034
6613,498.880150091428
6614,397.49158450497185
6615,473.48166282862445
6616,439.7378408563494
6617,500.7917241837719
6618,424.65740166137124
6619,506.51861170793813
6620,471.3968626732285
6621,430.1057489108213
6622,488.18540308360326
6623,358.6381060069851
6624,465.8071308084705
6625,468.0335547551154
6626,423.39021155844154
6627,414.37187685003283
6628,481.99335095768777
6629,465.26608568592565
6630,411.23490392672636
6631,434.7334750658481
6632,433.11111966979655
6633,428.36351813988824
6634,452.83762662203065
6635,447.3783615079719
6636,426.1562706307315
6637,434.6613520389371
6638,519.1184167543402
6639,488.6015698874303
6640,440.42659969240776
6641,496.8982796034726
6642,461.9582369616037
6643,453.3851739486032
6644,369.9374215546514
6645,513.1396116839858
6646,454.96262372046857
6647,481.9749458770732
6648,469.9904682229541
6649,371.45528570320624
6650,441.0564833020785
6651,463.3403176981911
6652,456.3298912900021
6653,452.03827117760807
6654,466.9656950353306
6655,440.38044187080885
6656,475.51032774149354
6657,404.41237527921083
6658,431.5810150526778
6659,450.79199327518563
6660,481.9106581273213
6661,446.2148239173133
6662,425.30812424549833
6663,489.2411518626012
6664,469.548455960216
6665,429.9197148963042
6666,444.80871805778264
6667,485.0202123662935
6668,423.35943726323495
6669,482.9623398143447
6670,515.3321985216471
6671,421.60534426436146
6672,406.7697887507987
6673,401.27201023169437
6674,457.937661296874
6675,469.4784103344843
6676,456.6634879511306
6677,480.1727503627414
6678,445.2048109882253
6679,431.3226810783714
6680,418.9923773267249
6681,447.97826039803135
6682,431.2616170542847
6683,485.53151334611306
6684,487.3979896679954
6685,461.1663937930478
6686,386.22224063911915
6687,453.2649470258482
6688,513.2536737640588
6689,404.757464642781
6690,399.8192380669032
6691,419.06096578307034
6692,405.14062381711375
6693,467.7991588611919
6694,539.8778114106271
6695,441.86566162614264
6696,462.1682694649293
6697,419.1934373378047
6698,454.6546535946248
6699,502.0538458544314
6700,481.1662423612242
6701,491.05115091026045
6702,472.92556300211925
6703,392.1781018734487
6704,441.0920295553952
6705,415.1807299239829
6706,470.646120562468
6707,453.4394189175912
6708,408.721909145948
6709,495.25346222878795
6710,443.3903525943688
6711,408.85875644216054
6712,470.2223217735532
6713,444.67961569708893
6714,490.16380613326305
6715,429.75982724656484
6716,400.60346134180327
6717,459.29842573623586
6718,465.7658937058953
6719,506.05471637163873
6720,463.81136861559816
6721,460.2236140652176
6722,502.0325183068154
6723,461.84961851341546
6724,478.72583244535576
6725,411.69773682404366
6726,455.35139766077987
6727,460.07991787237955
6728,476.63008845873475
6729,463.3958122317554
6730,411.08063136615414
6731,413.3336281259295
6732,491.84995084329245
6733,463.6300964834129
6734,404.3064390750025
6735,455.4903202452028
6736,496.43554420929405
6737,432.31454037033683
6738,416.5702110232423
6739,410.08375266749
6740,433.7324820376577
6741,399.57475766057956
6742,437.0561559026744
6743,507.50454509386657
6744,481.2112703464742
6745,466.5652832979941
6746,520.5589568694752
6747,429.96152201424695
6748,405.3888350388593
6749,449.62996706000354
6750,405.2928900897111
6751,423.4029421188823
6752,505.25524242911996
6753,486.4917958721907
6754,394.931948029298
6755,419.46914231960767
6756,436.83544199881726
6757,469.7438901984656
6758,447.5575610218402
6759,407.4704019924989
6760,510.67938931899806
6761,430.08075499708247
6762,473.4251643054735
6763,467.2454071675511
6764,501.5262998444029
6765,445.2837385359233
6766,447.7051942819576
6767,429.2453021436878
6768,452.3533192691689
6769,468.9341325740723
6770,379.61623030213406
6771,396.9680168722396
6772,432.77927149715606
6773,455.5544968997972
6774,424.8382090368092
6775,440.50116768624775
6776,340.0149936676278
6777,498.7199957774344
6778,461.99961191621327
6779,446.5517500500178
6780,422.3081249300434
6781,464.01450193185076
6782,458.8056316893923
6783,432.3675779125536
6784,455.429192410229
6785,402.58962256204484
6786,496.58398354626024
6787,473.4131851134529
6788,479.27115159520804
6789,390.0581217903986
6790,511.1170076241749
6791,444.56974659260874
6792,457.12986914677987
6793,438.3643692372678
6794,510.80746933608606
6795,525.5220956864449
6796,517.5136901508721
6797,494.4024231533094
6798,447.0901241251755
6799,453.04620713761625
6800,444.85233260685646
6801,492.1299262879945
6802,409.9979204286566
6803,391.69222929929174
6804,404.0024091785309
6805,441.7850448760329
6806,470.4882513247423
6807,450.5600776149907
6808,421.12467353307153
6809,438.1559660611799
6810,423.5145045613788
6811,497.2351777863944
6812,460.99647051932544
6813,479.8317258844385
6814,423.2532255206867
6815,512.5507973347699
6816,402.2199763072417
6817,457.0353967870263
6818,339.19555044437357
6819,387.5962399232478
6820,425.40465704292393
6821,486.76709915740673
6822,403.43359518927434
6823,408.8371065760775
6824,435.3805727176818
6825,470.7692884934434
6826,438.6858389655184
6827,527.52333594236
6828,421.3104446789372
6829,393.0157883406067
6830,470.689703644405
6831,441.0542457901832
6832,441.2286221207478
6833,421.5606157931431
6834,399.2181585459843
6835,444.67081851996966
6836,399.95338372226263
6837,466.1487857659659
6838,489.8464746785566
6839,421.6328451290737
6840,397.4904464805013
6841,445.22915332934326
6842,489.3246620228276
6843,503.0955125259428
6844,466.2543155887139
6845,486.1474518625758
6846,400.16923335795695
6847,447.5576057480629
6848,559.5897639453437
6849,428.2946342630355
6850,363.9894751537027
6851,379.26522949950527
6852,422.99456659612576
6853,432.4903579840276
6854,501.96314629376764
6855,438.3561373713075
6856,493.08693579847477
6857,454.37711802866124
6858,393.1857316865535
6859,478.6904641577827
6860,547.2141105745279
6861,397.3657625631989
6862,480.4624066173345
6863,479.4444025976365
6864,461.59603750694254
6865,408.40058765164883
6866,419.516172452289
6867,357.7512983997199
6868,473.69188696471605
6869,454.64821401678995
6870,439.33098467695424
6871,416.2413836310077
6872,461.157527639219
6873,439.06812439237115
6874,401.6574219982043
6875,477.575966728309
6876,457.0048873154306
6877,425.329449351479
6878,476.8988022841407
6879,532.9216352462764
6880,482.3057168537628
6881,420.27371479142465
6882,463.91050530901197
6883,462.6165914273738
6884,499.8518189936808
6885,457.32368471838373
6886,381.18294518191436
6887,436.40514266009785
6888,386.6930554529238
6889,510.2757168199056
6890,428.53552092121856
6891,522.3146234783992
6892,492.56686824794525
6893,492.9300623592027
6894,437.7226221189387
6895,513.5554612019034
6896,471.94992210033524
6897,436.16470990332294
6898,415.5555459057146
6899,466.3746646631838
6900,415.51416277445526
6901,404.6538809559905
6902,467.91564613898356
6903,506.1303942760855
6904,514.5218847152493
6905,492.7778753175035
6906,442.3266155098737
6907,430.7626520634099
6908,363.6341113937569
6909,463.16169549976655
6910,459.7635789490252
6911,494.8519741817408
6912,410.431844425425
6913,428.58144412573824
6914,472.87780979605077
6915,431.80871791713207
6916,453.92638615918673
6917,421.714668289366
6918,497.7685838833541
6919,429.78737867354386
6920,368.2049988224274
6921,427.47660760649853
6922,512.430268247097
6923,427.00514818676936
6924,473.8680805994705
6925,462.83934300433634
6926,430.3182729391794
6927,410.86505997761145
6928,396.5566292331026
6929,453.8951962987675
6930,440.93883587468173
6931,463.84563951860133
6932,461.74691396946014
6933,446.2057707984573
6934,445.4478694937741
6935,437.05460845448465
6936,467.07921538859387
6937,483.3922334835987
6938,458.686865958103
6939,506.8907253941138
6940,426.4432447165917
6941,406.6983352822301
6942,475.68383473979816
6943,484.41959883246795
6944,491.3767983353816
6945,408.05227552912356
6946,481.7202984270368
6947,494.7187176007518
6948,412.48021279074123
6949,426.63943995475813
6950,521.1286384519024
6951,481.69442030804504
6952,448.42319936168786
6953,476.73324975280934
6954,425.09848884465583
6955,447.650097430835
6956,423.573341778353
6957,515.1143411073393
6958,469.02091667574945
6959,390.88109849663095
6960,376.30994179963244
6961,452.5208299233779
6962,454.9676056548187
6963,435.47281529276506
6964,428.3958463987148
6965,517.1190507049212
6966,422.6684793091875
6967,486.2217307144929
6968,472.50883490659965
6969,436.09533733759895
6970,391.0149894522067
6971,446.3318610457898
6972,536.6180392177117
6973,464.6947901775152
6974,412.54875370413845
6975,501.8251392946627
6976,416.37107938624496
6977,486.0953190585289
6978,473.16391188781586
6979,388.4343495704688
6980,490.9289353988435
6981,453.31882106857864
6982,466.5581937755728
6983,511.5332827954772
6984,470.95073019921495
6985,482.82125110107785
6986,505.0069752622269
6987,400.3155201359069
6988,427.84818751173435
6989,457.4183838941236
6990,479.4194032956281
6991,425.6335393412385
6992,438.2534276669281
6993,447.5882418717045
6994,388.84075745792
6995,403.0018337497639
6996,486.05124135983
6997,506.5614307282017
6998,496.4732611293596
6999,464.2089633041184
7000,474.2371607215521
7001,465.6186786765343
7002,395.0672456957321
7003,450.7132088528393
7004,468.16421937245764
7005,482.4246889083452
7006,423.45193650157495
7007,455.9134053314519
7008,431.16357205742213
7009,430.5059465924663
7010,412.8492158299092
7011,466.29617747873374
7012,458.49684902713
7013,457.6422486566502
7014,437.4944520052847
7015,397.4200193346612
7016,410.72586066761
7017,438.97948493025746
7018,400.2121832816513
7019,443.70377793539427
7020,488.4940838565722
7021,468.09780798033296
7022,447.20421591057016
7023,474.34074763742933
7024,428.5220041844644
7025,471.08457912636334
7026,473.204284637601
7027,562.5416273894895
7028,487.19420562111367
7029,458.71913817052564
7030,446.14967744891993
7031,459.7245786955179
7032,486.4768739434575
7033,479.8548936045289
7034,453.14111030538055
7035,425.3568176752778
7036,421.920157836567
7037,482.1697688719168
7038,401.32076889488604
7039,457.3350627392378
7040,443.22272681048105
7041,494.586502786713
7042,440.95462954466984
7043,395.50824575823935
7044,431.900397115437
7045,451.5217003273425
7046,488.66836066552077
7047,400.32818785560204
7048,472.5166239325218
7049,439.8167370375305
7050,452.2953071154988
7051,407.4213562749559
7052,473.36056225081967
7053,449.4226730122104
7054,442.08238677470854
7055,403.40068949898796
7056,462.39434994587776
7057,562.7471293007732
7058,407.2160086439073
7059,434.0627415556007
7060,452.41178759222964
7061,482.49319759483285
7062,404.1472203216249
7063,402.55724506100023
7064,454.5325239673791
7065,417.8042603299933
7066,416.8410545866282
7067,482.1949485934377
7068,436.4272815506788
7069,472.3773824670845
7070,442.79783590076056
7071,499.1343620837304
7072,484.6755855594856
7073,474.6435192170935
7074,397.95551666241994
7075,478.2985156857462
7076,511.76235583202055
7077,489.8619389995331
7078,406.06089069586943
7079,478.9861788860389
7080,406.36748312560957
7081,469.5445077428563
7082,503.92962117339806
7083,454.84907547178545
7084,433.18974617481734
7085,541.7383519122437
7086,411.5904592596175
7087,430.8747357457113
7088,436.26885856338043
7089,539.0538883045313
7090,476.86292308657505
7091,415.3608854244419
7092,411.46956033499356
7093,428.55608757238286
7094,411.0942337384128
7095,455.8846207999159
7096,481.9244270562131
7097,437.76280637668447
7098,447.6177853337971
7099,482.61113325897367
7100,453.36133248470793
7101,394.4940790318629
7102,448.31577653246376
7103,451.1195486497138
7104,391.41830154549086
7105,489.7383516927026
7106,494.917740847558
7107,484.6444400158173
7108,463.5834645153114
7109,480.68658227908975
7110,430.3639527245664
7111,430.2258573949939
7112,462.6452488720526
7113,448.157242176979
7114,436.00039504728954
7115,496.1244231061907
7116,431.02824849600523
7117,445.78290992082304
7118,464.4463921008994
7119,439.62206146967657
7120,491.4405293050183
7121,454.29421966429004
7122,546.2536751369839
7123,457.33363653695017
7124,428.93038730269666
7125,413.2978874063045
7126,520.2748140338363
7127,420.30823909558177
7128,456.8006239838795
7129,482.6787233681069
7130,436.81881761709536
7131,488.0803288679213
7132,454.0629141974648
7133,336.25232789877776
7134,480.9468760344059
7135,483.1728440224565
7136,475.0640419115584
7137,436.2278925640463
7138,410.8437182906973
7139,394.5951206194074
7140,482.3739004341249
7141,433.10942880995725
7142,394.30723757183
7143,454.2332995024086
7144,418.6058522337222
7145,424.8952152798612
7146,479.50721351998067
7147,437.2532815309057
7148,432.4354310825742
7149,458.71742657066176
7150,450.73825547127205
7151,479.41123118004634
7152,408.67548133020887
7153,432.19959189013804
7154,414.39802535328795
7155,483.3283131395454
7156,473.42287780482405
7157,449.3305177271073
7158,476.8623800669621
7159,483.19234899941546
7160,507.59215833057664
7161,458.01750621121
7162,466.00513938726164
7163,421.5741149592561
7164,439.72271618919814
7165,417.7483186381765
7166,437.5410219988024
7167,419.6035697881897
7168,422.1582603926773
7169,430.6659370589855
7170,400.8489072562871
7171,494.1068614070339
7172,452.2282328007102
7173,496.31450806777644
7174,464.87006768720084
7175,501.8444917886164
7176,463.5363441252474
7177,426.05439452891216
7178,472.80564491017304
7179,464.6157792479313
7180,431.13178365817555
7181,429.77672066860146
7182,423.88437637986306
7183,479.5877327574682
7184,472.42332845665175
7185,441.9526361766068
7186,496.3557224187566
7187,465.73137269267266
7188,409.9132098432987
7189,435.9340238126337
7190,407.284529448779
7191,434.70377353484366
7192,384.84959973316484
7193,449.38145895589565
7194,424.4221362706434
7195,474.51868166692293
7196,379.4779996494114
7197,494.4211365464104
7198,449.0826796171678
7199,437.1519192105856
7200,395.9104848707828
7201,471.44029796713244
7202,468.1331376891207
7203,415.9858514343284
7204,513.3869016865245
7205,448.277393661001
7206,406.31894750827644
7207,450.5396854039327
7208,525.2337047963181
7209,432.6015425083972
7210,421.94361918278855
7211,450.1889436268576
7212,463.96714653674064
7213,381.07262153964274
7214,454.36577452411524
7215,427.9755334862796
7216,476.65920320394133
7217,387.9324192495183
7218,506.8514390997296
7219,455.2702301916989
7220,579.8407911830167
7221,446.5220147374654
7222,448.45874212127984
7223,457.29889292881643
7224,463.7973390920096
7225,406.55711558686005
7226,367.8073340304314
7227,430.2882832747566
7228,524.1814351202377
7229,446.87536683793365
7230,408.0689249581245
7231,477.81596670310864
7232,482.69173999745965
7233,438.2772014533489
7234,425.4613981738493
7235,500.99598599222537
7236,433.91803682563494
7237,441.7430447792083
7238,463.8838507908166
7239,397.99183543541665
7240,472.71556408360857
7241,516.4812992411898
7242,350.9820070579292
7243,411.35034691930423
7244,396.6787130911934
7245,498.60940693091464
7246,460.84791219371476
7247,464.6150573773144
7248,392.6643120634491
7249,496.34850779306737
7250,373.9390184339999
7251,446.28408242875736
7252,522.6695399983466
7253,499.57761437465587
7254,520.823483415131
7255,469.23684071265274
7256,486.4991026994607
7257,412.8413080774758
7258,473.4122897802024
7259,431.92480505112
7260,467.0771998761987
7261,481.88209465268795
7262,467.00532045523744
7263,492.83635645303747
7264,482.5484870415806
7265,389.2542669303486
7266,433.66670411177466
7267,463.8947696560608
7268,477.20600150156156
7269,438.78227350556637
7270,439.0424941956747
7271,476.00004548883544
7272,468.73233694812455
7273,404.7526662801596
7274,422.3850094735724
7275,460.1414406621417
7276,481.8315962258999
7277,514.1830898352493
7278,486.8937031469973
7279,443.3852621966625
7280,471.45231883652457
7281,456.17365400565444
7282,462.6374453688939
7283,435.24408480720024
7284,452.6026200429765
7285,469.7097492592156
7286,422.9193477746342
7287,469.63250704928737
7288,469.10284108228154
7289,450.52066588942733
7290,452.3692979445833
7291,515.0571476828775
7292,396.61383627574014
7293,480.63965158490646
7294,509.33666279655006
7295,478.65506280074595
7296,459.98294894995774
7297,428.8453743461658
7298,451.91877163360937
7299,446.340988060842
7300,516.7140746433589
7301,389.0431592066957
7302,497.66737579786576
7303,480.4442831364529
7304,455.15860444784437
7305,366.24782742951663
7306,499.8643009884732
7307,477.4147770665235
7308,494.60341869298304
7309,426.34235028223816
7310,422.1288552137476
7311,437.24840901201355
7312,465.649280856753
7313,471.96614004073234
7314,486.2229685822674
7315,380.326357269503
7316,413.16819646766874
7317,455.46861484902496
7318,453.53055557064755
7319,448.51262454681796
7320,468.48388513309317
7321,415.4019467296838
7322,438.99924221793214
7323,441.7082282105884
7324,511.4181623302263
7325,493.6398331221452
7326,414.22819969764953
7327,386.0923791392448
7328,414.7453183692957
7329,507.0688876710934
7330,441.6605946990744
7331,417.93129625210975
7332,430.5107437554529
7333,516.4055405496814
7334,441.48366123564614
7335,461.41091624327646
7336,462.0894334928197
7337,427.5108045201152
7338,476.1276270636391
7339,436.04621950914736
7340,524.1388958221856
7341,405.5774971888362
7342,409.3391892087096
7343,417.9601822765751
7344,462.4175558209664
7345,433.740372709875
7346,428.96487846517175
7347,522.5276549042914
7348,384.53346946577153
7349,416.5477347320314
7350,463.55904904162503
7351,481.57693223952555
7352,423.33752830093295
7353,419.03567552689975
7354,477.0239757734242
7355,386.60546434096284
7356,505.2563431707374
7357,487.42817032185025
7358,447.9245191432454
7359,455.48297093825
7360,469.0806381715358
7361,416.26940122678405
7362,496.3492607580244
7363,430.3819810240982
7364,457.0102919490232
7365,446.4946188545357
7366,447.73398171184925
7367,434.05866692279903
7368,502.80081892781817
7369,495.53179257914866
7370,496.5771581632309
7371,460.6089223173471
7372,431.37428385064476
7373,497.91085872987213
7374,453.80267141160544
7375,497.6233961185491
7376,463.6824035690769
7377,410.0307962260139
7378,458.4358986513698
7379,499.9849673352316
7380,493.37789722858514
7381,450.5175049519737
7382,408.74920735704245
7383,472.3883399653801
7384,425.50899883100595
7385,407.9222086466785
7386,491.59671639766543
7387,407.8423296468889
7388,513.9266179951521
7389,437.66370200793557
7390,480.4832013757176
7391,473.5831641952419
7392,399.5528590672988
7393,460.81718364460426
7394,463.39833194715635
7395,519.6633447984367
7396,475.3132288467504
7397,433.02653742716404
7398,504.709134629087
7399,434.14727135997293
7400,448.8641155311913
7401,510.826577399005
7402,438.90000184701574
7403,441.5672729226523
7404,471.20972108711936
7405,469.63581700198046
7406,457.94736359863623
7407,431.26007970922996
7408,431.8416987085464
7409,451.65586398826014
7410,464.5999291403765
7411,442.88607826979046
7412,467.0796176055587
7413,480.8973167618647
7414,446.34925207128043
7415,466.2777908472873
7416,442.6636591148572
7417,408.65232990315764
7418,489.6303795853049
7419,428.06076492335444
7420,375.4569048163957
7421,430.62352219838175
7422,448.9188102848892
7423,400.99504980865885
7424,548.9432714569606
7425,462.59780273153183
7426,495.5296643818975
7427,408.07546857587425
7428,455.34028831020333
7429,475.9379448372714
7430,475.9816074526732
7431,431.541129510115
7432,403.06271643792667
7433,503.0211332762609
7434,473.75993035325735
7435,436.24820787308255
7436,438.2152407318201
7437,464.82436349722315
7438,448.2607143812966
7439,477.4303021194869
7440,405.3749654033409
7441,457.7129244576698
7442,473.6543781076883
7443,468.47438110086955
7444,393.176164682516
7445,469.4645488465268
7446,474.43229493648386
7447,511.0764954000171
7448,420.98574878725174
7449,438.119563347781
7450,463.254335523397
7451,444.2598352106491
7452,422.1334246602945
7453,414.63913394751546
7454,403.745461535218
7455,437.00380289608495
7456,429.4752492888126
7457,465.951762794934
7458,444.90714455741704
7459,498.13942049206094
7460,422.79557521049827
7461,492.00412045171606
7462,466.4903863480776
7463,441.631471659459
7464,454.0748344552605
7465,471.8356035824203
7466,476.13936175827627
7467,453.5355020347827
7468,419.2536414321159
7469,440.45904993717045
7470,444.22797696318526
7471,440.70685213935354
7472,418.7604333502386
7473,492.82616826202076
7474,377.8292780756198
7475,453.50744353187383
7476,460.52987402371815
7477,389.47792511251333
7478,450.2855438011266
7479,440.29800177852337
7480,417.47716119669
7481,454.4738322842282
7482,432.24323883869795
7483,431.85057834450754
7484,376.2424397586252
7485,501.05297669367354
7486,484.88849767793755
7487,398.6354532035449
7488,524.524036317677
7489,435.15234311944306
7490,431.7376336276419
7491,438.23571584212885
7492,414.8918615987665
7493,457.9770126794782
7494,477.9361304296891
7495,532.5010315194473
7496,446.43620627119014
7497,431.0317997481886
7498,422.2160895118069
7499,450.0971986483184
7500,458.93372312122625
7501,468.99484367915926
7502,490.8946601394058
7503,436.770967187597
7504,487.85276248464993
7505,495.12534888379173
7506,444.4706172851037
7507,399.9241562368422
7508,505.25064451185733
7509,432.9847786270308
7510,443.1708294772847
7511,403.13772529309443
7512,502.52864384841524
7513,412.8418971312895
7514,479.24002355692625
7515,511.3642760333938
7516,422.99615995776895
7517,429.0004730977738
7518,439.5506971877032
7519,492.34091235726294
7520,398.85414285781354
7521,484.6507621886862
7522,466.59341901818874
7523,379.1521898524112
7524,477.2090582398857
7525,392.927197985247
7526,510.61188993743446
7527,468.35174159682236
7528,458.14597711870306
7529,464.7493087094533
7530,448.78605325597516
7531,417.6698748362065
7532,455.4346874009496
7533,450.7774541839159
7534,369.5307061927505
7535,398.6629867856124
7536,442.79970403060577
7537,458.2959748666222
7538,415.5089319732373
7539,437.185977959256
7540,435.06438367442706
7541,548.424297832762
7542,423.7110414682712
7543,478.6805610827844
7544,471.6648720703011
7545,434.0689762968161
7546,415.31018452677074
7547,495.08641418424935
7548,344.7685667900565
7549,472.74133212453637
7550,495.8035164309581
7551,467.73635132467746
7552,504.57228963072913
7553,465.03978090609314
7554,463.12382872327464
7555,498.74412152347617
7556,501.74682216835686
7557,445.9557086916855
7558,419.47796089107857
7559,400.25507465631966
7560,464.4882026702767
7561,396.977738076808
7562,481.86607523504904
7563,445.22379459769667
7564,456.91722610981765
7565,458.9562919100981
7566,495.4223088167483
7567,424.8504130823288
7568,429.6299673331157
7569,495.2457067280358
7570,418.97877847797594
7571,496.91408507032037
7572,473.16143676955454
7573,475.30445121154804
7574,454.0187373628856
7575,432.1220363094625
7576,516.0484772410622
7577,441.61941614084816
7578,527.7051982558636
7579,446.9202356180553
7580,418.2125635310767
7581,424.2757932805631
7582,405.6002726039997
7583,469.1114031674459
7584,469.53305569168884
7585,459.4106636074242
7586,514.579805193783
7587,406.01152071309014
7588,414.8825252856934
7589,427.6018441181178
7590,472.5950229637688
7591,518.8551041368222
7592,420.6663756244828
7593,531.4343413598934
7594,424.3336272035052
7595,430.7309495769947
7596,490.9098692736731
7597,456.5845654625003
7598,439.12520654684545
7599,446.0289259974897
7600,463.99176695123975
7601,444.66292863623795
7602,409.04672883241574
7603,439.190033329176
7604,476.98916425585986
7605,398.192733307137
7606,416.9832933281093
7607,387.99910794098315
7608,422.28095707289253
7609,413.99100872363516
7610,480.79299626107235
7611,487.6648148853048
7612,464.3186382540682
7613,452.38998854841645
7614,478.68966862127206
7615,436.5751269018574
7616,504.1258312502673
7617,483.5305440772061
7618,486.7581306684928
7619,438.88060400313424
7620,455.0217090452107
7621,494.53746250336786
7622,451.222966907248
7623,458.96046058707776
7624,473.5821562383367
7625,474.73702521761595
7626,396.033748005376
7627,422.9456076746392
7628,406.6085879994176
7629,459.10289837365735
7630,372.3124073596036
7631,446.68915878120504
7632,413.39579944456864
7633,454.2346856261179
7634,407.2553537923004
7635,502.0231454763774
7636,454.04709016138224
7637,445.60133788635454
7638,385.19133607996866
7639,480.27801727017345
7640,412.71136609847
7641,475.04986658603576
7642,450.5817584129116
7643,525.4954495375814
7644,474.2692597534582
7645,472.451445886603
7646,490.19932616426087
7647,367.85284983375897
7648,429.07950207344453
7649,465.70376648320433
7650,449.7879151807549
7651,508.357742762868
7652,402.4665853633575
7653,475.1551878061509
7654,472.15573669788165
7655,466.8894312341685
7656,404.19866924785765
7657,509.536538217713
7658,473.62577611744615
7659,475.21230263474513
7660,527.5277598591931
7661,431.54199745756205
7662,470.2555343243514
7663,465.50474839937755
7664,422.90084369235666
7665,410.8559530531093
7666,390.34830221230015
7667,446.0679510254394
7668,439.1804041534086
7669,425.75392147920377
7670,455.166070582496
7671,501.92980716027574
7672,432.4418268325984
7673,438.8680834573899
7674,497.5907866225872
7675,553.7963371091389
7676,423.4730685513825
7677,486.960990044973
7678,469.12921474103746
7679,439.68209374936504
7680,429.5761438344092
7681,445.7110380243913
7682,469.309794970331
7683,469.45808404276215
7684,454.4943291107303
7685,452.1813770153684
7686,473.39686574206166
7687,461.88577854827
7688,434.268954859461
7689,460.68806280938554
7690,491.0266107332228
7691,435.7989421071264
7692,437.96383947975505
7693,441.83529653576574
7694,478.448475361479
7695,468.6035114866042
7696,454.575229840127
7697,441.20757217761485
7698,443.08722664504916
7699,463.52862790464536
7700,412.84691173389723
7701,472.2610332489995
7702,523.1512155298348
7703,435.21315233932677
7704,477.61358367936316
7705,499.87971620033306
7706,433.2577472032838
7707,428.63412184311863
7708,400.7976584195558
7709,482.90559794244194
7710,424.2285854763207
7711,433.43774076497607
7712,439.6412363901912
7713,425.4158021803199
7714,445.264129263141
7715,460.92168953569035
7716,470.3801713220694
7717,517.0936468987172
7718,494.0789017935351
7719,479.6711376630533
7720,493.87001648521493
7721,467.6962068408756
7722,528.6065188932386
7723,444.09805930256823
7724,432.3383188627344
7725,412.1620825416947
7726,418.6282455622442
7727,428.26751246459605
7728,432.70423391715167
7729,392.55657831505675
7730,457.549028379146
7731,434.8364053862005
7732,455.89297558953217
7733,425.18958968834346
7734,414.71611353009496
7735,499.61055063603027
7736,401.13271690606507
7737,515.4903042555277
7738,411.37519475544093
7739,487.940706848618
7740,469.60869525406605
7741,490.9454101813972
7742,412.74699693592845
7743,467.55016573727937
7744,493.8851293476279
7745,394.3942859731258
7746,454.87270751996334
7747,444.34656479349087
7748,512.9599052068253
7749,428.9922519859437
7750,496.8680604556363
7751,438.6870030746799
7752,456.54172259746224
7753,439.1767565324857
7754,402.33278582137706
7755,491.75035801635795
7756,417.75177007432745
7757,355.5718775649686
7758,461.99506297198553
7759,436.77985028214607
7760,349.35318429722406
7761,404.27859009798823
7762,511.1668546927914
7763,428.35665646918653
7764,437.60177249118306
7765,481.5573477439948
7766,415.2115580484356
7767,424.41071269000497
7768,365.65472078222285
7769,461.0938384764225
7770,434.2309397272213
7771,418.4894281151269
7772,455.85242525401287
7773,432.86213808206793
7774,439.5181930963423
7775,474.80906660818187
7776,433.51620226000307
7777,411.0471336940471
7778,442.72541501054167
7779,521.9377937279129
7780,492.05530087034185
7781,411.5430336234451
7782,389.6939627081132
7783,413.5138974503401
7784,458.0555603141444
7785,503.1032835173287
7786,424.2800844183559
7787,393.736942301398
7788,453.08404479821513
7789,429.63012428665684
7790,496.58222694741676
7791,458.62841516175007
7792,473.5347432186451
7793,420.15483758333977
7794,503.6093135766182
7795,451.93678297089406
7796,440.21535977717093
7797,375.04212149192176
7798,412.7624965404082
7799,468.9836687343724
7800,445.90602240711445
7801,404.87327320330445
7802,460.23474988252326
7803,464.56532818410176
7804,458.2129326900742
7805,438.3790677182828
7806,416.73331695755115
7807,465.2361524864939
7808,471.63522252690177
7809,472.54637889295753
7810,420.14785808224445
7811,440.0540105221533
7812,443.1627775228052
7813,483.2812587881488
7814,456.0747467578103
7815,494.33532311466297
7816,489.7448409234021
7817,422.01676206992346
7818,462.3359915306006
7819,428.76942526001415
7820,434.1632758872197
7821,501.59163672984687
7822,474.5413618273471
7823,369.8482371854021
7824,431.6960561403492
7825,438.035229134385
7826,476.2125918598119
7827,466.25515356512807
7828,380.1759091156517
7829,474.3209487493993
7830,433.65137430925665
7831,440.1113659902974
7832,448.05558680448837
7833,398.6783208439078
7834,459.1214360278097
7835,445.3753453807936
7836,434.49610205487835
7837,426.1008522721579
7838,447.9662093106476
7839,498.7196165630973
7840,412.64137066052837
7841,468.13402026816226
7842,464.5876089863881
7843,423.51667134905654
7844,438.02998249363907
7845,425.3653771630702
7846,446.82822777328556
7847,518.216454980183
7848,431.19012588402705
7849,444.4527531653902
7850,465.00394842570785
7851,413.85945390768075
7852,431.43678589757275
7853,451.82242152503136
7854,483.70702009569357
7855,386.7814843986034
7856,429.7720917512053
7857,374.4987908413337
7858,413.9049643264416
7859,480.0118256856867
7860,501.0229864984284
7861,451.73739842742435
7862,453.39048434625477
7863,426.6369254749721
7864,478.33562725858627
7865,480.97629022277306
7866,504.12815433328876
7867,452.03796206179237
7868,464.26684331016565
7869,467.5325288020646
7870,490.5664990753401
7871,487.32795503839196
7872,391.78516371454145
7873,465.65005109723705
7874,436.17101797167675
7875,412.2532237138977
7876,469.39007133582754
7877,431.2459922663238
7878,502.0051070014355
7879,409.93116890650407
7880,454.2952858662575
7881,446.77875122596134
7882,434.7348196394041
7883,434.395939594589
7884,467.8260833574252
7885,387.31162476551435
7886,533.926908664593
7887,450.2903908712374
7888,440.67593298108227
7889,395.7653469263494
7890,495.7718352900405
7891,423.5832403192309
7892,419.3817268473757
7893,393.34901209510167
7894,474.7863927756015
7895,517.1603099743429
7896,440.63051669842343
7897,463.62895936720463
7898,437.38807207369445
7899,480.94928359784774
7900,453.5863993582572
7901,457.9552825593475
7902,432.14436726618425
7903,436.1380638338077
7904,479.4548688843747
7905,552.3168121858427
7906,548.2666490008276
7907,500.3521081916731
7908,463.1210932123476
7909,445.641617939906
7910,449.9567761951756
7911,361.84616071619934
7912,418.64091814781057
7913,414.24693493752176
7914,410.61637809186726
7915,386.02102678587255
7916,452.44330913621803
7917,442.8679225625461
7918,467.2428521611626
7919,437.8213660382401
7920,445.53453306298127
7921,421.63180521015244
7922,499.5182852396074
7923,428.1011785862003
7924,468.8697578338813
7925,452.1933427390483
7926,410.1957450268262
7927,461.0051071148862
7928,450.68301885629876
7929,454.5400952634375
7930,459.8008380454991
7931,458.0542128145911
7932,348.2783534019564
7933,538.162880581683
7934,458.25803207550047
7935,396.8252029081712
7936,527.824691853868
7937,439.6333898365796
7938,472.8074403138385
7939,402.4963156901278
7940,432.67924831603625
7941,385.97664693078417
7942,385.09539079824276
7943,415.5738959580969
7944,449.3956348060584
7945,360.7408206031405
7946,423.60088740784164
7947,465.47716285356944
7948,452.71158150372924
7949,435.17898394197204
7950,422.24060217850644
7951,354.4840014810838
7952,501.3974563128158
7953,439.810461294638
7954,460.37185302244734
7955,436.5872651496474
7956,463.21613783469763
7957,404.60394469371624
7958,408.426265203688
7959,428.5031432462886
7960,511.60112596532804
7961,487.05888174777397
7962,484.1182602192853
7963,375.7953432359768
7964,464.06122272255215
7965,458.0521271436701
7966,427.93251564702246
7967,459.4439513576958
7968,472.32240791444667
7969,390.14948691777477
7970,479.67466836392146
7971,446.31368300530227
7972,454.8743843039134
7973,554.7238198697377
7974,457.8982950295642
7975,477.4410376228814
7976,432.4022051202931
7977,522.9652347593186
7978,372.94435932327286
7979,454.27556324682826
7980,513.1378918518044
7981,454.8832059183732
7982,404.7862097197463
7983,437.6391894003279
7984,450.3031271663966
7985,464.7462240320697
7986,520.1434991045811
7987,460.91380393891467
7988,463.4430869660423
7989,504.2723272821982
7990,462.26117490164097
7991,424.24879083594817
7992,429.9589021795783
7993,490.8078596466595
7994,422.805558928678
7995,392.4391668020766
7996,465.8231696156978
7997,416.5942379391276
7998,420.95839870060837
7999,400.8544846851667
8000,438.28599117238565
8001,473.8321391875629
8002,434.7319180628617
8003,505.94953870228915
8004,529.4316166029838
8005,552.2810324394338
8006,508.08753214106434
8007,364.349599438945
8008,447.78123059364117
8009,415.65536410338217
8010,483.2719997376679
8011,470.2189569204977
8012,500.1747172423981
8013,478.00411205818824
8014,442.176263873125
8015,516.2403276326884
8016,444.86837780397155
8017,424.0441128908917
8018,483.2758645418752
8019,408.6319948965652
8020,420.58798450196446
8021,410.91794995459077
8022,520.4860937195202
8023,512.8202145292111
8024,458.8967379807092
8025,447.96043632364064
8026,449.6235830520201
8027,486.3301233332639
8028,431.2977111256361
8029,485.309093250832
8030,428.3773713054789
8031,438.3367702501333
8032,484.47941375999136
8033,437.9363066133213
8034,464.39906675842343
8035,383.32940708437775
8036,418.3142600151944
8037,478.4059291910513
8038,462.5597767194617
8039,386.1343435655235
8040,479.9902747596402
8041,557.318952069649
8042,455.75971290177347
8043,493.8369236097869
8044,500.8632234992733
8045,399.9313486901732
8046,428.226887674195
8047,440.8231290259373
8048,453.8190132605766
8049,470.01197564930715
8050,483.48978537226185
8051,471.3789312081835
8052,448.0948372228723
8053,503.1178480018762
8054,442.7369051966949
8055,445.54328681752145
8056,455.4002568246482
8057,399.23628329539366
8058,487.4230261735372
8059,423.45925397774596
8060,474.880887922429
8061,444.1276001801205
8062,490.97556034908183
8063,458.18633500915087
8064,381.2046538115014
8065,410.3439434366535
8066,417.9853513655569
8067,448.24010406248027
8068,461.409012712459
8069,444.00473355572643
8070,426.77924263754784
8071,539.7775173828476
8072,406.1174380238866
8073,442.19207011385055
8074,426.4191933136142
8075,465.2084232509915
8076,423.7771190985687
8077,435.10906901856396
8078,525.1401321453039
8079,423.3799637370724
8080,448.5800514405573
8081,471.46300235595965
8082,489.7847900760687
8083,433.53436587200247
8084,413.8046734270884
8085,455.14267477731505
8086,425.13759548760805
8087,462.94045158580843
8088,497.5959935238595
8089,462.5954123576409
8090,426.81996822278177
8091,462.80994175769064
8092,428.35039475381745
8093,417.5726544611175
8094,437.3698792123635
8095,479.7256689837375
8096,439.9800056408482
8097,406.5866110197766
8098,550.9972362648302
8099,430.0603264868813
8100,454.8767453345732
8101,421.4031263273975
8102,450.97870880988864
8103,532.754884111259
8104,460.39442193176126
8105,470.65536103888314
8106,366.7044345674821
8107,494.32971143996514
8108,478.2291204417142
8109,463.8526090412717
8110,514.7563917475887
8111,478.53846764357604
8112,508.84630762106553
8113,420.1412441696142
8114,449.19138869571907
8115,455.737037901532
8116,423.24993194673203
8117,528.0436697013253
8118,488.44934594763237
8119,452.0708330395274
8120,420.83251917574876
8121,514.4646841449394
8122,508.0126849616328
8123,497.93879204606986
8124,474.76596138123887
8125,457.24589404796376
8126,400.9396945285215
8127,450.79350063443803
8128,505.65868036622703
8129,492.6938943925891
8130,452.66682447360745
8131,414.41598781819476
8132,371.3120597538951
8133,383.1167878999483
8134,400.52590243838705
8135,436.40323908289713
8136,430.9654028518195
8137,465.64547985023347
8138,463.92530160362236
8139,466.31645384964014
8140,456.68863558654556
8141,424.78468143546365
8142,431.0775027304097
8143,434.4793997561968
8144,492.74453407610304
8145,439.2442267535995
8146,456.6851176182364
8147,470.3202074215748
8148,445.3587812352549
8149,444.6825869662545
8150,435.1287732100447
8151,411.4126974143148
8152,450.28315702759716
8153,472.1497930007008
8154,404.79217209141444
8155,413.624906500866
8156,438.15896415532046
8157,427.10428299766465
8158,399.96359035033066
8159,478.4737479710094
8160,464.3508982233495
8161,407.29855494397395
8162,459.26516237417457
8163,483.4719605828499
8164,433.7115516848402
8165,493.1125820056262
8166,497.61274581787404
8167,466.29238953188286
8168,441.8304170312133
8169,404.6410589053997
8170,367.23537164945185
8171,440.4624059625429
8172,503.39343467121694
8173,455.1776163131648
8174,437.87469637973186
8175,432.6890804589361
8176,474.2975942217641
8177,395.71154227781693
8178,458.74006560136024
8179,496.0241600157641
8180,444.7160309102527
8181,393.1849700291443
8182,428.5783882280141
8183,425.1564248866409
8184,440.68109748376463
8185,451.9577884359081
8186,489.14738409559783
8187,448.51789508262885
8188,467.85707754822795
8189,369.8032781831799
8190,476.8157973032517
8191,443.91494811212965
8192,477.8951770876156
8193,493.68064865199125
8194,392.79469201081173
8195,489.4063079489251
8196,468.2160739770408
8197,477.46710588598995
8198,349.3508890189436
8199,417.67503221446316
8200,439.43958202485754
8201,451.2453717723961
8202,490.88513644426854
8203,438.9891473408468
8204,413.58167706996664
8205,443.72711948136515
8206,465.92762232588666
8207,461.1998746637605
8208,407.8662984362127
8209,445.17364034164336
8210,430.213822227517
8211,481.8956714370957
8212,386.5615424795942
8213,434.1973902354602
8214,545.2257217601809
8215,470.0226832032001
8216,421.78569597131224
8217,344.15960783199614
8218,481.4735729825281
8219,446.2822615596591
8220,461.2631548749788
8221,427.25797313754003
8222,422.93660236446703
8223,452.8974231758964
8224,466.0595426644988
8225,439.89499896814004
8226,481.8755816235502
8227,479.2519880124464
8228,477.94297676560444
8229,458.5814898074686
8230,444.87726842571595
8231,422.0791989354178
8232,422.79666654649907
8233,482.82926403385363
8234,402.4839633403728
8235,507.61454290896364
8236,440.1972778014236
8237,498.7798167078917
8238,476.91073551905333
8239,477.00801249525193
8240,486.17784655666566
8241,440.969541332731
8242,390.10456237851315
8243,421.9638266767367
8244,471.26793166590556
8245,354.257408117628
8246,447.73047891098855
8247,418.36740678722435
8248,445.5482916321352
8249,436.31436573786516
8250,452.93515371146367
8251,447.8696651852987
8252,440.4300317002408
8253,415.72577787130245
8254,466.3859169473389
8255,377.23225173953534
8256,400.03253853519425
8257,438.99062085231816
8258,420.7553786531171
8259,461.395199349899
8260,421.07475214789366
8261,461.49819806666306
8262,510.3228193140248
8263,383.1195146192528
8264,494.6908364802065
8265,423.7854750191738
8266,470.05269017857444
8267,442.9846990135719
8268,487.1146137361432
8269,445.5716569524004
8270,452.496988464058
8271,489.41952782913637
8272,511.62120184963635
8273,529.2608369674978
8274,399.3420795562515
8275,544.8533763859922
8276,392.1615709579758
8277,452.93153931573
8278,452.8815104886039
8279,434.3686180641668
8280,451.48410813951807
8281,374.8641801223446
8282,514.9218946922178
8283,388.9657661641685
8284,424.67527667841455
8285,485.24354790392607
8286,462.2658959176965
8287,440.9768161133131
8288,446.4581809780263
8289,448.67365115945825
8290,354.5570713133479
8291,410.464814898687
8292,463.736673328959
8293,446.60173550329034
8294,469.27534109818026
8295,450.8571446082544
8296,394.62376172551484
8297,390.0417209383355
8298,449.22079437833
8299,482.80817533718715
8300,451.7664217273265
8301,502.22857453242966
8302,454.0800932130019
8303,374.7855740448678
8304,452.82212926407334
8305,444.5092655693417
8306,520.7239077136558
8307,428.8306626344552
8308,387.46364509809064
8309,461.7294711260755
8310,500.58740739236043
8311,441.8345018531261
8312,502.97105315450455
8313,411.9722834282244
8314,417.3141045125752
8315,407.10161642383173
8316,439.163244066225
8317,452.8184817327757
8318,383.06302070311153
8319,505.46158336328097
8320,427.1500543584036
8321,424.67346361609333
8322,398.6131557160207
8323,419.9991947946205
8324,412.8450974146846
8325,425.7132273431062
8326,540.9708003836338
8327,451.2133667658796
8328,519.0911033278866
8329,446.74189827212047
8330,521.2956527083182
8331,454.65930899400325
8332,501.9481891870549
8333,399.2702061900437
8334,416.1521344920299
8335,416.8056354764817
8336,472.65415866398604
8337,528.029200647383
8338,400.6928156800145
8339,466.87528476680154
8340,368.193148104621
8341,403.8612468202232
8342,485.78248595388806
8343,462.9523623868745
8344,431.19320824494963
8345,498.0922996483757
8346,475.6329330131307
8347,428.3290592710293
8348,485.32706912088906
8349,464.7322856756478
8350,438.7480191449608
8351,417.90172713803514
8352,503.4091941429087
8353,432.50665758095266
8354,432.61134393303456
8355,454.7880858362222
8356,442.92023526569665
8357,437.6052645819852
8358,518.5555484021302
8359,460.44035179742565
8360,525.2599410267912
8361,509.7777624273319
8362,453.00874314238814
8363,496.7365058438214
8364,492.39278977019933
8365,444.5779322328849
8366,458.5552238288809
8367,507.28358734910324
8368,473.0257694471635
8369,331.3730983495128
8370,363.7140551032165
8371,396.9700130692836
8372,474.28679907715457
8373,532.4908408557669
8374,477.0516201150293
8375,453.8123850506673
8376,432.595620052579
8377,485.6071526174198
8378,438.4376878357202
8379,389.05927021874584
8380,457.98799117167476
8381,534.6487448258351
8382,435.18581616122026
8383,399.83669226645486
8384,522.1567133862811
8385,444.8090699146315
8386,385.009137636115
8387,419.6878825452224
8388,470.31102677624847
8389,492.5039818216781
8390,466.0053971172429
8391,514.9838404646301
8392,491.9659862258177
8393,406.5450118096395
8394,491.3202892380342
8395,407.85672011382775
8396,508.79058302410186
8397,417.1142914240069
8398,417.535812514827
8399,471.59761564597306
8400,449.5401481917504
8401,446.89501541659615
8402,416.30028647191523
8403,424.95300841739055
8404,457.90639101514796
8405,483.7858378932636
8406,439.0693549339073
8407,413.71570144813256
8408,487.69714761303067
8409,461.20922948000225
8410,510.91792732881044
8411,392.33554866787216
8412,471.28867458072665
8413,524.3209675267963
8414,491.28139366153044
8415,510.22013902071717
8416,459.1579886931688
8417,452.67390380258473
8418,486.35207801714387
8419,448.37387888451485
8420,468.0388913567647
8421,496.6347653013936
8422,432.63576508686464
8423,456.2587821603718
8424,438.3499392339313
8425,474.3141841548524
8426,419.98704055790273
8427,429.43984912272407
8428,465.15601948006685
8429,425.0422218397421
8430,424.35125615042904
8431,399.6888293466157
8432,420.4713963460553
8433,435.7539613998406
8434,378.5147796954159
8435,459.72971049449137
8436,536.7907900886786
8437,491.98110769711457
8438,440.6484892051329
8439,378.1940279195654
8440,450.93314165513885
8441,482.61291685596177
8442,388.49231970152323
8443,463.64842447664944
8444,470.96391963286936
8445,451.5919295286208
8446,423.7526804792477
8447,435.0448611852391
8448,497.1538323113674
8449,458.52337645780227
8450,426.09272038440014
8451,442.1986816381545
8452,385.1331257241777
8453,445.2280487847828
8454,421.29782556366683
8455,434.2340354195092
8456,412.22412863288065
8457,451.7903602946709
8458,396.47014965487824
8459,430.63112854718554
8460,498.3948898120059
8461,506.8109732588701
8462,471.8102767134884
8463,426.64398040910373
8464,450.9043787854797
8465,443.0342325231096
8466,481.1138943956498
8467,453.7434889513762
8468,484.75761628882935
8469,488.54358253801195
8470,488.06392056248234
8471,425.5467591927436
8472,377.94717500270167
8473,456.78682470801584
8474,456.8524880439634
8475,425.8942761616221
8476,411.7795345573658
8477,461.46878086679527
8478,476.7288587107102
8479,389.4994651753889
8480,459.4567301905566
8481,450.3707692453718
8482,488.17451397137773
8483,520.5244177080191
8484,500.32025071645546
8485,476.4779319751428
8486,427.28645516897046
8487,408.5083499022716
8488,419.61099875799476
8489,515.9076412286279
8490,454.1161651724894
8491,466.39991769180284
8492,428.25008623540964
8493,429.89634528733166
8494,420.4193950130281
8495,449.8372199774563
8496,413.4083286321556
8497,466.7625584524298
8498,476.4458429663062
8499,452.8786664809087
8500,481.1172070797935
8501,436.5897091169612
8502,426.0013434513023
8503,403.19695356809905
8504,444.3742306866425
8505,479.72070337496615
8506,430.53308041016754
8507,387.48053929741025
8508,425.48065405986114
8509,475.42986335402077
8510,458.9954601703615
8511,434.57028942953673
8512,439.55925214816295
8513,459.90820504718766
8514,486.79431182355887
8515,492.0515910068431
8516,424.6962557099344
8517,434.0893037025094
8518,420.1407961368711
8519,437.0589414985288
8520,484.7588216251028
8521,434.0584139943689
8522,473.206130381596
8523,427.25395748369607
8524,392.3110893827361
8525,511.72130472988505
8526,442.0667392713189
8527,489.96731213826916
8528,469.9331511403506
8529,518.7064228320057
8530,467.50064833836376
8531,465.3307617975549
8532,511.9318116077005
8533,420.75135917217426
8534,472.297854902712
8535,436.8077428339464
8536,464.60962347926704
8537,430.7249007849302
8538,407.114461379201
8539,419.53909360203346
8540,428.1558042221899
8541,450.2385491216055
8542,393.8708119525164
8543,472.91933467751915
8544,492.453054325223
8545,461.3165678213801
8546,402.5040172459362
8547,424.22380419273605
8548,425.0305591429142
8549,442.4276603557267
8550,441.63568274315827
8551,420.32280026102615
8552,441.3365491003695
8553,499.4215715337827
8554,465.6913276252006
8555,474.969634586735
8556,393.70125028051865
8557,443.6960956757156
8558,472.96665783954313
8559,388.890815702395
8560,402.1472454132531
8561,418.45891045313465
8562,426.20060420055336
8563,469.3742398037109
8564,477.20345593997365
8565,487.5723229461619
8566,484.51110982145275
8567,442.81439215625284
8568,371.97289532900976
8569,450.8554868129177
8570,426.267362648748
8571,507.58919412857756
8572,471.8706269572237
8573,470.8054852021015
8574,429.9471070738327
8575,437.8194885048704
8576,461.64931870064424
8577,433.6499088233321
8578,425.10763081222467
8579,406.61828112357955
8580,471.95605659546936
8581,519.956000684276
8582,428.5562665643721
8583,458.14005392821963
8584,385.0345535155741
8585,458.7772715665074
8586,404.6565643576855
8587,503.455901670918
8588,455.33909163006683
8589,335.89452674572084
8590,469.5457764404402
8591,410.97554400299316
8592,405.97548863566607
8593,450.79738859842644
8594,456.82643318897186
8595,488.56752851659354
8596,455.5617079792713
8597,407.0502816677246
8598,400.7332447365591
8599,466.8976856819798
8600,495.6497220810923
8601,381.0423524332338
8602,501.7240350390698
8603,435.76644660814316
8604,424.8966906293398
8605,446.849940269606
8606,512.4780729098528
8607,438.75726013523666
8608,455.21905727895444
8609,477.72919566139524
8610,397.2257678711122
8611,453.72713585160807
8612,430.020327278926
8613,461.8330991391454
8614,419.2952819827916
8615,463.7447833128407
8616,457.19329477072404
8617,458.7494867426039
8618,513.4768581057225
8619,495.577058578233
8620,438.0611341092463
8621,384.1776761159591
8622,513.4435077973357
8623,440.4420662390566
8624,444.541507908944
8625,506.8398605788425
8626,454.9450433844227
8627,423.5806456666257
8628,379.3818403989764
8629,430.1500707230527
8630,501.35167962189
8631,395.290417589864
8632,464.89460499423217
8633,499.25521013165206
8634,494.59863370226196
8635,469.3259457169345
8636,495.5603396703075
8637,422.66708777333906
8638,460.5203740296952
8639,487.54539378182074
8640,413.8464840474905
8641,460.515946574488
8642,444.38496831199876
8643,535.0275027196388
8644,503.6767934792905
8645,424.753723024288
8646,474.2667468512855
8647,492.11484415643656
8648,438.73761256651557
8649,457.2592001467255
8650,396.85098786758505
8651,436.8752713009308
8652,372.40837980014356
8653,428.93295286947307
8654,463.7709912619695
8655,455.2645645347128
8656,526.2568976913228
8657,435.5943685853281
8658,523.1420255364025
8659,469.37979282516613
8660,391.9524820375766
8661,507.45446367706506
8662,444.16071297646687
8663,468.97537252278426
8664,473.28723474613605
8665,432.05831439850317
8666,430.3396971488527
8667,413.09851351283555
8668,440.91857835237334
8669,441.0579683914495
8670,407.89906834555165
8671,390.5364397843498
8672,494.6109621404997
8673,503.0944819397404
8674,479.4131260738503
8675,485.7063750484856
8676,423.8070950168513
8677,462.9943061859954
8678,452.8843502172621
8679,468.35783968928723
8680,403.6661363612671
8681,555.3981565317132
8682,510.71190475809345
8683,419.3664832203905
8684,423.5216624070677
8685,498.87628142757546
8686,395.1920033666659
8687,468.1280951096272
8688,494.71041516772726
8689,370.0438819448274
8690,404.41136242111645
8691,437.00405314710457
8692,463.2174810426833
8693,471.0977499098372
8694,465.85833042018504
8695,432.0846487786588
8696,476.8372017339658
8697,424.13301908000454
8698,390.3732596303065
8699,433.2942008596432
8700,431.2168171544217
8701,429.72501008382443
8702,516.054888246264
8703,342.72456724954577
8704,465.59429449347266
8705,436.47175061309576
8706,479.4485512274566
8707,417.85163645467003
8708,410.5802600002142
8709,449.19599379457213
8710,494.14516379765524
8711,432.8326881132115
8712,433.13194681801957
8713,496.7344427580968
8714,443.9692529087425
8715,415.6371158199551
8716,440.78214158000105
8717,420.61560605938166
8718,501.41486174689896
8719,367.7448321412754
8720,458.312199652431
8721,529.4005395358247
8722,431.0454749015542
8723,511.47265441171504
8724,481.2837043763643
8725,516.8575844429625
8726,424.77948273781726
8727,525.7747578409951
8728,434.54905827626953
8729,417.13510109891695
8730,467.10057661630407
8731,510.89566771486886
8732,482.38347021792407
8733,465.7746164140142
8734,499.61805593848095
8735,509.46100727889683
8736,401.2715185935753
8737,417.9116590014031
8738,494.56727524108663
8739,472.1347346031242
8740,515.1716113831562
8741,487.55991146983416
8742,363.09250814803056
8743,458.6378030441533
8744,392.5644759904074
8745,503.78703371944147
8746,472.47237861129963
8747,429.1061080704769
8748,448.11529776162314
8749,430.1879762523811
8750,439.65501598734556
8751,481.7038407167743
8752,486.8162143381334
8753,457.71929243786104
8754,430.6844987610012
8755,482.84817926295995
8756,430.396829560203
8757,400.2833829030157
8758,451.0116393171264
8759,473.67258065294106
8760,494.79080336048094
8761,386.7471854093517
8762,415.3266970748295
8763,483.64184645932744
8764,412.5801960269987
8765,443.60535170655305
8766,420.98842341414326
8767,469.8612325097505
8768,413.37265100184845
8769,382.68952461462635
8770,498.9166917958424
8771,451.72121147789437
8772,474.0832671937528
8773,453.98007958082235
8774,453.8593741927036
8775,388.5442658988298
8776,431.2714694020367
8777,475.7504234291087
8778,468.4591413248693
8779,474.29828022214406
8780,395.37559212309463
8781,467.7816551746347
8782,441.3591911533767
8783,516.5978316412071
8784,416.1446689536826
8785,448.48316750771824
8786,459.9296414157294
8787,489.6000666487255
8788,407.06731577263986
8789,465.01600045608205
8790,439.6063336901816
8791,537.6998612874128
8792,496.3258663978293
8793,463.7811610166369
8794,481.89228979463235
8795,463.7197360599748
8796,377.7031801053103
8797,416.7346102359678
8798,426.3996440262463
8799,412.8329527045233
8800,458.29220351338614
8801,447.6909372253502
8802,507.05574826629464
8803,501.6847724741021
8804,439.97329440918014
8805,474.25275523407856
8806,437.23039535721284
8807,448.5999918421389
8808,446.28842524722063
8809,446.2845638783077
8810,478.3577766272475
8811,449.5426003223922
8812,433.6820945389925
8813,392.8872022537945
8814,411.29670429252695
8815,457.8613287237036
8816,445.9135048980275
8817,555.8768548576808
8818,439.7887277443691
8819,434.86618903280555
8820,402.8047053259069
8821,477.97164303836666
8822,409.91536227777146
8823,475.0084197709406
8824,370.0463277517234
8825,504.42425570256387
8826,440.65493235702985
8827,484.3041507080138
8828,467.1170349233602
8829,455.91236041580635
8830,382.8228702856048
8831,527.0014354827489
8832,453.41983784967636
8833,527.5387461605835
8834,421.208757056917
8835,469.8261952151304
8836,466.3974891479991
8837,491.9474038138804
8838,438.6099415027296
8839,479.80358011856316
8840,468.0958993503569
8841,366.20902766712015
8842,492.3770430031044
8843,385.47851000126656
8844,524.2409356945928
8845,454.5998402290775
8846,416.6895269365441
8847,502.2036277628348
8848,425.10576344619864
8849,472.8042872864721
8850,473.9810526221212
8851,423.57245917705853
8852,472.43844768161
8853,420.69230840995255
8854,408.2443220090414
8855,435.725585912628
8856,458.440508082844
8857,393.5474131408157
8858,499.7792651144167
8859,471.51720753833337
8860,465.5317286595346
8861,503.58677523809007
8862,419.250180207615
8863,472.8430192457743
8864,409.73303878640024
8865,438.5531420216782
8866,409.6811336345563
8867,444.71287501590626
8868,468.6442380271981
8869,425.44225078120064
8870,450.0987555322067
8871,464.95592907180674
8872,377.7939592101747
8873,469.89342143536976
8874,468.2254327139924
8875,403.21324131775174
8876,514.3548699470876
8877,486.0075652516378
8878,433.2068251035086
8879,444.93061380034527
8880,406.64100909291534
8881,474.87995158273804
8882,510.8447255589573
8883,443.6926168408275
8884,419.0865265309036
8885,439.1525924362622
8886,471.0458799410649
8887,477.68584698706803
8888,546.3651789425875
8889,473.50993644444765
8890,455.9105506473497
8891,505.49498833350424
8892,540.9504992880152
8893,455.22848831120785
8894,479.27688183743635
8895,414.8171994466744
8896,461.9199555504783
8897,481.2201694191543
8898,418.0086313753718
8899,463.2134043980781
8900,438.7938459625154
8901,426.2493170405672
8902,425.7849983078721
8903,403.18564628930864
8904,491.9053212790691
8905,407.6654107540197
8906,366.20735394376953
8907,395.6159956583033
8908,402.9677869519224
8909,481.89386076790936
8910,441.023934528644
8911,498.2255188758278
8912,498.37170859619727
8913,434.68899586654857
8914,461.2358699451235
8915,495.9592242905022
8916,479.5809570784112
8917,508.73400377868836
8918,359.45397574124564
8919,439.90807244933524
8920,406.792959285789
8921,437.0430857232654
8922,480.4510860646118
8923,388.10716825364136
8924,485.3506782949629
8925,462.6623862310066
8926,467.2648806695833
8927,453.15122968130987
8928,532.5199250056417
8929,425.19124631902463
8930,459.22497653146786
8931,445.74906051052824
8932,439.4761465981839
8933,475.6496685029905
8934,440.02027268567514
8935,445.1487678288277
8936,421.9680778046272
8937,451.50742034924554
8938,460.3092647567439
8939,413.5362945873457
8940,404.26087998310066
8941,478.4366924068542
8942,366.6587577155547
8943,390.8052172861885
8944,421.3804449835388
8945,448.037346238171
8946,472.76876179641005
8947,456.15993963387155
8948,460.7709343265978
8949,404.4197964287782
8950,390.7914869221003
8951,393.4846673966097
8952,433.3294556808936
8953,426.78648392244855
8954,445.9965449663151
8955,499.1269303051653
8956,391.6883228609328
8957,405.5016942943679
8958,419.80866329545125
8959,523.6387270028276
8960,504.4337138647257
8961,446.4655998768642
8962,450.60310270672187
8963,459.7239044108441
8964,505.52842933417134
8965,453.9172582976707
8966,410.869865685519
8967,387.52629155706296
8968,454.15248785443725
8969,491.7779936265303
8970,464.99376680438434
8971,430.8307272423352
8972,418.48421391244443
8973,473.41981712389173
8974,424.5408617489503
8975,418.5238645406598
8976,499.0916390362342
8977,469.47442617904323
8978,438.694552165522
8979,409.28665061081983
8980,502.2080938669347
8981,445.84807173056834
8982,500.05331610578986
8983,424.4376407900446
8984,438.26274003300165
8985,440.21173531975126
8986,393.3219833810941
8987,403.07927130849515
8988,405.8308012998173
8989,436.4908959769059
8990,444.27587654937474
8991,493.06465046974665
8992,351.02922811276045
8993,421.6668710034695
8994,475.8738224737634
8995,431.5314153596381
8996,443.36822489650143
8997,450.8671646764358
8998,425.76116253106636
8999,427.4824484466448
9000,452.9406325022206
9001,436.44049078524455
9002,419.1757132678059
9003,447.1794323215565
9004,541.3586447481382
9005,476.64453838195385
9006,408.47395923666625
9007,493.31934369119284
9008,493.8988231894667
9009,437.8906211408583
9010,540.1920054178063
9011,522.5313592509184
9012,478.7551747070487
9013,358.84049889192755
9014,402.3141103830941
9015,484.9874295097724
9016,477.5728168444433
9017,467.43702837716756
9018,459.55417928029146
9019,457.0710013246934
9020,436.1421661286883
9021,436.91220150210734
9022,593.072423979566
9023,422.65181749789775
9024,462.9887467522881
9025,440.4514888013742
9026,393.19521664018913
9027,435.0891405225513
9028,485.2660926862728
9029,432.3607048756266
9030,484.418850070041
9031,449.4409383520426
9032,448.89648210872514
9033,484.00126897880585
9034,473.5138220559248
9035,371.60345890780906
9036,497.8667940750933
9037,462.83015786092443
9038,420.3711206318943
9039,452.509282871643
9040,491.8629970402756
9041,424.3422831714671
9042,437.39472427011003
9043,419.1622842848255
9044,467.00321812810097
9045,457.09042836003215
9046,472.81738976299584
9047,462.4435434187324
9048,466.9686859186505
9049,466.91124796717895
9050,397.79538606053296
9051,424.3135352710991
9052,394.78864773703054
9053,408.623280284149
9054,442.41859312623876
9055,449.48226788224105
9056,425.7609253187061
9057,513.8796832790784
9058,481.12464064037226
9059,449.3325304855799
9060,512.4794645979116
9061,457.029678513634
9062,416.4597199406856
9063,419.14440947923885
9064,418.1243651536186
9065,407.6514829062651
9066,497.59659082654343
9067,503.066850658642
9068,540.9689847787911
9069,412.2319305623543
9070,430.99272739964124
9071,466.0215650467828
9072,461.7753121481548
9073,407.4114231443228
9074,475.2254930331016
9075,458.9295062182116
9076,513.564299455299
9077,384.8815185276745
9078,460.29859072618297
9079,480.3519821469519
9080,431.34747464364517
9081,405.661510657917
9082,457.82291817918014
9083,382.2345709168095
9084,440.13062838104725
9085,439.26593207557283
9086,411.0130962196633
9087,392.13681722660385
9088,520.2861755346971
9089,400.93301595344053
9090,413.9172486674669
9091,450.84622285839225
9092,443.4365849064454
9093,474.6182189015974
9094,436.06885537196354
9095,477.23268729530463
9096,419.8981017831165
9097,383.88004625358013
9098,486.3581149545225
9099,487.802536818069
9100,490.6628360111961
9101,430.55780408367303
9102,417.9953291939862
9103,425.6544328105905
9104,508.6535538826358
9105,504.4552807229367
9106,419.13084901024206
9107,466.6988940537211
9108,370.37899632382573
9109,401.09181479379095
9110,518.4349111515883
9111,437.8307926941796
9112,472.1025990031735
9113,451.26779784749215
9114,521.7809176634006
9115,437.7407991894633
9116,428.0106576077399
9117,344.3799270528805
9118,478.08915938898747
9119,460.3355303364048
9120,405.4492390293535
9121,545.7904046412871
9122,406.85404467428936
9123,474.1273212561688
9124,426.9650764186707
9125,510.3881968780739
9126,402.43369111804697
9127,470.1663903208222
9128,579.0007403471145
9129,476.56725457765685
9130,401.457439225961
9131,417.62647782907135
9132,422.9033733603671
9133,515.7775439556549
9134,415.53214388392007
9135,417.5863000227444
9136,471.7336461476081
9137,454.5215711857557
9138,456.96289415006885
9139,384.7060859866823
9140,426.5270201426399
9141,451.30527265435336
9142,421.1600601562824
9143,404.23645870097346
9144,494.6411979747201
9145,447.88857494067844
9146,486.61787118501604
9147,474.1062005927766
9148,521.378541562864
9149,372.9556828833657
9150,423.03691863958187
9151,453.9792377698444
9152,506.2953219898288
9153,419.58091790749677
9154,466.3321579640955
9155,418.256397140543
9156,445.6794480544098
9157,470.08587883173095
9158,421.3754220724597
9159,501.32281794393003
9160,472.91498733050264
9161,420.51397172789575
9162,444.7277573730269
9163,555.2326265862848
9164,415.66172721264684
9165,408.013384202908
9166,480.5507478826514
9167,489.43160494733996
9168,431.9888875407163
9169,501.2662634021776
9170,422.86690243500146
9171,550.3877196365743
9172,443.0878472896179
9173,455.0384122524555
9174,454.4673842941105
9175,436.14391864358697
9176,489.5032978237449
9177,468.6098014074786
9178,458.22835911822534
9179,460.2809694029477
9180,473.99214988028103
9181,369.1140461411351
9182,334.5367194865493
9183,494.8524565337056
9184,483.82851135167175
9185,483.80117894804886
9186,468.18248500512465
9187,427.2358567526153
9188,452.88580098439246
9189,449.9730713174311
9190,436.02323827687906
9191,495.25317878631597
9192,447.6562733383442
9193,453.5075805755055
9194,462.21224032847925
9195,336.57177081839825
9196,417.0403521367415
9197,374.6987852773175
9198,432.60047720787685
9199,474.1282876163114
9200,435.653710588293
9201,383.1874091790908
9202,453.64079577541037
9203,430.7155614548452
9204,434.1868159309053
9205,419.19294525864177
9206,428.1000588519751
9207,449.0983309686947
9208,428.7987075025782
9209,458.5238231436452
9210,448.936051657588
9211,521.7173691724943
9212,394.49191890533086
9213,440.97387212767563
9214,482.40002895634643
9215,461.03879776674586
9216,451.2591788212313
9217,440.24750818607424
9218,453.3126216181105
9219,498.244567937812
9220,432.4852161376892
9221,399.6629710865057
9222,427.3740853402037
9223,433.2233547144414
9224,530.2855077983712
9225,357.17710537323194
9226,399.9390672927868
9227,519.4098471671349
9228,449.11023353723135
9229,454.9206217959928
9230,465.3611720049128
9231,493.9117013002435
9232,378.8536310367954
9233,477.232664201889
9234,406.1304741176713
9235,361.40017907721534
9236,457.3568028470251
9237,407.65454884218275
9238,445.05320645672185
9239,483.83811802915153
9240,451.5252886149587
9241,486.2700370556086
9242,402.1621859590493
9243,486.76173116864965
9244,543.1205217186858
9245,456.20551053886606
9246,514.9332825438624
9247,507.99210937743004
9248,510.16902770172453
9249,473.91048833139877
9250,473.41191065430644
9251,401.1565835189479
9252,474.4322413456868
9253,383.9856806346042
9254,494.05045098889406
9255,359.97170045321764
9256,466.5931091664138
9257,413.2190168832263
9258,397.68323647432334
9259,447.8419382796904
9260,391.2353241259861
9261,477.9274124067431
9262,435.0833019434678
9263,415.9729257085301
9264,422.7193049897874
9265,400.4005282182243
9266,423.26544702932927
9267,444.4417069248555
9268,424.69933470361383
9269,480.2201056593379
9270,392.3246778459832
9271,458.5826105093719
9272,452.3953152453512
9273,433.81173703293115
9274,425.8172679902532
9275,469.89170085447836
9276,522.47099354174
9277,499.495265956681
9278,437.6961463364186
9279,442.39395018699327
9280,449.2526554542894
9281,484.96458651886695
9282,412.4551860232189
9283,434.74277080012985
9284,467.2375942975487
9285,457.11623182396767
9286,455.8907241574065
9287,542.5893241190972
9288,459.60544953015045
9289,469.3671796213394
9290,476.96789175361044
9291,404.3175744055552
9292,449.94001081359784
9293,371.88353414674555
9294,413.9742669344404
9295,479.8389497799119
9296,564.2445106180967
9297,472.4102094826617
9298,545.2993561471654
9299,438.62846564992066
9300,431.3901057805671
9301,415.2464021566668
9302,445.99809830918036
9303,496.9515680214123
9304,498.5814590778563
9305,455.93386245743085
9306,439.91648065130397
9307,433.4297530968757
9308,473.22345619156204
9309,503.5821946536694
9310,450.5122098087254
9311,492.0021708812272
9312,447.92953342815673
9313,372.6815057633555
9314,423.3519812449047
9315,424.96350536547374
9316,511.5724726837954
9317,470.8938354962085
9318,445.2127544357539
9319,496.39574936148796
9320,400.90241645147614
9321,473.47121219689376
9322,487.1245216156022
9323,494.91244497324726
9324,500.8866842235727
9325,473.55246640625705
9326,511.46442449407084
9327,538.4245620053769
9328,387.91747779799454
9329,425.73989852919135
9330,441.4006646632076
9331,465.13685194118386
9332,452.9074804468926
9333,399.9388503541048
9334,438.7687970684614
9335,464.0308009005163
9336,419.8566894909665
9337,499.14798685779357
9338,473.1750179686416
9339,451.4814367261521
9340,482.08912257105374
9341,487.5048048204381
9342,424.0084834194847
9343,417.8685638593597
9344,429.81780906896375
9345,446.50419755431557
9346,390.5721938998488
9347,465.0638124144919
9348,444.5726765163803
9349,568.866054663315
9350,421.78211065679454
9351,453.4682139873542
9352,396.9373201326336
9353,428.1617008367001
9354,487.50990659715995
9355,442.10369264989885
9356,499.71213768287043
9357,493.8881272800728
9358,465.3046189505345
9359,365.0821056404568
9360,385.68903099884795
9361,522.8577443845734
9362,445.8100566589029
9363,540.770601728442
9364,455.47465993422816
9365,466.49943241174776
9366,450.8162755592635
9367,430.64796927228497
9368,431.091206479615
9369,432.5848029639933
9370,477.44079224379703
9371,458.22361464734297
9372,501.99478147226284
9373,469.45370077546676
9374,433.6445654504443
9375,464.02593759830427
9376,455.96116148510606
9377,417.7682469411029
9378,373.9569366924363
9379,497.94842831240453
9380,415.1357666092319
9381,465.51258780250566
9382,498.6166725760357
9383,472.0426640459345
9384,473.65436324658066
9385,448.2498849759948
9386,465.4159868443489
9387,507.3018916572486
9388,436.5120607286592
9389,357.0563268042903
9390,486.1118136478223
9391,452.189793433424
9392,482.9888104947005
9393,473.6197437888598
9394,477.3724842945548
9395,497.093051956688
9396,438.8491535575612
9397,558.8210211869803
9398,466.1923271836658
9399,418.19831777300595
9400,345.465414990084
9401,412.61068485990563
9402,471.4670159749373
9403,441.9072148041444
9404,453.73747324406816
9405,473.60729860599076
9406,473.6393396375788
9407,442.09077484995197
9408,475.3166979154083
9409,444.9694735305106
9410,419.34943379006813
9411,395.47919562895913
9412,449.7440893835195
9413,445.19215573506506
9414,482.40250586898713
9415,461.75019533876247
9416,439.4195255180878
9417,480.7489165712796
9418,475.06193847629083
9419,496.63266291585944
9420,403.5447361356287
9421,473.2261685723829
9422,420.4781023888346
9423,441.90329115005443
9424,492.7922159069596
9425,430.29420256568636
9426,485.1225101376291
9427,469.6328393862492
9428,471.4845084840225
9429,513.2824847357255
9430,505.8920398127911
9431,449.3084038617402
9432,406.9254302413483
9433,422.94838442750637
9434,404.8582597193714
9435,498.33035039172955
9436,454.90087119127816
9437,475.36100345210474
9438,479.6063761895006
9439,487.7282126904702
9440,525.9676906748691
9441,478.7163026117592
9442,476.51471826078387
9443,473.0778492603625
9444,459.2059818240969
9445,435.3580609238776
9446,485.0142297031352
9447,481.7621844676396
9448,450.19527317462627
9449,396.34245843835293
9450,427.9403395582968
9451,414.46028464486466
9452,377.40194686423285
9453,430.4695981725543
9454,434.8613165368544
9455,523.9728033043724
9456,434.1496982577851
9457,455.0230632057508
9458,504.8083027849228
9459,486.75856496112465
9460,482.6150875431658
9461,428.95252013915115
9462,431.68517921311854
9463,436.98730056872336
9464,424.31035736239164
9465,440.1396211279803
9466,404.80863943903336
9467,451.6353271580661
9468,425.69398916829823
9469,520.6848841993274
9470,490.57892860313893
9471,499.70846226317354
9472,454.52456027280414
9473,450.25596257522704
9474,505.7561951989471
9475,403.0703168793697
9476,473.02093565835105
9477,476.23659969311893
9478,443.38170497509975
9479,470.5657590247015
9480,468.771589402938
9481,439.4724460666462
9482,492.3836596223136
9483,490.1231972983001
9484,471.16521826287584
9485,460.50956483489546
9486,509.31242187411823
9487,427.006326409485
9488,386.93651136381936
9489,390.81605897664457
9490,434.2381968756485
9491,424.03758813254575
9492,432.4837026342292
9493,393.60413056714907
9494,459.7332766111019
9495,440.5772297840381
9496,458.96628767761945
9497,426.0879882038639
9498,460.39178548423604
9499,518.8657491177139
9500,486.0368390745993
9501,473.2164135037791
9502,473.5107644216523
9503,513.9623016019892
9504,445.33217262892595
9505,443.76288468370143
9506,474.19667181505463
9507,407.9701151154189
9508,439.93368534670657
9509,500.17258823150064
9510,428.2168582544258
9511,516.4261440272203
9512,404.52522391978096
9513,442.5733861084432
9514,456.0860579292329
9515,447.8340062652152
9516,422.8145896627434
9517,467.97638028670804
9518,400.8059857258844
9519,436.16924437966014
9520,418.223391908728
9521,410.22632573623014
9522,433.80888581953343
9523,395.77982945000144
9524,444.8320366058362
9525,470.14860755923877
9526,472.0086558712801
9527,466.2567967512219
9528,459.8753673609959
9529,430.5580033352583
9530,478.88559251065107
9531,455.153266940073
9532,467.5154523646649
9533,459.2337235849088
9534,436.30968287445455
9535,457.5710761585426
9536,401.93823973294917
9537,433.68018829211667
9538,464.5835387768489
9539,360.8857635188825
9540,433.3943140820802
9541,525.9063024121831
9542,431.7911554203806
9543,467.82545828512286
9544,482.5272406237497
9545,446.94836876498925
9546,448.36302844834694
9547,467.43604231105917
9548,387.98760267407937
9549,465.28132526066526
9550,428.9571921741272
9551,422.75333777587275
9552,489.9421316889589
9553,396.6864824508293
9554,377.5310821429696
9555,455.493142788775
9556,498.10005170334387
9557,455.57050036385897
9558,467.4468442288601
9559,520.8874998416165
9560,448.61625784500615
9561,408.9859778161456
9562,432.7758873605214
9563,435.4066695442537
9564,422.0436251433774
9565,387.64187564502373
9566,403.6584142926699
9567,463.90139924579296
9568,444.86231756252664
9569,468.27976458859047
9570,497.33161975973724
9571,415.4930747686581
9572,429.0510694136928
9573,470.02412930815734
9574,517.6585947514673
9575,461.10070589075605
9576,423.9756496819167
9577,460.8987418634443
9578,481.22291944693205
9579,447.0576679945701
9580,495.03096220755805
9581,449.0760607621354
9582,451.5411972049718
9583,463.52442416051457
9584,504.2226515223662
9585,413.6275961118324
9586,476.936913482776
9587,463.12039212758344
9588,433.48455694558226
9589,444.9973825839737
9590,387.61950702968824
9591,430.83910633263844
9592,444.9403652407902
9593,496.21882981443235
9594,455.6076152251517
9595,500.0509575590718
9596,426.48413645280397
9597,472.34188442135877
9598,446.64804630456644
9599,376.1918642553475
9600,463.8253972574433
9601,544.5897767569436
9602,437.0356135224503
9603,454.7809001223169
9604,457.0109806805468
9605,444.1049185855057
9606,401.1881162081995
9607,454.7237281113402
9608,433.07109005031305
9609,458.1026682206508
9610,485.57434535402996
9611,462.1262725544551
9612,404.1187079674882
9613,445.31944722209533
9614,445.3995507143487
9615,452.78262945008015
9616,443.6193580459452
9617,509.08696290990275
9618,421.93460851695903
9619,433.65857486781005
9620,422.35423137043705
9621,487.83491082213993
9622,468.71187573294173
9623,429.4910966810819
9624,454.1312898629565
9625,436.9349877353082
9626,477.61644817933853
9627,389.36531571220115
9628,472.6575479378923
9629,455.4482898105649
9630,395.33228484803203
9631,485.3971554411966
9632,427.13656039501797
9633,440.1394533457887
9634,506.99377950011507
9635,453.43126597173233
9636,465.8412761138176
9637,475.200807996191
9638,443.4878942773618
9639,439.5563804044714
9640,539.2314621449626
9641,454.7801142478796
9642,547.6808013052967
9643,438.3336282339306
9644,500.19495803980834
9645,430.56240086888806
9646,434.31270060639315
9647,483.1798794341325
9648,461.1271808861803
9649,493.70350768383787
9650,507.3176951158666
9651,402.0894511476465
9652,507.6013967075179
9653,506.4451776478549
9654,553.5747737730522
9655,448.14339711559893
9656,432.8954616114146
9657,452.07025714945803
9658,464.3837757687496
9659,441.8992925649532
9660,527.1091023454622
9661,482.6183891740832
9662,415.4195203089505
9663,472.57378994497856
9664,353.6578519014283
9665,493.3705260241577
9666,400.9926179511274
9667,552.270055294505
9668,471.59246282157716
9669,451.3814447213082
9670,483.5677342356295
9671,502.8639960964604
9672,492.31500060462577
9673,472.58583467438524
9674,440.9225584227469
9675,506.002210188068
9676,462.1883050229454
9677,453.09848991663006
9678,476.56816761626055
9679,439.3883240537066
9680,471.20564345345
9681,443.5002496995323
9682,436.5835600709378
9683,367.61165772988994
9684,405.0254212451672
9685,482.7379957368478
9686,480.12175577929224
9687,487.0224028604103
9688,398.92888580672195
9689,472.8799401803725
9690,471.6833371124901
9691,438.59405077627775
9692,455.16461329900346
9693,462.8153085598834
9694,476.3575632689266
9695,388.6595114940424
9696,491.6682361832614
9697,422.51944469740573
9698,432.7529777768577
9699,490.0033685581214
9700,456.82090992519005
9701,476.06199279087707
9702,484.95883555261406
9703,496.76848749917735
9704,439.2532646663279
9705,473.9044388274501
9706,453.6498457637269
9707,422.50783673445073
9708,364.7573172992137
9709,413.6593388156984
9710,444.6222147172873
9711,380.3883757429543
9712,453.42730485785074
9713,411.85025058350743
9714,451.3875220597084
9715,405.00350044858374
9716,482.3859321155706
9717,434.80100172297887
9718,432.16154734492596
9719,405.550496175652
9720,443.7540550007169
9721,440.9830579670364
9722,385.53420573973904
9723,447.7193464655695
9724,470.62072700279583
9725,459.9848448028172
9726,490.6004505202322
9727,411.60674471621246
9728,440.777961736062
9729,536.7380351419098
9730,459.95979514190196
9731,480.5773608401162
9732,465.9057051047034
9733,491.28745854502057
9734,388.5403203020537
9735,462.55986442485204
9736,467.08155985868217
9737,418.107636704873
9738,412.5974105513192
9739,445.8795321283363
9740,455.84024137579854
9741,472.7871525251415
9742,481.29793518122494
9743,419.57692884480826
9744,498.2362122348288
9745,455.2633635884203
9746,366.3354225946026
9747,371.2763317005873
9748,442.51475627273066
9749,438.8533055970168
9750,489.22626418297705
9751,409.1505363774206
9752,422.7079690665899
9753,443.95412563795855
9754,457.97087846841134
9755,440.6734486706473
9756,425.6785331006889
9757,421.91979218647884
9758,476.6008681271946
9759,541.3592559573847
9760,474.41133483647775
9761,382.16639190675517
9762,502.34145180560137
9763,402.67508505521283
9764,417.76674735364406
9765,437.11359192455853
9766,454.758200866879
9767,379.77405751999686
9768,392.9403055396542
9769,454.6787022586773
9770,507.33689277995035
9771,420.1692101855361
9772,474.2307146072141
9773,485.66396986716734
9774,471.3373965287455
9775,411.0828241318456
9776,437.66809933382746
9777,409.90059149866295
9778,451.8619558911905
9779,466.9134393887197
9780,432.8947997714609
9781,476.78191764500843
9782,416.5917492912819
9783,493.5815658337409
9784,459.8823622298058
9785,435.22231217159407
9786,502.03744364305714
9787,507.38670334412876
9788,476.2334087492814
9789,506.3884212043234
9790,521.4174934736751
9791,469.1811675475668
9792,440.2984622519012
9793,491.7353112058984
9794,477.1289359079079
9795,458.55742289963274
9796,545.0943840113052
9797,524.5279064293935
9798,493.156669317087
9799,417.37387877633455
9800,467.86414671643763
9801,454.16049644516664
9802,438.0506745175504
9803,403.76520509728283
9804,481.42818662259435
9805,390.30496233059756
9806,429.7551714785172
9807,461.18781288960986
9808,477.98261816411394
9809,461.12357103722456
9810,471.75251007576077
9811,452.05374934650905
9812,414.68957480332193
9813,489.04036373598444
9814,440.38638505767824
9815,459.7354367254871
9816,433.8358854171792
9817,448.72085144599095
9818,369.24785948001164
9819,413.19780831205105
9820,365.46100882867506
9821,493.26693705305667
9822,400.90841974422705
9823,436.1556559268076
9824,394.2656526981624
9825,432.2498395518256
9826,429.51996595915455
9827,500.6722054370944
9828,535.4173664056553
9829,511.46447783844803
9830,492.95103556951227
9831,437.0485426320804
9832,445.85296852598395
9833,403.65422635989273
9834,474.3060157485092
9835,460.7002715814726
9836,478.92621481032006
9837,415.7752094723611
9838,426.92407344089474
9839,421.60470080397124
9840,468.28682598410796
9841,374.8634897663601
9842,450.48609335496934
9843,514.6067286273544
9844,401.3666085482781
9845,456.79089740933824
9846,466.2373922765607
9847,426.7347537614387
9848,418.12132032685383
9849,481.23635484583735
9850,393.0934432721877
9851,434.85910612437044
9852,426.31089212173697
9853,485.3378755378135
9854,437.6419888691369
9855,460.59446074593484
9856,401.80223883913663
9857,458.29467772036145
9858,504.0955993765001
9859,503.5561765370327
9860,367.33838899342726
9861,417.5732800411109
9862,477.5599937063265
9863,449.67902080911557
9864,438.19573911206203
9865,514.0085814725743
9866,414.8302348876102
9867,451.3934422103995
9868,451.7256047755435
9869,411.11025006321427
9870,408.9288787470738
9871,477.07212768816703
9872,499.6550572462481
9873,412.8357326609188
9874,405.6318127077401
9875,404.9699729497886
9876,495.89583752161684
9877,446.9350645722357
9878,531.1770536340907
9879,410.2090840199404
9880,491.50586674393963
9881,439.2696364207897
9882,474.24368016906607
9883,456.2572774773247
9884,453.742137718594
9885,431.76576824586937
9886,441.2754313922843
9887,462.3843234875566
9888,406.1581898498109
9889,460.95064230805036
9890,393.5780929958534
9891,425.2795645731649
9892,374.4086407750201
9893,399.1164142217081
9894,414.67718378228034
9895,448.3929261790051
9896,469.65092105050655
9897,493.1772564277541
9898,426.3720543142452
9899,422.75442862216846
9900,420.7798029451801
9901,446.5936457179477
9902,430.6099935548835
9903,447.336181031788
9904,518.3522292708068
9905,397.54369588785676
9906,491.1469913865104
9907,468.84169109796403
9908,528.9169683832271
9909,420.6298746030522
9910,434.0910030879938
9911,437.7598050937982
9912,396.5561476580628
9913,486.63353715416247
9914,483.68924406998497
9915,416.800283019583
9916,496.04083619666034
9917,482.065425240856
9918,465.16599364870535
9919,476.9588983273332
9920,442.63323195886414
9921,419.5616696418128
9922,425.2072272717134
9923,448.44059579312955
9924,463.49180139644216
9925,386.7834481692713
9926,474.91030456249234
9927,498.0226935814035
9928,457.65361021811367
9929,482.90615384904595
9930,441.14741837701985
9931,425.6707698542244
9932,446.7417740033347
9933,425.0824258793199
9934,548.7844000833356
9935,467.6667374931065
9936,432.88514010907977
9937,526.6784035939573
9938,478.6572447716667
9939,424.6079175321992
9940,422.20926338943076
9941,413.9645702613347
9942,497.54753663457956
9943,476.11583948955706
9944,419.31806384725814
9945,470.3745766904346
9946,409.80368944025946
9947,430.880935369772
9948,448.7188840057339
9949,481.8637817661355
9950,447.8723338421083
9951,470.5293627048767
9952,369.9217675502098
9953,499.28229688415985
9954,413.59529889109564
9955,460.66187495416256
9956,386.48417430277686
9957,411.1220939077494
9958,489.2343593712637
9959,456.24578584009396
9960,484.31799378893305
9961,443.44971106707936
9962,452.4128803208899
9963,463.7737505211712
9964,435.2234168470138
9965,455.4820080175295
9966,426.16812883256944
9967,427.50877768235046
9968,427.2838810457396
9969,407.7509052106023
9970,383.138490569374
9971,465.59353921839516
9972,439.53251707777173
9973,446.8631182141126
9974,462.2942099342514
9975,461.5283397227715
9976,417.1949471259875
9977,381.9399109433245
9978,472.2064113532192
9979,473.34308919117666
9980,402.83225680263473
9981,451.8217217290277
9982,481.35595540561394
9983,453.0316595985048
9984,411.9200737986747
9985,369.2715877576323
9986,438.08979095377316
9987,437.6988451240957
9988,422.3777122263451
9989,396.45040565569826
9990,445.69617143288025
9991,435.62730399870634
9992,435.03214599607196
9993,481.77564121029445
9994,450.98175748581644
9995,450.1683115172427
9996,435.96775663230807
9997,424.1049914472118
9998,529.1292856659787
9999,492.00194354056765
10000,438.949761154872
10001,417.94492266195306
10002,484.2532466943887
10003,404.3988047890457
10004,403.68929280135256
10005,505.3807137653242
10006,457.7397860731402
10007,446.64004299486857
10008,422.94826474165194
10009,495.0114318821776
10010,469.81330014802825
10011,430.223485673228
10012,411.76866173864516
10013,526.8957935524107
10014,320.9682174154955
10015,498.50792278918533
10016,461.9112947559553
10017,406.82122129904093
10018,462.2862787487171
10019,471.709371797053
10020,476.9163201622248
10021,499.38438464165466
10022,475.13009290619397
10023,466.29241276301605
10024,498.084686719418
10025,561.5852326144159
10026,426.47768150939714
10027,390.78383752518096
10028,453.643865476057
10029,500.3465585785142
10030,489.92653715881534
10031,475.55460064407794
10032,402.5703700517019
10033,412.6755442045422
10034,410.67665977727273
10035,489.5598195975786
10036,440.30988388056454
10037,473.97831254012516
10038,479.2143110335296
10039,475.91851551312305
10040,395.16527810616276
10041,398.4069649385572
10042,462.11546283329244
10043,484.10304756298746
10044,451.4267272424522
10045,407.6750535457434
10046,435.7751768564133
10047,413.48922871176603
10048,457.99699576352475
10049,441.3994041737317
10050,399.5958634126998
10051,466.2209990359566
10052,403.7130272055901
10053,514.1838671979126
10054,383.4968473158251
10055,336.30128140227293
10056,501.5193382975552
10057,490.37243911555623
10058,412.8025876518069
10059,427.28065463519374
10060,437.43955086866583
10061,495.86103043999543
10062,385.95508645196225
10063,472.86150128559524
10064,413.8393945086969
10065,411.981876427187
10066,431.87602349756025
10067,473.8912113507818
10068,453.6062827612444
10069,485.2970805789774
10070,493.13430032719054
10071,426.3455973992695
10072,427.3993718793634
10073,429.95776000209156
10074,483.07309210321773
10075,465.5220034118498
10076,463.8885066289591
10077,513.2504520507689
10078,465.42598109156756
10079,392.12855998360834
10080,408.0635046973499
10081,453.60862990343696
10082,404.20454132242173
10083,406.6976170194404
10084,478.2616739159713
10085,456.3107430232774
10086,501.1296116726384
10087,419.51742455579074
10088,406.53405448625875
10089,455.6086664968965
10090,425.2909996810436
10091,423.1246017845036
10092,423.239409837936
10093,412.3132683358611
10094,405.8538022797193
10095,465.5549828517904
10096,477.6791276697493
10097,436.51927343462546
10098,449.73594439484225
10099,397.50454120159714
10100,418.29484739709744
10101,398.10045763119365
10102,478.64276548847107
10103,511.1893147821299
10104,525.1509966130304
10105,439.2350434689433
10106,488.61707171746593
10107,420.76413838701876
10108,422.2473276316494
10109,515.6868474727492
10110,449.26632721417866
10111,431.70178806870445
10112,439.7917122238217
10113,419.08244210945156
10114,468.18834202210013
10115,466.27920275954455
10116,441.3009283620363
10117,364.7952312402636
10118,495.0918596893505
10119,375.66470213123426
10120,448.8216903731749
10121,453.79897018219674
10122,397.0629948513962
10123,428.3338100553282
10124,471.2466321979382
10125,422.0908260123847
10126,402.29473047451967
10127,419.93944443400284
10128,440.0025093213489
10129,472.14133043935595
10130,473.88609686590127
10131,467.6132230528969
10132,446.1160892859934
10133,467.778335237695
10134,492.25989988462123
10135,368.6823118916573
10136,400.5964645803264
10137,467.3752247205454
10138,364.0689994287933
10139,526.1909046723827
10140,386.7629337855808
10141,448.8011864560065
10142,388.5952954382282
10143,523.1129703601564
10144,440.2121470081306
10145,434.8778210396843
10146,420.26300624955684
10147,485.05950658028064
10148,372.0304609375767
10149,490.51119355261784
10150,471.92398750627336
10151,465.75392381671554
10152,399.62026508810936
10153,515.7036143843553
10154,393.5272820958436
10155,409.9370869502384
10156,436.17491345862595
10157,490.17692837094717
10158,416.1525895684817
10159,401.0831919691858
10160,385.1315863042382
10161,479.87619479834274
10162,434.47354006588796
10163,407.6289290454435
10164,422.6163632312901
10165,451.1368769399728
10166,409.3738949453031
10167,509.44397548003855
10168,438.33091395616725
10169,455.9181146934642
10170,439.9304849153023
10171,353.21435792955543
10172,476.1040590923794
10173,410.60644591670626
10174,461.54165518884986
10175,371.4604628263946
10176,460.4604814904629
10177,428.22226371706626
10178,500.52270440453
10179,463.4877722071829
10180,479.1714160399215
10181,450.4625701121174
10182,415.6795113577083
10183,389.2134069393406
10184,441.52325708002604
10185,383.231836337478
10186,444.3028238754094
10187,427.9033563248995
10188,454.39263223015433
10189,466.12596201415175
10190,488.9325404907015
10191,435.48610693429146
10192,445.3776331244791
10193,359.93079707502403
10194,440.6066509520337
10195,416.7506505382619
10196,461.46177784555283
10197,449.78834824833547
10198,453.27301405466716
10199,533.8354214487181
10200,449.5337885389703
10201,424.2285828330819
10202,444.20802735714346
10203,445.6067555846277
10204,510.04082351153926
10205,403.90587849910963
10206,462.05455516198424
10207,484.00524917806945
10208,336.4143330689431
10209,400.7030063053022
10210,413.9151780321611
10211,514.0307301661625
10212,481.4411688086525
10213,474.5169848797566
10214,487.72495856618923
10215,510.8085276470565
10216,437.3992116478775
10217,453.5963121389869
10218,411.02513074838714
10219,474.1316384283726
10220,448.7380807329224
10221,490.9862840191504
10222,435.4651008472787
10223,436.25022123477095
10224,436.8368083199251
10225,455.39000510988564
10226,477.9036286253624
10227,390.3866399471721
10228,457.1070651776279
10229,431.8656979486477
10230,402.3465005436307
10231,529.3011551970028
10232,397.17625972876624
10233,469.4834923263126
10234,472.331756793254
10235,456.42422062175837
10236,505.3053436027897
10237,442.2605652780467
10238,445.12591552902063
10239,480.4504646168566
10240,448.5182496063722
10241,456.44816091495363
10242,500.53547652092345
10243,493.1571488742953
10244,447.120264959446
10245,428.12863624873853
10246,442.0249378510087
10247,466.2963029150826
10248,449.3263292277907
10249,470.98346251299404
10250,486.062887754768
10251,421.354033838102
10252,423.6725250823703
10253,442.5290588527414
10254,469.47801658666145
10255,455.5926348105659
10256,453.44987671864703
10257,403.05965023338615
10258,447.03732335078433
10259,468.95688858907687
10260,501.4396633528723
10261,440.07544259433945
10262,385.3418820806122
10263,372.32625828856726
10264,418.3270895603767
10265,458.9632289683249
10266,427.93875621406085
10267,472.9837806387832
10268,424.86777279814174
10269,446.66058834370904
10270,409.2759345803886
10271,445.92333200175733
10272,452.73506411092535
10273,428.01889008295024
10274,436.69565381409643
10275,470.7670492827973
10276,361.45325578898724
10277,476.4650114102494
10278,451.33436021817585
10279,441.0212623898527
10280,465.1758442919821
10281,401.9991958628245
10282,426.6498699550457
10283,475.3363767864521
10284,444.15157159868403
10285,375.42761119431657
10286,448.75929047412535
10287,451.4349680255596
10288,403.2411593334671
10289,488.65428054940304
10290,423.3388093426149
10291,414.9209319217089
10292,422.4218418932637
10293,459.39843472490924
10294,379.21299254318717
10295,412.35170050137395
10296,453.7539751504136
10297,391.3053776075876
10298,504.64123753071755
10299,449.01556194559646
10300,443.6062558408088
10301,450.4892398628788
10302,477.5842672385815
10303,443.7953346593942
10304,477.8613948830123
10305,469.88880567563035
10306,494.7405900982593
10307,504.58124239866964
10308,422.8492696805801
10309,482.5888504989823
10310,397.7154551442677
10311,491.45539999326564
10312,441.9085139571089
10313,504.61506517309834
10314,435.1065966901377
10315,504.65947537808063
10316,439.9447136150997
10317,444.47041733102054
10318,490.02143080435843
10319,460.81476771240426
10320,464.6700791476415
10321,518.3183336867669
10322,485.1720263427404
10323,517.3430957042143
10324,498.6212170585498
10325,462.72161789505407
10326,440.84239760102815
10327,551.4515626324892
10328,434.22657021042875
10329,401.39330611479284
10330,480.26474615710447
10331,464.0497935358852
10332,418.73307884555334
10333,429.35996945351667
10334,434.77754876521243
10335,454.1518763185631
10336,477.3120173405453
10337,538.4926587608595
10338,536.0269269378333
10339,429.29801152073503
10340,446.64783911223145
10341,518.9816498308294
10342,418.94612735326643
10343,465.02964127508073
10344,418.7007902156018
10345,438.89300315127537
10346,480.9622529165522
10347,396.2420339020652
10348,437.42323651556336
10349,443.5437673170965
10350,424.2862269362557
10351,421.81679546354246
10352,519.3585554200628
10353,482.67308238107756
10354,411.70561396103864
10355,422.8872151696897
10356,505.19801561689286
10357,455.4240566142112
10358,438.544112887077
10359,469.5612828945542
10360,499.41367889399015
10361,510.0641131709153
10362,469.3017007872554
10363,419.9574364203109
10364,503.4273449029522
10365,457.3469789197917
10366,511.244063758012
10367,496.44357909653905
10368,451.79838089555415
10369,501.4443008656642
10370,482.2073907085444
10371,402.37495919325795
10372,439.6181243691441
10373,444.9715992388187
10374,451.388338855042
10375,440.9135534433903
10376,434.0997112375135
10377,509.4986827458295
10378,465.95115546139414
10379,491.33444197758183
10380,473.06615832359626
10381,451.3425824343185
10382,422.6287483609637
10383,464.71763068041923
10384,478.0974532582738
10385,464.0198077158398
10386,491.4725923905495
10387,506.97916629045096
10388,446.862086095281
10389,455.6709950351208
10390,482.82666799478784
10391,480.3476082170256
10392,445.6195193054589
10393,477.00869259223157
10394,439.1661424047996
10395,412.86782247866955
10396,435.0361519398349
10397,524.9876273813679
10398,423.8094964084052
10399,403.49196405178526
10400,514.180330685064
10401,486.95919621807644
10402,441.78171949340435
10403,510.3987335285797
10404,473.2280660852669
10405,500.6436332049813
10406,456.930934315021
10407,431.89702062374334
10408,459.667488544845
10409,301.3801408192967
10410,431.7582151165853
10411,503.94675608226095
10412,432.579555320364
10413,489.2114518968425
10414,383.0673051589636
10415,478.2087302082746
10416,431.87629025772543
10417,472.86794596174536
10418,463.23931554544595
10419,418.39942199629803
10420,466.84679356016784
10421,487.86354398549116
10422,405.22999355961036
10423,437.37123411394833
10424,422.99487417905283
10425,468.6317018921066
10426,437.71522751262756
10427,515.7608316917441
10428,443.3247550748032
10429,509.4844906596011
10430,406.7276716007481
10431,468.0631039453877
10432,391.50212944594267
10433,431.75214579374824
10434,415.1164164459075
10435,474.08310808123366
10436,415.4148923478626
10437,483.297406769714
10438,483.2587525759769
10439,418.47929951555034
10440,444.6009662465564
10441,418.2199287045079
10442,520.9003442292087
10443,445.6274291956118
10444,404.1124138438492
10445,466.5063656006106
10446,405.60690491210784
10447,483.96851390352384
10448,440.467149201027
10449,482.3867452738723
10450,476.67877957597904
10451,398.7973518828622
10452,452.93623037261096
10453,468.8459642149077
10454,456.82129137337324
10455,504.76332320667086
10456,442.9036002956182
10457,418.35167269801343
10458,454.36034473564104
10459,505.82037043093504
10460,457.46420204549156
10461,419.30385246247175
10462,438.88386715393324
10463,480.6041293766634
10464,458.9360268621377
10465,332.7727850274978
10466,462.669122292389
10467,472.9263748068889
10468,432.4631252053418
10469,424.2445146161991
10470,442.78828441353363
10471,420.5585818572466
10472,431.32175383418826
10473,483.33041124582445
10474,422.22765580912863
10475,450.67990354513626
10476,443.8611962833729
10477,495.4565710039237
10478,429.0426878879104
10479,407.1675682249048
10480,479.68912905198687
10481,457.8906896571264
10482,419.1566550893345
10483,467.9682987130289
10484,426.37036137451815
10485,408.66371091553845
10486,456.1592364057409
10487,462.09051389646714
10488,498.88387497779814
10489,437.1573435154381
10490,400.35240019697676
10491,450.0227202610299
10492,459.0689433729608
10493,440.8741791984476
10494,521.9153507340258
10495,484.4644653521482
10496,441.40802507496204
10497,452.4956784590996
10498,546.2321396405316
10499,448.7794371059437
10500,389.92353681393763
10501,382.1340445748509
10502,376.4447914838644
10503,440.82229411815734
10504,453.8500760423308
10505,421.09656708227385
10506,473.71537945373285
10507,444.7607681809321
10508,489.6637538058584
10509,454.25861426018224
10510,480.5026005766873
10511,400.0600207573158
10512,463.7893812804373
10513,484.34648259974426
10514,468.2761981470521
10515,386.07309220991726
10516,413.95613176414753
10517,437.5147450277407
10518,386.52999408323103
10519,409.0427698379097
10520,468.09376080607154
10521,546.889876186684
10522,429.67411951295645
10523,439.51594475672715
10524,480.4784297805163
10525,502.5725821141173
10526,471.21535704782866
10527,559.8509434201428
10528,407.6078073668141
10529,523.1588095998362
10530,538.2982423490732
10531,414.3722041078887
10532,458.8134018620942
10533,508.1603716016788
10534,475.6723622386995
10535,480.92835873055014
10536,442.79951106114333
10537,468.1702280117016
10538,439.9394539590927
10539,427.17991965604347
10540,403.7779429595112
10541,454.58973942240357
10542,385.9135491026217
10543,409.0223027645288
10544,448.18973848015884
10545,438.90959978477053
10546,440.80344429673
10547,484.67907929055605
10548,463.2439981327396
10549,478.47540956432306
10550,454.55558557367993
10551,401.66605635247294
10552,447.86415825113363
10553,431.1870687698006
10554,478.7772719402466
10555,418.319642756855
10556,491.0625179699134
10557,537.5999159358346
10558,445.90751651926894
10559,510.08108624129244
10560,441.68345781293476
10561,482.31787245427887
10562,445.39412989614175
10563,463.1131184867379
10564,373.0209545394443
10565,394.6841444146765
10566,396.95520119524025
10567,452.08218533832775
10568,496.48013845339926
10569,351.87446716025187
10570,406.2744646292008
10571,449.28508822882765
10572,424.902402187323
10573,406.1800324979872
10574,470.3067796891348
10575,420.53296132344894
10576,393.8561321999537
10577,427.7610780651476
10578,428.6639588781281
10579,435.19445653350573
10580,477.612129922459
10581,415.289632869021
10582,470.11821015903666
10583,465.5437614515762
10584,385.25138120902676
10585,480.162370680809
10586,474.3307678332948
10587,484.79963806744877
10588,398.9248226437242
10589,495.5473219520761
10590,443.54869119906124
10591,481.3345626472401
10592,524.1654766082145
10593,501.37588459702977
10594,408.56104483259816
10595,412.87091345020633
10596,566.8391258771034
10597,493.1998104321804
10598,511.21026918111033
10599,435.3288242239808
10600,412.78251864413033
10601,390.3370781470311
10602,461.5865809320002
10603,512.9588562611684
10604,467.7205264163976
10605,454.1849036778314
10606,458.2079729323735
10607,487.26104233362184
10608,434.75500370391904
10609,450.6758675678743
10610,487.24481069834735
10611,467.8865433236678
10612,415.370911833623
10613,442.8507460768849
10614,431.9240402055225
10615,494.91766394458364
10616,491.97856825207487
10617,424.7022001892117
10618,465.91893945200263
10619,417.2313208135078
10620,471.74707680858523
10621,469.12514958982234
10622,467.26679176693585
10623,461.299257825351
10624,480.61070228222803
10625,415.01144097834845
10626,538.5586687345626
10627,504.78933792173655
10628,445.98291859862206
10629,424.3777607933932
10630,457.1550934826959
10631,481.3905287303424
10632,431.85520147446965
10633,468.7757383702936
10634,445.87110803707264
10635,469.44872966886203
10636,462.3233847011374
10637,441.067361736515
10638,468.2168846755722
10639,365.7700496230362
10640,462.6468488835228
10641,381.5325732620768
10642,473.9139884056584
10643,475.62515072517283
10644,385.46262873887173
10645,478.9359830229032
10646,470.5867499092625
10647,506.1478639801159
10648,403.2847253771862
10649,447.1978650625363
10650,475.3625204003259
10651,489.4454208354548
10652,523.6421649446768
10653,534.9247717561176
10654,365.60675238123065
10655,464.3195614355496
10656,448.3782856606053
10657,424.0820843408074
10658,476.4905148460236
10659,444.37188728678177
10660,472.6464267128196
10661,386.4265150009779
10662,386.3290621797781
10663,443.5190861733608
10664,495.21378807078344
10665,427.84600123076615
10666,480.53519597476117
10667,454.4896164972449
10668,475.80753091343644
10669,407.5720966829813
10670,429.15511952767605
10671,389.4095467804755
10672,433.78406058978476
10673,393.3957378098008
10674,479.39647777323904
10675,520.47404404642
10676,456.296953709815
10677,470.7466505303412
10678,430.51434492171603
10679,415.7167449459188
10680,468.94706592220507
10681,466.4635177903093
10682,426.45197031331764
10683,490.30622455516783
10684,438.46045218780165
10685,503.1093161768544
10686,424.02308774750895
10687,462.06564600033204
10688,420.9499085904274
10689,494.99803657383535
10690,502.78718011432943
10691,316.0545131428713
10692,488.247667613614
10693,484.6942134555386
10694,455.3968671515419
10695,438.65728096657887
10696,472.2253134536123
10697,433.13717771547624
10698,464.6193134674872
10699,479.8258386077273
10700,446.68163282344625
10701,547.341089173532
10702,430.55778520164097
10703,453.4547614806537
10704,424.7199028410061
10705,454.21464361714374
10706,446.4056397028772
10707,473.51898668337986
10708,410.1461546594453
10709,434.3925665471145
10710,399.33593061809887
10711,485.8709484494241
10712,413.87287235663996
10713,458.6097725635478
10714,463.39573889042515
10715,454.6069131828578
10716,443.21912903295265
10717,355.4179771507764
10718,428.8805484303205
10719,453.51855681263044
10720,417.7519208321382
10721,457.2443228561544
10722,465.7636638218416
10723,454.3796505443389
10724,374.1911640418926
10725,464.2693522349441
10726,463.6281865189642
10727,510.16071692946014
10728,463.8598764142709
10729,444.30416247388973
10730,464.3617921907672
10731,482.48656961508414
10732,420.84836011557644
10733,431.4759488312146
10734,463.3948161003813
10735,449.760501562311
10736,445.7728810751176
10737,469.60034060616744
10738,459.0271362776641
10739,454.9502244741771
10740,534.2806366302993
10741,425.1179146229777
10742,481.5752513078253
10743,423.60620918100415
10744,494.1114473199481
10745,479.2073194085973
10746,421.6733693961775
10747,455.2808964020874
10748,447.35993679341436
10749,419.85340122156174
10750,453.1313714328718
10751,521.8012786823647
10752,362.97459906876713
10753,452.0422746381111
10754,452.45006866182695
10755,504.7744613599165
10756,511.44884873657276
10757,435.14913600977076
10758,471.92374292662174
10759,456.5365844271873
10760,420.7048915300811
10761,452.05695147835524
10762,417.2219019744519
10763,460.0057308356802
10764,469.9289559131531
10765,414.71823155401484
10766,407.2756795058629
10767,510.67594917125047
10768,505.3886470404836
10769,481.5991969593003
10770,468.0254900634717
10771,461.35783860779514
10772,432.64475938108245
10773,413.9459978618908
10774,435.3246756669403
10775,462.8329557677486
10776,467.7513860695589
10777,464.4818973977817
10778,490.89353964314415
10779,517.6912677016181
10780,399.994019849539
10781,450.68646797570256
10782,488.6831797254002
10783,463.8984668766516
10784,503.20846864900034
10785,417.34084187559404
10786,399.78350688617496
10787,461.17491573246645
10788,431.5273245948042
10789,458.4447859095412
10790,381.60342321354955
10791,502.7864863761599
10792,406.23647438016184
10793,499.29840378640796
10794,518.1353059954133
10795,463.46022283142094
10796,465.66073275297487
10797,493.54920780547445
10798,448.8342676271963
10799,396.4153682235133
10800,522.7795665763581
10801,455.62913858544215
10802,418.93989651438693
10803,419.9673661950972
10804,461.19556155280316
10805,441.9027453354681
10806,397.67883152421734
10807,477.7451852061517
10808,439.2498110539363
10809,478.78157328333225
10810,475.8834692488109
10811,475.8337097437752
10812,475.74907506067785
10813,497.56418497465575
10814,439.5007227034798
10815,465.1546663479799
10816,435.021263662309
10817,445.7932710110973
10818,447.2437479704506
10819,443.3396007807954
10820,450.71695921481717
10821,482.24986110274796
10822,514.1620058542654
10823,468.8616468578936
10824,537.0680539872262
10825,503.56675547887534
10826,418.14935609815984
10827,389.9571375579111
10828,466.2295587189798
10829,497.9302977420872
10830,367.62007025283623
10831,488.22001745794466
10832,394.8100798934868
10833,491.0047573280505
10834,488.7358420578289
10835,525.7799674352098
10836,465.49898122435883
10837,509.5290629365771
10838,418.24207097832965
10839,408.80840061935214
10840,491.3483158918439
10841,454.25511110432075
10842,421.79641680009274
10843,346.74742267796154
10844,462.78876147192125
10845,366.42129401629086
10846,452.00483358500895
10847,455.421484618636
10848,408.11583809114677
10849,460.8833551607816
10850,495.1963656176684
10851,522.9414392591134
10852,381.33878159571617
10853,428.07833987287074
10854,484.77578136434425
10855,413.76037865544885
10856,436.28907122829116
10857,407.70671300402626
10858,438.531111182125
10859,428.4489036137973
10860,529.9828720633496
10861,466.9278419220282
10862,413.1947410312457
10863,498.9293211309611
10864,464.629729050212
10865,460.9995130700254
10866,497.71413193435336
10867,417.65576011905256
10868,405.3626445813984
10869,447.343177665686
10870,481.56326585778083
10871,434.7285993467767
10872,492.95256932991805
10873,457.0694768512873
10874,464.78438223531936
10875,432.68001007916774
10876,540.2923693320437
10877,437.16565929764454
10878,482.5608534709385
10879,376.2483761097724
10880,507.2338214978799
10881,540.6025142166411
10882,455.0509607680709
10883,427.7499405211374
10884,475.66634708232027
10885,449.82893777461453
10886,471.7755633586516
10887,408.970821316186
10888,410.0462814204704
10889,468.58020313353865
10890,430.80850970804414
10891,388.4719983267119
10892,475.30264465556604
10893,400.3977334393607
10894,364.52285672928286
10895,498.8688868175342
10896,468.07161845544687
10897,506.7703577818099
10898,500.3053703546358
10899,490.2227573870427
10900,418.4590168471907
10901,445.3817403442082
10902,457.0811255556494
10903,495.22776212050746
10904,453.68353654915745
10905,441.1238158439482
10906,480.64066216224825
10907,488.36307144523187
10908,445.4845728149929
10909,472.1226990974955
10910,378.99979611989363
10911,485.981609448395
10912,410.36180686575744
10913,456.6720822080641
10914,513.8588824186896
10915,483.37034027176236
10916,426.01007440853493
10917,411.79358069223764
10918,444.2248661812335
10919,470.5385474169306
10920,464.8529186095052
10921,379.47762626358207
10922,438.74050803504923
10923,423.6572682472295
10924,448.90333191327807
10925,425.0137595680526
10926,397.98746923211263
10927,432.1965013997269
10928,438.0034879065963
10929,481.9471107644479
10930,451.8203900407865
10931,448.6530752406379
10932,415.9879876501112
10933,495.55522109033217
10934,435.2158245582282
10935,402.9050792809269
10936,453.66496612065254
10937,462.2457032226472
10938,444.56210322558576
10939,448.8927311635138
10940,464.12841990827195
10941,452.3771184426296
10942,422.7981768057774
10943,398.4466101736534
10944,388.62476701916336
10945,435.93556937084657
10946,408.0670527987524
10947,485.1941572101373
10948,521.662619200327
10949,432.2220315017356
10950,499.6061639360979
10951,446.5950514920042
10952,431.09480304903883
10953,481.8562678276271
10954,485.13601009890715
10955,440.5979779002593
10956,473.99894251046294
10957,469.693219278236
10958,485.23487175316944
10959,397.30465933180193
10960,433.81741669901487
10961,449.1107994143285
10962,442.56919145730035
10963,439.82903288802316
10964,443.7892579627319
10965,474.9293991297082
10966,457.01258833985094
10967,442.37223164139795
10968,482.59825301878044
10969,390.15246922713845
10970,466.6600193543546
10971,411.7516150297102
10972,450.77593645311185
10973,490.974859190933
10974,375.70650097876296
10975,405.365818456672
10976,522.2785670622816
10977,454.26571722522425
10978,440.3508480834143
10979,456.68632906949966
10980,476.3656499600005
10981,404.97635184841835
10982,424.98000054300365
10983,387.1877285107541
10984,433.7798851090694
10985,506.08398461802244
10986,496.2102126378106
10987,450.40140328619555
10988,522.7108201370027
10989,412.15357027065454
10990,361.60920837374704
10991,435.9340018876282
10992,499.24918084197714
10993,423.1670089859051
10994,473.3898703233628
10995,443.02288438770114
10996,430.9665531862762
10997,402.276903661834
10998,478.7520532257188
10999,449.0385904975135
11000,489.64357021237345
11001,477.637658222566
11002,514.0971864967142
11003,420.9647297164334
11004,448.99376078342004
11005,463.8130821816675
11006,417.66345801017883
11007,415.5999756194381
11008,473.5265054531195
11009,527.2518007347866
11010,450.7808264274431
11011,459.6398332731187
11012,460.42479507275283
11013,482.70172213101415
11014,430.6428248490421
11015,453.82105208141087
11016,510.3801681118832
11017,449.79740829009114
11018,494.68933581661645
11019,496.05946403206144
11020,526.0733742689112
11021,482.9294381266144
11022,419.5475871559077
11023,465.5125585069818
11024,476.5628227794998
11025,378.6867500822482
11026,437.34147051094664
11027,404.2384605726845
11028,427.7044747280991
11029,359.0177436127524
11030,432.1243994611573
11031,514.2411873520687
11032,423.6192365155049
11033,450.72739576749194
11034,476.89688533800506
11035,527.5738758313744
11036,367.32311978611824
11037,407.40539280861043
11038,403.5820239967294
11039,445.9200787770053
11040,441.7747228525192
11041,504.18574877553516
11042,398.1446530743234
11043,373.1438308842392
11044,424.30929927044747
11045,466.19219304220684
11046,406.11414810533006
11047,474.7571490265605
11048,395.51590550959094
11049,466.9424765353214
11050,502.6191072649523
11051,416.24835906112924
11052,456.143405373167
11053,451.4450078735998
11054,511.03842993053007
11055,492.0688663843084
11056,427.273462724083
11057,485.2073565910753
11058,420.4732493842044
11059,475.528229907187
11060,424.0979369433433
11061,468.70493879702536
11062,459.4301311359468
11063,495.5220213258092
11064,408.96900702905776
11065,422.16119046210815
11066,425.38323655817686
11067,387.1771006237622
11068,496.7889686186567
11069,524.0398066404497
11070,408.0426424311856
11071,513.5467117661534
11072,440.1040643041231
11073,438.11874770019256
11074,426.1654497086059
11075,447.22851824948873
11076,463.88556452624493
11077,435.80415237531844
11078,326.9164600054981
11079,427.13400302524883
11080,390.35734022136273
11081,425.60838343610374
11082,533.320919490851
11083,498.69185617226697
11084,449.01257359841
11085,431.2750376424174
11086,420.7789788874608
11087,442.8670657989951
11088,474.3161677608122
11089,524.6831200119653
11090,392.81720074269873
11091,418.0351132407141
11092,393.84862629879404
11093,488.76256171060095
11094,430.7742581247842
11095,457.4928066177819
11096,414.4593961875394
11097,449.96600226336585
11098,417.8658961059824
11099,350.80823703818425
11100,418.47976955491646
11101,424.41627948676677
11102,455.4768538886483
11103,479.7789118718679
11104,411.10505550291657
11105,402.422585785856
11106,470.79590067761154
11107,510.1315746064477
11108,454.1712178992486
11109,457.28206172302816
11110,447.2636149831715
11111,434.4242275154884
11112,421.04650776825235
11113,439.36874390795634
11114,427.2774112985463
11115,483.053397510644
11116,464.0451995413873
11117,433.018336349829
11118,487.1786107653687
11119,398.691688252544
11120,498.2252357098959
11121,441.99378601854187
11122,389.1528361561754
11123,444.4677588444357
11124,516.0116587599083
11125,507.41802783698705
11126,481.93478627070505
11127,414.1156350612045
11128,437.28236785848054
11129,436.1893021427234
11130,464.7486131452152
11131,452.0917713892549
11132,450.78157467330954
11133,417.1271544617268
11134,436.90030168244795
11135,479.584292808125
11136,426.8896430813747
11137,505.9332504965181
11138,455.03272502161224
11139,419.1819050714169
11140,448.4270012071106
11141,514.066625757698
11142,424.20289227245206
11143,481.78047265075895
11144,486.4391484741386
11145,444.1191366827091
11146,427.5405362604094
11147,388.266418160057
11148,469.98015846139805
11149,387.49067953373134
11150,491.5799012638579
11151,477.5226234431174
11152,475.12563247955615
11153,479.8653134415456
11154,449.23701472346175
11155,430.9777268380201
11156,416.60041317413067
11157,480.28531717351456
11158,449.7536580629284
11159,354.92915698614706
11160,370.1762304775526
11161,439.5360085446252
11162,438.5078701778372
11163,457.2864070193335
11164,473.81261703003474
11165,412.9600045250774
11166,476.4842469998
11167,523.7396881870442
11168,432.9723924365372
11169,445.1701450895341
11170,473.6077397940175
11171,442.2317121758778
11172,408.6459520216943
11173,383.76641329036704
11174,447.82256364377287
11175,474.4996525877101
11176,447.07103520576817
11177,477.2357867743685
11178,436.3378445648935
11179,433.778162426174
11180,461.802334472042
11181,455.6916986613045
11182,441.13953698453207
11183,388.3696994945566
11184,442.7567311215246
11185,453.92399135318016
11186,454.81653057190994
11187,405.3513692654943
11188,447.8059128271753
11189,457.2441288746346
11190,411.5463233225697
11191,461.7462255476721
11192,458.05798977700374
11193,527.9382610477027
11194,433.7746113746334
11195,397.1567297243775
11196,435.7181172672236
11197,404.7769942742714
11198,479.5349982653372
11199,452.405094679989
11200,538.5677493933122
11201,415.46343995815243
11202,435.59915578100106
11203,399.36170359990376
11204,476.05747857811383
11205,468.6645248103787
11206,454.9900381124205
11207,472.4730963576027
11208,451.94643212072003
11209,383.32468695855397
11210,529.1412432531672
11211,471.34803974939825
11212,425.3454028668986
11213,466.39586066067153
11214,466.2884099487662
11215,497.4545139483839
11216,407.3108531512468
11217,444.0531656196491
11218,333.24945420224606
11219,452.96396281805556
11220,448.8386636141438
11221,439.81077073549466
11222,487.0273658340521
11223,452.07188118470793
11224,387.8303872337879
11225,403.12315004819624
11226,432.7870566783743
11227,434.1938343048469
11228,426.42433798861924
11229,430.46397086586165
11230,415.3884096091485
11231,456.36035461664886
11232,486.5730488895981
11233,487.2467085254881
11234,483.27414385759056
11235,527.519100949813
11236,426.4839373853471
11237,470.4104804834934
11238,496.87714082060086
11239,511.1441389366299
11240,437.0596547884894
11241,496.8463269864183
11242,415.4403716471793
11243,429.93857208404313
11244,420.29468583192545
11245,473.1063431708769
11246,379.39438312335363
11247,408.08877952512256
11248,446.22376136957655
11249,460.2371165341126
11250,423.79688273005627
11251,490.14544801601716
11252,450.6842726159145
11253,550.1477041404975
11254,484.9860848753776
11255,484.3974074254652
11256,454.2366920385242
11257,476.11912476621814
11258,443.04277285589586
11259,440.6673714506665
11260,482.8952514653688
11261,448.9254031546117
11262,458.98401515327913
11263,388.13151055539254
11264,377.73113356517246
11265,404.8848634825651
11266,458.11218090022595
11267,432.5971047550102
11268,397.28854538990703
11269,444.0481918504578
11270,505.25506608038006
11271,427.4183846917084
11272,480.1485895715665
11273,482.09520715048023
11274,478.9929942106604
11275,503.1279960743681
11276,429.77077427315237
11277,502.2862834139011
11278,375.4627820957805
11279,417.66610086601025
11280,478.7819994257959
11281,473.84697875697526
11282,507.0708701356161
11283,388.36215156421
11284,438.3914026134221
11285,434.3650326800771
11286,478.18293072772735
11287,432.5578609263753
11288,438.34524149098667
11289,469.8589825779066
11290,500.4816473758646
11291,432.0827464585938
11292,472.3866833465899
11293,401.24212164226185
11294,503.34804202174354
11295,430.59059501271827
11296,468.4611615356624
11297,427.31924059522214
11298,526.7189185217068
11299,415.05372228943287
11300,402.9793582502408
11301,515.034271194438
11302,453.0161556116687
11303,467.17102899230224
11304,393.15825909651585
11305,409.956269603248
11306,382.6169203159244
11307,469.7341361914136
11308,445.6103485528883
11309,472.292344017302
11310,473.9676294218263
11311,497.6661083384481
11312,465.56445910555146
11313,482.39307203301007
11314,372.6471954331328
11315,404.33453401392353
11316,468.9806649024113
11317,410.86803212917266
11318,464.83829135439913
11319,451.2908961424995
11320,430.71519435298444
11321,413.5177339453698
11322,471.66240830134643
11323,440.5842805846385
11324,479.0583276267122
11325,394.6553163358904
11326,420.21061453808187
11327,396.8611099246785
11328,497.8318214947831
11329,466.10914880734225
11330,444.7606656907137
11331,464.9785413511392
11332,471.814738972137
11333,346.9770693757254
11334,458.2213088164784
11335,483.24927029735386
11336,455.2699296575505
11337,387.4009102799288
11338,449.5467077886784
11339,504.5595331724464
11340,548.3665736449738
11341,426.76544657809643
11342,467.9051317545122
11343,439.9453354632634
11344,434.2186469920293
11345,497.63757968846636
11346,439.83614323155473
11347,417.08667987902214
11348,386.7784781143921
11349,465.8193737542558
11350,492.7850252230184
11351,479.8198932833171
11352,488.66217602027683
11353,418.381122681797
11354,453.1354153882518
11355,446.6388719287011
11356,496.23274302393827
11357,499.299880398036
11358,384.0603229765845
11359,469.5565465246761
11360,431.0996257875629
11361,450.987361280483
11362,452.0065253829747
11363,395.19634769733926
11364,483.70087372968965
11365,416.4321399984692
11366,485.6172602929763
11367,426.8327413812174
11368,464.0888623629957
11369,440.8928759781626
11370,535.8042331821816
11371,464.43682496423725
11372,403.21200939825025
11373,475.4490497747002
11374,430.83050298707616
11375,475.19366184896813
11376,436.9269606436458
11377,530.6015752237606
11378,536.0798816346252
11379,442.0819997007657
11380,409.23965342590174
11381,408.9297813568117
11382,503.9294047113621
11383,457.6916757858764
11384,467.8849577955147
11385,494.5875364081916
11386,433.2403536856918
11387,442.80367368207493
11388,428.19573387981035
11389,409.21980899235575
11390,479.3253015936939
11391,422.137072532096
11392,475.5642452047918
11393,462.6359595564085
11394,434.0515328377281
11395,507.41828647869914
11396,412.11991757492547
11397,365.2964097048738
11398,435.1516856306775
11399,428.87618209255436
11400,446.0164124946095
11401,433.66075243401156
11402,473.2959899164745
11403,368.2334047684461
11404,473.06015600203233
11405,433.09865555416377
11406,465.82241810950677
11407,423.10222815827103
11408,462.47761295745613
11409,460.6229792338641
11410,450.4420358547003
11411,446.40887657037547
11412,404.06404215123536
11413,461.751678917886
11414,442.18651786505455
11415,457.6842349763958
11416,415.13312818423424
11417,476.28860332283176
11418,454.11446642630904
11419,519.6901950222326
11420,540.5058009653362
11421,418.06384146085287
11422,380.6834148342962
11423,410.9111179678019
11424,455.29278192365723
11425,446.24745864007986
11426,431.1261488053926
11427,535.4895669164156
11428,514.8130537378124
11429,422.49557461251607
11430,436.50561360588665
11431,434.94736096489805
11432,461.1605075364738
11433,471.7572254517047
11434,433.3624650476237
11435,488.7719005105729
11436,402.9749162053239
11437,487.80254218503825
11438,488.50645486624904
11439,390.59201214192984
11440,475.53582721330343
11441,455.1619912132399
11442,430.4350622687958
11443,452.6336085149306
11444,507.23139774280037
11445,475.89225953451427
11446,425.1194759880867
11447,475.97830618695696
11448,397.5335068679975
11449,469.8265195589346
11450,477.317832004272
11451,478.6204498460192
11452,415.8296386686571
11453,479.65179843712366
11454,391.5926593817254
11455,428.0674759473693
11456,413.5729249086891
11457,497.3821617385113
11458,453.2703740109863
11459,514.9572094043205
11460,425.3808337028374
11461,415.14951244091424
11462,360.8758913960315
11463,478.38565627235477
11464,475.96402197424794
11465,455.6313214505729
11466,429.3194891237784
11467,468.16338253916666
11468,472.03403949731523
11469,532.1296845976768
11470,518.1192704313053
11471,473.2033981958547
11472,407.1889150439318
11473,461.30498182190286
11474,446.20710649373456
11475,452.60513371609017
11476,421.3614789345546
11477,479.3914197974541
11478,430.76079478338147
11479,419.9293152562345
11480,419.7760001469545
11481,398.29619800766983
11482,433.9462424316859
11483,477.49791196414157
11484,507.40304729458757
11485,420.43937543764974
11486,444.8159320766321
11487,460.5037776192795
11488,470.85437195359873
11489,495.6507062365741
11490,440.5051242421205
11491,452.1933567527583
11492,565.0135829016972
11493,438.977243020134
11494,498.4589156959731
11495,463.0998167362724
11496,419.8835462798512
11497,402.33444870352054
11498,424.9355191371518
11499,479.6403615631679
11500,443.4187936017127
11501,485.18257064043155
11502,433.96302337595057
11503,444.4873982113496
11504,445.3999183313255
11505,429.32026442937456
11506,379.8365585845893
11507,482.80568614626213
11508,494.9244159024427
11509,392.2016881172363
11510,528.0491290400821
11511,479.9913821686258
11512,463.4599434353694
11513,417.6555321845701
11514,401.2201448961936
11515,469.82504777837624
11516,461.32817426543915
11517,400.7073174679323
11518,382.5127130305643
11519,482.30374966787565
11520,478.5974391404296
11521,536.3907670007944
11522,506.23949999330034
11523,519.9381475502621
11524,455.36610106404066
11525,471.46892210708614
11526,428.0150106440456
11527,425.7015552021692
11528,472.0949244883899
11529,560.5661608018577
11530,401.4777496799043
11531,495.89812122880596
11532,476.19341392611364
11533,469.29794758544807
11534,441.4453970594789
11535,420.47758268078707
11536,373.06291195184815
11537,477.4305399203106
11538,425.3280017635956
11539,420.8881907602243
11540,401.0824601603071
11541,457.1948338092382
11542,500.16897756315166
11543,439.2623206467254
11544,400.5556597893328
11545,473.18977630518134
11546,451.35025422590866
11547,478.7535257789393
11548,442.5164315732558
11549,420.8732752360663
11550,436.02824559716163
11551,456.2647239500872
11552,410.0731757754314
11553,442.7772887821903
11554,394.9871695274436
11555,465.7264342059046
11556,463.0934771957025
11557,482.0019789272889
11558,441.6366365346868
11559,455.4550659666677
11560,474.8451111301458
11561,439.3331676059244
11562,428.0522674145855
11563,476.640345866142
11564,493.61534159110636
11565,467.12237811466446
11566,527.5485125907254
11567,463.5054402734464
11568,423.0882456466076
11569,444.4317681515752
11570,550.4257035179606
11571,546.2932762541512
11572,399.3576859863476
11573,433.81298580463624
11574,454.0609270734774
11575,456.6525892552986
11576,485.8633963324868
11577,477.80293863789416
11578,469.2009522417998
11579,498.2165260007189
11580,440.5073549578836
11581,436.9364212653303
11582,472.22930027543515
11583,438.7809010192547
11584,482.2917636645414
11585,463.42183369942785
11586,448.54198722599506
11587,476.1110749018182
11588,502.12972818587104
11589,430.2450587705897
11590,409.1570754496309
11591,446.2896117111798
11592,361.6900165421968
11593,418.5344450588247
11594,483.9031350066563
11595,438.2333033915858
11596,454.52540701374716
11597,462.8989103869182
11598,460.52124635274873
11599,404.0156897787047
11600,463.16404824697713
11601,428.05356273766034
11602,528.0551663747904
11603,431.30633262082335
11604,483.79818237892005
11605,464.3113995489242
11606,398.1611056394713
11607,468.02860513891517
11608,392.7532666141228
11609,450.9330948771262
11610,462.5025319160543
11611,527.4285350407488
11612,447.77673154011455
11613,434.39157569238256
11614,446.6695000468596
11615,463.870358145807
11616,393.9352015369775
11617,398.2814157512948
11618,394.1223781767149
11619,451.05552836438386
11620,421.2328794753886
11621,479.8943398170997
11622,412.07500757752587
11623,498.87374616713544
11624,474.53108336326966
11625,447.42259734480683
11626,468.1282991112018
11627,430.286230636601
11628,420.9658191778881
11629,390.19378681253556
11630,423.416195705566
11631,413.5036819682343
11632,501.44493636279776
11633,472.95091863047617
11634,403.1718241286948
11635,484.67529195977136
11636,413.07540179268136
11637,439.7034584349657
11638,479.5670073008337
11639,448.39556281208144
11640,495.7742044759737
11641,429.76221922977925
11642,468.6465472380888
11643,441.08588866794355
11644,386.3005411681797
11645,495.4319687525309
11646,446.6036796934877
11647,439.74318904385916
11648,421.5354049551336
11649,464.59007216403916
11650,445.9115932361967
11651,435.3664058898935
11652,448.96822736177455
11653,448.7036656461143
11654,461.1531160529786
11655,461.8201673130022
11656,418.8404311385421
11657,405.995589480311
11658,440.4659918971302
11659,473.67744987823227
11660,429.10219057410774
11661,416.6727223887259
11662,527.7651478570338
11663,519.7518030233672
11664,435.6335508930934
11665,425.99835428547595
11666,424.7823129581311
11667,374.8994530715279
11668,388.25279863468177
11669,552.259686693596
11670,450.8422696762054
11671,450.71952192458093
11672,489.08118048364395
11673,499.70061290838726
11674,398.9646982100644
11675,423.3417977152806
11676,508.09960641946617
11677,482.6039132752273
11678,408.1372196269228
11679,394.96401497856544
11680,468.87407272112534
11681,458.96717913831696
11682,416.05638805118474
11683,472.65690854302443
11684,444.6965168812128
11685,492.7783243997004
11686,387.8205548851012
11687,442.47285925838736
11688,433.0568923414961
11689,433.925993234628
11690,441.66680382100895
11691,457.5752312779131
11692,397.9118020284204
11693,519.6978813829548
11694,456.2153302764551
11695,392.0495114238103
11696,480.84518078358803
11697,459.44885794424755
11698,505.25651709613084
11699,459.99319291770246
11700,487.2736315516055
11701,451.7522813341453
11702,446.03988308829594
11703,441.18051141180274
11704,456.7983856506692
11705,434.98448808001564
11706,416.66577595976764
11707,460.77633967216343
11708,402.3611207064984
11709,463.88220062770154
11710,418.0634687298521
11711,452.03959590734996
11712,485.23940902233755
11713,448.21990316590717
11714,437.28510306894765
11715,538.2797093572989
11716,426.74598141620805
11717,522.0702369005196
11718,480.8982990347434
11719,492.67726062271333
11720,425.18067653527186
11721,409.67021384435463
11722,388.732846191927
11723,387.1720476495218
11724,481.2294398069448
11725,508.66001301965076
11726,457.4928622791724
11727,479.39313425835917
11728,405.1523876362668
11729,467.04124857252623
11730,463.0698719293987
11731,438.7770940085902
11732,503.3581396964397
11733,441.34543759118566
11734,483.6353453177074
11735,468.2031797727441
11736,421.494415108025
11737,405.0233309376383
11738,513.5975496153757
11739,477.98248708960676
11740,426.0908737806303
11741,429.41808667791236
11742,395.6824257701643
11743,511.1770915351197
11744,519.5943312220321
11745,493.4875283885156
11746,505.52528548781316
11747,421.1641137444937
11748,471.9088138158683
11749,420.4619225221766
11750,471.187942702251
11751,473.1964379538057
11752,491.68449439719507
11753,484.2133817474809
11754,422.3574855124401
11755,492.58405459575556
11756,402.89161588764966
11757,448.29383716728165
11758,461.8341014181022
11759,448.80648326634486
11760,417.99063827942695
11761,481.4119921926023
11762,503.0635403760087
11763,475.13169953446595
11764,451.49819756774025
11765,430.90170388979135
11766,479.76468575255456
11767,407.82902738000064
11768,447.7470980391424
11769,480.4932468434655
11770,455.7875972146003
11771,479.396404979256
11772,411.011014103451
11773,469.44015788181787
11774,481.48968179691894
11775,464.40426875893905
11776,404.8861489636395
11777,465.2445642236822
11778,403.6521292059953
11779,518.5050864043591
11780,478.9760570882289
11781,530.0847955326491
11782,458.35578412249646
11783,546.5347804571409
11784,508.84853323964734
11785,491.0731345717163
11786,423.4996595371542
11787,517.5340723706453
11788,448.50779132393416
11789,397.92062357527874
11790,454.39797245900337
11791,488.89615649189136
11792,439.314331481834
11793,401.3129374935027
11794,414.6463098178092
11795,425.93849196081123
11796,378.921278946023
11797,443.9241654262726
11798,548.700782604179
11799,476.519250499443
11800,462.42087219842585
11801,435.1975699558148
11802,502.2225878589283
11803,444.43412507888775
11804,416.84880784254506
11805,488.29385725301273
11806,519.4664567584149
11807,479.9126728198835
11808,483.0675834964194
11809,454.1300694049552
11810,438.0985479917261
11811,460.9392820832297
11812,411.44823222725006
11813,444.8893148141218
11814,428.24339515137876
11815,436.3556556143129
11816,459.666070913925
11817,463.72627742244333
11818,485.3130196882264
11819,554.595560862935
11820,434.2709093846534
11821,479.5691754987573
11822,412.49322543255107
11823,407.6863684464005
11824,434.97056909358076
11825,384.7400799976071
11826,463.7017508783338
11827,476.91133129187233
11828,463.1835661097987
11829,433.21024670234266
11830,395.49693660586775
11831,503.04251266330965
11832,432.06511006597225
11833,412.0875284002298
11834,390.1445488648417
11835,487.1792383563404
11836,416.7482125166686
11837,381.754001253155
11838,497.18340043288543
11839,415.932084101721
11840,459.55664181290166
11841,412.8883844240359
11842,419.50707787331845
11843,470.97939254614096
11844,460.7687728178596
11845,484.863237050812
11846,419.1482514347983
11847,467.58445518493727
11848,447.8306482420087
11849,442.2083002349871
11850,502.7861550106708
11851,480.83753773918755
11852,438.0962147724547
11853,464.19154502214235
11854,440.0498334320466
11855,426.2032385041105
11856,337.2901337283057
11857,479.1451070238076
11858,498.6897531501525
11859,427.23237661626325
11860,420.7573018755933
11861,485.2029921013838
11862,449.03486822832974
11863,448.58867323336256
11864,459.62027671845937
11865,448.21553085078364
11866,462.95014142614946
11867,474.9297579505157
11868,453.63965281537145
11869,389.17071168878346
11870,473.79844170073005
11871,461.56786981825724
11872,468.5003150907319
11873,483.7888531820915
11874,460.7451418468274
11875,438.7918712651849
11876,426.9190312382244
11877,509.6232143056
11878,465.97388470846244
11879,467.7090748032802
11880,475.84433791377216
11881,493.264534244299
11882,465.14268418814066
11883,482.45885848605866
11884,409.8734310961734
11885,450.73567163973524
11886,387.98593072572334
11887,441.289785118626
11888,434.1869549170815
11889,447.86612542819313
11890,469.15278055833716
11891,431.14973007267616
11892,401.52292443930094
11893,414.04077628643097
11894,469.95100030864563
11895,440.1378367265652
11896,473.41457379386287
11897,439.1156488985345
11898,431.57613535032345
11899,436.33671167972705
11900,528.8811196156722
11901,511.891147672328
11902,441.43386261265016
11903,407.7695729814309
11904,423.65608834413393
11905,471.95801534708914
11906,440.84762786515006
11907,460.26334734814424
11908,458.4532932688032
11909,434.65755376573514
11910,426.24903359820394
11911,503.3499101723348
11912,498.0870630507971
11913,486.1267354624989
11914,447.9771749560161
11915,395.015691508934
11916,468.1991123159356
11917,471.8522190938428
11918,534.7862042231
11919,459.1026379378214
11920,462.1352683034585
11921,369.1940725641754
11922,422.83398759058304
11923,448.65550124685853
11924,444.3091415342577
11925,447.91779973581475
11926,515.1346653542639
11927,514.7883803566506
11928,440.3770751298793
11929,466.06844876301767
11930,392.1213747513987
11931,446.5805751136481
11932,460.2643503536014
11933,449.07725818569946
11934,448.69814617144175
11935,476.638144383879
11936,433.0785639408824
11937,482.4905439554233
11938,452.7677731016743
11939,482.29287935688785
11940,466.9005351444824
11941,444.42775701057445
11942,517.3609824064878
11943,504.5735112026276
11944,450.53240234608944
11945,459.1272760024314
11946,517.1266640901508
11947,404.8673160317668
11948,409.15279463258946
11949,466.4120437965053
11950,475.7903340287792
11951,460.7362099792846
11952,451.0098619904449
11953,428.84347828782813
11954,426.92664784816935
11955,378.1892835435178
11956,427.8630171707366
11957,471.65406376157125
11958,456.6365094436597
11959,388.3703306065004
11960,407.69150475033166
11961,396.26270540107544
11962,392.7526620448103
11963,516.827389818297
11964,497.3636489283431
11965,426.58129914898853
11966,451.6437566418551
11967,451.8421739307825
11968,471.6203162453553
11969,435.5600498134143
11970,495.61588414351843
11971,502.9031750117612
11972,504.9746335726308
11973,517.9747935059986
11974,419.73759510516686
11975,411.35409921133663
11976,435.80573372242225
11977,543.0247813922358
11978,443.73602795011954
11979,390.6666119265192
11980,408.5900863232396
11981,430.6392463072852
11982,425.18057524071924
11983,474.18197909369337
11984,474.09306214152866
11985,465.1070322688448
11986,322.2520362968919
11987,461.02195143898103
11988,458.2590482271556
11989,436.20614720788046
11990,507.26082857772167
11991,416.59540838149013
11992,440.72440185472954
11993,469.11683219130265
11994,419.93084620288744
11995,390.58049403372877
11996,375.709876047472
11997,467.39566142752875
11998,506.86348504267806
11999,413.30310113658055
12000,508.20159373555316
12001,471.08099505699977
12002,459.966078345449
12003,477.16657804136474
12004,431.3778661528976
12005,529.4415075093644
12006,461.85981710738633
12007,413.99901045188403
12008,481.9393940623014
12009,509.8555664070665
12010,489.25516055580243
12011,449.5623899917751
12012,460.32712844627406
12013,477.78647243143627
12014,405.46264928008304
12015,494.61477005814646
12016,461.5378163331376
12017,471.89237302454364
12018,413.49222904928183
12019,466.7731196508643
12020,464.0912695236692
12021,469.9820889271361
12022,515.4895991708411
12023,407.5960353587912
12024,464.9209495437784
12025,432.83854511447015
12026,360.1061299754419
12027,394.5705809917
12028,456.89796898139207
12029,444.87270837955504
12030,507.9281155669261
12031,443.96979640011216
12032,518.3276377931271
12033,424.4427941755793
12034,400.70400135673225
12035,404.1552336367185
12036,494.5601003506981
12037,416.0523206260532
12038,430.47549310334847
12039,454.0360301900761
12040,462.8581859493732
12041,452.53974928235857
12042,416.14870269832363
12043,511.20448792405205
12044,532.8555674590258
12045,526.0145876621016
12046,478.5988616078729
12047,447.2754455035096
12048,486.07502480708484
12049,435.9554398008293
12050,465.1534604936296
12051,411.90545579415686
12052,444.239173532638
12053,472.62665547502803
12054,460.36594943419516
12055,423.42947365172927
12056,440.4045222991475
12057,396.141585459864
12058,437.0647806802771
12059,452.63830400679336
12060,386.26258949260887
12061,422.8917874279463
12062,495.3165651361379
12063,396.102462434696
12064,476.98545072536325
12065,449.2744945201694
12066,476.7493921618027
12067,506.93701659614317
12068,434.25491766249036
12069,512.8033800191945
12070,480.1999364951187
12071,410.03510514219425
12072,423.50053483947363
12073,399.17822163193625
12074,451.4638461950385
12075,432.2778457295763
12076,432.0284568339068
12077,400.1309767957684
12078,495.234443511083
12079,415.2471522300524
12080,530.3359117325499
12081,467.52932031175624
12082,472.7442852129572
12083,402.12324546211613
12084,444.2426434271515
12085,418.45091899187247
12086,452.7360093390481
12087,455.25033877266975
12088,439.8481804234125
12089,424.99435270706323
12090,448.4247922099828
12091,492.4053811625767
12092,451.8412810731281
12093,414.78948915358325
12094,472.3532122346659
12095,483.77519275232237
12096,458.81614943016535
12097,405.37465247379095
12098,470.60728695736924
12099,446.23267840246683
12100,442.4718297404384
12101,407.458701770806
12102,487.7637752399092
12103,462.35969754498416
12104,373.1463932296324
12105,438.9108936644043
12106,510.7231442048839
12107,474.97400936200154
12108,454.5255341502967
12109,449.36672036134513
12110,476.57387181510154
12111,516.6119155989596
12112,472.0660104437346
12113,460.124565282361
12114,482.83641341733687
12115,388.06593930017084
12116,505.9601314141622
12117,538.6002311433267
12118,452.44984543579005
12119,385.0734908065964
12120,478.76937814856285
12121,464.6123463632714
12122,497.33836739716844
12123,480.03934022587566
12124,478.392618113196
12125,444.70618003186877
12126,460.8072020617954
12127,444.75403848692446
12128,438.71218417807535
12129,438.0251280668244
12130,493.2034655952752
12131,417.1277987294664
12132,455.8795922712758
12133,460.7168440046781
12134,514.1160383227228
12135,431.28258383957876
12136,464.9416180054936
12137,453.1286027002838
12138,454.1853837732449
12139,472.6501828643243
12140,422.12044675751304
12141,453.64580387177097
12142,506.19582908896507
12143,460.1532786993057
12144,458.76694773062366
12145,451.6326101472379
12146,510.79756189133695
12147,426.5281395094619
12148,468.6692264973741
12149,411.0096745556943
12150,414.80608775239807
12151,404.6399450193083
12152,451.05135330563
12153,438.8901044640629
12154,465.16726168929705
12155,418.7391075998219
12156,445.7442021495417
12157,398.05514039893376
12158,456.7784660800863
12159,421.97020478262255
12160,418.84846755176255
12161,449.07514400269486
12162,519.8647832940361
12163,439.1962149696167
12164,354.60949351039346
12165,439.8091274006189
12166,495.48508176831126
12167,441.9375147231021
12168,387.2381712088617
12169,553.5473042511313
12170,452.05765189443184
12171,433.1858311741578
12172,504.94680331227005
12173,419.45033392283653
12174,519.3780202000596
12175,415.60787949401225
12176,434.0606474847317
12177,425.2510522436342
12178,477.5759936855543
12179,429.59155002562267
12180,403.9927666194899
12181,407.69948355577316
12182,470.41846231950103
12183,511.5653592979147
12184,509.8704752965798
12185,458.33110177848647
12186,507.01073384252584
12187,505.499490745494
12188,446.28072596177736
12189,534.596748088457
12190,437.68126691982525
12191,443.54240552814895
12192,449.594329764472
12193,418.724733112892
12194,440.6702290687668
12195,475.9112137435768
12196,419.33004999444205
12197,544.3633216444039
12198,419.40035297300085
12199,456.7942622061179
12200,456.9535565307437
12201,555.7744802381654
12202,440.13469734526865
12203,427.6674402851451
12204,361.64147330936885
12205,475.9415609940634
12206,426.43389163223134
12207,473.27460204917224
12208,408.6890747541478
12209,504.27752871803773
12210,431.96356387613366
12211,404.3597752366691
12212,428.5029669817885
12213,514.7786372843374
12214,450.7988362064757
12215,435.33361213069753
12216,447.3684096868212
12217,482.4190071843779
12218,441.6141553128003
12219,396.23917181491606
12220,429.60164187584604
12221,416.9346208785878
12222,409.06248638128204
12223,475.7676790541049
12224,469.9437856827565
12225,490.15409666990223
12226,474.74739378151594
12227,488.4029203461309
12228,493.6237462743006
12229,479.34039271254653
12230,422.3542965356655
12231,411.5516667795776
12232,429.9610957733885
12233,413.46587663623535
12234,497.0238838911699
12235,428.1302573270929
12236,403.22059522874406
12237,462.0584596232109
12238,454.84987896902237
12239,497.42378862763206
12240,455.15903338100816
12241,460.51679115926987
12242,402.60844495470224
12243,470.08706643595616
12244,382.3528429772935
12245,426.7215360874159
12246,464.0276688305192
12247,431.57575585100494
12248,463.4647826707478
12249,445.7527051365388
12250,473.30441281306446
12251,455.5636955501833
12252,411.7273119841749
12253,522.401544073141
12254,467.05758577393016
12255,410.7246165546607
12256,462.8473895441353
12257,383.8901604003122
12258,447.105348785337
12259,404.8523178777781
12260,487.18653613126935
12261,428.54231641213414
12262,497.03083356429306
12263,496.9921594825057
12264,375.59934161081134
12265,489.7082639963969
12266,494.1042382388428
12267,352.27130047856457
12268,523.053654459393
12269,453.9440096297007
12270,475.75126241479563
12271,367.77532195110535
12272,448.7890639058071
12273,451.0144135327064
12274,515.8121069951166
12275,440.2660400068639
12276,468.98600063832674
12277,456.54239393644576
12278,480.2236118372126
12279,440.58689719197037
12280,422.62421282761346
12281,413.6575488824974
12282,514.4727102112787
12283,499.7088808673891
12284,423.27401441129894
12285,442.3379879897956
12286,479.8134295599666
12287,369.1063348597117
12288,456.450632393969
12289,432.50821402658215
12290,463.36159508439016
12291,497.5860706914784
12292,466.5499383207926
12293,420.09092937723585
12294,455.77194411041904
12295,397.1424479417626
12296,405.6525113521985
12297,474.58526492592216
12298,405.8530528280751
12299,434.7720526899493
12300,480.6640551966719
12301,452.56517897129726
12302,454.6174988154166
12303,442.91082613619824
12304,478.9420698075899
12305,493.5447621801116
12306,471.7210297658932
12307,440.9780714699084
12308,413.2255209463693
12309,460.5334910994007
12310,425.8607770894249
12311,418.3823832637336
12312,473.4427537591462
12313,494.0051859124987
12314,502.43861226847116
12315,513.1932144474597
12316,381.50099158282427
12317,447.2529087597605
12318,465.9533570356314
12319,469.21613270945363
12320,454.6907395293558
12321,486.71084224637923
12322,475.9378845036463
12323,446.33796615563614
12324,482.6052766313814
12325,454.54973159498985
12326,357.27368510451464
12327,471.6973198439181
12328,431.927249426194
12329,468.2317340064835
12330,509.84345250430715
12331,441.2334600761687
12332,445.83794450319283
12333,411.7400720187786
12334,422.23286205869175
12335,460.6825235508921
12336,409.08901868698615
12337,485.7311791440068
12338,473.03125035506275
12339,432.1832367231057
12340,407.2994842552788
12341,472.26638107072904
12342,459.0054775954226
12343,443.9789804482145
12344,467.88953465187825
12345,495.89715187604315
12346,384.383608978303
12347,461.57097567357323
12348,449.3404056049413
12349,503.6076925045514
12350,460.4939197554494
12351,404.41450818758966
12352,427.24466126314746
12353,482.1212535635462
12354,402.25627493599336
12355,392.9699069643997
12356,402.85504368069456
12357,403.68876810079115
12358,483.1992454405443
12359,408.7298375272038
12360,480.04751658403285
12361,469.40993205740017
12362,498.2646380167519
12363,479.43806578700566
12364,496.8372294124679
12365,434.0274334079311
12366,453.5847736671892
12367,464.4660568843799
12368,424.6366642863295
12369,485.31567096398453
12370,491.4898543943765
12371,455.37775685715434
12372,442.3221079545193
12373,474.1705191487247
12374,470.10131603595875
12375,433.16022220067936
12376,457.227919806059
12377,461.6646283467922
12378,432.3533374865729
12379,476.8876968204391
12380,565.8310774247357
12381,433.8112871999677
12382,363.0151127150617
12383,483.603363406622
12384,415.60752333337297
12385,457.05412425989283
12386,421.57446379960345
12387,489.2086688264167
12388,515.7939274037324
12389,390.08840613100887
12390,470.0734469856828
12391,392.6561298633656
12392,466.2453688269179
12393,487.85135919356384
12394,500.09848646051404
12395,396.3378609735204
12396,425.7620755490504
12397,401.1163046170752
12398,470.25321223451874
12399,469.10146065019455
12400,464.05887928974823
12401,453.7489152243316
12402,427.3160473472593
12403,435.0290046222001
12404,498.1208847791324
12405,437.1314171747884
12406,453.95332812427057
12407,449.10873011092826
12408,451.9883040459806
12409,400.7918278625713
12410,503.35276789047396
12411,424.4089613965336
12412,451.60006793687455
12413,443.4412785944873
12414,381.3178619888234
12415,370.72764920878456
12416,471.6390435633552
12417,410.89172744423735
12418,377.8378139462736
12419,415.97496187322514
12420,437.16742279007065
12421,405.705605618719
12422,512.2139870937676
12423,401.6455359831442
12424,420.08424321969846
12425,443.5868878238088
12426,431.13332992899694
12427,494.6001564312682
12428,458.95737582865985
12429,452.4121913778553
12430,506.02045929401424
12431,446.68274505144643
12432,485.1112872171562
12433,381.3600450157593
12434,421.39421023758314
12435,453.2908608542373
12436,457.7304611042024
12437,419.06330777090005
12438,428.24173988919733
12439,493.1298463751133
12440,430.9779095764346
12441,445.05827738989456
12442,431.2997002982471
12443,427.4254497172336
12444,439.61827346296207
12445,391.7597778458674
12446,446.002580760841
12447,450.5438304836403
12448,425.8690634637905
12449,420.78180586906
12450,500.26548697342287
12451,428.52013656566294
12452,470.9075464991913
12453,444.5754095380096
12454,447.5087377677868
12455,449.31205111259874
12456,462.6364172011936
12457,494.84077196539477
12458,392.8482840575779
12459,530.3841245376723
12460,428.6907452267922
12461,420.49334799965663
12462,456.890729979675
12463,454.3717967551497
12464,389.19352830958417
12465,467.86194436811985
12466,432.4579504309726
12467,514.2266039890636
12468,476.7225249296255
12469,483.51104977995936
12470,460.0272810738141
12471,514.0569384488924
12472,460.7302357834882
12473,437.6100111530805
12474,392.47171912524254
12475,430.65776503492856
12476,393.682083723319
12477,417.6893504298317
12478,467.38405362501015
12479,399.89571070980963
12480,439.7740321978186
12481,421.7587435069222
12482,434.5489469111646
12483,527.7641758667802
12484,403.93156716208654
12485,460.01184738612824
12486,503.68914670514516
12487,451.436637239683
12488,464.48924261296474
12489,475.75845080258506
12490,409.03327673540184
12491,433.56495047294527
12492,430.7551095980032
12493,407.69256431392495
12494,477.37462089275954
12495,411.7441349550727
12496,493.67315884306277
12497,499.89989072752735
12498,457.4967440724297
12499,462.1834650958264
12500,445.64227021280124
12501,477.27987237610625
12502,393.9567652414323
12503,524.123618782723
12504,416.8238073600144
12505,394.01019231869174
12506,499.1310327132095
12507,423.7780275516396
12508,413.4994975017255
12509,442.6450336323337
12510,491.991331239322
12511,452.65434519673727
12512,469.22793190979803
12513,417.0530088293538
12514,404.64489730530977
12515,504.0006382206902
12516,448.9408011661845
12517,422.9573504728385
12518,454.01572361727585
12519,445.87192060402504
12520,421.22741542178704
12521,470.54755302519794
12522,486.7017094255763
12523,485.94279262063196
12524,484.2391323971535
12525,473.33297309573396
12526,384.00479616702546
12527,368.94702808861024
12528,425.69863288404724
12529,498.7214453135676
12530,409.8986710627273
12531,439.9849874867445
12532,407.9892406167953
12533,488.3940491542635
12534,475.2825546590351
12535,434.8479444640114
12536,462.074816418114
12537,474.7630433007554
12538,416.35324693430533
12539,403.01005718452
12540,481.368411914906
12541,487.9424211953637
12542,454.7113976038069
12543,492.4091427259218
12544,545.3118668842242
12545,478.56336652075555
12546,509.8191306870414
12547,487.2834527307203
12548,434.1877416789813
12549,497.5094724021056
12550,425.5551588692825
12551,446.1016175474274
12552,406.64020465481406
12553,432.68928138454703
12554,445.6923776892948
12555,463.3147325039773
12556,451.16343734409804
12557,408.9682478051937
12558,545.9588839428495
12559,398.17734857857374
12560,418.73191339342327
12561,434.58770312521403
12562,427.41071858383054
12563,397.61332892513576
12564,484.1268804011829
12565,408.9937704233943
12566,438.01546777608996
12567,469.7793537294456
12568,452.5044114835431
12569,451.28195501106126
12570,505.14987609551497
12571,364.31938679271514
12572,473.35711722657777
12573,358.53529416373624
12574,370.03675373791924
12575,485.1306099215649
12576,475.6254650109541
12577,518.866000697107
12578,391.0307492303582
12579,489.36056665150875
12580,453.51378620310544
12581,374.7222499510974
12582,493.22747151713185
12583,509.53031218457403
12584,480.1420333216195
12585,475.54685181834884
12586,439.1033885320899
12587,382.9464127202196
12588,398.50620819419333
12589,465.3506392915085
12590,409.88742682689366
12591,395.7420223282356
12592,478.77731837579074
12593,358.8160675716977
12594,436.6596142464555
12595,477.9149400241278
12596,474.75930435264576
12597,457.07044176659156
12598,465.18359634448547
12599,468.3674108924526
12600,447.3110258384701
12601,418.4735681596242
12602,475.0881844025761
12603,554.9764649392788
12604,470.7435401708422
12605,513.2378863243441
12606,446.49944126989527
12607,452.48746870724926
12608,464.6999480364935
12609,461.6335279436812
12610,433.4921372484169
12611,434.6309545734093
12612,441.98747758471245
12613,487.78486563352214
12614,435.74987829129145
12615,420.11377595255664
12616,408.07105331179093
12617,429.05924732192403
12618,503.9541358425455
12619,508.06666614668285
12620,473.93314920737424
12621,488.06955319145106
12622,396.86849104592983
12623,435.2530130677551
12624,467.1238224651928
12625,483.57137194522403
12626,406.08693957665133
12627,457.09310378729555
12628,416.1770487433076
12629,550.9726665631484
12630,484.0081906447454
12631,475.37682072559255
12632,432.3808913030083
12633,402.2061272359291
12634,428.7028927964569
12635,465.60248795497847
12636,453.7803113765168
12637,475.8858933107015
12638,498.5110379948586
12639,443.02668052022256
12640,408.898169690989
12641,424.507939826579
12642,482.70165932444775
12643,445.3302429786884
12644,446.39207107773643
12645,406.1772200558663
12646,442.8208223075618
12647,500.03092572230975
12648,438.20550846766844
12649,517.2870365897994
12650,487.7335239344941
12651,492.33969790207954
12652,477.8672800080018
12653,535.2064849203533
12654,420.7640922270948
12655,428.60927322638236
12656,494.8454496970961
12657,449.48379440347196
12658,482.32524139509866
12659,471.0217545928079
12660,461.2220000160699
12661,442.06687463937817
12662,414.13083925059897
12663,449.06929008915716
12664,456.1295282437814
12665,511.12495482989914
12666,405.5643371926919
12667,455.20097561098794
12668,469.927317320284
12669,451.9678409909723
12670,491.95601287114994
12671,417.7819938571031
12672,422.0652987403333
12673,504.3285959758754
12674,479.4628424010373
12675,431.94587662143425
12676,431.9121788884479
12677,483.95970199004745
12678,420.10192245886134
12679,519.3013561327114
12680,414.8406121350773
12681,451.8637479211346
12682,357.7795228064285
12683,503.6046716601547
12684,478.28441311915293
12685,404.7111205864379
12686,491.61742584127006
12687,459.3202206862167
12688,447.63124283589303
12689,424.94903914789364
12690,483.8106390182536
12691,439.93493721261376
12692,455.5747909894717
12693,458.99910891224295
12694,518.435142354693
12695,408.58263166262293
12696,519.0738852090749
12697,422.65101291028185
12698,498.3538695200125
12699,453.9784105097324
12700,408.2991259800808
12701,427.4959716653163
12702,404.0688921108073
12703,411.3958455706364
12704,469.33519390325534
12705,517.118063654109
12706,438.812686459759
12707,493.06963480956506
12708,466.6736933045476
12709,453.5881083109721
12710,483.9590464474778
12711,440.60534866088653
12712,443.79379767820444
12713,462.0747486391195
12714,380.12763149303555
12715,444.15863525674195
12716,458.88665018751624
12717,445.5316415019489
12718,428.87000608327656
12719,457.0155639464269
12720,525.7947350342262
12721,483.35255704605044
12722,437.60726652924166
12723,482.61172036678846
12724,449.4470783186485
12725,515.6304552229531
12726,412.2935376632067
12727,455.2739577424138
12728,439.71638175774547
12729,449.5352441754875
12730,468.906664909098
12731,511.2359677070141
12732,424.64993012375265
12733,400.3316439463332
12734,388.69435910044734
12735,446.17750718984195
12736,471.48163060444307
12737,510.46151380248665
12738,447.22748114022494
12739,510.7991771968899
12740,402.3546062772198
12741,432.13809590715374
12742,466.1972839099014
12743,498.95630981135804
12744,518.9797950079092
12745,496.450519573283
12746,422.9529129880242
12747,427.3705571734854
12748,454.6357264343833
12749,403.66249334050565
12750,509.3563383825284
12751,465.47851267386073
12752,466.90487409783736
12753,503.66172308138573
12754,403.7229771981004
12755,382.8316524171211
12756,416.10521903106394
12757,426.6874018848626
12758,421.84610912785223
12759,485.381646397596
12760,489.82454086300044
12761,498.8400697708044
12762,458.8895472190805
12763,444.45158917560354
12764,447.2068031793718
12765,496.42931750852506
12766,428.4333032697787
12767,366.95285113659287
12768,417.8532647136602
12769,470.3173280692782
12770,422.77252281989894
12771,520.1380815328562
12772,436.37050677440885
12773,402.75504810893773
12774,524.4570739882294
12775,356.46441871330086
12776,434.1837674330547
12777,469.9564444473362
12778,429.4284828636569
12779,463.2403090498507
12780,468.30766886412937
12781,461.46784022284993
12782,430.70461616462853
12783,465.75663228938606
12784,483.9833140513472
12785,498.15060450993684
12786,456.8905151478036
12787,473.0306493490811
12788,463.4094222693408
12789,409.79740631748786
12790,460.85237025345714
12791,425.17414447340246
12792,500.311549385524
12793,400.90091898806685
12794,440.35028817226583
12795,522.8103548360369
12796,466.6566869827228
12797,468.8867010341273
12798,510.0774019287483
12799,447.9164319884303
12800,419.55192955775794
12801,444.33010038719823
12802,392.4056631366306
12803,430.28606431991824
12804,523.002855033878
12805,432.92791274803824
12806,441.8323777244463
12807,507.7433605982026
12808,491.531384395684
12809,454.48156948727177
12810,399.5247669316249
12811,381.5801266849398
12812,467.59776166301486
12813,518.0116100393096
12814,425.213973449494
12815,489.22885650916925
12816,403.8948369141217
12817,468.4816825951339
12818,498.34382047788273
12819,489.7922100056273
12820,462.531167719374
12821,444.6405517403923
12822,472.5488310033931
12823,455.21406249459426
12824,466.8546534241256
12825,417.16983998004133
12826,465.0598976756829
12827,415.01448597317346
12828,470.5223852843266
12829,416.30187548483167
12830,446.0519519387085
12831,408.02014249595237
12832,479.72247914920644
12833,483.6744468331846
12834,477.0578392092448
12835,425.0076779634287
12836,420.79855140951844
12837,425.6622144749282
12838,407.7935720566105
12839,414.45121365454276
12840,425.0635792315471
12841,504.0188167175416
12842,367.6942320451372
12843,384.32463639796543
12844,465.7200683705961
12845,453.9634604968624
12846,518.3768808089894
12847,398.86256859088286
12848,435.2657248957549
12849,459.72849772215807
12850,422.08280687557567
12851,517.3448310165385
12852,468.8231580088461
12853,452.78289651015984
12854,490.1790385507103
12855,392.4346497740413
12856,487.9356542938273
12857,421.4593320740748
12858,470.2948390393494
12859,460.87282768792284
12860,447.2144507107386
12861,459.88483626975324
12862,502.8789750340493
12863,406.1768285060868
12864,444.02641319896264
12865,485.14616861666417
12866,487.01053087550537
12867,460.9493895859327
12868,455.8415604648779
12869,521.4362051817607
12870,368.4570900268812
12871,466.4192660151416
12872,394.946685917875
12873,447.357544458134
12874,395.2711841081748
12875,458.8095579296212
12876,527.0195955230362
12877,388.9718050918208
12878,436.0377250369704
12879,469.1080978663056
12880,407.46845744954453
12881,495.67308817072086
12882,368.02938626561365
12883,469.1501630393949
12884,413.6649271424847
12885,421.2134443112534
12886,391.1446765234207
12887,455.3524765786826
12888,486.0666235976545
12889,476.0254065929328
12890,440.6736029774809
12891,419.67715916492153
12892,400.8397412490795
12893,425.7959368511845
12894,412.2505996769953
12895,460.01624437054096
12896,429.0041404741836
12897,433.69584270300277
12898,477.34078210385206
12899,436.31546159681665
12900,509.2293974314276
12901,453.86670197418283
12902,428.3349772540632
12903,443.9413915487464
12904,466.55391032145695
12905,454.3882661658637
12906,484.35343728884993
12907,424.5179660895567
12908,421.5888485450077
12909,444.4229959310331
12910,501.43599672863485
12911,526.7741932929881
12912,386.45505291417413
12913,475.22996287486393
12914,461.99252767500735
12915,473.41070564332665
12916,447.77538865130924
12917,448.61650102804106
12918,416.55201449344395
12919,508.31407515497756
12920,473.7769070722668
12921,430.9356023467555
12922,437.34056550671227
12923,481.79619612760973
12924,476.6164044218479
12925,515.626024655255
12926,445.8398388135789
12927,394.0600251056436
12928,440.02372981024916
12929,475.2208894295223
12930,438.9429898761139
12931,448.82647693246287
12932,490.37565377239645
12933,413.6962184922394
12934,459.3875731414812
12935,491.00380783111234
12936,440.3336444788606
12937,406.33920321555576
12938,491.2702521010674
12939,422.68925495593294
12940,441.84967484279593
12941,493.0814192611398
12942,471.8135958804324
12943,453.94104500536685
12944,428.5969196933117
12945,372.54270790741526
12946,423.6986819498115
12947,417.1227536183334
12948,455.6537060457111
12949,453.6367456852048
12950,459.8638125758929
12951,489.70204395442823
12952,392.48993558685584
12953,515.6755726891398
12954,423.4126252468685
12955,403.31126932698396
12956,451.51994881928874
12957,410.731237194249
12958,433.1576703366961
12959,423.39288816778094
12960,444.75500207906197
12961,568.3372579323733
12962,482.71376680476345
12963,435.3134736685786
12964,430.32651144356913
12965,422.6836091801069
12966,441.0770713115539
12967,413.9295947778603
12968,473.46856294655737
12969,423.01861957330016
12970,413.5339166864306
12971,445.8638495412123
12972,453.8318265575993
12973,471.52558405270753
12974,448.3698132223766
12975,364.1885646500786
12976,421.4495020576539
12977,481.4565845204132
12978,484.8708211223091
12979,347.18526049358184
12980,446.6204444454342
12981,504.67561024639963
12982,436.78398670035756
12983,441.30345924473596
12984,455.763306347755
12985,439.2251731537695
12986,494.05015217718875
12987,396.52178768793925
12988,412.8523593336025
12989,494.32796521981936
12990,456.9645802761441
12991,490.2791233041064
12992,417.223335948522
12993,383.2066466481835
12994,480.7736240853211
12995,510.8944534816911
12996,501.76969349927356
12997,465.19605216474423
12998,411.66259546852655
12999,408.69269221755764
13000,414.84871191300266
13001,377.79516313789844
13002,487.62268945986085
13003,452.3404646265106
13004,450.6609520014225
13005,507.8029911774351
13006,513.9301230720122
13007,444.4405210511611
13008,411.7363304814802
13009,337.15037575210073
13010,487.6613596043637
13011,442.54205066136217
13012,461.9094553928787
13013,418.07056974964127
13014,479.9424002385453
13015,439.2298606557892
13016,481.27348527064134
13017,460.5129719710465
13018,545.8144495879523
13019,471.30740442692775
13020,409.56015666951055
13021,385.3942894396249
13022,466.27196111145133
13023,420.93417255225603
13024,480.1293407378839
13025,453.94532860215696
13026,363.4063739863581
13027,512.761897432254
13028,370.16292800312675
13029,447.01908856178045
13030,415.7379510650508
13031,508.08678003919835
13032,360.6204483301605
13033,430.63576847854455
13034,460.98206752311904
13035,391.82277103020607
13036,472.65657475190864
13037,543.119294851882
13038,497.6444099705947
13039,404.75869217724
13040,479.2365830584092
13041,517.6619065983267
13042,516.4790323199127
13043,379.65334212245386
13044,408.13108348594307
13045,443.8042903957829
13046,346.8631859601882
13047,490.85702078840234
13048,390.31930003860595
13049,437.3896260201069
13050,427.8700337632308
13051,447.1834897376738
13052,521.8329132577036
13053,431.51561014775325
13054,484.97397217802717
13055,436.02331555906113
13056,488.97018720619377
13057,501.8786919377893
13058,502.0056923125716
13059,467.12943582240615
13060,350.8518262940409
13061,536.0291866863023
13062,470.3536234026189
13063,438.78000974136904
13064,481.78105305923674
13065,480.72238276173726
13066,510.9838657122845
13067,499.2298747746983
13068,463.04549044995014
13069,410.4121287032791
13070,482.1033519709754
13071,412.152755252172
13072,477.3200557669823
13073,483.7487591951038
13074,437.336701806407
13075,465.3484360578892
13076,404.2205589430515
13077,476.3724350056163
13078,495.1947049888727
13079,441.06967934456816
13080,477.32072500107233
13081,437.1300944965291
13082,467.7130397015394
13083,441.98221753155735
13084,478.41574459369946
13085,436.6080152710374
13086,439.3878504584642
13087,386.8739781254073
13088,492.1432561779937
13089,462.70687620856575
13090,473.3699869387678
13091,436.72309457177107
13092,472.59806740245614
13093,414.86055954653517
13094,419.98335231562123
13095,441.1768669439836
13096,443.7063730484997
13097,396.6418195674545
13098,464.33748387253706
13099,406.86552023786743
13100,425.38553131526686
13101,460.6607991327024
13102,381.59199347171324
13103,416.04536331973173
13104,515.549547439635
13105,369.82964741157616
13106,472.9852813430618
13107,463.53820800051824
13108,436.02169497715533
13109,460.06588278933117
13110,425.39071798543165
13111,474.95098719539817
13112,378.63492563968487
13113,495.8464970846367
13114,443.63145671308445
13115,409.7638721807417
13116,439.5731327716359
13117,466.99930088102866
13118,404.4512423777026
13119,447.15712942173775
13120,450.0905404609495
13121,450.9475973728889
13122,424.47623335269395
13123,460.33340490296007
13124,489.8739196524304
13125,514.6715541373296
13126,452.68831786709814
13127,466.29766636364855
13128,430.67144861319304
13129,414.2614712111116
13130,369.9875037155564
13131,471.46630735869576
13132,498.6211445350112
13133,467.92730064740977
13134,462.98390320303
13135,387.9440890707945
13136,418.5477542919231
13137,449.47282745175994
13138,467.6134027284457
13139,395.9331857735949
13140,505.2783328805457
13141,539.3669852971275
13142,420.0366010153359
13143,404.3979845837562
13144,496.3979603540698
13145,438.7282817599997
13146,500.4257889529062
13147,442.54461028378125
13148,395.2217481611421
13149,395.54309133172507
13150,440.6791600681887
13151,446.6188814704007
13152,430.9906576125279
13153,458.6202621701557
13154,464.48749851981796
13155,515.165043865191
13156,423.4466235442038
13157,450.27445420462084
13158,504.76328014662255
13159,408.8859636206752
13160,502.1570084183472
13161,475.05246118830127
13162,386.96737368838427
13163,463.94656444880883
13164,483.9289443876481
13165,418.5086630995046
13166,520.5919867307481
13167,392.65429334388824
13168,504.97230761061337
13169,404.67745832634444
13170,430.66595857071263
13171,397.56652633188236
13172,527.3788876601716
13173,507.9070471025133
13174,410.21937797499356
13175,429.35444568543545
13176,480.98829865343697
13177,443.79514500835813
13178,483.1688499582317
13179,485.15714131411835
13180,486.31974087305287
13181,502.30856649939506
13182,421.40684659613
13183,437.28695373285746
13184,426.82694650252336
13185,398.9467241119515
13186,367.1965617175542
13187,436.27097723584956
13188,420.33194014512253
13189,423.83886582172596
13190,469.89672709936076
13191,447.0693620540342
13192,457.4389608110943
13193,417.34215275600326
13194,416.73309111834953
13195,412.12406125634107
13196,418.6216446355141
13197,489.24746854172326
13198,528.0263455993664
13199,438.3804902990795
13200,444.33328947327203
13201,414.72344508334294
13202,479.4762360635061
13203,506.54709243556766
13204,440.90409498275415
13205,449.12561992099245
13206,385.57823542579473
13207,498.99417983157565
13208,401.8783141546053
13209,453.96341671273757
13210,443.2309237387505
13211,474.7882090943897
13212,481.06505999243876
13213,417.2667010796371
13214,479.2582682970994
13215,477.33962254770466
13216,413.2527484976387
13217,532.4330689728941
13218,449.3433292705341
13219,409.3572242135204
13220,495.3165230677861
13221,477.935384443733
13222,505.2090644965401
13223,443.4194726172218
13224,441.7016355262231
13225,474.23250229164563
13226,441.6874912951345
13227,396.576442698488
13228,517.5326574490649
13229,406.78785638822126
13230,474.9493899226124
13231,371.98293546253865
13232,390.8613693845024
13233,402.735055822268
13234,408.0665594843949
13235,465.3119016571858
13236,435.74698788856426
13237,431.93916521607906
13238,408.9827809735598
13239,401.2883358308547
13240,473.12651785659193
13241,467.13607674648
13242,440.3509596933365
13243,416.19882977252246
13244,531.9294335696026
13245,426.53946040876093
13246,448.5308348931649
13247,491.26120220610835
13248,425.38612112561674
13249,498.46329435073886
13250,439.17246948803364
13251,534.0765122290677
13252,432.8608989363678
13253,510.4306083430081
13254,471.47941079215286
13255,476.5750457569411
13256,467.25016388734133
13257,480.1698200721893
13258,501.68361062963396
13259,420.61374874190284
13260,474.5315564431039
13261,459.5433667308148
13262,425.71051990994204
13263,394.8274043833403
13264,530.5043005024108
13265,404.691782737228
13266,471.2830810680152
13267,512.078237429523
13268,407.32440758592236
13269,530.6010032931463
13270,456.96830383373157
13271,400.8688261889005
13272,520.7764033532309
13273,407.14349289385484
13274,456.1351586736031
13275,561.1729693818893
13276,481.96550158182004
13277,475.29801392965976
13278,421.0048771129884
13279,456.46086092151927
13280,525.3851748759947
13281,499.50101695798315
13282,457.1401404325182
13283,435.44813594998703
13284,459.939048881587
13285,441.64074646701283
13286,366.5807217832877
13287,442.9069592426897
13288,456.55717930525583
13289,468.6602812453889
13290,446.0639716377776
13291,511.9629564166484
13292,420.0495708094927
13293,520.8063264996027
13294,413.66747695341496
13295,450.36959791534196
13296,416.9774468405673
13297,406.88628571247307
13298,468.637597867294
13299,510.85214501108186
13300,494.96233044709436
13301,480.91607139640354
13302,472.6928493047404
13303,483.3141684655743
13304,486.74187441606114
13305,479.9939567201203
13306,411.26261099645075
13307,398.54158281975066
13308,458.8998145371787
13309,426.6339981010061
13310,428.1220339244185
13311,505.3110846238824
13312,460.7141362579486
13313,414.8853177200642
13314,386.6467771928225
13315,420.65819797259627
13316,442.9508625366047
13317,432.4493074504307
13318,489.86369719494155
13319,433.23888409125544
13320,466.0885261058105
13321,456.8829634484366
13322,441.93608673876264
13323,428.2280699010956
13324,466.2799712996176
13325,490.71699547237154
13326,487.4484053407129
13327,459.73894264178443
13328,424.8252221083855
13329,507.86278896797086
13330,465.1205225868409
13331,483.3272954716731
13332,417.0799450695384
13333,447.74534855387685
13334,467.2195968519751
13335,432.2814431121732
13336,454.3265639424401
13337,406.0511877447198
13338,399.7150493694934
13339,440.71045572527436
13340,469.06665826926434
13341,464.8181409874643
13342,453.8294876566288
13343,502.5949859044012
13344,442.26130040318435
13345,476.49790487950605
13346,514.6812989659679
13347,390.47516424351574
13348,450.23597074260374
13349,565.5638407441279
13350,470.8649773171758
13351,483.0306437954121
13352,450.69770431474734
13353,358.682267634859
13354,419.6592204011399
13355,411.4218104980162
13356,420.6047836203591
13357,471.66140200633697
13358,537.8759819622514
13359,504.97014364943686
13360,544.7891288505608
13361,452.1506142407065
13362,407.39587881386757
13363,413.28078658205146
13364,519.5819343678972
13365,367.7799230764899
13366,401.08277786295326
13367,421.568189534828
13368,475.46775644245054
13369,419.96938946204904
13370,496.2834283114061
13371,433.8914568622705
13372,482.91468725263826
13373,498.96790761499574
13374,456.2488472843596
13375,402.893303530876
13376,450.3976548812706
13377,465.6772646107919
13378,443.375743616148
13379,543.808409802672
13380,423.5474695462976
13381,415.6798608510113
13382,372.60165765355816
13383,474.32004208925497
13384,453.63692113613325
13385,470.4672321726236
13386,434.1831923533534
13387,514.8827829733987
13388,498.2716453441704
13389,503.45302837582864
13390,440.59670043179625
13391,388.25927596714746
13392,458.9469744495814
13393,446.1853262017415
13394,483.11707216998644
13395,432.8049233844037
13396,455.4799751577214
13397,486.8532915999362
13398,470.15491533007946
13399,410.0972735288055
13400,394.1950166214172
13401,467.65730053095484
13402,491.08879225569365
13403,438.7873339968634
13404,470.9842787756611
13405,503.9298019199147
13406,412.44506125019524
13407,461.50658147106554
13408,407.7325838869284
13409,421.2901376521857
13410,514.3858358308613
13411,413.23448912363006
13412,453.12272310217344
13413,572.8257961194872
13414,466.635225053484
13415,463.3108906376098
13416,406.67838825153086
13417,415.70492527271625
13418,450.82449143258384
13419,408.0386170660529
13420,437.84461234471104
13421,496.7772780819873
13422,444.23585109223166
13423,537.9567797480115
13424,383.61286824478816
13425,462.1194909033047
13426,390.9456636380747
13427,480.9692840426447
13428,501.88903831328025
13429,477.80777392376945
13430,527.7377865407418
13431,528.9897029553917
13432,567.9888144907461
13433,427.1539062970514
13434,483.9871860634451
13435,480.16927795119204
13436,447.2305859884903
13437,402.50084514847794
13438,461.55552346515515
13439,500.81585090141533
13440,450.3760181399431
13441,492.6296977356439
13442,500.91976101035215
13443,471.22264470276195
13444,422.4824639134761
13445,449.61466922776526
13446,464.3819248648547
13447,403.40645137998484
13448,484.38253654077556
13449,481.9041738737423
13450,455.97895362394377
13451,439.5631427437378
13452,415.22397364596577
13453,410.0303766113157
13454,434.92721498168095
13455,421.3875016089884
13456,482.59401975266644
13457,481.1575563409587
13458,439.5792380600774
13459,440.5922870671146
13460,437.78466648969237
13461,460.28539013087203
13462,426.8461974761355
13463,470.5151608627825
13464,458.2600446362814
13465,437.73412204219505
13466,400.8119875411573
13467,447.48340188587014
13468,428.2915972244786
13469,453.8201372116905
13470,440.4285352580053
13471,444.6067284081287
13472,364.4762506792199
13473,430.50878110024485
13474,463.09215057081303
13475,488.7035747003239
13476,490.8112359835696
13477,468.7697694139818
13478,493.39558394134866
13479,465.62555192945234
13480,456.1972084440418
13481,460.0174914445306
13482,392.47594045836826
13483,447.94898002072154
13484,481.73291138804683
13485,517.287661106433
13486,475.51219752236057
13487,516.5704412950946
13488,439.0048729867999
13489,480.3040179523122
13490,430.8146377647147
13491,420.91928057744633
13492,484.8582648174227
13493,426.7952608493697
13494,430.71506664308407
13495,457.1530343416415
13496,435.60989511251205
13497,427.2291827225614
13498,410.7727854905102
13499,455.49385444546573
13500,455.26977358924285
13501,422.46538565243225
13502,434.4312872769839
13503,404.25108981797797
13504,488.8846659593305
13505,451.0779965953243
13506,405.49142834494637
13507,458.79837597444833
13508,423.8173499183169
13509,442.1360913693937
13510,513.700870725597
13511,471.327815485713
13512,401.41113421134577
13513,446.7390988087102
13514,441.463071321134
13515,478.7860773158105
13516,437.0893815773315
13517,422.6110188096447
13518,418.05829421990626
13519,442.2674054474049
13520,476.8661687313712
13521,402.2063080761802
13522,423.50103643284837
13523,453.3164881693391
13524,555.827686284787
13525,447.07864599003545
13526,506.21638320422767
13527,415.1967909928335
13528,472.10745306726625
13529,486.5689601608591
13530,520.6250602483806
13531,414.3735235727787
13532,414.50371169586083
13533,454.9422442878689
13534,482.47499419887663
13535,418.34263059559106
13536,435.69945684217663
13537,418.5352383493529
13538,476.8788205917968
13539,441.882740178048
13540,400.34678312062965
13541,509.8365049137153
13542,435.42305993144424
13543,448.3163601793289
13544,374.6925037360122
13545,431.3207422308859
13546,446.09907889812223
13547,503.300620190073
13548,515.5320748054751
13549,467.04149798182607
13550,461.364963451552
13551,509.54111410530516
13552,517.9405040471587
13553,423.6492676239472
13554,450.4737676769042
13555,445.7979175771032
13556,477.2873954584984
13557,554.0515780274295
13558,480.93148405033446
13559,430.4382610602558
13560,479.7343142738453
13561,410.9625095565219
13562,458.30177167612726
13563,475.0649932827267
13564,492.0708270249329
13565,391.57724230757424
13566,471.4055668847147
13567,338.0609656896792
13568,480.1192377734322
13569,518.4112511614182
13570,462.95989595987027
13571,399.37286076826166
13572,406.8622975768436
13573,514.0811151020795
13574,417.4535976219892
13575,462.7692097263331
13576,434.53782004029335
13577,488.20342988742965
13578,408.4193885894112
13579,455.67219421060474
13580,415.475135821717
13581,381.37065707159286
13582,336.3369666253237
13583,460.8988153546172
13584,428.65715872325717
13585,406.63920693317334
13586,450.77690645638586
13587,457.89949016766946
13588,441.3298240972179
13589,468.69235772553816
13590,474.4172156905165
13591,465.51197919760943
13592,423.1018643771893
13593,514.3881412198243
13594,475.22749100926086
13595,446.57671778331246
13596,449.06021986717064
13597,482.3433628542445
13598,517.1754995460788
13599,420.1059613922527
13600,403.45821185806136
13601,486.9526783816854
13602,475.84143761101785
13603,442.95766751971956
13604,399.33036872626553
13605,516.6823832519253
13606,456.82862937333283
13607,463.5605763747248
13608,460.81696143050783
13609,439.66468479634244
13610,420.80664760736323
13611,438.12371501305535
13612,473.55079899748193
13613,488.29840093899753
13614,473.37667518840647
13615,526.484589946327
13616,481.8749388849228
13617,412.7389574507147
13618,438.55511545120595
13619,437.7324594532833
13620,405.49908041504455
13621,425.17223845939645
13622,396.9403667982224
13623,450.8826432618618
13624,454.4556080014886
13625,423.6928978029624
13626,434.7227416008635
13627,470.3844734479619
13628,393.29969207299604
13629,446.1131834693457
13630,403.9251149556929
13631,516.4934529020557
13632,399.35210102081135
13633,409.9773177777803
13634,507.8184647994206
13635,473.61534183465704
13636,452.10099955548986
13637,460.0129305890858
13638,338.80323495422886
13639,430.3835474808238
13640,455.1945091182991
13641,482.22468334929715
13642,467.1174432604473
13643,429.03946062119826
13644,497.55546431204965
13645,514.2110290682307
13646,463.66076567943185
13647,478.93333634282317
13648,426.1687684405911
13649,466.1539978513968
13650,500.2700503887616
13651,534.6546122287906
13652,449.14832708461046
13653,419.6702829074383
13654,422.197814574484
13655,397.9371383660829
13656,424.8818298170365
13657,439.53093503344985
13658,458.65208686170826
13659,512.7047913854333
13660,410.1986310941566
13661,460.7762778105067
13662,455.0898895748909
13663,428.7771945077907
13664,478.4674244223996
13665,463.7409409188113
13666,459.36977374681624
13667,486.7259037247868
13668,427.63371989869245
13669,434.32042492297415
13670,471.1207260184878
13671,460.9656376213548
13672,442.48399382504084
13673,423.72806441474603
13674,473.35071497953913
13675,456.48871185877107
13676,376.31058839933996
13677,478.87525337854197
13678,413.7719667982782
13679,439.7723900613005
13680,452.4460302128817
13681,395.97384439401026
13682,456.30646146992115
13683,443.4549502882683
13684,471.88484955233497
13685,436.1769404023529
13686,466.74669951121166
13687,427.3391272369495
13688,438.1844149251609
13689,452.3012930813608
13690,449.8065454532784
13691,429.635638313806
13692,429.6952883169746
13693,375.2263766560172
13694,427.02502285152997
13695,452.6732722580392
13696,493.4833018145279
13697,533.1732770236866
13698,447.63493721597314
13699,486.54840327793477
13700,448.1502687727658
13701,495.6341713499711
13702,400.05895999322485
13703,457.04446846947945
13704,406.1965160736049
13705,466.82838650813363
13706,459.87387465529923
13707,552.0639333377284
13708,547.2420045660996
13709,530.339579699785
13710,437.403702634195
13711,438.8230951543283
13712,541.0347533524329
13713,471.90746836121906
13714,404.75439144924275
13715,440.37870133580304
13716,437.8342411861778
13717,493.0739695332221
13718,448.0796208369373
13719,447.03331757590894
13720,378.292958979521
13721,518.4748798252687
13722,492.4928472670758
13723,444.2981044750602
13724,466.3560278434266
13725,401.33751704393507
13726,457.8084612079815
13727,428.36667498581187
13728,482.68145986936094
13729,413.8364129115534
13730,515.305724218611
13731,498.4907443679663
13732,457.02292115263106
13733,440.9197018888336
13734,450.2960610427563
13735,436.37615863013167
13736,453.5623527166271
13737,433.9592905893554
13738,431.34884416577705
13739,454.08454061687723
13740,443.48185639753774
13741,469.19298576343976
13742,446.4888605908068
13743,466.9565008511754
13744,447.0437178774094
13745,466.61717485115435
13746,454.1108597162753
13747,410.9548432318835
13748,434.5168816122096
13749,448.1300102051781
13750,472.9101004344763
13751,418.29693432555393
13752,497.2096149340109
13753,436.30299152968263
13754,493.6598673981105
13755,433.84186210376726
13756,461.0414919978305
13757,515.56515126179
13758,458.3093997669577
13759,484.0952398081988
13760,456.0384974923999
13761,456.4206325484583
13762,450.31136740642205
13763,503.8221328739009
13764,451.1861591604149
13765,478.7938767294902
13766,466.28381495320144
13767,450.647225927562
13768,500.4126728147006
13769,447.4990891773365
13770,415.19268198666543
13771,474.9035978236832
13772,459.9290940849657
13773,467.00558941374135
13774,457.77079506541077
13775,480.7959240999287
13776,400.1048079864318
13777,404.8245706395935
13778,453.72375244356033
13779,469.0241462350354
13780,501.8580061297013
13781,440.00693567458467
13782,484.4648397912334
13783,536.2269696358466
13784,463.989682821368
13785,435.05422772370355
13786,515.2144606052916
13787,488.7657007769972
13788,463.13585744695035
13789,457.6857835924332
13790,437.79596403423983
13791,354.9079911549965
13792,466.8487098380145
13793,409.46638051283577
13794,440.76536561077995
13795,472.96297298152956
13796,428.69650424309464
13797,483.59588451064116
13798,522.7776025026925
13799,475.2964783826099
13800,454.5929278808908
13801,493.00495552455516
13802,435.4289442810276
13803,456.42745158799494
13804,431.1632835661099
13805,417.5100596220964
13806,512.9286468486728
13807,470.0873673348534
13808,411.64437600415386
13809,445.99795543932123
13810,488.2705405015168
13811,335.7474425514353
13812,331.63779733886435
13813,438.91454337190424
13814,424.6015637977407
13815,477.9302831639981
13816,446.0237069634051
13817,473.10564984966675
13818,482.51477033888375
13819,395.16871365185204
13820,439.9352676113022
13821,415.4345616868084
13822,488.5097529979135
13823,426.4544875907026
13824,419.58696778256297
13825,502.0270193656448
13826,443.1657673558155
13827,453.3440782388967
13828,468.5382145515473
13829,445.24327997861053
13830,468.22366634553237
13831,458.7022244119777
13832,451.0681768569621
13833,508.5573456786505
13834,455.89835239126813
13835,418.5770474204303
13836,454.585210106035
13837,441.0082872241669
13838,506.4829945391088
13839,528.9104385502646
13840,360.71311815523296
13841,358.32805956279446
13842,423.880637113377
13843,417.400696643698
13844,470.65533573823035
13845,492.54896237915926
13846,426.44901821516237
13847,451.3102755264042
13848,430.99185135655995
13849,431.06114825491915
13850,437.8778038400684
13851,454.698761670571
13852,399.9918721061261
13853,431.96808607646153
13854,474.23586138258287
13855,415.5576463830252
13856,455.54653845032857
13857,483.9291933724147
13858,508.099545565648
13859,459.6744069496208
13860,442.16974518396233
13861,485.4697025346072
13862,435.598993592154
13863,512.986767897437
13864,424.0784979687614
13865,449.37695978335364
13866,469.4979215266959
13867,441.48354378838854
13868,487.3917927729873
13869,491.3762883132532
13870,464.20161068977984
13871,468.18863305221925
13872,468.6286121033627
13873,455.5707546020546
13874,419.2485038404448
13875,426.0678021001409
13876,420.7988757158453
13877,491.91133800903344
13878,428.0828859393582
13879,423.42238027203297
13880,409.0555960416566
13881,449.04686943262584
13882,449.13620326915736
13883,470.3854712917199
13884,374.35530990363554
13885,441.63978166047
13886,494.1121521983084
13887,412.60702210293624
13888,415.260765832624
13889,421.5839880259729
13890,465.83109934691066
13891,477.04564972643317
13892,455.5146837723616
13893,470.2915435773918
13894,401.59557512138326
13895,417.3734536807829
13896,472.8335666020274
13897,489.6981604224968
13898,422.61128350167604
13899,461.4629375959978
13900,407.2293171801076
13901,503.46044487462444
13902,431.08721834118785
13903,462.9729833440447
13904,437.5452019906228
13905,399.1067329418363
13906,477.5611038748741
13907,403.38649100387397
13908,439.0799988045574
13909,477.4986170414515
13910,481.5257382266794
13911,461.621514194504
13912,337.41196376315213
13913,425.3606508885678
13914,424.250863362997
13915,503.53827853566344
13916,442.01347592661926
13917,449.41208580700356
13918,476.7047244997866
13919,453.31379237272284
13920,403.7652554735931
13921,496.2995689147592
13922,526.0606385332017
13923,441.7492504811739
13924,430.6352934044785
13925,468.47176293764653
13926,422.47323449982974
13927,432.4213429721757
13928,425.089859308229
13929,501.33419245373165
13930,408.0265563560111
13931,466.2208530547166
13932,429.5485937952176
13933,498.04498909703983
13934,447.26240832840307
13935,451.32983154075754
13936,470.3116541764802
13937,483.7211370550603
13938,422.4276835048901
13939,369.82861634306283
13940,452.4734148566187
13941,459.3216657196979
13942,399.86873417811034
13943,450.0393177980018
13944,473.30496661620646
13945,452.8871200462678
13946,370.59564473165375
13947,436.68899476699374
13948,507.3323228575049
13949,454.02568702498746
13950,514.2527341283255
13951,450.6265827950412
13952,400.077715009817
13953,480.2594929061685
13954,477.38288872221517
13955,486.75466772636673
13956,458.5807878736388
13957,477.32797063776997
13958,482.9820116964151
13959,443.76792697007176
13960,452.24431372540374
13961,428.93380477070036
13962,408.2656266297877
13963,372.5712671645224
13964,451.18328703970934
13965,420.75885877667963
13966,430.5524405318805
13967,399.34224412694147
13968,456.5804610699289
13969,483.3190962334276
13970,473.7989865805832
13971,483.18046451464966
13972,432.42353551604106
13973,518.070064702033
13974,478.6851902434223
13975,468.8870433956273
13976,535.9750297245904
13977,386.6199944596314
13978,403.59298417461883
13979,467.977475353231
13980,483.84760816265253
13981,448.45899104161083
13982,478.42150578509904
13983,542.0700616921706
13984,486.56381350263564
13985,467.43206161246536
13986,481.96869679674995
13987,478.597990876855
13988,462.00124104649024
13989,502.96050343993903
13990,461.7531637253945
13991,483.5080101385889
13992,453.02661613457883
13993,498.6481312431002
13994,546.4618945829272
13995,452.3332704211629
13996,550.3805434386953
13997,473.80612801680644
13998,404.4393600170662
13999,432.27688872684314
14000,380.35549986237163
14001,482.03000038001807
14002,465.2339841294151
14003,455.17234599440843
14004,474.58165124861426
14005,476.81456321053616
14006,440.1490516498257
14007,390.3864963231952
14008,435.2847453193074
14009,377.36954205709947
14010,480.43454866444864
14011,402.61329092813423
14012,380.84175650646887
14013,475.2427947134994
14014,448.8907965573058
14015,519.1467270408054
14016,428.5607956648881
14017,354.8016395572875
14018,492.79655781977743
14019,404.93821156224755
14020,436.6157428928146
14021,485.1537640004352
14022,455.5783378035125
14023,407.42939252041765
14024,416.6590452680044
14025,466.21226636843585
14026,502.91822767916165
14027,520.3217425771752
14028,446.27934051843874
14029,430.60669969431547
14030,425.99178069252696
14031,393.94999848839916
14032,313.9479646939103
14033,508.74683329130903
14034,418.9393792975906
14035,466.4153102662036
14036,468.95933796120585
14037,404.688223980831
14038,424.60452268121367
14039,478.5084322911307
14040,461.4393742982592
14041,493.1820736776929
14042,442.0153362122353
14043,412.0851278603879
14044,423.3701349626953
14045,574.2629064659832
14046,421.8256894505557
14047,471.5649545110298
14048,442.9545484417208
14049,411.1523414132721
14050,387.9302268593283
14051,430.9630695686441
14052,431.25756577057194
14053,426.45599246378305
14054,434.6975110660344
14055,424.47039448097365
14056,479.89691416748946
14057,483.24187370161843
14058,490.00942809735113
14059,513.1876681182133
14060,450.80481460007024
14061,442.57964479175354
14062,371.1631528797227
14063,449.61229287719
14064,498.39520449450384
14065,442.4684826649945
14066,501.9180146196649
14067,456.6591699703559
14068,438.4481054382651
14069,467.9956746143366
14070,419.47140057387276
14071,404.8506589737028
14072,449.1620343833378
14073,462.81133091889933
14074,423.3685852356408
14075,445.72020108459253
14076,448.3942376760041
14077,437.01392226552224
14078,448.6416422091037
14079,481.14519824133396
14080,505.0881256076595
14081,459.7585834350028
14082,404.5590713207827
14083,498.68554359853306
14084,469.4196454800542
14085,419.23023114936666
14086,443.9267832699329
14087,509.09314390899254
14088,394.2466667682299
14089,440.40679450067273
14090,470.4081000444533
14091,525.4800749279631
14092,465.62633749335424
14093,489.7225163090848
14094,443.2638760347803
14095,370.668101788005
14096,437.3012022857886
14097,390.10459807456215
14098,390.9595901184532
14099,377.71921813950684
14100,473.81969945410276
14101,426.2032389440189
14102,479.32680636579397
14103,505.8275532103254
14104,387.1058551565603
14105,410.92727240684496
14106,467.4375046067884
14107,498.9644214747884
14108,439.29758849865885
14109,445.39661531208185
14110,491.4459263519458
14111,456.31566681284664
14112,409.3224077804131
14113,430.4772328360062
14114,460.4056650006363
14115,521.5258584817165
14116,476.90694571851935
14117,462.8086272181242
14118,469.0313658662937
14119,495.1319077704744
14120,485.68769273087827
14121,487.57168370182126
14122,440.2002021728261
14123,471.5568170520735
14124,418.0438786440769
14125,452.66892130609074
14126,459.9282745720437
14127,525.0216958766288
14128,526.2709833685818
14129,423.4129096159508
14130,426.5105896423136
14131,460.5326588699788
14132,518.2180514979991
14133,455.68379806472456
14134,472.56394297059353
14135,384.9570811302624
14136,492.65283817337905
14137,454.8972031019995
14138,439.5389959482395
14139,379.66883543521374
14140,487.22659792957245
14141,380.22614703740044
14142,399.276821673736
14143,430.80515870402706
14144,397.2064932254033
14145,435.1047063378076
14146,497.36438012965925
14147,387.2493435209159
14148,478.15565269121026
14149,486.3200939154932
14150,515.9550110170657
14151,405.0891673804931
14152,413.1812835014689
14153,481.94181596948425
14154,444.1300526306206
14155,456.77231206297506
14156,398.2716622324886
14157,473.1458128343321
14158,479.55459310605204
14159,414.09749539639677
14160,415.4094066791893
14161,487.66582265485226
14162,437.5651768831182
14163,413.3350318563435
14164,498.8038113774895
14165,387.34042355599485
14166,526.74997683476
14167,441.9163873061955
14168,467.20217007445126
14169,468.3060881151614
14170,333.2705278995453
14171,456.72997154226937
14172,406.73823546229886
14173,479.3460204496475
14174,459.41194023489413
14175,486.085091866479
14176,489.8398068510717
14177,440.2165176216454
14178,429.5133749121023
14179,472.9402066392078
14180,356.9736760356449
14181,409.9001050294519
14182,391.8453068297831
14183,433.38708126469925
14184,492.2269023513564
14185,409.8134116238301
14186,510.6678450896245
14187,450.8306811648315
14188,440.01362687616364
14189,482.0689872278614
14190,449.8315678796172
14191,421.3269738647564
14192,449.556966087816
14193,455.68948438581543
14194,462.94256743194217
14195,446.13317559332745
14196,449.40081337833647
14197,499.0428454065345
14198,468.3471186489789
14199,424.3555891298323
14200,438.88079350464716
14201,436.6685037139048
14202,482.0129795826889
14203,462.4775706538807
14204,411.191147547492
14205,485.5469991707399
14206,461.4898540693513
14207,484.38181319506486
14208,464.43895254655183
14209,496.35246886294453
14210,403.38594145720765
14211,455.8742823348324
14212,487.9912486999345
14213,451.61210472843374
14214,459.35966945556095
14215,441.96430048336464
14216,493.9327183830006
14217,446.93937070546207
14218,462.4315392245128
14219,437.6046961325556
14220,452.41923567350653
14221,448.2087075196813
14222,431.1996442634586
14223,438.67107541136596
14224,445.4205553430993
14225,471.6349672325195
14226,488.7688188844008
14227,402.54483005583796
14228,508.2158403733513
14229,453.05133459545516
14230,408.88229007106133
14231,449.95686414645
14232,451.9792182390217
14233,480.09167978306226
14234,462.14910119452713
14235,360.03268264826016
14236,390.44173877011485
14237,494.1117456410343
14238,444.73720078980847
14239,482.7650667382058
14240,464.27109932318666
14241,431.0899723942037
14242,435.1025649413923
14243,441.37327547859775
14244,490.0126844544767
14245,437.6147280504237
14246,447.5990124428796
14247,428.7920894634261
14248,408.2138459322221
14249,490.63530383367447
14250,488.70036901941177
14251,470.8142683583821
14252,425.2449332822615
14253,456.8324410145292
14254,512.8917828582026
14255,472.36889274707784
14256,471.05785735520027
14257,456.47382364618164
14258,402.02439789262775
14259,399.8775333457556
14260,489.28278604286385
14261,428.9021095439396
14262,454.75679853669044
14263,463.70266948027705
14264,471.89777348181514
14265,535.9861501986588
14266,474.1560747901284
14267,395.38078615847814
14268,388.53722617495555
14269,528.1065381669799
14270,451.96118351225823
14271,461.35811158118617
14272,526.8456141497967
14273,494.0128046443541
14274,351.2028580402664
14275,466.1340015920562
14276,389.4032662592231
14277,477.8017442905109
14278,449.90712008598433
14279,420.4086093248416
14280,435.66333266781055
14281,465.7805234294241
14282,451.3041158614194
14283,499.8200442185484
14284,474.25215760706703
14285,533.6986357226667
14286,412.7737536401703
14287,490.71447378931214
14288,456.2671479965096
14289,425.88337033610986
14290,481.23918808188415
14291,505.3467160382884
14292,480.50483148306176
14293,488.82987776710314
14294,494.62631680784483
14295,478.7543025148067
14296,444.7474065210848
14297,480.42267251562055
14298,409.0119872742412
14299,438.16969252795553
14300,473.9851685700172
14301,459.3439656337104
14302,516.0465768782515
14303,464.0518159095395
14304,495.2805372818437
14305,466.0619297652555
14306,510.1242059490705
14307,430.4364516223156
14308,424.7983475025719
14309,425.71843039746653
14310,451.2321150754316
14311,448.9964068813336
14312,410.63358215075056
14313,439.6823759231769
14314,446.4163145546999
14315,504.44434970246607
14316,421.6251397001587
14317,438.0526192193618
14318,443.0566151733631
14319,486.45255053514234
14320,440.5715267658679
14321,383.5920698687209
14322,464.54560527924065
14323,445.7910493039883
14324,469.32046757258837
14325,404.8401832111417
14326,459.6148882863084
14327,385.35942394508805
14328,497.0706250251116
14329,467.45184215360337
14330,470.5796826411068
14331,430.5956545467544
14332,466.43721711928646
14333,485.62601242907215
14334,425.67831394956346
14335,436.45186628796506
14336,448.9768622593833
14337,522.2241879937363
14338,455.0591196565712
14339,433.5042033750558
14340,388.5408963756767
14341,426.1482874769732
14342,408.19021091627445
14343,492.04462679981367
14344,406.35199801349074
14345,472.9447181049196
14346,423.7163652237672
14347,424.9855300838853
14348,518.6344564857426
14349,485.6480423273463
14350,468.5898714269136
14351,408.14764572998826
14352,367.7875005392166
14353,541.6319530069314
14354,422.6852659973466
14355,462.47364371699143
14356,466.85600644136963
14357,442.08976973106917
14358,487.3158725366626
14359,446.3278135312373
14360,481.1794377993958
14361,395.6246925773618
14362,476.7667320815903
14363,454.19199023893304
14364,423.1828476896928
14365,466.0605506335923
14366,503.3142899723335
14367,420.68217411903106
14368,396.61482947622966
14369,445.2974960263139
14370,416.88049847929466
14371,434.31550215988403
14372,522.2875963064693
14373,471.9552311487331
14374,425.13372626740573
14375,457.4309655422048
14376,433.48312571761187
14377,508.19679259781435
14378,397.27584999133234
14379,470.3902013895825
14380,459.73955622879686
14381,513.1438134020011
14382,393.26711749965403
14383,440.14769650532645
14384,368.77331388088106
14385,479.51878777867023
14386,431.3496775806411
14387,438.9999772378673
14388,443.0320145023146
14389,481.8737914829173
14390,496.92953014503246
14391,435.2414014227036
14392,449.68877180757363
14393,460.35497692954243
14394,440.0488926012124
14395,492.2472591447683
14396,456.0148196404609
14397,411.0715197878142
14398,381.8627909179786
14399,430.42317970106933
14400,425.3699657385085
14401,448.15588678705683
14402,467.40757417795396
14403,422.1779052967044
14404,446.91221461652424
14405,464.5814261511747
14406,445.0792472347395
14407,460.55604068603566
14408,456.05096955591165
14409,482.4849694869913
14410,469.8301304031556
14411,415.76322738005535
14412,417.88457786187456
14413,343.8496127955548
14414,440.00335290568637
14415,474.5463270243796
14416,494.47969363277696
14417,459.02644405208497
14418,412.5947058188735
14419,407.1020681716021
14420,483.7740639607279
14421,459.00361685070607
14422,489.65972845483924
14423,447.3437463282726
14424,516.091279062078
14425,440.99572734897896
14426,471.69219370820576
14427,457.0366223000976
14428,523.6482104199033
14429,385.62227456961426
14430,483.9688291046192
14431,425.15914022154266
14432,498.9530295753503
14433,397.41307581130667
14434,457.10535978346934
14435,450.05434313868506
14436,456.22957229436736
14437,414.975710505438
14438,530.4884073631235
14439,477.8718447225897
14440,445.7103068188613
14441,455.66438677627025
14442,487.7238261606727
14443,423.25506617803546
14444,412.1534404016718
14445,459.5122099026005
14446,450.10814794096206
14447,503.55027306952564
14448,445.8301248702323
14449,497.1907238637559
14450,499.84251013265316
14451,430.6512423340711
14452,472.93823189570844
14453,349.5310143184703
14454,416.0006212374521
14455,460.85049310044167
14456,458.3680684035805
14457,457.2641353227426
14458,429.229649261022
14459,476.32385435260073
14460,444.31199500659227
14461,470.8873399103456
14462,524.3319036338702
14463,424.02310716090454
14464,380.6696419052923
14465,421.93118278984747
14466,467.18113570900624
14467,468.56381792202853
14468,450.5632333723158
14469,510.32842806485417
14470,454.6741793861322
14471,456.1633593512848
14472,472.3943532406467
14473,399.1840091918431
14474,451.4958568296457
14475,503.47049732752566
14476,437.077894668738
14477,426.68090481051865
14478,460.02285702197827
14479,425.6811164333374
14480,482.4685629160761
14481,361.0486517663638
14482,438.96760464089425
14483,464.16253126368196
14484,507.28985292037885
14485,441.85112027818514
14486,376.37413649993596
14487,487.7097410835896
14488,491.03062314706284
14489,477.67565276658115
14490,404.8635920799222
14491,449.64539856041057
14492,508.433810393241
14493,453.59782017502
14494,422.1973056607644
14495,446.59998575983366
14496,381.9076374658446
14497,472.63629001067363
14498,440.93445473748704
14499,418.18427787552156
14500,406.59731815031216
14501,481.0612692527539
14502,422.5806722577746
14503,479.14970603592957
14504,460.1433064318379
14505,452.7424695637895
14506,503.12825853606716
14507,427.6229327279054
14508,503.59569869727216
14509,516.1919802607864
14510,466.7454698182375
14511,434.15350641935413
14512,460.9172296228256
14513,419.4357432290485
14514,395.9337695336908
14515,376.4506268603369
14516,454.36295728497345
14517,375.46245494945885
14518,346.73111732945307
14519,444.1233722097001
14520,400.84202248817684
14521,410.5711806894323
14522,459.9125310548559
14523,422.13083641361266
14524,408.1130529517933
14525,391.2526545624892
14526,455.5172841069753
14527,439.12211934329616
14528,392.0170252229143
14529,490.04467042983316
14530,454.0628163207615
14531,516.5920370361317
14532,461.07004959207393
14533,490.3860561923573
14534,433.9665716676122
14535,445.11441346105676
14536,449.3387518256824
14537,438.23838049128267
14538,413.7356664002929
14539,469.9400546858029
14540,409.7169661248494
14541,504.16656295532005
14542,460.41618063892
14543,491.5338304007798
14544,476.17080534825817
14545,448.20808166075517
14546,438.8139494160647
14547,473.3122078640727
14548,455.54479256224005
14549,516.1591770675943
14550,484.6402960137338
14551,467.64513143877394
14552,457.49779083724906
14553,478.81472118054376
14554,407.39583701020905
14555,361.9072420580782
14556,429.3218396193957
14557,488.2376676736616
14558,437.9082234746589
14559,451.9395009128703
14560,429.1309356493241
14561,480.3969271885349
14562,442.59148931573367
14563,417.42175961415006
14564,457.4072038893746
14565,424.0377273434251
14566,507.9135308557581
14567,448.5408156744348
14568,533.4252352947519
14569,409.537314627574
14570,444.55906273659235
14571,439.7614115964185
14572,507.52659186870386
14573,491.32601284319577
14574,423.13877545450174
14575,457.956828015714
14576,486.69618019905903
14577,440.4779176523818
14578,510.96642408543494
14579,468.0575827770212
14580,445.6640184949222
14581,430.85513347488427
14582,453.81653115112965
14583,476.32042121136476
14584,494.3280438330734
14585,391.1697458160969
14586,417.0356208514922
14587,473.5715017852569
14588,429.4538528642319
14589,448.3908692281167
14590,457.3093771774208
14591,454.2616944248302
14592,475.9230372615287
14593,494.2787936901743
14594,472.18908024743905
14595,500.71059532947174
14596,492.051408893117
14597,399.0014164034369
14598,450.1455517650445
14599,462.8658070155202
14600,466.55434452197454
14601,399.157508265726
14602,477.32226583340343
14603,492.69731955479364
14604,464.41584432078616
14605,385.61213440452747
14606,441.77761321483393
14607,432.9722611490562
14608,448.22817810274296
14609,403.17254407885696
14610,446.6446132856271
14611,430.065761076784
14612,527.3219039691395
14613,338.9304854714466
14614,405.73821469392914
14615,456.81298815386964
14616,501.5097813862513
14617,446.491751946438
14618,449.8846438062549
14619,437.4595706309092
14620,490.8497014173495
14621,405.482139740475
14622,442.8215246603634
14623,533.7412936175117
14624,498.90533658270516
14625,471.33622019389463
14626,467.1179116016287
14627,421.2815883668666
14628,485.36498229079893
14629,489.09125074579043
14630,490.9528415838215
14631,469.75773410608036
14632,476.28366918383034
14633,448.38039417064715
14634,506.1575225196759
14635,412.99361820762135
14636,437.3179016781654
14637,501.66117952758697
14638,478.3347371301775
14639,434.29295297549015
14640,410.7297471417364
14641,397.37569494080213
14642,490.84026534912914
14643,448.26848335674634
14644,414.14226641057024
14645,465.1218884162461
14646,480.47650247452805
14647,461.48439714243915
14648,469.86174485537504
14649,500.7369758010482
14650,531.4828302883715
14651,442.49460332470795
14652,407.1133018237212
14653,461.9161135001638
14654,469.70671927480817
14655,411.87978325734775
14656,499.39997029778846
14657,434.7020768292921
14658,436.78434261802016
14659,425.0675843844281
14660,449.2136977386162
14661,519.7034436848362
14662,512.6980161514182
14663,409.13875549804357
14664,457.1551044395268
14665,423.3410246405912
14666,447.4178822897982
14667,426.27967493563074
14668,474.107282069709
14669,363.33219368963256
14670,368.9795513437588
14671,407.82393160701105
14672,454.020667725822
14673,447.88422193866194
14674,454.560021810686
14675,456.37148171749084
14676,474.55237345739187
14677,407.630145981189
14678,499.3403426790595
14679,421.8576553071223
14680,410.03620372710265
14681,491.2700230189091
14682,407.79082606732743
14683,414.11402841468697
14684,441.37134083960626
14685,374.2177852781357
14686,417.5900396387089
14687,490.1296734112617
14688,417.2330148511182
14689,451.33248201651026
14690,444.81874368454714
14691,485.20440459888664
14692,472.2392095550528
14693,392.3638060951364
14694,433.2792608133464
14695,487.6804368636942
14696,435.07740020602193
14697,470.6967758544514
14698,514.5187012464596
14699,400.5304189312618
14700,436.91955509227824
14701,472.2424075386175
14702,452.9656059466815
14703,420.87870597316885
14704,421.73317378801255
14705,495.99592270810285
14706,379.8977413677222
14707,437.2085315724841
14708,459.08804763904004
14709,399.7487481494013
14710,451.90158529364396
14711,419.7931709409583
14712,432.41224039290785
14713,436.4185380168363
14714,485.76717334720445
14715,452.6567724226419
14716,387.22419537047944
14717,388.41294155684443
14718,494.05161774255544
14719,407.832845834456
14720,546.1976746143132
14721,467.3505263482017
14722,477.7676907448966
14723,464.05553444661433
14724,470.1132667441129
14725,445.275837883399
14726,382.1201549892055
14727,412.06810495555766
14728,433.66106476477563
14729,474.8432679336537
14730,490.5401872460858
14731,512.8664652525451
14732,470.36991184718676
14733,411.7030935621641
14734,447.4986659188675
14735,507.8272868581534
14736,443.08324334088246
14737,503.99369160765934
14738,452.6173438229112
14739,496.8947165017967
14740,476.2028209377871
14741,411.6059366886778
14742,415.4245571379928
14743,500.4339294645803
14744,400.221004680096
14745,435.29180441030576
14746,450.506690618774
14747,443.94406602270806
14748,442.4027815585934
14749,490.6539735302539
14750,392.677410496527
14751,402.9830764238075
14752,471.998013450827
14753,435.57711834519887
14754,489.1122371389822
14755,472.262398386925
14756,479.7527161784316
14757,472.98309052502304
14758,391.6389574015423
14759,437.25881426769985
14760,486.2804217499701
14761,475.0665223791576
14762,444.8812478497624
14763,429.3814666218952
14764,452.88351486891924
14765,474.59213686378644
14766,428.16177661698805
14767,402.06526078253887
14768,468.7913674655029
14769,456.77606595333464
14770,483.8520367950116
14771,478.63146023076774
14772,439.11533229399606
14773,406.1495064730098
14774,483.44745504557943
14775,428.5169316214727
14776,463.64581972241706
14777,444.745088387554
14778,468.02544124587166
14779,457.1429120886027
14780,439.4254044188537
14781,474.28208703873935
14782,444.051267446734
14783,425.2439630614978
14784,471.73690514869224
14785,467.8061018243005
14786,409.51392829500685
14787,436.08871914736727
14788,492.07519530053116
14789,416.8565735315341
14790,421.73420259119166
14791,456.54100480424677
14792,463.66898635635005
14793,353.6538079207386
14794,485.9787818796255
14795,508.74534641251205
14796,395.7529501409259
14797,434.4923688826158
14798,476.3907945418182
14799,352.03009060046975
14800,497.1043909376809
14801,521.2347869244343
14802,450.67787125248066
14803,489.54548910125857
14804,401.6078822065196
14805,483.19965650436245
14806,455.0182510968265
14807,373.1556686417326
14808,431.449405721801
14809,379.29698512233824
14810,450.28052548651584
14811,487.35425664070135
14812,452.80133062367145
14813,395.4531579010615
14814,491.7069660158949
14815,418.3935760694746
14816,426.4613791733554
14817,411.3087744082098
14818,443.09491089943947
14819,423.5589844060854
14820,456.58002149352876
14821,493.8377235584094
14822,475.3757383921032
14823,429.0534281748409
14824,442.6076011358232
14825,424.15917926501726
14826,469.35910691336693
14827,465.6877306606236
14828,436.03407537932674
14829,430.48736171132254
14830,420.38635643025407
14831,470.605222431824
14832,516.127091908294
14833,462.92791998811066
14834,446.5434772099871
14835,459.815668819394
14836,450.1248143349538
14837,483.38096963703197
14838,436.4739306666314
14839,383.64477148183636
14840,403.10022591654905
14841,480.1960587412689
14842,424.28318047004973
14843,388.85116189476946
14844,470.61499019927726
14845,470.76839157590155
14846,357.47673862239003
14847,480.4046810613148
14848,471.74665754750043
14849,423.9771192546841
14850,447.7495039536547
14851,407.5476600400902
14852,473.8802287889377
14853,437.67491457861337
14854,476.0184295103383
14855,415.23404794845413
14856,480.48980885018284
14857,463.0119860811698
14858,409.9695416492684
14859,435.3038446747738
14860,432.691043364685
14861,478.15899735004535
14862,487.2049848629188
14863,384.8675031390071
14864,441.3150894876442
14865,434.0840386376892
14866,474.43111466869675
14867,434.20828651640085
14868,391.19596133488494
14869,409.4976626393992
14870,525.9359021525736
14871,465.9603841791337
14872,526.3384477126865
14873,415.33696006752297
14874,478.307469365455
14875,444.36237648180185
14876,496.4088667489261
14877,436.09830908581057
14878,535.3435577859203
14879,480.5880355486619
14880,487.4806468798341
14881,479.47137575819886
14882,497.6921076136282
14883,414.31085829544736
14884,488.5005201470957
14885,456.6771395762756
14886,421.6400056577133
14887,445.85554613110355
14888,510.2208882368787
14889,444.80390255865694
14890,378.2069152147934
14891,359.8178199038144
14892,450.7009939909234
14893,402.951856365835
14894,447.38811788702355
14895,475.57568666477886
14896,400.97585322905695
14897,417.41663458337854
14898,415.98825402539404
14899,476.8351668346243
14900,478.00846763564425
14901,425.3733267375405
14902,471.2588494494463
14903,477.05113638772434
14904,431.8781538614664
14905,395.0599914092612
14906,439.099241686856
14907,469.3233957351603
14908,531.0027644609312
14909,446.7006344793538
14910,525.3255050521783
14911,509.15142738381337
14912,465.03035239825977
14913,454.72843632936366
14914,384.8122602192874
14915,449.3762176362223
14916,552.5123581704142
14917,416.2756039457779
14918,427.3935854444343
14919,395.26161009579727
14920,433.2446680878218
14921,459.03091427277155
14922,416.69163798241
14923,366.71687224788013
14924,435.28769409060345
14925,526.9411520539045
14926,527.179255152175
14927,473.59428541228124
14928,497.9340100566725
14929,476.4713190684116
14930,382.77565147390527
14931,426.468074540673
14932,404.4729044131669
14933,431.90264258308974
14934,490.7098660662435
14935,411.66003295687295
14936,473.792602265329
14937,459.7249472421131
14938,442.5377079896972
14939,455.1720238457121
14940,456.8238725860268
14941,459.107893833272
14942,467.84127199038835
14943,465.4167650767268
14944,449.55633831921455
14945,471.6948667952793
14946,538.3683927132283
14947,472.76671014699974
14948,452.7325121555273
14949,443.4988626481076
14950,432.12353148463
14951,514.6419596273926
14952,452.2727928402156
14953,501.52060076166134
14954,454.3846033171185
14955,436.64952096619004
14956,460.88563448668845
14957,378.1491051280853
14958,426.29532158179313
14959,430.477879031553
14960,471.94384954310107
14961,405.1467330227758
14962,438.05489721324284
14963,489.0633190278131
14964,478.7002351564286
14965,391.45748744876124
14966,480.2758178311128
14967,385.98609312507693
14968,403.7763024652108
14969,376.03332353693185
14970,507.8634617737859
14971,488.7210479322541
14972,377.6895902794981
14973,475.56069186587285
14974,469.5720106450926
14975,401.75742500519294
14976,448.83638972095
14977,431.94889770670056
14978,466.89298308157146
14979,480.25103997190365
14980,461.6618579203565
14981,348.78147893101783
14982,491.30387023352563
14983,425.45248443895787
14984,416.7520497488124
14985,412.3824007597397
14986,421.040705179476
14987,496.65173892034807
14988,499.9486998220967
14989,482.67637371760907
14990,401.31474995199716
14991,439.81703923221136
14992,375.9957574757278
14993,457.50224978890276
14994,450.7496274231176
14995,470.99705980197865
14996,444.0654822664206
14997,476.31755786849214
14998,492.22351194763104
14999,494.1860403289723
15000,438.78195369751694
15001,489.1037545071652
15002,404.50313306038436
15003,452.4387009263058
15004,499.59793341474006
15005,426.6919959829902
15006,414.80175025984624
15007,394.43617252280376
15008,444.7166367938373
15009,467.11458696242727
15010,414.89007432556446
15011,366.52879958979685
15012,351.3372614413396
15013,443.705323663947
15014,508.9769741316608
15015,465.96780355359954
15016,500.27409933351527
15017,399.9780857564069
15018,504.71729570770776
15019,505.7312694132012
15020,508.72399133055217
15021,427.2222806619165
15022,462.28081572261874
15023,451.33303552737414
15024,433.8056442390301
15025,413.9563810991152
15026,435.5139424553594
15027,488.55979119054354
15028,431.96475251249063
15029,464.5857743638909
15030,393.32771993234206
15031,441.81962974849966
15032,476.55248875284315
15033,438.0225747303012
15034,490.59228040814344
15035,437.0412591554403
15036,378.0382149977625
15037,482.7606299778503
15038,503.82264237631136
15039,484.74485870340703
15040,457.8811372928986
15041,435.709737015622
15042,391.32044609889397
15043,445.6432636415697
15044,399.0797921504025
15045,441.7459601860251
15046,500.4166821629138
15047,432.69211327138277
15048,444.9786224293132
15049,431.7330542572863
15050,460.29390327366445
15051,460.90314833279274
15052,398.76008560817405
15053,426.0420773819741
15054,385.9612500657564
15055,439.2232673045401
15056,413.80862634814457
15057,396.65200686804855
15058,405.60824012417044
15059,418.70064726608575
15060,464.07253564612444
15061,441.87119625649467
15062,350.68965044968303
15063,435.66291386178256
15064,399.4912225622962
15065,386.8872853240096
15066,491.5861371314772
15067,402.3250705610426
15068,464.08973817321873
15069,526.0471593009934
15070,429.9956485666671
15071,491.51728729673573
15072,463.79101911835284
15073,425.4634458676859
15074,445.4749256016101
15075,458.0791462645045
15076,386.2567966905
15077,394.8527596708179
15078,462.94819900111287
15079,502.067107250742
15080,386.3948562986577
15081,388.9244942370317
15082,428.9456442031595
15083,444.18752866471783
15084,502.56738638211624
15085,514.3405001492423
15086,379.4555040556175
15087,510.8962957085331
15088,496.0620593716778
15089,415.4060664340425
15090,349.99431318722054
15091,462.66729074134014
15092,506.933689588388
15093,406.137510436766
15094,423.67583887719775
15095,483.5260795032028
15096,413.2859548333396
15097,492.7488107722573
15098,430.93988393722196
15099,425.00949289371823
15100,527.6199845937346
15101,480.36623152278753
15102,466.15794417286713
15103,462.80026738609246
15104,488.04034388807395
15105,396.94018789056855
15106,423.8748117002068
15107,419.3002759531073
15108,456.2154278098737
15109,491.4737693752722
15110,363.7355392145287
15111,410.8411251066486
15112,468.97975261359784
15113,410.7992708500517
15114,509.77518141566554
15115,427.82987772618054
15116,414.96366099813406
15117,385.2064548824069
15118,492.32098455546907
15119,431.87317720837854
15120,435.7271314227479
15121,401.8719029200092
15122,427.9789179603113
15123,459.29596947693665
15124,480.5603197479921
15125,439.38722296469626
15126,494.30951586812563
15127,476.5288914024464
15128,417.5012719705885
15129,428.57865824269714
15130,479.2119314379829
15131,451.2249395717507
15132,458.24007615239447
15133,406.5733317694531
15134,408.63425064797786
15135,508.738282233079
15136,457.0340509238076
15137,474.6876651822545
15138,374.95448743394314
15139,438.5627458864598
15140,406.31319670094956
15141,384.5826890626186
15142,519.4149557183963
15143,448.723051679609
15144,430.4180432781608
15145,453.8420887840202
15146,420.19651735099376
15147,438.5226260845088
15148,419.9776753697552
15149,472.2110542926284
15150,442.7278497545519
15151,455.9198743383755
15152,403.42826188790605
15153,482.4610299886454
15154,372.7722152279115
15155,392.33383777743734
15156,413.8384383689793
15157,411.2905938424069
15158,503.49509100066257
15159,459.90970921664905
15160,394.4442909305181
15161,441.4841816765053
15162,431.15530328441406
15163,448.3412853158354
15164,428.80472178533313
15165,474.87319781753854
15166,423.18258863291834
15167,492.8338296429107
15168,429.35929897753033
15169,476.5200468532072
15170,398.460316708697
15171,404.4292077713146
15172,509.4247599475734
15173,459.927225881519
15174,422.00880603842
15175,379.82053024840707
15176,468.2585741551975
15177,474.243743017436
15178,461.14533712179684
15179,512.0931212438898
15180,397.7376031910887
15181,466.7634258292517
15182,461.0603182374821
15183,422.22263244309005
15184,477.2436054691615
15185,423.2829155990083
15186,473.37408024830773
15187,427.8562256238421
15188,407.3798256205194
15189,493.907121558526
15190,369.617130127183
15191,410.87182705146137
15192,522.3669448256283
15193,538.2383093039294
15194,478.5934604012857
15195,461.2116820006296
15196,500.63801342772314
15197,454.2591499761937
15198,437.92632154773014
15199,464.16404648050406
15200,486.2915527552181
15201,456.85585906607247
15202,416.3532715939021
15203,477.6357148490261
15204,407.23001370154844
15205,435.1493841481235
15206,507.0505523595267
15207,434.101863517516
15208,448.02771022633317
15209,443.0068690620326
15210,477.6719706690612
15211,486.42826713280857
15212,515.5017635005712
15213,518.2313289876713
15214,461.2232884216808
15215,450.3375140213467
15216,447.4398558010446
15217,546.9818424602768
15218,390.8440083832996
15219,463.0141373100224
15220,444.25546683795534
15221,443.12691329556924
15222,440.6725895551246
15223,485.9584161094969
15224,482.6861398603012
15225,464.0575445644809
15226,456.12296376909717
15227,409.54444755636075
15228,446.8452307486718
15229,492.8742506650314
15230,453.2605484327138
15231,453.48077211087866
15232,442.9797956888318
15233,424.62749917818087
15234,440.6616635907136
15235,455.7341652888833
15236,503.406486738045
15237,426.86408301734645
15238,491.0324903555752
15239,406.68829958090157
15240,406.38660074894585
15241,482.2885828225479
15242,475.14862905704393
15243,408.8850044107696
15244,482.7495322551422
15245,400.2222835388396
15246,496.1912398954066
15247,447.49410644605297
15248,474.0955309630025
15249,521.7170722168858
15250,435.76607322705183
15251,474.1043980432249
15252,465.0216611167934
15253,431.2974089371575
15254,417.4460718756306
15255,432.61934249091036
15256,452.9921614878077
15257,436.9831096651934
15258,409.31386199505124
15259,445.8335465154231
15260,442.4084372246823
15261,509.2621559769896
15262,388.78084246090975
15263,438.0844046173147
15264,468.54924347513776
15265,471.1033638672766
15266,446.6545160880325
15267,442.7303201884312
15268,424.55647891752386
15269,429.72150824179937
15270,496.0069432782629
15271,449.451384203924
15272,471.0778103878951
15273,401.7133166478193
15274,422.1444164370024
15275,469.831271880959
15276,497.89167904560776
15277,487.5762381102219
15278,498.9965403162327
15279,508.9958026436836
15280,387.3294098882781
15281,454.96663390750984
15282,494.2659536263038
15283,450.47513235974156
15284,469.5654869357605
15285,437.62938144081016
15286,424.3164122544342
15287,392.91251623398904
15288,439.5898160056803
15289,500.9467646692387
15290,407.35766114490195
15291,454.1046914700474
15292,489.4980091928421
15293,489.3536386836277
15294,470.84910503299693
15295,446.9320718370702
15296,442.03353845906264
15297,446.0012097227826
15298,452.6521879622747
15299,456.6592631047526
15300,421.7766870885897
15301,414.3357989678429
15302,417.3427388505389
15303,423.7586402973959
15304,420.1764193436403
15305,471.06683791775066
15306,445.8051749350843
15307,482.02404558990645
15308,378.80000915664147
15309,518.1352525836178
15310,441.8845976517667
15311,514.6546003108688
15312,468.89472229906045
15313,485.2120225776559
15314,483.29504898525437
15315,427.6082172903909
15316,422.2045363712766
15317,532.4136760891962
15318,509.26928456135477
15319,459.65456066799527
15320,457.39941055152804
15321,448.64946207938095
15322,373.7713810558952
15323,439.086979667458
15324,495.41063773485774
15325,446.44487363198886
15326,534.9309287673709
15327,421.6816208196985
15328,465.18267558628645
15329,378.9223326050061
15330,466.58093093583796
15331,437.6220634127846
15332,406.8326544221488
15333,477.8160990619805
15334,459.16693489648384
15335,398.4191126105333
15336,451.5183657423538
15337,420.8834087444304
15338,454.7213639549538
15339,480.7252651589498
15340,431.33976777831737
15341,404.2423702382065
15342,483.3090919160893
15343,354.7828656740737
15344,477.61611399025946
15345,498.0988573168365
15346,513.4428350393317
15347,480.3541351370607
15348,488.1811272749513
15349,442.1404954873786
15350,438.09914883021185
15351,420.0905128108306
15352,418.09192614781807
15353,440.3315350038809
15354,481.98221013553
15355,423.0053498866974
15356,505.8013659562896
15357,433.15472169683807
15358,503.6519721556855
15359,490.5319151191015
15360,438.37657436590644
15361,478.10095225106636
15362,405.87031807086134
15363,478.53561221357114
15364,417.23166830896974
15365,472.42527323341017
15366,536.1944060600763
15367,433.5612861077819
15368,473.9626364915965
15369,468.9061607896503
15370,426.4822093893189
15371,449.07368073078663
15372,484.84394723985895
15373,394.9599905127154
15374,421.3470243402278
15375,408.17906193381737
15376,417.9972620574398
15377,452.43951877625597
15378,519.1181628504683
15379,485.6533339555419
15380,424.63874506966874
15381,433.87143675377234
15382,378.13175075143016
15383,422.3832323113561
15384,382.7954716177042
15385,393.89857961981284
15386,434.0492300262067
15387,480.506796760304
15388,397.2623786101278
15389,380.28314252960956
15390,518.263584116733
15391,397.61111708702924
15392,423.10975852481357
15393,436.18266588165136
15394,563.040338590098
15395,453.26865424304015
15396,486.79197829313284
15397,440.2385605151281
15398,408.7563347554849
15399,448.9919896363007
15400,488.91717576866665
15401,485.04134763655867
15402,457.2904201269493
15403,446.3833805993429
15404,450.1584361550662
15405,408.2505562138744
15406,489.55355324272807
15407,473.30937273268614
15408,387.4671566315292
15409,472.1899860340451
15410,498.2576452096775
15411,470.89675152101506
15412,441.1751168203132
15413,440.4561865895215
15414,538.4042737843062
15415,482.6553461783618
15416,472.3736161245143
15417,416.20589601329453
15418,503.05725814132495
15419,530.9852812436944
15420,488.8817535937081
15421,497.3209786046821
15422,408.0250520257218
15423,465.53675883995123
15424,509.48891732587083
15425,423.11154354028537
15426,426.67740584609896
15427,459.0389180978991
15428,434.37030136598946
15429,466.5957359705802
15430,442.12959686201185
15431,472.4760910629552
15432,375.0028861488347
15433,472.1338750616366
15434,554.6938998756974
15435,456.9924924641125
15436,439.40908009139156
15437,480.60652400877825
15438,413.4952122291073
15439,439.528939916232
15440,385.5021137460906
15441,484.11388427341655
15442,462.8366874847176
15443,449.3610374659445
15444,548.4675609009487
15445,427.2389259507097
15446,383.8705808247801
15447,515.5803035333114
15448,426.5067286239081
15449,444.6724713667569
15450,462.97985102297616
15451,461.93657723387224
15452,471.4811344666562
15453,433.9642118182404
15454,447.3827780389157
15455,496.1163998288233
15456,427.05467965534456
15457,424.02655425679256
15458,472.3125131880735
15459,390.0090738114977
15460,450.1175288071924
15461,482.59965229555985
15462,522.7359072191871
15463,373.269658823994
15464,453.4736971887692
15465,504.87322515271836
15466,326.75815308186924
15467,443.0790148954772
15468,447.7070814599496
15469,456.44832099436263
15470,425.49722717262085
15471,397.4434209095032
15472,469.32052828542555
15473,432.3760806016691
15474,423.4159544588248
15475,449.27143459939754
15476,470.189753295465
15477,411.5628562260085
15478,385.12356987149485
15479,503.2139051384145
15480,439.470331656428
15481,437.9514994845928
15482,441.87193352974066
15483,475.8448392568477
15484,493.59436978686364
15485,515.4609960111466
15486,467.6296569198738
15487,457.5475566707558
15488,484.3851508301238
15489,480.03347311505536
15490,532.7741848219333
15491,423.23133289038674
15492,465.12367694996533
15493,429.328200748604
15494,452.7788709861026
15495,406.79125236814525
15496,444.1786440771084
15497,445.782612214182
15498,443.395191786442
15499,503.08331313093055
15500,435.1419205216239
15501,452.6616535848665
15502,409.17658447186227
15503,496.2923719439964
15504,431.54686361599533
15505,418.0119992957258
15506,484.0054660383391
15507,454.6804413602806
15508,486.6615759404248
15509,431.73646095787217
15510,480.42040191445983
15511,416.08285682396973
15512,486.27255663475256
15513,499.01091936338145
15514,453.4027197679438
15515,472.65021665884206
15516,432.42011775477044
15517,482.47858747264013
15518,428.79377136004325
15519,475.7026086736129
15520,489.59714570558964
15521,505.5446743125416
15522,414.36764846655
15523,471.0525817655021
15524,428.59038203389196
15525,483.14134105845073
15526,554.5183210535727
15527,456.3613812941792
15528,463.4021330715286
15529,449.10500357403964
15530,477.0849292910869
15531,393.924813025195
15532,471.0116448154872
15533,528.4475835262118
15534,404.6341381221623
15535,443.5254858214015
15536,487.14041193788745
15537,424.3583411946993
15538,445.26500039457875
15539,398.86813450860956
15540,469.70463717188665
15541,441.9947297012814
15542,468.4413693885263
15543,443.2324506752821
15544,392.7053735610785
15545,426.1185658656991
15546,440.72169223010803
15547,486.64379699530963
15548,421.6722109262612
15549,435.423372389564
15550,479.2562364864559
15551,450.2876963597863
15552,383.2024558662479
15553,432.9169565444734
15554,402.10064632983006
15555,482.9395553739572
15556,473.69810938823235
15557,449.1248894172291
15558,448.0288290559583
15559,461.17071692828137
15560,440.24580517766725
15561,450.3262649564399
15562,486.6873634192806
15563,465.9509172996982
15564,478.15743211854647
15565,478.94386433808774
15566,464.58826316632064
15567,446.14999649660587
15568,448.9604660017573
15569,441.2424806260044
15570,477.6912120027123
15571,437.4868483868478
15572,464.8092967313111
15573,521.7019192122868
15574,441.0028592381207
15575,464.281835837664
15576,448.27976309819405
15577,486.218496499958
15578,435.9663573202241
15579,513.1467309140113
15580,411.0444766428854
15581,445.131495898583
15582,433.6602993226933
15583,478.4242216533168
15584,493.57188237659636
15585,495.4100293731628
15586,536.7224448383104
15587,474.74796042311425
15588,411.82597502539426
15589,444.68083581867376
15590,449.5593346459095
15591,395.5964256389403
15592,447.389664766922
15593,430.35195896867987
15594,471.1157498073074
15595,510.1754903990378
15596,477.2013696431776
15597,490.21000496495844
15598,460.1977472029692
15599,485.9350011349877
15600,522.9267759132241
15601,418.290796377055
15602,398.96249446310804
15603,456.05554498872795
15604,397.56469396589665
15605,509.9299388097127
15606,493.45835106513977
15607,465.4132612469727
15608,502.77934726871575
15609,484.74396625895906
15610,437.62561908248705
15611,464.62097813294986
15612,474.2542168824594
15613,477.4310400298403
15614,454.75334142198716
15615,487.13549052515793
15616,441.2667637401004
15617,452.4984152878963
15618,439.1828717269078
15619,459.9261246537854
15620,480.90200581852
15621,435.23841973824506
15622,408.5687938430995
15623,492.69874497626495
15624,417.7308903156149
15625,376.3063529587441
15626,457.30542821706035
15627,476.0726121667395
15628,489.65138382697234
15629,400.5243978021732
15630,449.8295677741463
15631,480.2974742774581
15632,437.33914773460947
15633,499.643773923153
15634,477.79818652110885
15635,484.38705567343703
15636,507.3155101488007
15637,452.4622474473299
15638,559.5050746661113
15639,492.04888894390274
15640,478.77256573473966
15641,426.54808981632164
15642,487.3527652603132
15643,473.75635337951553
15644,436.61066039449935
15645,410.21432088949837
15646,465.15482258830804
15647,514.834873041582
15648,473.1960633736951
15649,491.3894860434094
15650,512.427746846127
15651,474.1256913744514
15652,415.7475101246567
15653,390.8626108926396
15654,461.01493147061694
15655,492.57086202638664
15656,441.5071224339933
15657,472.724201997194
15658,488.6447121069943
15659,418.8027012333339
15660,390.1406147272229
15661,471.91264707762224
15662,463.2650046434497
15663,486.22175022334955
15664,408.2730396633858
15665,433.1308889187043
15666,440.72664470942334
15667,427.9969512217419
15668,422.5418525692602
15669,464.5772897335001
15670,448.30816092291474
15671,522.7677096669655
15672,401.39262787695986
15673,499.3137117146831
15674,492.20889858435487
15675,448.59119157051555
15676,430.55121194041897
15677,350.7033835493819
15678,514.0259739819572
15679,445.5703916971856
15680,482.46413997037445
15681,422.82806411351555
15682,400.46857541035246
15683,515.517131691118
15684,488.41815514551087
15685,453.5361817078454
15686,385.2247321900683
15687,461.8394225764431
15688,444.7809640873227
15689,435.63610659272695
15690,431.8531756082372
15691,418.7412720330253
15692,479.36710889656473
15693,482.4317441590098
15694,495.30145426587666
15695,408.43818218602087
15696,490.7274860466885
15697,394.61562821615524
15698,414.55867698399857
15699,404.7504363837071
15700,425.94389505310045
15701,436.6496630946495
15702,432.6200979126091
15703,416.6150937843803
15704,447.29135920583076
15705,503.9507717702434
15706,487.44977102782997
15707,415.4698379224069
15708,402.23499649096465
15709,429.8182805366663
15710,523.2406642833686
15711,393.39137776417687
15712,490.4466708974253
15713,446.8957284813154
15714,476.01238580751806
15715,443.8208963712168
15716,521.5405072568603
15717,440.1069301543878
15718,453.8884293329589
15719,481.5462202382112
15720,432.38504458885205
15721,439.7858142857857
15722,396.3233024609516
15723,473.92828057520325
15724,480.5504230094762
15725,461.1098441535124
15726,496.81255993350294
15727,501.3470961243141
15728,435.8216575843716
15729,517.7011930477837
15730,443.8659770472306
15731,451.9321771263406
15732,452.6462181946605
15733,444.2189505018788
15734,449.5452639112645
15735,417.3596989356367
15736,550.4518627853872
15737,457.3951862503574
15738,550.4990815995113
15739,368.87815508799366
15740,387.280215233615
15741,489.0141534215699
15742,423.6800976046592
15743,461.2630924224527
15744,408.5485546711236
15745,445.0542907254672
15746,478.30020386366414
15747,410.3476822938666
15748,485.7954173151762
15749,545.4314456345995
15750,465.8792171347225
15751,491.4217626238965
15752,454.8049943386929
15753,461.2630178869558
15754,496.4009027373368
15755,493.89260775150905
15756,506.937657090235
15757,479.8155858400212
15758,490.2753232588394
15759,387.27151900242256
15760,441.2272158244894
15761,489.0791565014608
15762,428.71430161166023
15763,410.21855915050753
15764,439.77213601804107
15765,495.66704150722796
15766,512.1281514497105
15767,395.30150083062244
15768,421.74734238641923
15769,488.5251382103162
15770,494.53264122603883
15771,528.3779922004244
15772,534.4838260794972
15773,421.42071091054106
15774,500.7936788595245
15775,470.7960187957239
15776,449.03941225394254
15777,457.31889766080224
15778,448.33587985469876
15779,412.7981539743458
15780,471.75540544584885
15781,414.18123169942425
15782,480.32034655993726
15783,495.64711303618145
15784,401.62152998963177
15785,420.1261687407418
15786,359.52715560223487
15787,500.54137642791125
15788,406.93601058896337
15789,483.071810640267
15790,440.7971556277155
15791,431.5003374196767
15792,478.84229128621945
15793,387.73042155485064
15794,378.713475093571
15795,526.9274786017722
15796,392.82670682963146
15797,428.8130848889168
15798,460.6001351518319
15799,374.69828762858276
15800,433.9433249166119
15801,381.1255975356007
15802,503.53905413668076
15803,439.4519306062571
15804,419.32497037138023
15805,485.85426797761215
15806,473.50512937764665
15807,537.2965946906168
15808,397.2409741701778
15809,434.24197727693297
15810,450.7742841522267
15811,516.6363072954558
15812,387.1967146247115
15813,381.7489754674402
15814,418.4386412245931
15815,440.729829639376
15816,429.61125211468556
15817,456.13563085174974
15818,456.7422772465096
15819,430.8100699870931
15820,511.8933414377698
15821,503.0088506690805
15822,437.33958700565256
15823,374.9582730536951
15824,443.05504556039523
15825,405.73635958514075
15826,493.0507285866038
15827,437.02000987025
15828,408.7394630705437
15829,430.7441112059788
15830,507.0554948103612
15831,441.0844131950139
15832,526.495033705319
15833,444.41588137488276
15834,446.3392839408009
15835,470.72697317783974
15836,470.1798929323518
15837,525.1565930443388
15838,429.15164472089816
15839,414.44943392745876
15840,437.114862811749
15841,446.248095526042
15842,440.21531835823254
15843,425.9785934875692
15844,462.3957851856845
15845,426.6147050843935
15846,364.6487603215622
15847,484.3024629594921
15848,424.7318526519828
15849,420.68763710507505
15850,479.0506783379323
15851,428.3412222103605
15852,423.12315076989535
15853,420.38499272879693
15854,410.23392266038326
15855,424.18451626222026
15856,360.909777399648
15857,474.32993530251764
15858,486.133030145558
15859,471.9680494692726
15860,432.65398590659913
15861,423.47604132337455
15862,430.5503610010761
15863,457.7481643989175
15864,526.6827223709801
15865,475.9343239618266
15866,428.76479200622435
15867,406.83789005126715
15868,534.6355303157376
15869,446.9138218579836
15870,423.83058991584
15871,499.0158199313402
15872,445.3776978454443
15873,436.5178306464564
15874,398.76085343086294
15875,468.8227017583932
15876,464.32247053738195
15877,471.857459810638
15878,471.1550617984635
15879,415.6892532616789
15880,492.79921344552173
15881,434.62351645918073
15882,412.3461422719786
15883,467.2270620827469
15884,433.39638673798447
15885,471.76597821905347
15886,465.70769801296115
15887,363.19594180011615
15888,439.9968201405417
15889,428.3671352125651
15890,412.8509815478424
15891,498.83585484158635
15892,442.4243272376727
15893,509.7633732611573
15894,582.8510747432567
15895,426.501309535719
15896,411.4481996089441
15897,450.7416378888582
15898,456.2084024167951
15899,460.3230774805278
15900,506.863354645978
15901,514.2722171663758
15902,485.84666090269803
15903,360.4510576489874
15904,378.3110365196702
15905,424.52443043542377
15906,448.80215810472544
15907,534.7435142581169
15908,485.39377337214137
15909,487.8256633513013
15910,462.2361963769337
15911,475.77347098214153
15912,423.3196122245482
15913,421.19580045520706
15914,554.3547479627911
15915,426.13639711419944
15916,407.1638364617546
15917,398.5750697232439
15918,459.3504860593077
15919,526.225271242472
15920,498.0804054780777
15921,511.652654808901
15922,430.97306887149995
15923,447.8476857873678
15924,451.8948404963587
15925,529.3321236850193
15926,508.0722116705458
15927,403.6867706835274
15928,395.47462857905214
15929,407.2377977269917
15930,475.54017812178444
15931,438.41821420784805
15932,431.47665606577874
15933,409.93989031977287
15934,491.2025231254318
15935,448.05497258528237
15936,456.86587839845083
15937,398.0056610961332
15938,430.0985899157988
15939,456.4470569329326
15940,460.0223877901503
15941,396.9506258964754
15942,412.2072865422916
15943,424.25930008542053
15944,470.38116957772957
15945,421.9316452451576
15946,461.67770649161764
15947,404.0624736016225
15948,456.5978423955689
15949,465.00371880156155
15950,437.4139635946715
15951,397.1294354792985
15952,505.19667274675294
15953,501.4357565951035
15954,445.5345146507746
15955,407.7839149607775
15956,457.2837896732219
15957,458.61042787541453
15958,509.07087903075075
15959,451.51312090965774
15960,428.66959086236864
15961,432.51169084558853
15962,432.99181545704295
15963,482.954193878504
15964,413.4724093051454
15965,474.4130988229156
15966,424.63989839740213
15967,377.73157697851826
15968,459.6387871299769
15969,505.09728549971766
15970,479.5644896547281
15971,412.2215572451067
15972,438.5667259456215
15973,440.6606289363101
15974,494.7675915921024
15975,463.66769956142895
15976,484.02236230961256
15977,472.8125367967947
15978,467.7511440280408
15979,436.08787394869637
15980,450.9714106947308
15981,402.8424434856279
15982,475.5398784158974
15983,473.67878323551264
15984,454.37173365060056
15985,411.58769534733125
15986,459.97621013439493
15987,434.46927230080297
15988,486.76102882858646
15989,445.73977675506154
15990,426.3758510991587
15991,468.4365901645675
15992,533.8620680803043
15993,401.60482240922437
15994,447.50093168416157
15995,447.9119296723527
15996,542.2060151921313
15997,551.1572222159234
15998,481.70923160045476
15999,455.2678074822432
16000,463.8445075682044
16001,510.3768989057298
16002,457.4112101268475
16003,463.100477217712
16004,456.77294344714727
16005,406.05721834615696
16006,466.58105748622586
16007,375.5072413027706
16008,414.8394131387976
16009,458.2218067738511
16010,522.5894244793798
16011,466.70334692794296
16012,497.12776489401335
16013,495.17036019136657
16014,531.4754154772555
16015,492.25407349427155
16016,450.17948489315387
16017,490.679428658267
16018,490.3947415030034
16019,476.43999265493454
16020,462.068232474131
16021,392.64207567606746
16022,387.76978876649963
16023,436.8750813859561
16024,428.45605026973465
16025,489.1898467929571
16026,394.1751765058604
16027,431.4208074694786
16028,486.37268368212756
16029,437.97619631756544
16030,435.56629179720176
16031,458.1636770610816
16032,426.7168006673193
16033,529.2383399241859
16034,405.80336488302754
16035,409.5693004659845
16036,446.5447608713669
16037,462.8366437833898
16038,470.3557190371662
16039,406.91486079059956
16040,418.9850461763945
16041,550.9402482619579
16042,371.9367320081321
16043,481.7143659195508
16044,436.0044514858352
16045,409.6310687547572
16046,499.58141861645277
16047,459.53284805261166
16048,398.1085897869984
16049,469.4239854963576
16050,451.34974716469924
16051,463.16313024202543
16052,491.1532700810271
16053,464.98833762177
16054,512.440878517777
16055,485.8506665318017
16056,481.7489240181839
16057,508.500617450551
16058,443.2633299411116
16059,461.3423674496646
16060,425.1596296660117
16061,476.2066224969192
16062,469.55310780950185
16063,489.203364060747
16064,398.0596043106679
16065,472.58580737447437
16066,490.2075736814088
16067,480.87366334447967
16068,438.74491592168374
16069,370.20816851912167
16070,497.8130050049247
16071,415.0346697040178
16072,383.80749431235654
16073,434.15987659710527
16074,378.99552575063035
16075,395.39137060837265
16076,477.99224975097485
16077,457.231819503721
16078,492.9086752616754
16079,438.2974192354055
16080,515.5583711200047
16081,380.38978109038175
16082,455.51241696855953
16083,491.95930571475213
16084,471.36253117567975
16085,458.9902631898877
16086,413.3979110343086
16087,377.3076479526759
16088,453.5369392859787
16089,423.33026616440594
16090,494.38253782334857
16091,460.7938478333019
16092,448.41617984895413
16093,468.5298490452511
16094,493.6103991799322
16095,470.4574279006302
16096,566.3355657686648
16097,428.01639561139496
16098,398.6955123401148
16099,440.21875473813594
16100,407.56123128972905
16101,385.0799676341205
16102,496.3549004874114
16103,447.01507849255876
16104,482.92723675068584
16105,511.45693258562653
16106,421.36689667881103
16107,416.62854487384567
16108,450.6625333685447
16109,507.51709887981053
16110,459.2964339795668
16111,473.6837225467971
16112,430.4843243464677
16113,423.54460229158997
16114,450.6103494338778
16115,532.5066661688467
16116,451.41443636931814
16117,510.7687141411583
16118,459.01011847372746
16119,464.99659231178583
16120,498.8814926747042
16121,427.5567894444656
16122,433.0099407574186
16123,410.6787024455498
16124,458.05913310920573
16125,407.93263154014977
16126,463.183574399843
16127,481.321954458139
16128,489.297618138115
16129,473.818002188713
16130,394.9012846300995
16131,431.11994077497747
16132,439.8061760870894
16133,410.72114674129836
16134,529.8282382810197
16135,446.96886837484834
16136,403.4722405555742
16137,393.3334860723407
16138,394.12727062147223
16139,350.3038115351425
16140,408.06356765274415
16141,418.3589055396121
16142,408.7942658161995
16143,479.68714627656027
16144,434.06854431936927
16145,424.11212629081257
16146,455.09136813049645
16147,435.13592177480984
16148,396.2467862972422
16149,465.9292640656229
16150,446.26779368663415
16151,415.375224338173
16152,430.1223332665713
16153,513.6512496692089
16154,520.3308146997973
16155,349.29687196136194
16156,496.20566876056847
16157,405.70301100799907
16158,457.5972358734313
16159,469.97051456382655
16160,512.65876169325
16161,436.6000045779109
16162,482.2001152751131
16163,398.7429417485657
16164,462.7387643818444
16165,477.97419806653244
16166,481.72973289533394
16167,475.0072466985738
16168,430.6114592057295
16169,397.35315873182356
16170,465.7084574026941
16171,381.9220421749496
16172,469.91186436112844
16173,374.6106221992254
16174,443.45637547102393
16175,512.2193394876022
16176,418.5468104218041
16177,418.8964222526128
16178,506.0476522566216
16179,441.9469722743824
16180,480.1616529114193
16181,408.91664625400614
16182,458.63855293904663
16183,404.72932281736485
16184,442.9020475630539
16185,345.3289026123511
16186,499.998501053864
16187,409.5861019539561
16188,410.63873691534644
16189,492.0300196454477
16190,467.5432986505109
16191,384.78598997462564
16192,506.3387258678335
16193,433.58060218171227
16194,421.97262376703355
16195,439.5237817432589
16196,368.0649407470099
16197,439.82588854320403
16198,406.3735096265678
16199,466.22940374427185
16200,422.1592374615003
16201,479.61019262969467
16202,415.4489674575513
16203,383.50354969157524
16204,397.62141986874656
16205,501.628747178508
16206,425.3309132725084
16207,392.14479385253327
16208,386.450922640503
16209,453.9551103818651
16210,463.4835305356082
16211,451.4959701029803
16212,427.69307824366814
16213,506.46441632315947
16214,439.2912330118862
16215,428.0957488375177
16216,476.84771218763706
16217,412.94789331373954
16218,398.70733056842755
16219,397.2848058874657
16220,439.3686788819344
16221,378.3558426139743
16222,436.9627923960817
16223,527.9186768378066
16224,535.1115854061266
16225,436.6911727317139
16226,479.566428895191
16227,409.8395347984506
16228,448.4500921918227
16229,375.7614054812866
16230,450.3840913862355
16231,461.02586489691055
16232,407.88079593528914
16233,464.69640587225683
16234,409.3396929348381
16235,537.1940658855632
16236,443.6835300994136
16237,418.58972055495894
16238,371.80449647013876
16239,452.6005411980484
16240,503.65970344180647
16241,428.67089028598616
16242,441.87248921023536
16243,411.20159583209863
16244,399.2827082946949
16245,411.4141843586921
16246,476.7594361793684
16247,389.3620473452494
16248,434.43412676904995
16249,441.4765464645005
16250,487.812043796118
16251,525.2537997558882
16252,450.15684731634383
16253,430.0314762783744
16254,425.6611203869557
16255,437.3209211066343
16256,493.06963375546525
16257,462.22886081109516
16258,510.9568947671242
16259,463.8999106031844
16260,449.850061474684
16261,403.04176388694583
16262,464.9828111912451
16263,489.679444289993
16264,483.50524173189234
16265,496.6364006231974
16266,413.83876200744436
16267,570.0124425297323
16268,389.05460165121656
16269,472.39254248335
16270,474.51028209861477
16271,461.1514876134837
16272,457.26565099323443
16273,483.00235601732254
16274,478.3855878132082
16275,421.797820131
16276,457.1957242735001
16277,476.0937101565497
16278,388.63273217431964
16279,398.7917687451111
16280,511.0010281549904
16281,435.883615750073
16282,432.17155066017114
16283,484.5856450887405
16284,423.5182967824918
16285,489.09174444321195
16286,489.5335887034744
16287,498.8207772616135
16288,550.7958615624095
16289,475.35188485265735
16290,480.1960858541035
16291,477.638949688308
16292,511.521996220821
16293,439.3317250867645
16294,465.2160561401087
16295,499.72048399756164
16296,451.78030941715843
16297,468.77865531375915
16298,561.592238839203
16299,489.4863961311286
16300,370.7736259731047
16301,519.4439320097358
16302,416.9685824422818
16303,466.4096932469966
16304,447.44423550698957
16305,429.27424743563427
16306,461.1633066849467
16307,407.539416018041
16308,427.14215593786145
16309,397.33824772656175
16310,415.4455742619339
16311,429.39078983725943
16312,457.5466810659023
16313,451.06137019812115
16314,381.8301634426153
16315,461.66237976178365
16316,487.8228154127608
16317,435.8605228852204
16318,426.3014006723688
16319,422.6992726053531
16320,449.87054359511654
16321,486.963015553214
16322,487.1359154989735
16323,470.7732902502557
16324,487.8937132313222
16325,447.0651766434328
16326,464.0902317910254
16327,422.2684564088542
16328,431.60835416562156
16329,451.3443042709044
16330,462.5728292921795
16331,405.1058678631044
16332,429.55581084534595
16333,411.23325280957135
16334,444.93611042799404
16335,413.26171061426015
16336,432.7743723612435
16337,462.40919155773196
16338,413.22221286290124
16339,447.0885994500529
16340,455.694344580875
16341,481.94757073281596
16342,442.02596769791796
16343,421.69145335645885
16344,485.1739014910395
16345,429.5748623158266
16346,492.38613825561504
16347,499.7222184066905
16348,470.65623233350914
16349,479.28236743478516
16350,392.37475388481556
16351,498.4295402335084
16352,452.4768439099559
16353,439.3692033810804
16354,467.9478238913344
16355,475.06861237648394
16356,427.66004063624973
16357,422.7216607080403
16358,521.2003386873733
16359,456.84840832657255
16360,479.3590387851804
16361,557.4652718773638
16362,447.26595452328405
16363,454.33299874185866
16364,397.4722474009241
16365,447.75098164977663
16366,500.5756881741485
16367,376.60249663848276
16368,383.77828726561074
16369,455.31430824081747
16370,450.35010643747034
16371,419.4643817012275
16372,443.5312656349855
16373,442.82220820965466
16374,429.86437722477905
16375,474.44971502954974
16376,443.24288091948154
16377,412.08466313028396
16378,420.57128788086277
16379,381.1176890541292
16380,399.73524873173807
16381,480.427827923047
16382,424.3321477925493
16383,485.28326707952806
16384,435.86761961846145
16385,434.0317634208288
16386,428.97339390029964
16387,474.17359555913106
16388,408.75922674647893
16389,448.29080055671767
16390,461.0640529910353
16391,421.2006539710273
16392,464.1705570065129
16393,477.3232871662997
16394,401.12730606179565
16395,427.423708936585
16396,452.34507402322924
16397,418.47035813799994
16398,505.7149696783569
16399,399.33558908482183
16400,515.7875051066521
16401,480.53341926236163
16402,414.3256287346879
16403,359.33738247924015
16404,354.05785873940204
16405,507.0508733427908
16406,445.7081168653074
16407,510.54049875385516
16408,416.0318968146629
16409,439.13716159423086
16410,431.16811692047384
16411,422.3968769312168
16412,442.5954525665998
16413,375.7231912455663
16414,460.80963946143106
16415,443.3556444129273
16416,436.4986649026599
16417,466.8965750269593
16418,462.85079830605724
16419,403.4967419211256
16420,484.88133522372124
16421,444.6899022215255
16422,502.32123349845347
16423,427.2863035805082
16424,392.81292867227114
16425,408.9445950354342
16426,494.8000890288742
16427,472.8792287871306
16428,496.32871786817196
16429,388.84147037763495
16430,493.41941656768364
16431,450.83853392615396
16432,503.3876607247053
16433,451.5533335015309
16434,376.37371737179916
16435,521.245456091342
16436,528.3321782348743
16437,497.48461978303715
16438,441.80115493568206
16439,474.713886471251
16440,471.6547979525336
16441,368.96868960202363
16442,463.7467234048279
16443,439.1969043877687
16444,471.7513738663683
16445,446.32345533218825
16446,442.31657538573137
16447,418.95518475710713
16448,455.0115796469248
16449,413.23356400559743
16450,447.95075869511123
16451,432.69404579279535
16452,467.89635333692763
16453,495.15731705096374
16454,485.95173176008103
16455,424.04412294269883
16456,409.6581628907318
16457,539.7956783887515
16458,454.8693282045028
16459,398.21228715705655
16460,474.0052992005787
16461,515.4296253536893
16462,511.2686748447012
16463,519.6710693147506
16464,433.0931342695898
16465,394.8858876041311
16466,449.970754649506
16467,382.3443033904083
16468,433.84982668123894
16469,367.3157103603776
16470,444.27023614904186
16471,439.7665813233992
16472,415.6052005211573
16473,434.52664587698797
16474,452.26390285749375
16475,489.5496460898383
16476,428.6404339431276
16477,434.0316451151497
16478,412.3282808921807
16479,475.1149020577571
16480,509.1518861550827
16481,430.01394859107944
16482,409.47259526725526
16483,516.0293406457378
16484,433.3961521021
16485,419.3227226745814
16486,412.3321650408407
16487,495.16071497768485
16488,441.367469223367
16489,392.6681815229866
16490,475.4327519122483
16491,385.5736066993885
16492,476.2459257373406
16493,455.72395361641975
16494,460.8213256458415
16495,448.9774737898672
16496,480.69479729531696
16497,466.581854327582
16498,466.3012312190366
16499,389.7579621817712
16500,453.0897781392486
16501,450.88852156912134
16502,406.8513600937815
16503,449.36945372236744
16504,469.62102021574196
16505,522.8051290496552
16506,422.92980679608735
16507,516.4727810191025
16508,435.63428216849115
16509,413.96946180502243
16510,452.4775850005056
16511,376.13007589154427
16512,405.6444522610608
16513,438.86951773061946
16514,442.0175735643181
16515,418.04664271898685
16516,488.71718931745676
16517,481.8172197720546
16518,451.507320010067
16519,468.73021025925345
16520,402.2627231149575
16521,439.06041439050654
16522,407.44499372350305
16523,408.79453082854747
16524,454.7288883702094
16525,441.4837576456077
16526,424.92873978591143
16527,440.9924189043424
16528,439.6531013136393
16529,573.7715817901001
16530,489.69203761757245
16531,423.0119423969286
16532,445.2628071284878
16533,461.2448193359726
16534,488.2206150183578
16535,406.0816221319103
16536,508.96118389459855
16537,498.3411709678855
16538,486.6951199187578
16539,405.85044440951197
16540,446.7316359125666
16541,503.42060989981553
16542,456.47374769258687
16543,469.7593827341726
16544,463.415517349031
16545,451.37598670502297
16546,454.95057264966
16547,434.66389427279046
16548,459.65669502691094
16549,451.4788957840628
16550,391.32861419204534
16551,457.98074788262676
16552,409.1538684026591
16553,427.0357763753727
16554,432.93197782343077
16555,486.0419005992842
16556,415.4556297270021
16557,445.0245794234288
16558,397.018566812275
16559,499.83157325946934
16560,444.57613557242394
16561,399.15223622981046
16562,460.48376366431086
16563,495.2135268870899
16564,452.4420331383097
16565,443.65743604938535
16566,405.5249015303658
16567,421.62615126207425
16568,451.9059316749413
16569,403.2499868415286
16570,456.2599583257749
16571,479.9864959916924
16572,477.87299285827066
16573,503.97061642174907
16574,461.63755003623646
16575,545.9719342834493
16576,414.8191143096304
16577,425.3515355118775
16578,480.60868110721924
16579,516.641682287997
16580,432.52488627841365
16581,470.8713042041207
16582,455.15469387882183
16583,462.26376562553395
16584,458.4643388582493
16585,518.933456846343
16586,424.54158571088755
16587,450.1986043501413
16588,461.0978287370619
16589,433.55815775537985
16590,487.38297735863546
16591,451.8310509850463
16592,445.35968686702455
16593,499.82071289777116
16594,445.3588745006192
16595,420.99533492225686
16596,459.94986059369137
16597,490.6736754394122
16598,374.67481772601207
16599,418.7685511107798
16600,440.470113918331
16601,451.17371825036645
16602,391.6654553515731
16603,442.56867674285934
16604,423.5930917760207
16605,442.49596686052416
16606,443.6401488419533
16607,394.7111181204044
16608,448.46973737784157
16609,365.33591036527747
16610,440.8827040692106
16611,396.87690918149985
16612,434.64403245666165
16613,422.67393001735775
16614,401.9306170553485
16615,465.20108254155014
16616,460.40151653325216
16617,484.29021703930533
16618,527.9907488768735
16619,448.1820234133822
16620,456.002610243755
16621,555.4546676068234
16622,488.57723839559895
16623,532.5757102764188
16624,438.1672789071678
16625,394.8427217796658
16626,489.82910896736854
16627,433.8699693401036
16628,417.66411670425043
16629,486.2844948670402
16630,453.98745607978674
16631,489.0686700285128
16632,474.7828553265428
16633,477.58801583698437
16634,388.1751506932256
16635,464.63210408498384
16636,388.14424150099376
16637,453.1939204651738
16638,432.22189847232244
16639,464.330776269911
16640,412.0556161322289
16641,459.21582446985406
16642,486.791174302318
16643,431.0314365722071
16644,400.43024929795126
16645,432.2665559290749
16646,480.8395292048561
16647,407.9225371233999
16648,480.80887887820995
16649,530.3256201396739
16650,413.41312858314865
16651,478.3868300360963
16652,429.97976231803835
16653,421.54232213858876
16654,395.84103794116385
16655,407.29174192116244
16656,454.85327982062836
16657,440.9954878707285
16658,527.5825955589573
16659,400.40355830325456
16660,444.25278642988417
16661,419.27735593205585
16662,536.3486674388042
16663,411.66206342131545
16664,432.32926451258083
16665,443.08682214180243
16666,461.38247892429973
16667,476.8464706712103
16668,375.98620648032556
16669,498.57301615393555
16670,463.96060848855393
16671,442.40674409248834
16672,406.1656301932462
16673,435.63551364217574
16674,443.64937605768876
16675,384.2873217851733
16676,442.69491887185205
16677,476.6524682825633
16678,454.417692939446
16679,438.67263136151416
16680,440.78605982682564
16681,467.7321014865258
16682,431.26544513405736
16683,436.88390719480935
16684,470.6183839209125
16685,424.6011476594401
16686,510.3387629271504
16687,481.97762200574743
16688,409.30984854639155
16689,367.82412705290415
16690,330.1050053152448
16691,472.94029605071086
16692,467.791917741252
16693,420.56101125028846
16694,455.05201970012166
16695,462.0759153504264
16696,414.6577216955277
16697,455.40993385191945
16698,509.19073282270926
16699,446.3229220813743
16700,400.77221909580356
16701,420.13604218475865
16702,472.32775260297973
16703,496.7415911885686
16704,598.9533013366535
16705,492.30692308811956
16706,528.0220139335236
16707,402.53604702650694
16708,496.966280124795
16709,505.31080297863963
16710,406.16498621728476
16711,422.1740072317178
16712,434.4021187510361
16713,397.4819261736731
16714,466.285157538287
16715,471.88769833461595
16716,421.5323353679432
16717,452.98270596440454
16718,409.7056712097733
16719,455.97669431426505
16720,428.9181859456562
16721,475.60292876160923
16722,492.34655913511205
16723,480.6926011524003
16724,483.23838890503237
16725,485.24735016885614
16726,403.9066759397535
16727,519.6435896634858
16728,419.8850658326868
16729,394.9571668112603
16730,491.11634497491127
16731,435.6098658117604
16732,481.1986820020267
16733,467.0066860732548
16734,551.5171385676385
16735,488.52352378420045
16736,451.6677591267089
16737,473.50574762626064
16738,440.8018531675895
16739,455.56886305192575
16740,454.16812306532955
16741,452.67705869089684
16742,468.75319746716065
16743,489.33449640204196
16744,431.20709102547494
16745,433.04591743760284
16746,460.0003238982164
16747,491.3293423993747
16748,453.190012439276
16749,434.7475987183823
16750,462.1073947499404
16751,499.7584658588782
16752,466.4287682799736
16753,474.2993570681549
16754,496.21838477231535
16755,512.8292712231472
16756,456.84727379583813
16757,410.5838434687052
16758,477.6416343399653
16759,501.32541615539964
16760,392.4840014112227
16761,425.9589149121509
16762,475.18828180466846
16763,465.3020736711725
16764,505.75876542053476
16765,408.095344686516
16766,427.49609831558416
16767,406.284991076411
16768,466.26417013749665
16769,435.88848051794065
16770,504.2667347136102
16771,459.8629573280086
16772,464.8222789556785
16773,438.78947252314157
16774,388.6512736655027
16775,433.96964500311134
16776,478.3579453212624
16777,392.14983401819705
16778,514.2805455724446
16779,510.6613081291466
16780,436.22988852290837
16781,434.9638130309584
16782,481.2691395119649
16783,408.54095472654353
16784,552.9243307585948
16785,471.5077204437551
16786,484.08678597509606
16787,506.4156623967187
16788,465.8040236031421
16789,484.86858871716476
16790,429.7091062385694
16791,502.91297375680904
16792,438.198345360864
16793,477.10908649486464
16794,461.4769552310113
16795,433.0539676813867
16796,405.38673750991944
16797,382.74874336302474
16798,417.8177004621081
16799,492.6365298071549
16800,520.9908558860956
16801,500.76343316641174
16802,454.22506989926194
16803,483.727794765415
16804,403.321295954573
16805,492.71333794895304
16806,388.89656659813903
16807,406.6385744505264
16808,529.1692129170469
16809,425.35080393518655
16810,542.6742646172091
16811,478.27125981277595
16812,385.0536699008966
16813,446.1182401658733
16814,465.0292828081586
16815,460.49279867889726
16816,429.33860357871384
16817,509.09084102249454
16818,445.2840396307381
16819,442.551099468262
16820,446.55864795328347
16821,436.1355512505031
16822,412.08263959394355
16823,453.0938752767171
16824,401.91479835784895
16825,417.96859603466885
16826,417.3559454945437
16827,475.57693832616974
16828,486.75776239208625
16829,401.5139872989947
16830,484.4197973110777
16831,454.14232714445643
16832,416.9131525845335
16833,503.61188543591334
16834,522.1122007832817
16835,457.9880484614146
16836,466.08134694339105
16837,472.69888443271236
16838,453.45232979839176
16839,402.5086333821215
16840,449.5350104503316
16841,412.85265614778496
16842,431.5740645113242
16843,442.9611105356899
16844,451.5641867025737
16845,358.0164696080395
16846,475.7903692489081
16847,460.4706089928947
16848,439.01848008544226
16849,476.71936799279047
16850,415.930645599445
16851,440.93825351916774
16852,426.2049577056366
16853,526.7183737667601
16854,394.8152407615431
16855,374.8559164351076
16856,405.5108188382866
16857,440.2765688072884
16858,441.76157842179134
16859,524.9208961074828
16860,424.8383941776387
16861,432.6731054853318
16862,520.5420445555353
16863,481.7844570221686
16864,455.45019020790755
16865,544.6935806536036
16866,528.6290495305886
16867,521.3932942336666
16868,423.9824573991901
16869,435.3709813891826
16870,475.6819960420638
16871,461.2729163634501
16872,416.29587386085416
16873,433.98397703867204
16874,481.5926505279346
16875,454.24197613703626
16876,419.3021666010694
16877,447.38357197618615
16878,452.85686032254125
16879,453.280940691306
16880,528.0587108088536
16881,431.4287711184779
16882,439.91120774063666
16883,454.9149060506188
16884,357.0551552361351
16885,436.13737490681393
16886,428.9244907679818
16887,496.2720207008526
16888,472.7204980484578
16889,434.0312853226342
16890,438.6810495182149
16891,430.74687949963834
16892,434.8521692547289
16893,434.33057679950247
16894,438.51930949153325
16895,440.1527565039533
16896,438.79144006631867
16897,416.11786595794956
16898,482.94321414979066
16899,388.62728836983257
16900,502.7344250824568
16901,496.47291299425524
16902,438.769784240656
16903,431.82991263201853
16904,433.26343660712917
16905,441.3989055812472
16906,477.2655504301166
16907,489.04161017304006
16908,441.40467408619594
16909,466.33852391752
16910,401.5582312818718
16911,522.8800688252268
16912,454.6805588991872
16913,526.8197236480285
16914,426.6670610774989
16915,456.18020481339533
16916,465.1575684924863
16917,410.43806565063073
16918,464.1438144038851
16919,424.6779779210688
16920,488.849105785301
16921,444.6554550124641
16922,475.78175589052387
16923,477.01212694158687
16924,387.4073775983812
16925,414.99499655703005
16926,388.07147723386674
16927,425.55057169107374
16928,397.18108730776146
16929,448.4780763992667
16930,496.1586847091464
16931,394.9498918101073
16932,440.1771003996983
16933,510.946340730857
16934,402.8422161398692
16935,515.4928067718315
16936,510.60824153026186
16937,412.9244087688116
16938,483.7224426363717
16939,505.49423158537024
16940,457.300171657137
16941,446.12767567248864
16942,459.1630417425886
16943,522.8859832034747
16944,408.4566341511218
16945,395.6534330952404
16946,528.2714344231267
16947,451.9497005312313
16948,365.3134874053472
16949,534.7969429768352
16950,470.04620773348825
16951,497.58043971251135
16952,489.9427578969144
16953,456.68877238488324
16954,489.4415302732207
16955,442.98545770371305
16956,413.4206083053628
16957,494.0416615392653
16958,443.7776169430723
16959,471.46956936422004
16960,475.85221871831226
16961,549.6758897842612
16962,473.75213899711997
16963,470.5722155614102
16964,444.99337030958736
16965,433.5612239846956
16966,453.41927992428583
16967,470.48639964903316
16968,418.2405859539165
16969,372.6229379511258
16970,415.2732821616902
16971,426.18522237322316
16972,472.23666955094507
16973,432.8039104904276
16974,462.58233640068534
16975,441.84024478948743
16976,500.9361354399952
16977,404.1457212964113
16978,464.28053134914245
16979,448.383213294538
16980,431.82933853012446
16981,475.14757633687395
16982,422.67544786385315
16983,486.70407246022455
16984,400.51969064640826
16985,386.3535194689493
16986,464.3421811326548
16987,439.0759463648485
16988,453.1091488754442
16989,485.5778230761722
16990,453.99819503754617
16991,433.4082494564624
16992,543.0531293334097
16993,445.3083614025169
16994,469.6118863943472
16995,479.7178495612341
16996,381.9007386562435
16997,415.2065411518991
16998,443.3738590912354
16999,481.64301671072707
17000,411.21210741650526
17001,420.26322867143386
17002,457.6329068514767
17003,460.98561614037015
17004,385.59630396165034
17005,433.13557724717987
17006,419.7449633339831
17007,455.2725444105115
17008,483.2508747484092
17009,477.552884175336
17010,507.09886042790936
17011,466.0371370139242
17012,488.8822787707292
17013,393.63280772415607
17014,445.0655764499522
17015,456.76290628802127
17016,410.36708386111246
17017,435.4754874678571
17018,468.51996860103986
17019,461.67160033321005
17020,445.47419264878937
17021,494.0215497419811
17022,498.850713621805
17023,409.1790738017106
17024,481.9355313698191
17025,477.57715722962075
17026,453.22474123925537
17027,464.39218238990964
17028,427.1194557331485
17029,443.60433440445996
17030,470.45185143682016
17031,474.9495676077843
17032,466.8016842442422
17033,528.6328730147367
17034,488.4114352348382
17035,507.67757716224725
17036,472.20206516001906
17037,386.58441053241864
17038,435.8203250743243
17039,491.53921100208515
17040,436.7642916648211
17041,413.34646072570047
17042,492.53858907970994
17043,451.82431354098435
17044,408.78855770288953
17045,437.2684641642652
17046,486.1406441443428
17047,349.1964670496802
17048,468.06241518893114
17049,345.5774038247394
17050,449.6538343877194
17051,457.07627993405345
17052,486.4316089913108
17053,336.35605317047145
17054,455.59878533413143
17055,387.2523341482474
17056,449.09447175465806
17057,465.31027084712815
17058,380.85117503160774
17059,416.34658411736973
17060,425.0687719353335
17061,466.0357801446459
17062,358.05975942194186
17063,383.55574170202846
17064,461.48155825934407
17065,421.7603487175189
17066,464.49207530919915
17067,440.394608166759
17068,430.78308322231624
17069,464.41321984970426
17070,425.3617672029639
17071,356.54598696060464
17072,467.82986565789633
17073,449.5743834731504
17074,409.8992186693997
17075,442.87604970292097
17076,414.6346235572497
17077,402.5133619886658
17078,429.9506644023197
17079,476.9358228709885
17080,474.18977508838884
17081,442.77817342147364
17082,445.25937306884396
17083,446.494183122533
17084,429.41675311582065
17085,429.2639176743897
17086,478.0910175188518
17087,533.8361686426147
17088,403.8332511726215
17089,430.4636759832967
17090,460.96299119405927
17091,471.788288092249
17092,433.5829414338541
17093,472.79084159134834
17094,481.49584926212555
17095,440.72017464423845
17096,485.0066750779162
17097,396.8073087404107
17098,490.58234924275024
17099,503.1437234360214
17100,408.50290130424963
17101,391.6743664820604
17102,468.286509950853
17103,437.30919827621017
17104,503.1904461039662
17105,475.52175184111945
17106,480.03734923621863
17107,460.5814064305807
17108,460.236367443614
17109,374.89914739248746
17110,411.13254656233784
17111,460.89072098561616
17112,487.2363481958668
17113,485.18183272734973
17114,473.26386663690135
17115,393.1758673069535
17116,386.2817107023845
17117,404.72506348790154
17118,383.6260061525013
17119,452.16750248986733
17120,446.8021912800386
17121,449.79643384715627
17122,521.9865867481948
17123,478.12034330877464
17124,413.7673139656833
17125,421.2236592009601
17126,516.4265779872599
17127,422.5499042212294
17128,450.7170917185276
17129,448.3346760341509
17130,501.7108536736736
17131,386.2014513610741
17132,448.9623797199052
17133,463.75143779245036
17134,424.32813247035733
17135,435.59961533109447
17136,435.2297089933848
17137,446.30815428526984
17138,463.0760759747217
17139,448.8845939917535
17140,476.3924255429101
17141,407.21138113293637
17142,460.1457447087677
17143,450.811525099954
17144,493.64119095860985
17145,403.6933965652669
17146,486.93747883589845
17147,397.41691861988596
17148,508.7004878985449
17149,418.34601942678086
17150,453.85360999412853
17151,358.40114627510076
17152,403.9623437300974
17153,494.89076768508664
17154,498.6876377459503
17155,463.42298031674017
17156,393.7861134378092
17157,447.8847487379659
17158,342.6824287953676
17159,436.90299973389443
17160,502.753659809659
17161,406.02673995161194
17162,452.5270640330183
17163,448.868661849039
17164,452.80258300678173
17165,502.7464676123305
17166,458.1906465655502
17167,506.3945657978452
17168,379.21602222525064
17169,368.720203549959
17170,422.96208806002954
17171,442.8390560407036
17172,475.8354654888723
17173,413.7473643305888
17174,446.40056032425
17175,450.2179592596148
17176,464.9003590110901
17177,455.5941463538218
17178,558.5721991033836
17179,487.2309273982998
17180,443.3739125087826
17181,399.77614406679794
17182,456.69601726182816
17183,511.7565785733432
17184,474.0698140232581
17185,406.86968939164086
17186,505.25290560590526
17187,448.8263277784612
17188,466.0112716069758
17189,422.0116744858297
17190,545.2322060632503
17191,457.34008495349394
17192,410.93931135824806
17193,481.02857104660376
17194,358.33229417037387
17195,416.4994910702794
17196,464.0119918761961
17197,504.34893602651107
17198,450.5236741861847
17199,458.97930546757846
17200,403.24473304504744
17201,506.6162614766623
17202,477.5782601616029
17203,455.02216169002907
17204,444.980087694402
17205,455.69943916869204
17206,484.90850795196786
17207,451.71087827010217
17208,427.03553332719446
17209,485.24511911444455
17210,466.7412594159681
17211,435.43797448750615
17212,511.64703032663493
17213,402.18122715562754
17214,394.4814110336951
17215,475.7231034927516
17216,439.92991753482
17217,424.1197332869471
17218,470.72403307904983
17219,457.4669647993556
17220,455.04925387590447
17221,459.7380200596134
17222,391.4932584252314
17223,436.1391061333964
17224,492.4854793079295
17225,475.849561675457
17226,434.5494570189172
17227,493.6942982991132
17228,384.6744989455413
17229,479.8034217022584
17230,450.4648120385773
17231,463.9079576173976
17232,414.6392403991348
17233,449.1439098564668
17234,389.902070755086
17235,419.71477706112483
17236,416.90399027406147
17237,345.4001070418968
17238,472.4157639620359
17239,498.76826794451586
17240,404.0681869787264
17241,393.4844595365906
17242,430.4081422659085
17243,452.0502667723506
17244,421.4597578798682
17245,441.22133478307035
17246,399.3327294319177
17247,457.92594084878345
17248,439.8157691466605
17249,437.03483489547216
17250,581.7899443003805
17251,460.1235700732811
17252,482.19856403587767
17253,504.86712418596727
17254,449.9552616971105
17255,456.2779734555519
17256,474.6283294465281
17257,426.54654405688404
17258,423.1852341001659
17259,456.61840666420926
17260,453.228599402127
17261,410.6103371667564
17262,439.49116879658766
17263,467.2542208368875
17264,442.07359502969257
17265,438.9259961454909
17266,377.1672606120916
17267,454.31416177070525
17268,451.2755087620757
17269,487.9130993509495
17270,378.2836009955994
17271,430.7198921652184
17272,440.7249444260881
17273,423.28950970650453
17274,447.5232615441802
17275,466.34381327432243
17276,453.7743447895738
17277,461.2699480260129
17278,478.28746707525704
17279,453.1836248376516
17280,449.5594675900072
17281,509.63921838435476
17282,392.8866000622726
17283,399.3946740422059
17284,437.7919841733559
17285,471.84866944087867
17286,368.87962617742573
17287,541.182603865331
17288,550.4802757454773
17289,444.82931105944823
17290,441.3383359516693
17291,472.30532449408327
17292,401.2570785891852
17293,544.159924096171
17294,446.2905945085175
17295,421.3319371454001
17296,498.52703938887134
17297,526.7982026681422
17298,478.84443877652086
17299,483.62205797808537
17300,418.91844938424447
17301,396.0637252077741
17302,514.4998953646616
17303,455.8861040343471
17304,371.4518975337167
17305,461.231172478097
17306,427.72504884602955
17307,396.79861791398145
17308,507.36207452531323
17309,438.84586792326314
17310,476.71946578672015
17311,453.76799484350556
17312,435.6685054012469
17313,505.24886524979354
17314,430.4583750118981
17315,443.9632008957079
17316,482.2841828175411
17317,454.6202367404124
17318,404.4242547470981
17319,482.29041461409014
17320,405.6797584013143
17321,485.8405491999223
17322,456.1176049989911
17323,466.7894605060944
17324,484.9099757809548
17325,438.96789064561773
17326,376.27764589233186
17327,441.14307593778915
17328,461.6528670582874
17329,411.23614636916454
17330,509.89335994737996
17331,471.77426950133287
17332,345.2596427738112
17333,463.9731869970351
17334,422.20683508740944
17335,532.217555560744
17336,424.21076252869614
17337,448.95284493985173
17338,438.00537711137923
17339,413.1822705592586
17340,482.03187138416246
17341,431.4913576537074
17342,442.2720193293105
17343,518.3836233910602
17344,464.8329485679903
17345,428.10357719223214
17346,434.23380582806334
17347,500.5631007493914
17348,424.98835053989006
17349,444.6718537524805
17350,449.17084185206966
17351,453.8592052673466
17352,459.97707466997525
17353,492.83348604364335
17354,498.1373365995345
17355,444.4048001507372
17356,425.0672997258287
17357,385.96355618482244
17358,434.2395246520059
17359,470.1682036503633
17360,394.3152154908537
17361,467.479840442888
17362,461.20996436633305
17363,511.44091803861585
17364,471.8677258847369
17365,443.38655495625284
17366,371.6980856357661
17367,453.4431715126188
17368,449.37122914609375
17369,486.0490800798422
17370,409.7441583941224
17371,496.87941622573425
17372,441.59887948218454
17373,489.31894169484394
17374,547.2169675190647
17375,497.3594815410241
17376,472.7104323947078
17377,440.118001881791
17378,472.3801882979316
17379,510.3849140849849
17380,483.3814187690831
17381,511.21128994110046
17382,501.3209456785701
17383,402.1261626735687
17384,492.44845747654585
17385,404.07638087121353
17386,465.02552893597897
17387,420.536801246928
17388,482.49538097519866
17389,472.8438911547372
17390,419.5605776477367
17391,493.71952857450475
17392,459.0209576747643
17393,474.3637927170727
17394,465.2553900146721
17395,447.0431774117858
17396,469.08070724080727
17397,490.38466399328587
17398,460.0269248781955
17399,425.1529735416656
17400,475.87796283991645
17401,449.377050042683
17402,452.8267695618957
17403,487.7764923268212
17404,457.7636211840027
17405,398.61416858779364
17406,430.8076357596519
17407,482.9024244662607
17408,462.61490055452794
17409,401.4400817485401
17410,478.38782731347135
17411,453.03414101136536
17412,417.89921123908334
17413,473.81873103487754
17414,476.4009115724483
17415,484.5872001269508
17416,391.2131510587544
17417,503.36159315008086
17418,425.17471901071644
17419,434.1469961551873
17420,359.8211092047588
17421,472.8506329309427
17422,458.6763843152619
17423,414.6432869651567
17424,494.28361063292914
17425,444.11661625876206
17426,478.86775250849644
17427,436.42840191980696
17428,477.935774729824
17429,495.2082969004328
17430,455.89517904694736
17431,387.1292667159735
17432,484.56198972714304
17433,419.8930001569251
17434,518.9598800542512
17435,518.7900298810696
17436,440.4175648926666
17437,478.22867887254904
17438,406.39972322255477
17439,447.2155882094799
17440,521.2758449195846
17441,416.93878263310796
17442,485.8874191381017
17443,502.6963580623722
17444,391.29584848366784
17445,459.91241921825906
17446,452.90260315723555
17447,494.4874077055975
17448,443.6558970144508
17449,456.7907612174749
17450,446.08810464427626
17451,428.7063761822048
17452,462.1250101238371
17453,438.94587841692373
17454,494.15809571276736
17455,455.3152446575484
17456,458.0738639216473
17457,456.4543087232132
17458,442.9700247036069
17459,407.92321600445086
17460,467.7733472168769
17461,512.3412425679085
17462,457.82564064483523
17463,420.6979494862898
17464,467.56321723780275
17465,487.619220591384
17466,428.06266333501287
17467,418.64202568381796
17468,488.528550988937
17469,524.4794991468452
17470,479.4954761048188
17471,401.8961677058543
17472,465.14889951379206
17473,437.0748522821569
17474,425.0993101498741
17475,440.05002321894693
17476,506.1003415956014
17477,460.5721017864712
17478,479.76029011188194
17479,477.5136336442226
17480,479.73779996451344
17481,429.1041497550272
17482,453.699181811368
17483,456.4398794237436
17484,408.6665638286655
17485,477.1034074518957
17486,466.2494645305884
17487,420.43928361494557
17488,423.18723136423677
17489,418.71108436570916
17490,423.8266532773048
17491,376.23568233339927
17492,446.91550187410627
17493,443.7496462709024
17494,520.1894332430684
17495,418.5910999459384
17496,429.1739914302555
17497,428.0760030496031
17498,419.92064477333935
17499,448.13892678285987
17500,461.55383248577414
17501,442.3936093926317
17502,522.8483039392571
17503,433.4277701499091
17504,398.9334824083215
17505,380.7221685604551
17506,427.4504761853454
17507,445.68309959427444
17508,438.871992043959
17509,496.0337709416585
17510,474.0613347560265
17511,509.29449837381213
17512,470.6106094223046
17513,491.6207777067262
17514,432.83495827383143
17515,420.7569281102786
17516,440.86635372193086
17517,443.84375729722944
17518,451.8378622324758
17519,454.7833422841728
17520,447.89491759758624
17521,484.3082165148686
17522,329.0068094869286
17523,477.5588650710263
17524,451.4636840489649
17525,424.71645924318057
17526,452.1756983238816
17527,451.59056425857534
17528,480.3102537488443
17529,386.27943419552736
17530,458.2103939040921
17531,436.78854577621286
17532,440.41346091937146
17533,543.6616545397746
17534,454.7544367427286
17535,417.82821371596344
17536,427.7362256299617
17537,437.51503913155096
17538,486.19653750022616
17539,429.4546852195976
17540,390.5561732653528
17541,377.7367379057526
17542,430.2976149965498
17543,446.9779129203045
17544,482.6775698237357
17545,428.495362734746
17546,489.9460004796305
17547,412.2299340731456
17548,520.9466401934142
17549,475.1083555699763
17550,485.8949347710478
17551,417.73109127326927
17552,308.25453721508745
17553,421.0302345762767
17554,422.5338444827022
17555,455.1439131863443
17556,400.68325875734433
17557,424.9107390193936
17558,423.87112226742556
17559,425.04145833991186
17560,490.85191398716967
17561,473.9493664549235
17562,423.0238771781066
17563,469.94344881862844
17564,412.8322658435851
17565,477.76050325601415
17566,398.8706743975379
17567,451.55379918276327
17568,487.5211992143379
17569,462.502554055892
17570,434.8843200188673
17571,490.4966683734013
17572,458.0568748208981
17573,462.3776803176983
17574,433.34059976243486
17575,412.1246058254162
17576,453.8307315953845
17577,436.62130123893803
17578,485.80441978056706
17579,443.99381251138817
17580,428.5801590238959
17581,424.7970303887563
17582,496.9176202099827
17583,446.85864095786604
17584,380.293982731148
17585,469.1192477950692
17586,447.92113100663147
17587,393.92032949812375
17588,495.1981338850209
17589,517.9996107992691
17590,454.5251958386379
17591,399.93828429065593
17592,473.8057605590236
17593,424.2852727278093
17594,474.6071891125217
17595,463.5565627012273
17596,421.67819483621025
17597,428.7416619271515
17598,512.0011086527892
17599,489.65087408859426
17600,441.37247796340375
17601,450.5824583752075
17602,420.75457540393165
17603,473.67443357668935
17604,417.14930796587197
17605,453.5279073268688
17606,477.90179241728356
17607,484.0581116742276
17608,418.610289667228
17609,378.12520490885373
17610,471.2061692944857
17611,423.58986583933023
17612,439.4209044785691
17613,472.6633291616137
17614,433.5193395588412
17615,543.3655925040063
17616,401.5755870335901
17617,412.6695480606187
17618,382.4403619738876
17619,551.9130994428381
17620,401.5644290902958
17621,434.25606001021237
17622,525.7096029999392
17623,384.35222367861746
17624,486.9084239976096
17625,417.64561554040347
17626,385.9684830384223
17627,451.58433348200884
17628,390.1483711244446
17629,498.22240122012664
17630,443.26647596963426
17631,496.63293917695376
17632,444.36007654404375
17633,425.041692904754
17634,490.38596686360825
17635,445.9789399164759
17636,504.12208019826807
17637,488.608826188311
17638,433.8843406668033
17639,493.09902568067156
17640,383.34275966223043
17641,443.8681229523994
17642,493.1698566713766
17643,493.4449890389652
17644,451.67838738190727
17645,410.7895751410991
17646,507.8152074366867
17647,441.4111016469668
17648,469.53969716097856
17649,463.44649049724535
17650,454.19589768094704
17651,449.4069398386974
17652,503.29941146385437
17653,508.7072187288603
17654,414.4222580547224
17655,491.9691151656377
17656,418.24505268877516
17657,481.3460187598384
17658,447.293513185649
17659,413.3477045767977
17660,433.7110128929728
17661,451.1351551413258
17662,491.4878609195022
17663,460.1404257926599
17664,428.3432347410873
17665,416.8363457967108
17666,473.34774074483283
17667,398.22868520727354
17668,449.0629200587522
17669,503.58806453534385
17670,455.36521297864823
17671,481.54165120936966
17672,444.6653373556177
17673,506.9447206850531
17674,414.8400031115038
17675,441.80667839412325
17676,456.61624265188124
17677,471.96685150995324
17678,470.7168722059995
17679,454.0557629754843
17680,389.74878924990537
17681,445.222807778194
17682,464.74772524005016
17683,461.384499534537
17684,524.8760009477375
17685,450.0194195544395
17686,462.74062351196136
17687,437.1996283253623
17688,484.97805458184206
17689,432.26277660731256
17690,469.7424312851226
17691,460.8304227729251
17692,488.39592317727863
17693,405.8504721928535
17694,428.28123775490457
17695,465.40198519779346
17696,373.69262430031307
17697,413.7093174865856
17698,504.7823288315238
17699,439.65594387760837
17700,367.03288499265426
17701,400.1477149408792
17702,486.2712136283076
17703,410.41197094438195
17704,430.08516583190703
17705,428.96034612405623
17706,464.6312428192292
17707,459.5364402012274
17708,431.05102349335357
17709,388.8849375298797
17710,433.84689065344935
17711,491.9711537197757
17712,403.48803051208733
17713,511.5072178504967
17714,414.031561056056
17715,408.39637362284736
17716,465.40927272755096
17717,431.5626525172806
17718,426.0417895658842
17719,441.2664298140905
17720,486.17203553356387
17721,354.8522304006927
17722,402.9068772413104
17723,435.9010469720313
17724,476.0103026225155
17725,484.701177099277
17726,423.8198502026497
17727,455.90712901897393
17728,461.41235919901
17729,412.1549028098861
17730,398.5125901776492
17731,460.29834065255716
17732,391.29599878354725
17733,425.15179110230423
17734,441.2644927407056
17735,506.8505646952408
17736,481.5355134100626
17737,391.59704638403184
17738,457.9656937128159
17739,381.51523956407505
17740,499.08882824925405
17741,406.2625069288646
17742,495.24464225414584
17743,488.19246899133935
17744,420.11272203422254
17745,438.5430023153812
17746,495.8946427213606
17747,429.08162458067886
17748,476.1444551314347
17749,439.5779149575002
17750,418.7821345303492
17751,499.2264202799151
17752,470.1499234107614
17753,398.7500728672348
17754,357.70588187614663
17755,438.1015894679432
17756,464.6531960458673
17757,386.3371524121614
17758,515.6885521722485
17759,491.9512724604013
17760,480.6217036056249
17761,451.18672066037243
17762,438.825172646943
17763,426.26775135911953
17764,495.0662040999819
17765,398.8444389276071
17766,458.3522785439303
17767,481.0602892444692
17768,381.85954917749575
17769,470.8095107821759
17770,400.4678143689938
17771,488.9468014758167
17772,396.07115818202504
17773,475.7104498421809
17774,442.50624946340383
17775,518.8346016130741
17776,477.58133946867906
17777,487.1016676884882
17778,437.9456223991845
17779,438.9483334005119
17780,440.3579642174468
17781,466.08030839235545
17782,402.7727642604003
17783,500.7395860478762
17784,486.3344282681349
17785,389.17478318400924
17786,415.4501002240207
17787,474.7599645406798
17788,409.95523459283436
17789,421.9576196588126
17790,533.5773964645773
17791,430.36236963026
17792,410.1124786062392
17793,460.2121122849508
17794,431.45648804838123
17795,453.5796353139852
17796,512.7747600868942
17797,427.3386352672186
17798,463.94903691265495
17799,412.0193633419583
17800,385.8217223269183
17801,437.64500060913247
17802,400.358659753247
17803,489.4062954725907
17804,492.8058378814438
17805,389.5108519878385
17806,458.6088835848621
17807,409.94752302819745
17808,495.6284812851283
17809,440.32708876296704
17810,452.67096605064665
17811,386.3369581063349
17812,417.9828677417732
17813,465.03454885901215
17814,453.3183606707748
17815,436.05167398384765
17816,509.31109044701384
17817,462.6052310215006
17818,443.7385643545785
17819,479.7855284696032
17820,461.7653165628209
17821,494.7492248572576
17822,429.5116276894567
17823,429.78779648718955
17824,471.666905130219
17825,453.1055777708969
17826,443.67568309021914
17827,383.360751515602
17828,447.64506237003087
17829,473.34616695934403
17830,446.25233216608416
17831,431.03430473760017
17832,451.88214997403406
17833,459.20993361091234
17834,483.67270733665754
17835,422.416281982932
17836,426.6552748764662
17837,457.68883305562304
17838,398.60784840640326
17839,540.9117990018784
17840,510.33863114641235
17841,401.3281790561805
17842,486.6102869333586
17843,506.47413366228585
17844,484.18955149940876
17845,452.1570923688964
17846,444.4497458948485
17847,524.9268932061105
17848,395.7132780233189
17849,476.7299350702643
17850,386.00398748771664
17851,408.94982766352643
17852,437.10390201202875
17853,412.24618110130194
17854,536.1469216224829
17855,481.9160872275252
17856,417.9532408486937
17857,481.08005004415133
17858,380.8384567376514
17859,486.41903370297723
17860,488.6139610389315
17861,393.54108678577336
17862,512.1913855643179
17863,466.68186683891
17864,409.56475369029596
17865,455.58963052044066
17866,400.0809287388524
17867,403.5382344730968
17868,474.42173149932813
17869,507.7846190415587
17870,547.0365408507975
17871,508.4812033569364
17872,390.79443146824104
17873,452.13948321969644
17874,442.3480374570479
17875,534.3611927546032
17876,450.84728019656785
17877,475.38146974475245
17878,473.7500684226987
17879,448.58037305320045
17880,479.44346419039124
17881,416.05665700258834
17882,387.65692841886977
17883,440.3079968089752
17884,385.0549654796626
17885,408.36936513706814
17886,416.1141819753591
17887,405.00151308435863
17888,475.96365215064066
17889,370.40376936163165
17890,484.21599385346525
17891,473.9740952274794
17892,368.1218437834135
17893,450.2006763473736
17894,358.7203777509948
17895,394.57101841338834
17896,464.98260993114195
17897,448.6310097969866
17898,451.86514836007734
17899,427.20821871837677
17900,419.9469940101351
17901,465.8675599071305
17902,445.75497988857387
17903,430.7458015303179
17904,442.5099878382094
17905,495.42260145796075
17906,497.4732984798024
17907,486.55741989423774
17908,404.8276965848808
17909,566.523175842117
17910,464.5503677292337
17911,452.45840207301114
17912,478.46337905029884
17913,500.02537978052646
17914,363.2043170725266
17915,408.76272557972635
17916,464.4789643169803
17917,484.6012290374486
17918,373.61236715926316
17919,432.95767853633674
17920,431.33436550348745
17921,499.56469495012846
17922,454.6051384773027
17923,412.726430492199
17924,422.11907378537927
17925,459.08589803380454
17926,492.8156446603832
17927,434.862696658663
17928,365.98740999929925
17929,497.17405264691854
17930,483.471778265314
17931,464.7905465451467
17932,476.5344435678919
17933,374.08886315037483
17934,423.29590215900305
17935,424.35385524941864
17936,475.9815998513405
17937,433.46043604339116
17938,432.15121849799596
17939,497.0301320129398
17940,426.3932985715669
17941,447.48664983357
17942,479.7856785164167
17943,431.25163171501464
17944,410.4316305773989
17945,434.86010813344143
17946,489.1207239380496
17947,408.52939008277735
17948,430.10126104214396
17949,496.8633763262301
17950,486.18406357551606
17951,338.6912370333336
17952,436.78133298491355
17953,428.3792294035572
17954,432.2075743832635
17955,418.2860023090499
17956,374.73280447486707
17957,400.1190341190161
17958,449.3739615558524
17959,441.97327127958397
17960,420.2361611458412
17961,533.7090031907327
17962,493.40973140228726
17963,415.34821483324924
17964,447.3669604793768
17965,457.8840334951332
17966,451.43668383547833
17967,481.90228198546623
17968,491.2231912115346
17969,377.6668578418275
17970,450.0956450851542
17971,409.9581271623958
17972,419.7054667431678
17973,444.2170132734734
17974,402.9123236283693
17975,433.1801782103729
17976,429.0327118021805
17977,457.72265382359194
17978,457.8278506802736
17979,479.56367221482196
17980,495.3953250313558
17981,487.50961677633825
17982,459.94544306682775
17983,411.64443854300885
17984,398.41984048716415
17985,484.852292586122
17986,450.6124046868826
17987,454.6036861580655
17988,485.0109750444834
17989,432.1480290386995
17990,451.86659248576376
17991,374.4114800265807
17992,453.8694199497767
17993,445.04239866453605
17994,368.96247218375396
17995,451.2796230590138
17996,453.6321648284801
17997,522.8412911470568
17998,455.9345120680596
17999,457.2438064271957
18000,472.3725902547879
18001,441.9990964448167
18002,463.6750891851053
18003,448.77016153428195
18004,359.21488445938553
18005,380.7789374013751
18006,467.06364501870803
18007,436.3641204349937
18008,440.5859004637197
18009,492.0096860693099
18010,466.04003324251926
18011,457.14026354999123
18012,469.70508894625493
18013,491.90541780352936
18014,483.7537539027237
18015,427.9817577413938
18016,404.07235112150977
18017,398.80892969472376
18018,442.8649381887076
18019,460.3447517885127
18020,516.9756064359659
18021,430.9370967739624
18022,447.27897530401646
18023,448.58156301675024
18024,447.30475015479686
18025,455.8439660369149
18026,383.2946497207548
18027,490.78230180037025
18028,541.591000573499
18029,500.99241466083464
18030,407.2279838523431
18031,448.9943706809398
18032,372.90268681606415
18033,475.4031978562559
18034,472.1337822849491
18035,418.0336996179249
18036,492.93934260901386
18037,426.11233166448636
18038,450.94274619874
18039,504.71414319261487
18040,401.0793471836579
18041,421.0778870529747
18042,432.87986919333656
18043,429.76310535538215
18044,368.0350009851217
18045,440.9320856235755
18046,440.0957764593726
18047,544.8515358643446
18048,505.4454768086572
18049,483.3967101368813
18050,463.8322549512192
18051,462.5355681625914
18052,378.3181100910259
18053,392.32281850332726
18054,432.14374471324226
18055,459.07031319098377
18056,482.10886482200834
18057,418.91658268878075
18058,480.33594624807307
18059,478.5854343282472
18060,393.87604680889245
18061,539.9652401102061
18062,487.1354297932338
18063,476.79987241375346
18064,506.07051875960445
18065,475.66992793790007
18066,470.2469465657301
18067,487.2367401357993
18068,459.21073613314684
18069,478.52977780577277
18070,444.7377888960065
18071,471.21772667291475
18072,454.18044469498545
18073,419.4204329403375
18074,470.8312318103036
18075,453.5868459758226
18076,462.88142565320453
18077,463.6211339866638
18078,384.9679956630167
18079,428.384046237022
18080,455.01791906597896
18081,464.8942261800126
18082,440.0625224507154
18083,538.4452510202306
18084,463.1738474753935
18085,542.2091229793737
18086,468.8857654409053
18087,471.15414103850645
18088,439.84857047208124
18089,473.8144817831705
18090,488.56671468903966
18091,475.03656666309047
18092,465.81514634118474
18093,402.42913594845953
18094,493.6905520276332
18095,428.91409697887804
18096,466.40471176004485
18097,452.0586579695712
18098,459.70546959785656
18099,427.3144693648386
18100,404.79417319374113
18101,501.5299134307663
18102,428.9992349646282
18103,417.9161401567782
18104,439.6311975784297
18105,443.29656449538965
18106,446.4484831430925
18107,474.54136825211026
18108,402.9755603916632
18109,456.85765291610807
18110,421.7223476612026
18111,397.4677191861649
18112,463.2784155596985
18113,464.77641271643273
18114,470.92284786963796
18115,494.28010812940664
18116,420.0748736882677
18117,412.6481769741528
18118,519.456345619456
18119,461.6122525054111
18120,446.18346454133155
18121,414.2443889385205
18122,451.99423364283854
18123,432.6368120254036
18124,426.36160847076076
18125,428.61030851726855
18126,412.12693042081463
18127,435.9439262599084
18128,443.4788913037897
18129,474.09743458532205
18130,518.8685368752467
18131,471.31554555272885
18132,400.0562235444082
18133,496.87173230690627
18134,509.8039832197949
18135,360.31749573205394
18136,446.6211466956448
18137,428.36688823756253
18138,366.5923008221641
18139,437.66839697610425
18140,440.2043523168415
18141,409.59007331278264
18142,467.5101702757118
18143,415.8214490524964
18144,372.7603550715709
18145,420.64889653887343
18146,526.5964120422448
18147,438.3062250149102
18148,499.3073155271162
18149,448.1467784779194
18150,510.52767780820506
18151,518.39690669417
18152,409.39105639147914
18153,371.0354464799282
18154,481.10461430888864
18155,443.49928420139923
18156,481.59223643695213
18157,466.14803236149595
18158,471.7581674160565
18159,404.34434255271043
18160,408.4866759433558
18161,469.3870511204289
18162,418.9089851109012
18163,416.37129697994004
18164,519.5062589645623
18165,553.3666450839696
18166,436.0381939714983
18167,454.2241758596324
18168,525.9767203426745
18169,497.96506603447904
18170,398.94757129034593
18171,501.7515232716287
18172,484.30576465067696
18173,453.73074620898257
18174,382.2397412754135
18175,408.71798575623677
18176,493.3573186088441
18177,451.1137393627436
18178,463.7091961985079
18179,430.1671394650378
18180,541.6128596914725
18181,427.114886441767
18182,463.0679659958895
18183,445.52258220386676
18184,525.9600434430988
18185,431.28785896716306
18186,413.42286962537764
18187,444.65969329402856
18188,496.1684283677128
18189,473.51044907965644
18190,487.0628402612988
18191,460.7492406313793
18192,436.615375193573
18193,402.3079979262672
18194,440.01677909684474
18195,439.28194192706934
18196,452.17100155203605
18197,460.3661044508491
18198,447.6845613412627
18199,451.48201230105116
18200,499.2117783531283
18201,519.6589924808924
18202,500.18630784596195
18203,494.49748903060515
18204,461.48842844259786
18205,403.5815250356046
18206,482.23910141614135
18207,460.1910226102203
18208,431.19099851904343
18209,466.47067321930075
18210,499.94407644618735
18211,452.85867142063006
18212,469.04441229914397
18213,485.3115444697355
18214,448.6160028340778
18215,424.5455583261009
18216,430.8870682068916
18217,347.25200677798506
18218,492.03120115613757
18219,485.8861537657487
18220,489.06947650975906
18221,463.5195688403395
18222,491.9444948514626
18223,398.0889921818328
18224,419.1210517239422
18225,356.9084840894398
18226,459.45389361555846
18227,455.7442115826355
18228,449.6489227078444
18229,444.640660541674
18230,496.5877326480579
18231,382.7787296264348
18232,481.90556923952755
18233,518.5779763406249
18234,405.4294510511173
18235,464.98317626871284
18236,415.8786233191998
18237,450.10380933835364
18238,501.442449723978
18239,506.6301988790826
18240,433.2214741576119
18241,447.15643049652476
18242,437.9925417282863
18243,514.8264302797631
18244,494.31409498816436
18245,471.0662913593398
18246,474.5485523289582
18247,392.2196040410581
18248,489.6090662983641
18249,340.5033066792392
18250,424.80010540204944
18251,528.2848810883391
18252,453.5192730072142
18253,437.119866187662
18254,455.50354992696555
18255,487.9936544705497
18256,458.8547248734948
18257,448.10044370241997
18258,468.78910855965006
18259,507.9875606816547
18260,502.47749580798376
18261,437.07771758756314
18262,502.56606330844625
18263,528.5027848028226
18264,452.7416453448663
18265,465.83820876576584
18266,451.8563206021593
18267,500.775145709
18268,371.1354810151441
18269,455.1558711240721
18270,381.122133675367
18271,486.5858073791357
18272,417.14194270041094
18273,460.79150151137804
18274,447.12523356664275
18275,453.83282967349777
18276,440.951310153023
18277,446.9666309310679
18278,470.46433855078635
18279,417.85693679281366
18280,421.0113501760677
18281,429.7567763526881
18282,475.4935855356484
18283,476.2437553394619
18284,485.154363464345
18285,449.6872144864099
18286,413.5928806364683
18287,374.2835944321935
18288,395.38250999087234
18289,438.3710559565371
18290,471.90269403220896
18291,481.8540977153398
18292,471.94034326083647
18293,413.3286421167713
18294,530.54089656711
18295,499.4282687024993
18296,416.6318392908881
18297,438.06316937731634
18298,441.72054371936935
18299,350.7715824015534
18300,463.22248376822824
18301,439.5597422392561
18302,432.017052552324
18303,485.40752230580017
18304,393.4417382556685
18305,503.7947553602933
18306,460.33517463466234
18307,483.3418088943489
18308,468.5942678592936
18309,408.16322072147324
18310,507.9519839307031
18311,481.6672424922961
18312,507.2095465512181
18313,516.436626603565
18314,474.1058681957371
18315,420.5064489650878
18316,407.52119040275244
18317,440.5847460572255
18318,442.7896688193663
18319,457.844606291222
18320,500.2923455287809
18321,468.35552947796066
18322,457.4705957941113
18323,437.1729789618506
18324,440.1415866995245
18325,442.2877088754814
18326,467.44896477267827
18327,429.88248339030946
18328,400.3193434022558
18329,434.83560802044224
18330,486.5238068789783
18331,425.00269793602564
18332,491.8264186201643
18333,430.7141806111179
18334,438.6959482684992
18335,434.56554169457814
18336,355.5650901778728
18337,436.7246786169221
18338,475.9096207158175
18339,431.14344584343115
18340,487.3360425529589
18341,415.6834723233413
18342,436.83589517199437
18343,482.40917658847985
18344,436.0084723616354
18345,457.3704316248461
18346,468.1119184669238
18347,502.3200380507547
18348,447.57022376610547
18349,483.5363459650969
18350,469.72604534638833
18351,523.1352690972972
18352,430.5864712958672
18353,428.9995238193743
18354,415.30214915493514
18355,488.116657277066
18356,473.5756281909818
18357,455.3226626080671
18358,458.7700363693805
18359,380.66143997870023
18360,441.7071471945556
18361,473.07028404779953
18362,440.3606167835817
18363,446.60702083199845
18364,462.44025102042025
18365,388.8390828177558
18366,441.3376496935196
18367,448.7245398199186
18368,433.5833608657461
18369,421.2244330122801
18370,429.46619264263256
18371,410.6371501213668
18372,452.428499231667
18373,426.0459640348949
18374,413.1952161585332
18375,409.4475480234342
18376,466.1454718066218
18377,470.08962606212657
18378,482.5529918678734
18379,534.0051966886977
18380,410.7369620040941
18381,510.124045751172
18382,460.1050222452445
18383,554.0453575659645
18384,442.69325894741024
18385,453.03965381644434
18386,495.1165425032416
18387,444.3116805965309
18388,456.35149342329964
18389,427.73853270314646
18390,484.93603118666283
18391,441.7915508771167
18392,469.65196273299534
18393,567.963430972487
18394,408.7184969356467
18395,478.3515322927713
18396,415.81661360410754
18397,521.0502730876316
18398,439.4822400806092
18399,422.0915467285737
18400,421.3042163763624
18401,450.2085053067641
18402,428.4064191715483
18403,454.2367003880778
18404,475.15959680879484
18405,406.33092865212853
18406,510.3656983549466
18407,469.6732598798241
18408,460.25337727811257
18409,417.2079593160149
18410,459.75376860701243
18411,426.21654609486166
18412,456.05072439493676
18413,425.66655070484967
18414,443.05047559077775
18415,468.2637949204999
18416,534.168550575199
18417,337.092431978656
18418,446.9117628367104
18419,486.6840941159868
18420,469.03677079016865
18421,467.0953729300498
18422,499.3018966679714
18423,487.84390930943465
18424,415.95979530540654
18425,478.26720477675616
18426,428.3259279167804
18427,458.2200163605159
18428,489.91948676070695
18429,434.8546042692596
18430,466.8870947149016
18431,438.8812077185397
18432,421.44411090535215
18433,398.79642186494505
18434,458.75955914378955
18435,405.8064538846251
18436,428.2087925897681
18437,433.76848652175124
18438,463.52173113951244
18439,464.99339111214937
18440,455.63378290163104
18441,428.14392156219157
18442,443.25112574244656
18443,442.18619881137806
18444,408.32300670615626
18445,426.06816883826053
18446,463.1947155008661
18447,446.67068681579735
18448,435.0133142375379
18449,415.03199788384296
18450,437.74834300626264
18451,425.337945701232
18452,486.93973019969457
18453,514.3037986115734
18454,422.3914909594829
18455,425.6893689859764
18456,341.2445125391121
18457,480.33113790252594
18458,483.6258668235847
18459,535.6462418623483
18460,522.1098783530779
18461,447.68342676776723
18462,496.20424458055186
18463,438.7002727777106
18464,445.3141522296481
18465,451.74205902138533
18466,426.3965647615826
18467,471.7416219102661
18468,511.78444323960707
18469,448.0749205204807
18470,454.49161214428767
18471,454.45792993695056
18472,472.21637473702674
18473,505.789617516121
18474,479.38018624638613
18475,404.1735676552826
18476,405.56660998495687
18477,412.0258756839612
18478,408.78877904689637
18479,513.5117622085929
18480,512.8421548926722
18481,463.15709746614465
18482,451.04228011108694
18483,476.7853143446858
18484,465.5102215282252
18485,504.46269712156493
18486,480.9732051839801
18487,435.5990829518866
18488,458.53403965328096
18489,512.0281278806174
18490,444.7364930111966
18491,409.60114798558374
18492,492.02701288003124
18493,411.52281418068895
18494,421.4802654463958
18495,432.4813514308542
18496,448.04443305534727
18497,480.4397123829775
18498,416.8620297297164
18499,450.24336273748537
18500,457.3302495211551
18501,466.7188519693114
18502,440.209631974475
18503,402.96324982334147
18504,417.3819402989882
18505,393.92923041361325
18506,414.2009727021307
18507,420.8449319835732
18508,422.33925819523455
18509,391.20222222536114
18510,455.56326031909447
18511,442.89847825053675
18512,416.5967500417262
18513,473.6954367792454
18514,410.16494463031944
18515,491.95432130769075
18516,506.5914856950161
18517,394.36901973060156
18518,420.098699045151
18519,410.8857976002144
18520,466.8149007222193
18521,433.9734013971666
18522,475.5731829812979
18523,381.6323823532062
18524,424.58537302448235
18525,503.17746390617697
18526,411.65087353258025
18527,532.0466084622955
18528,489.6427134560966
18529,410.6173013085789
18530,385.2788129641516
18531,462.56597394147855
18532,428.2748842466502
18533,462.5463976112927
18534,427.59649903882365
18535,403.8514751439365
18536,448.38501885586965
18537,459.4361379078934
18538,455.89185364229195
18539,420.19463574586825
18540,466.0888352457276
18541,453.5039342216845
18542,461.2629843234044
18543,412.09853738781175
18544,477.7492856741632
18545,488.2354001794997
18546,445.8894367143882
18547,547.0661575338687
18548,354.6881037221266
18549,356.06557879336003
18550,483.9887408578575
18551,412.3234410410141
18552,379.1304607807073
18553,464.48282492358453
18554,525.2973085114594
18555,408.6903450930363
18556,458.7142957298411
18557,425.871728296704
18558,487.16429559798934
18559,466.2935650433314
18560,490.12807301697615
18561,497.54266444300964
18562,416.3270837996277
18563,473.6605371269524
18564,388.1045180200583
18565,436.60616109785155
18566,496.44752197210806
18567,486.95828505419746
18568,384.6931385331941
18569,410.2261670672483
18570,463.26501148666773
18571,359.6620278231557
18572,456.8229704381538
18573,395.6623061373649
18574,456.85753493809835
18575,541.2677271775929
18576,380.5037216100839
18577,535.1557856718035
18578,406.192312587617
18579,449.4573012296689
18580,322.90223675004336
18581,406.7411875753445
18582,432.56594814036066
18583,449.1764955486581
18584,427.64067638634054
18585,401.5405969435884
18586,463.9280630513134
18587,433.2266631506651
18588,379.87497884334306
18589,457.2836440420254
18590,422.5111975822255
18591,446.7364090804246
18592,457.06121254979536
18593,451.2315697509461
18594,413.9924580396519
18595,470.5787029593589
18596,397.04744119805724
18597,446.93411474629653
18598,438.4063803303111
18599,496.2393290621798
18600,451.85128928221405
18601,447.6902431942875
18602,396.18276582215185
18603,436.76065491947884
18604,422.1057450219405
18605,531.121715216374
18606,414.89473923302205
18607,464.8172647405839
18608,490.3310239057786
18609,498.560153279621
18610,375.82967252535246
18611,399.56760417094364
18612,469.1170129962711
18613,389.21676834014886
18614,459.0872014356542
18615,455.67094481592045
18616,456.91211463432984
18617,394.22263593312033
18618,420.52886281582704
18619,490.6661877772695
18620,376.61338803625046
18621,516.7032287561119
18622,441.96368042337696
18623,387.1016363395433
18624,497.2419855712395
18625,424.33648202853425
18626,436.81672359573076
18627,387.50885751773353
18628,440.96270374781926
18629,436.85421401962145
18630,475.86050913983075
18631,482.45529586515784
18632,500.3809128633314
18633,451.46979848888526
18634,446.9951998509465
18635,553.7204881165043
18636,476.490214868205
18637,444.88498586900823
18638,482.0145173838255
18639,396.94564274724746
18640,413.0409591760685
18641,442.34461003549444
18642,428.01083842027845
18643,484.89190846692367
18644,403.98024741555577
18645,376.8836379825065
18646,464.08909234210296
18647,409.78714545361197
18648,497.1012504502766
18649,435.451906574997
18650,417.44820040552764
18651,478.43049875326165
18652,455.9385990136396
18653,450.2546114405965
18654,468.6225346877598
18655,447.7708539240669
18656,448.2703260044084
18657,504.2258291761094
18658,519.4344790747098
18659,388.68819024698394
18660,428.0835952806338
18661,449.5092774497499
18662,432.1983823360946
18663,390.8528157688184
18664,478.4649317649263
18665,421.4001380483408
18666,472.66243700326766
18667,460.9772976784223
18668,463.18480209453077
18669,466.60230786079126
18670,411.4853678967881
18671,438.6837915736062
18672,444.6004117098869
18673,530.9579036866095
18674,503.7657388070051
18675,454.7765560951046
18676,460.24459422169906
18677,432.15083512469704
18678,428.34109808867805
18679,456.2535316677441
18680,458.22869907220246
18681,467.64814410887936
18682,435.721110085067
18683,437.22446464155047
18684,431.31077647619367
18685,431.130560461284
18686,436.7682160755125
18687,462.3560813773758
18688,487.29918541605605
18689,469.1059966627808
18690,476.72036557540355
18691,422.1131930125864
18692,513.5303547702205
18693,508.0394681151211
18694,459.4429170942968
18695,484.74815897834867
18696,454.3417930090382
18697,429.78446639915154
18698,424.9567840449866
18699,466.74245281322476
18700,477.8480465330483
18701,422.2029401909442
18702,404.1088367232511
18703,479.36640799793963
18704,429.43886551253206
18705,510.43983257145675
18706,511.6129668105556
18707,472.3347898811445
18708,428.6248512994891
18709,450.64313249975726
18710,471.3195580779506
18711,476.29016099504145
18712,455.83744749918276
18713,436.2462492913185
18714,471.3272248281466
18715,448.678702561826
18716,382.6604103085149
18717,479.26069056510903
18718,421.4762337937202
18719,429.9500258780891
18720,477.36747605148116
18721,422.09631175131335
18722,429.8028189882698
18723,495.98080609347437
18724,431.75675609369756
18725,433.1684116874197
18726,423.8461970906033
18727,520.7501187928289
18728,440.882377021099
18729,565.4746721746188
18730,416.41679397854506
18731,506.6670270465252
18732,360.41584221688686
18733,352.59359403332957
18734,499.20916133323715
18735,386.9623976604017
18736,407.751196045733
18737,448.90337582157065
18738,488.52162293813103
18739,465.34332021850025
18740,438.81354437080057
18741,500.7724695598273
18742,476.18998021859846
18743,509.75817237833473
18744,446.2359462084844
18745,413.93794674548104
18746,438.3105341585973
18747,415.30512894446315
18748,427.86443959364397
18749,455.6696427916345
18750,456.15285124900356
18751,443.53071068513367
18752,461.87865898279045
18753,470.5498254310085
18754,467.38820551413033
18755,486.9364521476296
18756,478.2435858749969
18757,437.9307102616932
18758,376.7964060526885
18759,474.45165041621476
18760,498.5795691343963
18761,399.1758636538564
18762,430.1125979258823
18763,478.344053798328
18764,488.3025389701517
18765,413.193590135566
18766,432.2283614585325
18767,527.4851831990181
18768,490.69360019901256
18769,363.26333793962357
18770,497.72741743842874
18771,423.8930408891031
18772,368.705294103431
18773,440.4113597300736
18774,400.58326716232125
18775,466.77774348597825
18776,495.4226791907132
18777,491.2335917326959
18778,497.8466448356339
18779,444.3315701492213
18780,408.6920647728664
18781,442.07714139536415
18782,407.62914256276713
18783,421.6120408840422
18784,426.77542007891407
18785,495.92824642690397
18786,491.9469334497019
18787,458.83607200547334
18788,445.0787134421234
18789,433.99522151823516
18790,425.3252222577942
18791,415.2359984274003
18792,457.53020337941444
18793,499.00618436367506
18794,489.0340272610908
18795,438.61533036063906
18796,514.2069343113594
18797,425.87957553563547
18798,500.8232304206409
18799,439.94538370734733
18800,486.9625466554878
18801,500.8396207452344
18802,513.4824051870044
18803,363.3819267847114
18804,415.57545621606135
18805,433.2997658959455
18806,449.4875446797057
18807,496.3448276173415
18808,412.031396985913
18809,422.5811704887782
18810,412.66018704129607
18811,389.7166847141417
18812,506.7304644439705
18813,407.92282511784254
18814,437.06835146051736
18815,472.2729751760224
18816,363.87679271018135
18817,385.90993648665227
18818,525.6879295069257
18819,419.34512582330507
18820,445.3592966955854
18821,417.78407788507417
18822,516.0740629716603
18823,451.1763845519409
18824,362.10167015101064
18825,481.91270442522557
18826,466.57175392573737
18827,418.10119170620976
18828,446.381913225494
18829,502.6801886456106
18830,489.88987142712006
18831,369.033953607374
18832,441.3542988841009
18833,425.0129335462092
18834,455.3600053551399
18835,496.26542053724944
18836,430.72349276356795
18837,444.1785406287703
18838,470.27779793804194
18839,400.8980438322437
18840,444.0811165880761
18841,447.43561072191517
18842,414.7814762075978
18843,513.6583033407454
18844,456.3635654273804
18845,426.428012893708
18846,401.72873493936686
18847,381.07258477944333
18848,449.6757976295009
18849,424.8786819481392
18850,442.5204428480796
18851,485.07245244047925
18852,454.0055706796506
18853,543.7212908498688
18854,474.6968896148692
18855,411.99731362074976
18856,501.8204907060523
18857,476.1476503560648
18858,508.78469004338893
18859,421.7591071416118
18860,435.8144948878322
18861,415.35346932834534
18862,444.9224742504824
18863,545.4115030461863
18864,516.3013063446793
18865,440.07962104448825
18866,442.11677044851507
18867,419.83730478025666
18868,495.59131206670855
18869,449.2566411702597
18870,375.8729591804845
18871,492.0282855962787
18872,437.34208990165814
18873,443.53008685365717
18874,500.05002750443344
18875,435.16445060534164
18876,473.0629342880533
18877,454.05809083160034
18878,468.27716808116344
18879,425.12360777532865
18880,435.76250219564673
18881,443.8709272924184
18882,473.04627794693465
18883,410.62159672451554
18884,436.42035318411627
18885,349.8953726209562
18886,409.64861871304186
18887,444.87490972348473
18888,435.3657196101744
18889,511.2965774481361
18890,460.8946925398372
18891,444.2966206089859
18892,481.29021522094564
18893,473.86182910995643
18894,461.0725819833756
18895,453.31898035983903
18896,443.0274251596364
18897,415.96108228917933
18898,440.8774584408634
18899,402.1915107835683
18900,495.4597212294369
18901,482.9275714152347
18902,517.5589499909406
18903,445.65618173826726
18904,406.9486558121069
18905,456.31558572917004
18906,384.85493281720363
18907,453.49671878941695
18908,446.0031270253729
18909,482.8293862052271
18910,443.5293254647391
18911,529.766615509897
18912,431.0945789112093
18913,446.80928705886174
18914,446.7577643383168
18915,482.7604528524275
18916,376.0677520705924
18917,398.7142731035015
18918,507.71204155254946
18919,451.00084049333026
18920,413.51411166069676
18921,415.7801346107508
18922,489.5818394299575
18923,428.16978327585593
18924,459.51136376128494
18925,485.04655392015417
18926,490.75204340571565
18927,483.29148430348005
18928,509.3009922176677
18929,451.1568115558924
18930,411.13190681969513
18931,456.32135167280757
18932,464.59767413533126
18933,420.357861071875
18934,526.0344765532619
18935,485.35979147944124
18936,453.04411029460556
18937,412.7569478555066
18938,438.2780564463923
18939,455.4693077900495
18940,395.29807442501607
18941,430.87664739133083
18942,457.2756351598624
18943,354.34418692938453
18944,407.18041650468007
18945,472.22091636994264
18946,417.2707384732609
18947,476.2233003102068
18948,438.24055876869994
18949,425.1922146686652
18950,515.2556126821188
18951,407.30755387363314
18952,393.7371507403143
18953,505.176194411515
18954,350.6179105001892
18955,480.87998434267075
18956,452.4544362259208
18957,407.671243708023
18958,447.8031074466458
18959,426.4108157854327
18960,429.0703989041058
18961,484.38503033461626
18962,437.8419356556056
18963,467.88662929620205
18964,398.2594116999879
18965,397.0085148143808
18966,492.17240265303104
18967,436.1494317499698
18968,474.7793885890919
18969,409.2980295712513
18970,405.7117892353889
18971,487.14995604602893
18972,403.5628611329907
18973,412.9591183266169
18974,504.9529521750867
18975,388.99279290067176
18976,480.0524422596121
18977,449.9664661156535
18978,467.4848073366361
18979,474.3637047180115
18980,435.4649369416662
18981,442.3574298613341
18982,326.60336714570724
18983,412.0763493406272
18984,444.09231932447483
18985,439.8509013265583
18986,433.2830145150342
18987,489.49374892968075
18988,424.7949174989428
18989,467.1441718926806
18990,424.775735164762
18991,454.0925934816435
18992,434.1762397666771
18993,467.38576483148654
18994,408.67215968562493
18995,473.8417313041144
18996,429.05942872063645
18997,476.86467129347045
18998,453.42285534245536
18999,463.1647230601651
19000,499.4604702280412
19001,404.4398999969858
19002,482.026836922235
19003,515.6158375328575
19004,442.73036730258207
19005,423.4942148804845
19006,453.7413621586782
19007,448.0545857175787
19008,509.31946924855123
19009,448.7728017068262
19010,433.5441183662869
19011,350.7839554109883
19012,461.9050067202088
19013,397.90968226359195
19014,499.4396447322257
19015,458.0873057084784
19016,484.03931108259684
19017,411.31232198110985
19018,477.18724782290866
19019,451.7467073310354
19020,508.97183972288383
19021,517.2687877929676
19022,409.8469497850543
19023,431.0540022899088
19024,455.4424506307609
19025,401.9344996812335
19026,451.0505044686338
19027,449.16058822025974
19028,442.3007196619692
19029,419.38016861667137
19030,474.6066438283738
19031,449.14021893277334
19032,454.18881480612873
19033,449.72775310702866
19034,388.2949915461546
19035,478.8881515172399
19036,451.5418986891637
19037,416.27164647533533
19038,442.8948883551469
19039,386.8037261501664
19040,446.8197897622479
19041,463.7058432857891
19042,453.53830663638513
19043,473.62253571483285
19044,468.9903170367669
19045,464.3832070628984
19046,373.68417254173505
19047,467.2572394790588
19048,432.50180428736763
19049,408.9744977187791
19050,457.10670320606727
19051,524.813640353931
19052,405.99498845748576
19053,493.5852989444673
19054,406.0912757778611
19055,415.7954631992838
19056,459.71980876944923
19057,447.9925333345806
19058,430.6186460822303
19059,406.8900830889541
19060,452.22607573514716
19061,478.3152882191649
19062,515.4093377916287
19063,524.865123864684
19064,431.2927272420287
19065,462.94066938844105
19066,480.7058807171465
19067,449.5250253234573
19068,412.43655513665357
19069,418.3771485472238
19070,459.85900437308885
19071,479.27063402778384
19072,480.2689133072143
19073,382.11836735783436
19074,398.09702957228075
19075,500.15295126920637
19076,502.1287839381273
19077,468.1041918995811
19078,492.64918857216816
19079,467.7155527560538
19080,447.2292824738953
19081,404.2391226585268
19082,413.4233087050947
19083,509.9299322020798
19084,388.2490688743505
19085,403.98948619988704
19086,485.7772994256806
19087,405.55904235510747
19088,402.7344573314608
19089,416.1404797878234
19090,440.28411749030124
19091,467.3713630183078
19092,466.10899297019324
19093,359.89071901974506
19094,432.37383069763075
19095,465.3581957347949
19096,418.40058743968825
19097,470.2133417590031
19098,449.2376687439268
19099,435.7221438054813
19100,415.5078992039811
19101,439.4060005747293
19102,425.76043072543877
19103,468.0007835115159
19104,434.77825771865184
19105,420.4256817961948
19106,462.42198761978574
19107,418.6478971702503
19108,474.6128613051399
19109,469.72162323303894
19110,518.6447599047709
19111,400.1412091418831
19112,453.3833357992133
19113,387.4684513964333
19114,483.9566789263288
19115,475.75923865948505
19116,368.517631352197
19117,470.88162974150526
19118,461.8485536105271
19119,395.6068148204426
19120,449.57288982960034
19121,474.75191841511537
19122,450.84116914154254
19123,462.2885071011071
19124,405.1002231115521
19125,431.5066584213035
19126,395.39591223375203
19127,480.8442272993687
19128,484.38631943561273
19129,453.79356778770415
19130,469.95932089143804
19131,430.36059215552547
19132,451.0249453062831
19133,448.87947158794225
19134,355.62345758891024
19135,462.32978742777556
19136,489.00169404501855
19137,430.71263407731567
19138,424.4091705061689
19139,452.9726014914055
19140,488.5143333122555
19141,397.6444094661353
19142,424.75145120475645
19143,443.2632822261545
19144,444.74215346709525
19145,466.1548021794891
19146,488.44393357651813
19147,444.2899472483133
19148,447.90828037911166
19149,411.8631582019123
19150,450.70700675677165
19151,437.07241224741284
19152,423.268304107968
19153,391.06122365555024
19154,395.08294279714283
19155,450.4619404212744
19156,442.39413031707085
19157,476.1296738296711
19158,491.32562925032926
19159,508.2391962566085
19160,489.98655759848754
19161,481.5728168848653
19162,436.810631489726
19163,425.51724122956233
19164,441.84869914164454
19165,447.0240686537506
19166,455.85279865994414
19167,428.3235737824158
19168,496.7809247604716
19169,461.1655813304038
19170,404.9237527550174
19171,466.74079754848236
19172,426.70929828794414
19173,498.46581099994995
19174,496.50788137989855
19175,434.8489445057761
19176,456.5560438097997
19177,484.60319335959554
19178,394.2515449230697
19179,324.85079487681253
19180,484.0120958767663
19181,474.8366729155368
19182,452.92606160479505
19183,397.1138012531035
19184,467.48907701033255
19185,466.59694624984724
19186,383.37233356636403
19187,478.62607289943514
19188,502.039662600033
19189,516.3405214478275
19190,432.9221992523861
19191,451.8373577096061
19192,450.3311730845444
19193,456.5713989977534
19194,535.1457689977289
19195,410.264333325238
19196,480.1184913305228
19197,447.51106861590546
19198,533.3071192412754
19199,381.07900118111127
19200,433.16375049977563
19201,448.7962562519611
19202,501.8227743999842
19203,510.4443723651776
19204,431.9418997786169
19205,509.2223811533381
19206,462.3301494105986
19207,470.43708357376926
19208,401.9205559211217
19209,406.3028853436747
19210,439.87359296560874
19211,434.34002962427314
19212,435.4940442019558
19213,454.1418719449248
19214,387.5991636395026
19215,386.844014535819
19216,500.73409538011606
19217,379.22527515143463
19218,493.3637898681492
19219,398.9393674135725
19220,401.32119308580053
19221,464.7603060428303
19222,480.74375321731213
19223,403.40243957224567
19224,475.59305224336873
19225,437.42904799670185
19226,360.0162770426007
19227,336.162861708683
19228,443.85499740780864
19229,519.4919551891918
19230,522.041329870243
19231,480.35479067767415
19232,422.9848735479382
19233,386.24268186184963
19234,437.53842596811626
19235,454.30137932110057
19236,468.91891174187
19237,435.28987089232595
19238,407.62319529074244
19239,428.3659915323225
19240,474.83432879044045
19241,435.65985195229985
19242,448.68817499180074
19243,399.22132974168863
19244,480.81175556078676
19245,478.70950627735243
19246,467.02748308844207
19247,418.0787168215708
19248,454.4852468610193
19249,427.7606311244267
19250,413.43706578042793
19251,490.36133407325525
19252,446.5335064498554
19253,370.85944057158804
19254,391.5899504720042
19255,471.55366014169897
19256,468.537472695494
19257,402.7181515952011
19258,409.12582449861134
19259,412.146126816373
19260,455.54584030555924
19261,438.24307768278777
19262,469.57892242054993
19263,424.25973039351874
19264,545.0278484604889
19265,452.11273584340404
19266,427.1316956223591
19267,440.0981026519395
19268,557.9207761374012
19269,431.9862011767401
19270,385.47554555805726
19271,398.99804771992
19272,376.38709654141326
19273,419.36116617389627
19274,450.92427664618015
19275,452.4869939972367
19276,487.1683831211569
19277,401.0202674455699
19278,452.07748803034707
19279,435.026388095261
19280,397.033934743508
19281,460.03308417131086
19282,456.13317746664853
19283,476.179973591406
19284,409.3551270009387
19285,439.8288236687257
19286,444.0677938557653
19287,453.0536091276106
19288,459.36649309149175
19289,407.809581277695
19290,458.99104081633277
19291,565.4716917583002
19292,434.65800307361906
19293,379.5378717887923
19294,373.9229717312866
19295,515.2272411338611
19296,453.606740785276
19297,484.13839685652243
19298,439.3616810492525
19299,466.8508970612817
19300,406.0843685459293
19301,476.0521023422745
19302,419.5151412197613
19303,499.6905812018853
19304,399.3298002181525
19305,464.3149399813403
19306,454.5037475142586
19307,419.6345531452777
19308,480.9352917624581
19309,405.01303914553375
19310,459.81368418088476
19311,433.10797905671234
19312,429.3449705915052
19313,402.5854544238869
19314,479.8933145260677
19315,455.10664063926913
19316,485.8397689484256
19317,433.8864475885068
19318,452.69265146503204
19319,471.43546584408153
19320,425.4983528454559
19321,447.0279129384057
19322,464.4086490679163
19323,421.9304877359538
19324,433.2474328957902
19325,423.32480836306337
19326,418.4391056036407
19327,467.3345494336082
19328,368.50256390776065
19329,444.50166189049406
19330,443.11511747357827
19331,351.4160098279309
19332,484.35522520006947
19333,415.0777893831646
19334,369.8207065058864
19335,507.3518784279563
19336,472.6918310134207
19337,421.3443875795176
19338,460.360079177103
19339,431.77823918676955
19340,500.5611826200842
19341,413.57931545499997
19342,423.04292556185635
19343,427.33943858955286
19344,475.52270894689644
19345,423.4041473219125
19346,370.0386807681792
19347,494.4584310357007
19348,395.9109317560733
19349,469.9735660361407
19350,500.2033859545637
19351,413.25466176952534
19352,468.9545899376991
19353,464.2095209491603
19354,493.1030088328238
19355,388.5829286101973
19356,458.7951196511654
19357,457.88641614357323
19358,442.76587942796345
19359,454.54470744038736
19360,505.0338916449073
19361,426.6531672837589
19362,476.9132570146319
19363,456.57952402373644
19364,528.8002071057896
19365,468.82015782345553
19366,441.5674317451528
19367,421.90514519830026
19368,464.4390055993619
19369,461.1455973692346
19370,460.04724412400014
19371,474.01973326902805
19372,488.1982923147855
19373,445.72351161724856
19374,492.8827689220152
19375,462.2089430955671
19376,495.419347154767
19377,392.3347162306552
19378,445.60575400090215
19379,439.1531700497631
19380,486.1091791024653
19381,415.0153673179137
19382,439.5488952335771
19383,527.9365577151693
19384,463.09954940004525
19385,424.7242225970963
19386,513.9146687883556
19387,420.09462067849415
19388,456.140948259405
19389,443.533691825972
19390,423.396865361916
19391,462.8250586798732
19392,547.6327309774273
19393,475.9026407615849
19394,462.1906678486981
19395,433.8376636748457
19396,519.8804809985676
19397,452.81891081752167
19398,503.7899895267817
19399,421.4882059068419
19400,488.50282163506756
19401,453.90817327429295
19402,426.0628443465814
19403,485.20989184264073
19404,479.7904222417123
19405,438.3159275489193
19406,432.6049724970604
19407,423.17494610169314
19408,502.1388909158244
19409,350.8264357125474
19410,465.43420111613136
19411,399.9111079051599
19412,381.32492258833486
19413,434.6063029829158
19414,430.5798228907253
19415,496.27137114101
19416,421.0995751305695
19417,459.37385511027026
19418,439.4984517119289
19419,466.4413607467354
19420,453.1297290032278
19421,440.94174354696014
19422,495.9117426938537
19423,500.3095403792246
19424,415.27167451060217
19425,447.3796649400044
19426,514.7426108871551
19427,457.2782994625242
19428,471.1344897800247
19429,469.15684054477134
19430,418.4937266497615
19431,498.74878392278987
19432,487.71737488000974
19433,438.75232374678166
19434,484.8170775231794
19435,456.1146227454164
19436,447.07961189549377
19437,397.55375042323755
19438,400.4358084212795
19439,476.76489891365276
19440,442.090487379933
19441,425.47992350395697
19442,536.3254736554716
19443,508.5354222043466
19444,421.0511603997273
19445,527.699516956727
19446,452.90612400615584
19447,469.03286377245183
19448,470.05778620990867
19449,467.0059183742391
19450,482.03627088696186
19451,481.1267088925621
19452,464.1832878209759
19453,405.47644002369753
19454,449.8167784239496
19455,435.36351407701164
19456,430.33927490644885
19457,418.9919454999965
19458,427.2817951790358
19459,448.2504320387418
19460,425.5752104753465
19461,411.2626317836123
19462,477.0184625730226
19463,434.3613830343542
19464,470.3471358144279
19465,455.99559725230796
19466,469.703551935739
19467,449.6977570170239
19468,489.7400419417354
19469,521.7463892906652
19470,440.24119773674624
19471,480.3644457259658
19472,505.8310354703917
19473,493.5487602626422
19474,367.52457319429664
19475,485.29861186275957
19476,414.0000661336138
19477,494.7211362615509
19478,460.82552397811446
19479,457.2441538050374
19480,447.69196615518814
19481,398.24870150617954
19482,444.80233649675455
19483,443.9376920465634
19484,390.1037676442308
19485,458.76901213035813
19486,455.5872654570482
19487,458.0898537710941
19488,434.07184879761326
19489,458.91976210800755
19490,504.9475882517566
19491,456.5023276219537
19492,470.7365326672658
19493,508.742167706206
19494,440.60043860429124
19495,450.25695621635356
19496,439.84746850233677
19497,411.8605673811752
19498,431.94843560067466
19499,445.55626714109957
19500,394.1919659963552
19501,453.18010335440334
19502,401.9242688502099
19503,444.5316349986567
19504,447.1612558113676
19505,553.602408028365
19506,428.2157411766886
19507,414.8261525831447
19508,477.4868397839445
19509,448.073100426353
19510,532.2076527010021
19511,451.90912734408494
19512,435.9462733089084
19513,511.0800215993673
19514,467.5577671500637
19515,444.5645264407985
19516,392.6635334506096
19517,421.9385243690975
19518,456.22112961847023
19519,437.8948598552524
19520,422.346701901602
19521,442.7519516789484
19522,479.7753549948229
19523,486.8164672493292
19524,489.80119198661146
19525,489.82250375898576
19526,370.6060113103553
19527,446.33518257763376
19528,446.1313895899198
19529,491.7671389304963
19530,438.12648043591065
19531,531.3334681554535
19532,465.1555444390114
19533,461.29046804832194
19534,450.5025276101535
19535,409.40534582468956
19536,502.48170487895646
19537,380.14764636492214
19538,494.5081632751287
19539,497.42547669060707
19540,516.4225028065857
19541,539.7169796128038
19542,474.4354552873916
19543,365.50569404468405
19544,461.9160589094717
19545,468.29307950305815
19546,515.7635895443588
19547,437.25712272875774
19548,423.15395943513914
19549,437.6727640674791
19550,444.1718216346838
19551,413.30376114932744
19552,461.96602732478954
19553,400.89776894175685
19554,475.9187832277374
19555,431.2771718043776
19556,474.6720014942826
19557,434.3675519024168
19558,479.4335253181569
19559,455.20975820436087
19560,442.7249405024429
19561,476.11840825237823
19562,418.16514744515524
19563,400.10773507727896
19564,475.6543719392398
19565,484.3763955500948
19566,404.6702008463705
19567,439.36670553466945
19568,486.0979770718183
19569,467.34355134421656
19570,411.777031648886
19571,458.4588986597161
19572,391.2671783729062
19573,461.18894260699324
19574,409.3002530045647
19575,461.74560888342467
19576,512.3068001347232
19577,501.9903083634361
19578,412.86874194414014
19579,443.9692206964447
19580,452.7667235840362
19581,437.47682680231344
19582,412.6181249936833
19583,475.40603652838826
19584,415.0625887414722
19585,528.2652063559788
19586,429.6823725571309
19587,550.9262598666539
19588,435.6309883138916
19589,450.5361862446414
19590,384.59316200794586
19591,419.7717731973927
19592,453.7018384553065
19593,370.580431800062
19594,400.285758188749
19595,341.73182240959704
19596,488.9102379536061
19597,495.13903177918405
19598,491.3849658305281
19599,460.0705212605222
19600,398.8158526250495
19601,508.6197774752891
19602,503.0734519484881
19603,433.90041777698235
19604,378.1856669620523
19605,448.6895404780064
19606,441.1636282331335
19607,456.4585118382969
19608,399.6793518870098
19609,452.1005719698142
19610,442.6542735807914
19611,395.60241299766557
19612,417.6764630566127
19613,449.72076330442354
19614,401.78354499023465
19615,462.9934431286683
19616,467.7478480404506
19617,448.18979319249536
19618,466.3580075795354
19619,426.4503486043426
19620,513.8106655386498
19621,448.9539013979623
19622,431.5633235375804
19623,474.25136948231557
19624,434.51571903334866
19625,409.34173573104084
19626,377.85835349425304
19627,381.74766639361115
19628,458.62445823317626
19629,477.110338989496
19630,468.4719987730643
19631,479.52324522071416
19632,406.15482698027245
19633,402.2470690260905
19634,586.8722913547379
19635,475.92891768955684
19636,431.1324123082587
19637,441.74756272340994
19638,438.2669760263714
19639,436.0206852785925
19640,401.62582711632496
19641,429.9344797382917
19642,462.8557485076503
19643,475.6052818016058
19644,485.47309275393627
19645,401.7450252491967
19646,452.2162207616496
19647,379.5148865860341
19648,431.8347117190034
19649,465.51827822504936
19650,469.8302084617561
19651,429.03973937975485
19652,485.94675435060566
19653,406.65482853090805
19654,421.4164332775464
19655,471.64735502348225
19656,507.28398430746296
19657,423.9881868404491
19658,402.4152729429936
19659,441.0066361047105
19660,480.9784866369412
19661,456.4078631635821
19662,361.8197564124596
19663,373.7548646089021
19664,455.8646564178806
19665,457.97821903342185
19666,463.6120454726746
19667,427.38138885904226
19668,430.69533574315443
19669,409.209997705408
19670,445.67181068223033
19671,451.6230444028931
19672,439.83245742639446
19673,508.08712143547274
19674,484.25350694839364
19675,427.44251260325376
19676,403.6465416228537
19677,491.58929684669823
19678,382.8039191572263
19679,511.01040141457804
19680,435.28008119169976
19681,353.85863938062573
19682,436.30894386604285
19683,473.99546798183854
19684,457.9613894597144
19685,528.5023271875926
19686,421.8513313855343
19687,443.8621620068251
19688,445.5046845601869
19689,447.8514688140929
19690,456.93662480025296
19691,471.88369002060523
19692,440.5588112966441
19693,481.5561373683383
19694,482.85447245664335
19695,409.8552637755036
19696,437.5925558563527
19697,398.5530786360306
19698,491.8206929350969
19699,463.36214627971583
19700,418.87335556349547
19701,408.88444343754134
19702,490.74581174211215
19703,467.06144015600006
19704,436.32793142370645
19705,456.21115051282646
19706,413.23784202404886
19707,419.16888172331005
19708,384.8664872599308
19709,509.95657098115527
19710,420.0948118505829
19711,469.7971421183379
19712,417.3941435624994
19713,432.5580688536591
19714,455.72916049138485
19715,483.18213817560587
19716,405.22673131746825
19717,437.5737462212297
19718,423.8610773145143
19719,480.63266779918456
19720,410.25411523959787
19721,419.0674788368083
19722,431.58890910888715
19723,416.0398763524782
19724,529.1355083576422
19725,422.0598679883583
19726,420.799010672767
19727,476.90774968430793
19728,491.9080784307094
19729,392.6352742172128
19730,460.0769697632216
19731,528.4960478649456
19732,474.5344775673358
19733,410.89620525559315
19734,438.45336379527413
19735,396.45026195081607
19736,437.8072512272947
19737,455.50832933140606
19738,465.4281388012995
19739,470.50719355157304
19740,400.7693961581729
19741,455.2951227275059
19742,477.395289089756
19743,460.15944452523473
19744,395.7866018468608
19745,394.7174987322271
19746,426.949951176704
19747,424.10445615569586
19748,478.5180019742788
19749,422.342270618775
19750,471.6766364451572
19751,419.82095877431755
19752,425.11927340182314
19753,447.546700133843
19754,467.10608978471157
19755,423.57780289294783
19756,388.9369136193572
19757,514.5069377096244
19758,477.33932368282
19759,409.3691425027168
19760,409.7994241062041
19761,503.1176041672572
19762,443.91682731391506
19763,449.480310699527
19764,510.76816350508494
19765,422.4695467305339
19766,482.36710927720065
19767,427.567488235402
19768,458.45125484490364
19769,456.68338358704636
19770,510.3643811743241
19771,493.6811670639631
19772,461.5242896643982
19773,496.32253922857245
19774,477.39689771073824
19775,468.4233296892019
19776,512.7121733188501
19777,399.4084673600037
19778,509.9804568115609
19779,435.65830362733243
19780,437.6319757243445
19781,447.1107150601526
19782,410.54459509516806
19783,442.65448292286914
19784,478.1164485548963
19785,476.5735835681366
19786,471.7067759444425
19787,493.09638908488637
19788,494.6047188410954
19789,421.90636649991546
19790,479.67896527535714
19791,387.52393969243417
19792,444.38455602494275
19793,484.58211043632497
19794,410.77221773491726
19795,437.095647394538
19796,489.90639164699525
19797,448.47901904103253
19798,475.9581727875572
19799,488.6552848998259
19800,466.16846148600445
19801,515.8600977572426
19802,408.9496141552588
19803,453.72175222908265
19804,415.8204599394288
19805,501.31867138103263
19806,444.30307654694826
19807,463.4157727584453
19808,489.99110405527944
19809,447.518245124609
19810,471.3172680044279
19811,416.41000318257255
19812,449.11519062676496
19813,499.3201746192519
19814,405.80155409800454
19815,417.96874187028294
19816,478.0850234880508
19817,483.4904540680397
19818,462.2805072197997
19819,436.84395539014486
19820,543.6702771618617
19821,429.6041614803989
19822,444.5337267682822
19823,428.99654283987553
19824,449.5221887454591
19825,447.88743615451637
19826,463.8899684076853
19827,463.1909090462592
19828,485.2016004374781
19829,411.17979107406836
19830,387.33361291044895
19831,495.17496471323915
19832,471.8111046464265
19833,465.63565613882054
19834,488.4574697433951
19835,482.4891033298641
19836,406.31992076926525
19837,456.0057802194838
19838,404.205591539755
19839,419.35088266209397
19840,444.32896494088436
19841,430.0802821590931
19842,463.27161466989173
19843,454.24205774930607
19844,410.57077526094844
19845,331.45305839391057
19846,441.2887862493058
19847,398.8066193832759
19848,413.69190026833013
19849,484.3183253373162
19850,427.592744091038
19851,412.9748195607894
19852,465.4959993766622
19853,428.15106208597683
19854,434.4536543325471
19855,458.1260594986785
19856,460.0954639657223
19857,466.2053064587509
19858,441.6265339227435
19859,483.6880956791037
19860,427.24152380541796
19861,494.46531259625965
19862,464.56243622521464
19863,484.2502357281184
19864,409.6176155048414
19865,422.06078091226806
19866,420.6382481615595
19867,502.2102360758573
19868,440.069284830975
19869,398.1379638378386
19870,487.8337346316481
19871,510.59702380986454
19872,502.46670850772966
19873,433.7106245859724
19874,456.72110424088726
19875,498.6280324521637
19876,414.4439970860588
19877,431.1737247774499
19878,502.5311353500036
19879,512.4449356232128
19880,472.6294432049799
19881,418.9082393669187
19882,408.3830789620541
19883,433.1188224789552
19884,345.5100339465804
19885,384.16265829396724
19886,505.01334949172355
19887,469.71690757460374
19888,465.49358118064225
19889,453.50029819595085
19890,409.4425670427417
19891,545.3594405384953
19892,408.33657006700975
19893,391.1890357290521
19894,441.0113786336198
19895,523.9325338153585
19896,419.86303899707553
19897,461.37035382929025
19898,414.1332280786561
19899,471.01165440515723
19900,443.75464805753
19901,374.744122743869
19902,444.23483060097806
19903,406.6656163426518
19904,443.9352362085805
19905,500.35896519056985
19906,443.5330673169937
19907,430.3243399317671
19908,487.0417995975821
19909,453.0478558437035
19910,483.8286398936148
19911,487.87374760024625
19912,473.62985884122975
19913,414.14429789978266
19914,474.56569974816114
19915,486.08609359763017
19916,420.6070339498906
19917,400.13352741298144
19918,414.63173785197364
19919,444.69485737140144
19920,424.1258112088578
19921,438.2479549358069
19922,465.93337268247393
19923,455.3521750060202
19924,401.3471599446455
19925,364.06903063520866
19926,497.91097934334385
19927,435.3511178859509
19928,451.97281803714355
19929,473.0468951243936
19930,510.8785876233111
19931,427.3177069611417
19932,369.1082354175448
19933,412.5505372560075
19934,465.03568709483005
19935,461.0031684273235
19936,485.4928352610534
19937,443.4174979336228
19938,496.2428855754488
19939,394.36589305605185
19940,432.1725597856475
19941,437.98525741201354
19942,415.04692004214274
19943,420.5159265488336
19944,528.69050123678
19945,439.04652219902437
19946,406.8634695846067
19947,486.90373150680546
19948,468.9225593154692
19949,511.92107145914235
19950,516.1006092556823
19951,465.03466662305937
19952,380.3245215533716
19953,373.7452600565165
19954,486.5998675770803
19955,431.55415954966605
19956,447.72814920428385
19957,402.28033511730627
19958,526.4036249109384
19959,464.2427426220827
19960,397.8994595842764
19961,434.24534852979804
19962,468.7845290629773
19963,476.0014680330962
19964,449.2875712777283
19965,474.1745120492806
19966,446.09239961204594
19967,483.27058264048577
19968,415.5712782240474
19969,455.5058297288183
19970,467.46463235222984
19971,511.77081970385734
19972,459.8780193944861
19973,509.7159679662519
19974,413.30744987162365
19975,398.50685968090283
19976,456.12570585528215
19977,486.5982926386869
19978,465.4632462660559
19979,424.1292327366285
19980,418.80017003415315
19981,425.49114812753595
19982,456.1322461978422
19983,414.5733321690922
19984,476.3288165960892
19985,482.45450772948107
19986,380.04647588663255
19987,428.240485796061
19988,423.1730867215259
19989,505.55519572735983
19990,431.5773822397155
19991,493.13080603095653
19992,478.01310101967783
19993,438.61608945530037
19994,451.5648436878003
19995,434.09750692234036
19996,471.36258007784033
19997,457.5601980538038
19998,469.0435718052751
19999,518.075817401692
20000,497.87584773026214
20001,432.24176424291767
20002,542.9354534243043
20003,454.2742693472507
20004,449.1534929316678
20005,454.09694900798314
20006,474.62580554427745
20007,479.41206156421947
20008,425.43667267730297
20009,454.26905574781966
20010,432.94824487935233
20011,450.80452635989514
20012,421.5888132879385
20013,394.2232320954489
20014,441.0431763554752
20015,397.9480333117713
20016,464.41627864450805
20017,486.63292692420316
20018,429.19513680706046
20019,473.63763022489803
20020,443.7022142891753
20021,405.7331329341576
20022,472.151736166191
20023,416.9598895150299
20024,450.35590524653435
20025,452.74085469226344
20026,490.51600412534515
20027,288.12818275320063
20028,456.4310423241071
20029,513.3544304217891
20030,414.4403672145175
20031,450.2896328189543
20032,486.82434622402315
20033,479.3170604381268
20034,424.4333524838371
20035,529.9999571312783
20036,464.2941881112794
20037,353.44688239413864
20038,410.6504130804441
20039,485.43657409124233
20040,422.4116283598064
20041,483.32296375000766
20042,439.7826551547571
20043,483.91316922441837
20044,471.7943806053533
20045,439.0045105257623
20046,415.6995939016422
20047,411.02548465732764
20048,439.25974328606765
20049,489.6891495445293
20050,356.36528861190453
20051,520.1089970010798
20052,428.1804476482788
20053,487.73160551961746
20054,452.13583405802905
20055,419.4308014944301
20056,462.36974205866795
20057,435.6012299170419
20058,460.86443036653486
20059,458.47747902013384
20060,333.4179082025004
20061,489.05906339332284
20062,453.90913147082784
20063,429.6918502412829
20064,410.7461088043664
20065,471.10290348972615
20066,436.9286365953426
20067,407.58829895605936
20068,419.8757063097402
20069,471.9103111711264
20070,417.1209987523183
20071,518.0647200098016
20072,549.977438381708
20073,426.49363150115806
20074,432.0718286185457
20075,493.5660476677514
20076,442.8101283454979
20077,451.484067556146
20078,437.0449472697614
20079,501.47718841128255
20080,524.764727709539
20081,438.6267896944546
20082,359.8935308103525
20083,407.9128545197955
20084,461.9415464946181
20085,338.5822140133512
20086,496.6677239029371
20087,430.2291830124258
20088,390.8558198657826
20089,464.60498881650517
20090,424.40270379677014
20091,444.85259504222506
20092,415.31867105645193
20093,481.11861803361467
20094,492.9705363597933
20095,498.8415365564009
20096,507.10939064420853
20097,395.27153328810795
20098,448.58849492350663
20099,466.6046084388862
20100,482.09549212595954
20101,431.0513774083649
20102,502.2831318087268
20103,414.0484318155794
20104,461.2899508930165
20105,494.7356989573808
20106,471.94478045306283
20107,525.5867556205578
20108,455.39866407226054
20109,450.58107518131914
20110,512.872977640594
20111,474.06593298608215
20112,459.87277527278155
20113,467.38881830367916
20114,395.16822166662195
20115,480.529902452304
20116,480.5566470643126
20117,445.99707573546766
20118,392.24439786452916
20119,417.7146674955276
20120,430.66164308742026
20121,471.530472733892
20122,504.07063868494225
20123,494.05704970313633
20124,440.19655194003866
20125,463.9866703654312
20126,423.3208623096593
20127,462.9845812450716
20128,408.9762990189797
20129,436.11817876684063
20130,499.0198391473551
20131,503.54141491447416
20132,468.73870608668074
20133,432.93837015438646
20134,395.96028173121084
20135,396.7348935394488
20136,442.55677529726574
20137,405.79170988881674
20138,426.34604791986925
20139,487.2387139857339
20140,492.5646914963069
20141,507.6273847597167
20142,527.7575778725034
20143,504.582094757893
20144,461.4705302810315
20145,392.07339363083446
20146,428.1446070691484
20147,428.12157256056474
20148,470.09893152297053
20149,385.4781023257634
20150,462.4404944236589
20151,477.750346422713
20152,456.91144831363135
20153,433.16793119201475
20154,412.90311401654265
20155,492.3079517510017
20156,403.68226265302013
20157,487.8040528683381
20158,540.395937470377
20159,453.1605165306924
20160,418.2859313480554
20161,486.44407435199065
20162,450.45723433111226
20163,469.97233896263907
20164,467.64749767219246
20165,441.8222700605317
20166,515.9642601694399
20167,423.10506092804707
20168,478.41924881783405
20169,375.1045905304044
20170,448.872255310332
20171,451.91014281380853
20172,453.4933765129954
20173,368.6893361712325
20174,454.2457084128799
20175,571.7405130440021
20176,435.6371285059397
20177,390.22938982587857
20178,445.14691400626293
20179,440.34242520914614
20180,469.85433715442866
20181,417.69658473913495
20182,513.2681197526749
20183,486.6563241067113
20184,398.7651595219544
20185,502.2134308115178
20186,416.88492512857215
20187,432.1332530264072
20188,449.6051263808907
20189,437.5506262778728
20190,479.1046328861599
20191,395.19003077048615
20192,441.1494237557644
20193,490.34813790292725
20194,459.0454685166537
20195,466.57671914531784
20196,448.2476090721857
20197,358.3983340680279
20198,446.5892610889808
20199,423.9922677320542
20200,448.8781011900314
20201,392.7630641716157
20202,428.71839556840354
20203,496.7583880133001
20204,405.1670283762537
20205,438.41421002766015
20206,504.58850624015946
20207,460.62427068905265
20208,380.2981839564964
20209,370.53743985094417
20210,496.3898861527467
20211,448.97043813513375
20212,411.0084967804163
20213,409.85422213425284
20214,488.83490200520487
20215,431.74449875655444
20216,384.7712462292842
20217,408.82973863804256
20218,410.4932718844464
20219,447.98448582289126
20220,562.7572173812811
20221,413.233504174321
20222,403.96092249573667
20223,464.53260557623554
20224,432.9745974206584
20225,456.66959946970803
20226,379.5601704746511
20227,428.5563380727586
20228,454.32830528346227
20229,370.77817094996277
20230,417.910353597009
20231,418.61546468702466
20232,479.2194617126507
20233,401.9246994403994
20234,481.4581500928043
20235,474.3733291325184
20236,409.928534918379
20237,358.61033328293604
20238,408.13354163913056
20239,464.2491696904487
20240,404.0060664343904
20241,460.3324533006056
20242,444.36378163969493
20243,493.8863014694979
20244,480.287398975263
20245,463.4380478766216
20246,527.910061823143
20247,450.141772750879
20248,348.24165254112785
20249,493.3111606494942
20250,451.259324472001
20251,376.7373729102384
20252,446.77947845394556
20253,418.1752778255381
20254,454.55754205913803
20255,480.24475372922967
20256,418.40049573419293
20257,396.3983713540913
20258,514.9294106590263
20259,454.3310734385515
20260,474.09336819777207
20261,482.9127524648517
20262,449.5416043203695
20263,569.8922727571115
20264,402.597134100727
20265,474.39318291491287
20266,409.4234712510084
20267,404.3552522856548
20268,454.816002104456
20269,411.9990562076497
20270,514.9682657266876
20271,425.7870488939489
20272,467.720415809068
20273,407.84821599833555
20274,416.36185020538505
20275,378.8898980616429
20276,469.63189525673573
20277,454.59224334402023
20278,439.0886803687064
20279,426.9006201001985
20280,450.01309036617533
20281,455.26062572511194
20282,466.91949806984474
20283,456.8637824380194
20284,473.13646169991534
20285,425.7775182419206
20286,478.50060317741867
20287,456.0254328127181
20288,490.0855004740323
20289,419.57805457194223
20290,506.83860649803114
20291,435.0378941534086
20292,484.59039332456217
20293,494.78269606907315
20294,358.2955596010743
20295,487.54975074132034
20296,473.7258554040666
20297,378.8205668189504
20298,403.65401822265864
20299,471.70950953129176
20300,479.28942530566457
20301,407.1186247548838
20302,482.2634022592713
20303,469.9233672613432
20304,442.93770539387174
20305,396.7896380540495
20306,358.0226715499059
20307,374.47159199063145
20308,497.7835456536173
20309,511.8471347013202
20310,456.46135553336336
20311,449.9334275733267
20312,402.0336636424725
20313,461.7499989702852
20314,458.70809717604476
20315,384.9588435494217
20316,448.3542858170709
20317,403.099502192181
20318,518.4858839231539
20319,461.2668496875644
20320,470.1092228886348
20321,412.5298455347379
20322,418.40800200484244
20323,491.0744482570734
20324,453.3219129859673
20325,395.0626189160613
20326,495.4361208938284
20327,434.28648670539894
20328,461.3387530171845
20329,537.9280122324225
20330,457.55010567617404
20331,494.67399960613363
20332,411.0372215326496
20333,394.28860238124895
20334,474.54726380291436
20335,525.5588903957407
20336,485.89495692043323
20337,470.69217724316144
20338,475.3228379544448
20339,457.6062598916384
20340,483.606322413299
20341,499.83914757560126
20342,484.04327931750566
20343,520.9547477356202
20344,468.83696105288874
20345,482.33170387629525
20346,418.18825672663695
20347,428.97966766094106
20348,390.42619841431366
20349,412.7886795592243
20350,526.0298042725134
20351,482.32263063222405
20352,447.21370025350126
20353,478.4477095318057
20354,374.96118125271465
20355,454.3344153068507
20356,385.3795577976969
20357,473.6561054438064
20358,455.311441014391
20359,457.3170512171107
20360,416.0556603921056
20361,468.71407950116713
20362,505.31419121653425
20363,472.7664069525964
20364,419.1376639979857
20365,474.8478223803506
20366,432.30646419851854
20367,426.4872111808836
20368,505.0803327636393
20369,429.1871608653607
20370,424.2288093393177
20371,470.42756835902827
20372,414.2128369283609
20373,402.0140164551463
20374,476.4349147503825
20375,449.28512398513476
20376,428.57488811681094
20377,507.1998642179925
20378,495.36891502524304
20379,436.6476134154097
20380,462.27038879107965
20381,442.1980058071628
20382,406.7889768896232
20383,476.9754972216461
20384,466.631445180449
20385,443.7457866364008
20386,390.8538960065756
20387,500.95591184411455
20388,525.5998069390282
20389,387.21104730606123
20390,419.77918483931063
20391,414.19571519985584
20392,438.8556510982739
20393,388.31071203006286
20394,449.9611751725185
20395,434.21976043226397
20396,442.45751587981323
20397,411.0196054135179
20398,475.31903326509337
20399,485.27517664068466
20400,450.28676911721965
20401,531.9475617211858
20402,507.3134021623545
20403,449.51612053773846
20404,441.15665558722606
20405,489.571378972139
20406,437.2555880181363
20407,379.2871606602299
20408,481.48381994946766
20409,405.39706147763644
20410,469.3854272287477
20411,462.112453408506
20412,425.7573263378025
20413,445.2217764187964
20414,475.0950035301801
20415,533.3540286045063
20416,475.2890797763217
20417,440.50532759551777
20418,551.8099928767489
20419,414.1936154312612
20420,416.48118701380895
20421,462.85435430314135
20422,420.46648810159087
20423,458.5633071491844
20424,532.2411276765968
20425,385.0016260333616
20426,415.5081984402918
20427,493.2020120642116
20428,405.55021303140563
20429,445.4202620456168
20430,472.501271593679
20431,427.18636561441946
20432,534.0303537093621
20433,408.3972335363367
20434,427.939449402143
20435,398.75258258921775
20436,549.7708195389589
20437,475.77290267263226
20438,432.81422037603676
20439,489.2849387272035
20440,436.750726477803
20441,488.6901890849502
20442,418.83457321643385
20443,515.3402714780766
20444,406.89809601189523
20445,418.77862790588495
20446,451.6007225106739
20447,368.52011237569855
20448,466.77079832316747
20449,455.0187038892731
20450,445.4005486919891
20451,496.8857978088969
20452,411.0554262193435
20453,518.5901735223224
20454,421.04223871928986
20455,440.0490202977052
20456,470.9493010531716
20457,532.2016977488419
20458,445.11948966736367
20459,445.1244452457008
20460,528.6831762878855
20461,388.21218332004963
20462,485.920554167257
20463,393.09248420117365
20464,457.3230659206659
20465,467.5237037493614
20466,409.0736274159512
20467,480.55416042049865
20468,498.8459726220559
20469,514.6320417885921
20470,469.7414074733183
20471,423.3910824900321
20472,501.8071285399102
20473,443.28158427039955
20474,474.0250803496313
20475,506.8093939299461
20476,564.6818469308789
20477,411.16096166358426
20478,454.5244815772697
20479,440.5203551244541
20480,441.9421922889648
20481,454.16807822973044
20482,418.6672412843918
20483,469.6123542849133
20484,455.46542634422786
20485,428.709499766138
20486,471.37399420886317
20487,451.86038111048083
20488,376.3842418088764
20489,442.8360793362103
20490,430.5237812895415
20491,434.76042850649634
20492,466.26636269559157
20493,446.2302961046526
20494,536.9297388295092
20495,486.37683652133563
20496,437.16270752478994
20497,456.01282381832857
20498,436.3200858752806
20499,470.1003021450518
20500,391.7678062297815
20501,428.82768944065367
20502,385.94639015551064
20503,377.5044976826816
20504,427.16403361385903
20505,399.5979677595175
20506,467.8140527972139
20507,498.13173664027136
20508,411.2466326675492
20509,449.67788264324736
20510,484.30138589786156
20511,466.59617642760065
20512,391.5195227811396
20513,443.0114909973977
20514,525.8981838448907
20515,419.2832583749417
20516,407.1345501584465
20517,495.41247770989503
20518,497.9786629984734
20519,456.8589473223426
20520,492.3112721017927
20521,445.433715637805
20522,470.980895804132
20523,449.9306532881487
20524,383.566010364406
20525,438.33597710203486
20526,487.64140921982727
20527,455.91113013186435
20528,451.5519272594715
20529,464.0943054364976
20530,506.01257705390924
20531,430.6330369134728
20532,496.3024748254047
20533,462.4618530589941
20534,454.36140745087647
20535,471.57876187529325
20536,470.28527012760435
20537,456.72966135587393
20538,462.06303457934
20539,379.05683137328896
20540,473.8914596939642
20541,423.5849361133111
20542,409.9158699742934
20543,395.8192381532411
20544,410.6168932687072
20545,436.50814255352606
20546,380.494639602753
20547,422.4872479102419
20548,413.12054424083124
20549,481.3590567883068
20550,422.8977876340799
20551,402.17308486098057
20552,386.1167369585249
20553,484.8268456513259
20554,422.2503435968685
20555,404.9689206931558
20556,449.0963132329345
20557,430.8495821774693
20558,435.30411803190015
20559,423.09672077609855
20560,538.0331061664165
20561,483.52177572877935
20562,444.7886453102319
20563,473.31341856000097
20564,327.4737119738755
20565,539.8941958865703
20566,466.30580201121694
20567,449.53147112276116
20568,497.81230845192215
20569,471.26377172643623
20570,475.5570179342509
20571,459.72565996108636
20572,477.9472477366821
20573,490.46094716752486
20574,411.5067537203816
20575,353.553939732632
20576,466.24353610309794
20577,471.2517469077327
20578,463.7241475546354
20579,447.747964926977
20580,450.41624541893736
20581,427.6600085569864
20582,419.0048279556706
20583,374.52792544368725
20584,512.5883757374728
20585,412.24634615508927
20586,493.2282245260574
20587,495.5376858270658
20588,470.3849999139682
20589,410.46924755786625
20590,415.80008207055323
20591,515.6607690177793
20592,393.1098427678018
20593,463.1719164875394
20594,453.69444554049437
20595,468.58873923089976
20596,434.9826918918695
20597,484.3787349234394
20598,523.7928989176983
20599,456.9353207851013
20600,500.9951523461984
20601,496.82294489320697
20602,472.4309141265379
20603,407.0208207589865
20604,458.5135912892959
20605,511.0442455510251
20606,455.55478690998245
20607,512.6557685718662
20608,423.7511905445911
20609,392.2220251814759
20610,464.8196656707452
20611,446.0813453468321
20612,436.2431630955095
20613,494.81904475515626
20614,400.0386502500072
20615,484.8466734918329
20616,480.1824134427122
20617,501.64887075586006
20618,382.74849382097153
20619,406.9835665009706
20620,437.5895254895035
20621,471.85125826963025
20622,424.4681556879978
20623,479.3678063461182
20624,422.6340470291936
20625,437.0889698735775
20626,456.5399036095977
20627,394.4151555463496
20628,485.38030333670076
20629,429.70266924410737
20630,456.13125453583075
20631,452.6921274246942
20632,444.0160357473384
20633,404.90108535739654
20634,468.7674232619226
20635,448.2119474241279
20636,414.6175460571654
20637,470.48021979446725
20638,493.0243710671577
20639,496.9144641051712
20640,482.85111650998647
20641,506.104245563549
20642,450.4492677001744
20643,504.48832705670077
20644,450.6778352166712
20645,430.8324352489409
20646,506.27183833302723
20647,493.58898734705946
20648,421.90515523855686
20649,409.06360592685473
20650,399.4687857110311
20651,419.2379904431655
20652,444.77794505199313
20653,410.40293879329374
20654,423.6861192529939
20655,421.5550993189117
20656,495.11612785001506
20657,394.7613641728766
20658,470.1156917673766
20659,444.56081906669067
20660,468.5716742281187
20661,470.4729756707285
20662,429.67683864164434
20663,476.7524523922368
20664,458.14968653160156
20665,403.44833932996244
20666,455.4354629887455
20667,539.3404024764104
20668,439.71924824598506
20669,405.89409343703966
20670,475.72965618116604
20671,486.0844958513903
20672,453.6896150494153
20673,453.3881298097341
20674,408.08865351090367
20675,506.2093714660408
20676,447.5664836855152
20677,431.5853699847557
20678,493.8179092824745
20679,417.1094795759556
20680,456.6398179334295
20681,360.00969335412776
20682,430.6423905152897
20683,449.31800628413146
20684,443.2318694550159
20685,435.6203816170858
20686,388.89314830320814
20687,484.71444312025875
20688,473.23460860871705
20689,438.3557228330523
20690,458.18655717348963
20691,458.34894977611924
20692,510.78420619236346
20693,485.15803834577764
20694,409.0842555961191
20695,441.2029057597413
20696,378.1391487061771
20697,440.7838431103985
20698,463.2084701952821
20699,468.46595093271685
20700,455.0696393272626
20701,455.8463098203621
20702,446.01111183946546
20703,417.7087543607538
20704,466.91877428890336
20705,446.3153589896341
20706,458.95144525103194
20707,392.90936315616665
20708,505.1353234949576
20709,402.45054109584254
20710,382.651829605971
20711,453.31088475048836
20712,404.45793797281107
20713,390.9408396314534
20714,485.1698576316181
20715,467.6359630999366
20716,425.5602802153091
20717,508.6353084747475
20718,455.0537273010047
20719,416.50304197913397
20720,390.0492513524311
20721,519.397687884089
20722,481.69233916500673
20723,503.68587146935624
20724,502.5232210555801
20725,512.5592554111855
20726,489.99770057991935
20727,390.0233200520465
20728,395.3761781124039
20729,391.8987445049812
20730,459.82285167019967
20731,450.15231324069833
20732,469.4603578747188
20733,511.05029155276276
20734,442.7408373536914
20735,381.19313501127
20736,381.993632702019
20737,474.45236742181356
20738,474.403512017885
20739,458.9346643642023
20740,436.99890400175406
20741,467.5069822972582
20742,453.4231468707438
20743,482.82136350849163
20744,491.8096921624119
20745,413.54973757093126
20746,523.1850265510062
20747,454.29572920137156
20748,490.9385955510274
20749,469.09223974809294
20750,380.9321887976855
20751,486.7949093137017
20752,502.21872163910376
20753,502.03421697297796
20754,482.62924796074776
20755,476.069491465638
20756,349.4357091169289
20757,453.11027138914784
20758,480.4371723476477
20759,409.9902415851933
20760,495.4445930845164
20761,442.44949764718064
20762,459.51160937452795
20763,457.93736760133197
20764,478.0834832871773
20765,448.8295433764152
20766,398.2349685794583
20767,415.97149834564766
20768,453.61840027940326
20769,479.5317242840032
20770,412.5427118042209
20771,460.6003838375653
20772,402.96249644098026
20773,401.6389657586467
20774,458.2219507469678
20775,425.302751080322
20776,466.5682709966831
20777,413.5581189528077
20778,504.30953649712006
20779,417.5083595506691
20780,472.27138232384004
20781,433.951915563388
20782,443.3161821506855
20783,418.5999397279905
20784,438.3991386558269
20785,446.85190523848024
20786,546.4573924311113
20787,497.09082691882645
20788,442.51832034867897
20789,446.70858796406463
20790,407.2748068455651
20791,462.56094203360624
20792,476.42208578838756
20793,431.0472409601085
20794,454.61456750770105
20795,453.2052228379819
20796,509.35918743625865
20797,444.11833834210273
20798,436.3503013412158
20799,397.96724590078753
20800,449.7053690711059
20801,502.8156242265556
20802,441.3992414189784
20803,391.8453370597041
20804,410.133545868623
20805,465.30447957945864
20806,465.9171589097146
20807,481.02405867344385
20808,540.0348396042158
20809,453.2731760060179
20810,425.50317996238977
20811,451.07896564525794
20812,491.7651723287355
20813,393.3437031814618
20814,450.2852641130176
20815,386.8213109103868
20816,440.0671018812766
20817,443.5579611408634
20818,445.2076237954323
20819,469.43501595515204
20820,472.5284361301807
20821,353.19031783022814
20822,414.76364972058656
20823,458.21587656132067
20824,451.0505427527721
20825,439.73897749719043
20826,418.7122106524702
20827,407.7924088250557
20828,481.0214706912718
20829,436.43707583849965
20830,465.4940507073761
20831,434.8067942565991
20832,398.7894479002338
20833,501.8364215877861
20834,423.6631113527904
20835,403.50362794940264
20836,408.04287540989213
20837,428.79005799469894
20838,471.19347430568666
20839,466.56231310694255
20840,366.35783063331274
20841,531.3261581206112
20842,459.4494932936483
20843,420.50561211560984
20844,350.41440894696984
20845,496.78913937452586
20846,430.4207830212691
20847,410.0953703268667
20848,402.11959798212797
20849,437.1385855572227
20850,425.50678172974176
20851,442.344969494671
20852,419.9040189182034
20853,506.5385948448407
20854,460.3303583178444
20855,427.97745735621294
20856,466.76403841856035
20857,478.31506903359036
20858,422.6093496311975
20859,444.85908976487707
20860,445.0549052128129
20861,408.6662092509152
20862,384.66857713040037
20863,382.921163841391
20864,548.2118724946528
20865,450.27001274208425
20866,384.5826492234823
20867,426.3406022469215
20868,508.4313575894722
20869,475.0042319920551
20870,371.2690980423424
20871,450.8047913124942
20872,480.4151475286637
20873,434.46964202537134
20874,505.68787605012346
20875,444.53957510362807
20876,430.7273403060499
20877,531.8400729222051
20878,496.32814520183496
20879,486.24202818200916
20880,435.7741972414945
20881,413.8772078846951
20882,472.86630744699954
20883,450.57510671479406
20884,487.0141423730556
20885,461.439832909966
20886,452.1892568854071
20887,472.3104802925209
20888,555.5179662350729
20889,437.63952175181424
20890,452.29565985430094
20891,523.6089607970014
20892,452.8047531370866
20893,479.59520722903005
20894,455.13129239917805
20895,467.3563123530923
20896,429.312708904277
20897,435.7507911700839
20898,437.81408139407597
20899,467.6349456707199
20900,482.733739685691
20901,382.45532702863966
20902,395.0715834256777
20903,466.80510508030744
20904,549.2298571428403
20905,478.9043895988601
20906,410.1499742317125
20907,415.1913686542438
20908,506.64421333963094
20909,416.13516656611375
20910,454.16871998679136
20911,410.4103490707882
20912,448.81717657755036
20913,460.01171830145137
20914,463.40339529782574
20915,490.9155923786188
20916,428.0907990141735
20917,449.1229181314913
20918,489.95013847915396
20919,447.6606319589925
20920,410.06900583000396
20921,423.05739785158386
20922,476.00359524023486
20923,444.7272814822382
20924,422.2494975822835
20925,421.4787129370856
20926,433.1188260604667
20927,510.7953543489713
20928,455.5480451274825
20929,493.999203473751
20930,413.17412498610025
20931,433.42998369105914
20932,515.5047841731796
20933,458.48615158591105
20934,426.3235546220976
20935,391.3207968008249
20936,440.3082342508662
20937,420.5678527349552
20938,517.8073143765005
20939,456.2244083309033
20940,464.6843433833809
20941,473.1510387088541
20942,475.4186230881251
20943,444.7370517367538
20944,433.0595663364458
20945,412.1767725739871
20946,499.0536629994643
20947,435.3477039893747
20948,469.4599983355227
20949,444.9549516611116
20950,444.63446719930823
20951,403.5828580367705
20952,451.56642534338806
20953,424.14189659457224
20954,384.73389706273645
20955,427.0792675653556
20956,395.2064966046542
20957,412.1486672672052
20958,399.5169968923802
20959,533.8694339592207
20960,489.9906183719403
20961,444.4327809624014
20962,429.14218712897195
20963,441.94448933789556
20964,404.1469019954107
20965,497.13372011854267
20966,448.06601589191735
20967,472.020867413531
20968,486.55662342592706
20969,436.9401016315826
20970,492.0920109063406
20971,437.671422844369
20972,437.409974308694
20973,450.38384130824227
20974,414.2813266558257
20975,453.4260044355729
20976,478.26780559675973
20977,473.0569144057314
20978,470.4520962374803
20979,429.0509203707292
20980,415.55984092710816
20981,431.6922868500994
20982,402.8960332310686
20983,413.1793388681074
20984,408.6581114894443
20985,412.76199103267476
20986,421.2198731244303
20987,384.5329303501951
20988,414.48844881979875
20989,405.514678861481
20990,425.9490380444938
20991,462.2970291661372
20992,467.43016260929744
20993,394.682698060553
20994,415.41016634157086
20995,395.037241774711
20996,473.41113772066296
20997,519.2147719542254
20998,422.2204070876787
20999,368.03665798392393
21000,470.225771617372
21001,486.64326338431283
21002,447.4350485408313
21003,421.8967828240039
21004,514.2456201406253
21005,431.7399923159897
21006,508.7573290128329
21007,438.1844742452898
21008,459.85896170606435
21009,441.8294220581663
21010,533.5877131681991
21011,437.2699074262121
21012,424.0173563192064
21013,358.15363912193123
21014,467.6646907161703
21015,463.47634684434126
21016,466.68650031199695
21017,424.34432255690393
21018,516.6912398530972
21019,492.78715171396857
21020,489.02463205303843
21021,422.41256194117597
21022,439.0404865915658
21023,539.2194196690298
21024,395.0882722032092
21025,466.1794672457198
21026,478.6629086098148
21027,475.84295556779887
21028,437.86100181962973
21029,400.79336883162557
21030,449.9837729577558
21031,476.60403503266934
21032,405.8367425191864
21033,512.3371265341032
21034,438.03178312480486
21035,463.4277275890342
21036,482.31716272982084
21037,490.5017325662053
21038,466.03185138467427
21039,492.11975637803874
21040,455.84501251582384
21041,439.3880373678213
21042,462.02298491928246
21043,417.6810284185276
21044,400.1953188672878
21045,435.7494514742704
21046,426.7842124946913
21047,458.51290739017554
21048,406.8218219334711
21049,429.02437838930194
21050,465.8686237758857
21051,461.2386141879955
21052,451.9753809790565
21053,471.5264242561396
21054,395.98727099778927
21055,450.5247027033523
21056,357.8335054078052
21057,437.8405768639025
21058,386.3199135426458
21059,478.7744974302735
21060,546.4108109921797
21061,517.080691261943
21062,453.0455055689002
21063,420.8327546380049
21064,435.1028348160625
21065,484.9335831579754
21066,460.7825485764165
21067,398.84809151005
21068,357.34688733101143
21069,450.0177932838888
21070,510.23124903316824
21071,415.96186499762103
21072,397.56222163031316
21073,420.7336725797343
21074,475.9102160929268
21075,409.70368433233654
21076,481.3547168092191
21077,457.10920497668013
21078,343.2717632134636
21079,471.68552103625825
21080,435.48189225354315
21081,399.81519716485434
21082,382.69830054756864
21083,463.9664524712826
21084,376.35065695623734
21085,473.2090158691699
21086,476.9043473280553
21087,455.6474087772144
21088,485.3191541333448
21089,450.04305140291007
21090,495.6139005877399
21091,412.2410786520715
21092,465.94920989489884
21093,449.581027958207
21094,367.22838612200604
21095,466.0368506680096
21096,460.9399452843008
21097,448.07565222083724
21098,451.00058716757013
21099,468.25860011297704
21100,445.2283650960942
21101,454.5175970194355
21102,470.9279845294124
21103,509.07705810783517
21104,416.1128802305305
21105,429.65804611842367
21106,422.16365849932623
21107,493.19359656532254
21108,489.9273946264766
21109,380.82198495155376
21110,442.6976088662503
21111,461.81263593610015
21112,361.9283239808635
21113,452.8030083869636
21114,494.63680525919546
21115,466.7767664370176
21116,449.18663974112866
21117,395.7888720588194
21118,422.74537960309164
21119,502.8165906345175
21120,444.2618551131282
21121,432.9024889521055
21122,524.202930940787
21123,408.82580876149564
21124,420.73550997959313
21125,446.8406673839384
21126,473.22596786438856
21127,465.7502117405986
21128,520.8897198111592
21129,394.8667794649315
21130,437.63740603722016
21131,472.6026949969831
21132,438.9080154795378
21133,391.9526116716564
21134,413.02085671183875
21135,471.89161777670284
21136,439.84892073792645
21137,451.12808005087703
21138,447.16318600200333
21139,506.45307657250584
21140,444.0413725168073
21141,489.47915086130166
21142,460.84351675187685
21143,519.8179719870825
21144,429.0571168877174
21145,431.735298210459
21146,422.2444464674143
21147,435.05671465374735
21148,469.07908181390394
21149,522.5961971532661
21150,431.589196292951
21151,368.914684244411
21152,477.45136941772427
21153,489.4231883247248
21154,435.5563854332405
21155,410.23956514926755
21156,406.607591149388
21157,425.39370431582216
21158,445.3053256018781
21159,437.74857011075443
21160,532.3579319621248
21161,483.6142878895492
21162,464.3528664147215
21163,456.5632058161809
21164,432.3526037362472
21165,451.717309000812
21166,449.76953062474087
21167,491.27482353079216
21168,444.4408314982884
21169,426.01957755209224
21170,353.8215347020211
21171,477.8281222515856
21172,462.75324987885887
21173,416.9987581825211
21174,418.31140279855316
21175,418.40667578584345
21176,451.98935956465084
21177,430.2438956546649
21178,460.70558805585495
21179,427.4020981557399
21180,455.6324935779227
21181,388.0645969318713
21182,416.0929357350851
21183,474.82506049622833
21184,456.2574309417804
21185,453.6586537877193
21186,400.8755310374602
21187,444.0990458381623
21188,455.12289738622803
21189,460.7886212429266
21190,505.8902108320959
21191,471.25854598245866
21192,434.443039152349
21193,419.7938816033805
21194,451.46878781598724
21195,430.1050312036356
21196,437.46295314069545
21197,416.6311208976199
21198,476.2965211701033
21199,489.3248290160392
21200,415.8824021112579
21201,536.9188627578663
21202,426.67609718860115
21203,423.97067634356523
21204,452.9586440513606
21205,461.8423791708219
21206,452.1698065398843
21207,421.62435073922245
21208,427.3867314989514
21209,362.1573375268693
21210,490.41929442763
21211,451.38787905961885
21212,503.1625006738019
21213,452.80152798610436
21214,386.9451741310624
21215,497.87382786992123
21216,478.2973837085743
21217,474.1803707709729
21218,414.92341831866315
21219,459.3932154518354
21220,448.7960280021067
21221,428.321832052743
21222,448.27955532412636
21223,446.7073304447463
21224,448.2709130716864
21225,423.541945979954
21226,488.0821309172717
21227,474.53122500247594
21228,360.71504202615
21229,445.171263743433
21230,424.83205240981727
21231,451.0154868366447
21232,437.7520680694178
21233,494.52263080951195
21234,419.8024830888169
21235,444.75876691917205
21236,467.01836761692573
21237,430.2152477543324
21238,498.1490926077293
21239,436.45924058439505
21240,498.78938796511017
21241,450.0097485162124
21242,435.6926951591903
21243,420.66454988191583
21244,368.0412253184979
21245,469.54568201302794
21246,497.9055103551022
21247,560.0591371812154
21248,440.4654248402488
21249,501.21800084735827
21250,379.1820683864949
21251,477.14493598069794
21252,447.40067279135246
21253,428.8516273625882
21254,448.8591069120758
21255,494.0609751536306
21256,493.4942067010063
21257,463.1023576066964
21258,395.1153871327281
21259,420.29074304883017
21260,431.6141227163631
21261,434.2052279019472
21262,493.2355495076429
21263,440.965464164026
21264,481.2888244963514
21265,455.0205193482241
21266,453.1789783959486
21267,426.9223336654925
21268,452.5550422778226
21269,509.277790958707
21270,397.9604005503523
21271,446.05108514879134
21272,467.0260290438561
21273,464.8479966072192
21274,439.57182219620313
21275,435.2541331100429
21276,457.198159393957
21277,443.46296129168104
21278,445.42815263346347
21279,423.6990815748039
21280,488.3082728907678
21281,452.4950354718512
21282,443.4811283120798
21283,426.0189659721771
21284,481.40422911916795
21285,434.98526627471733
21286,450.7543298914056
21287,484.3797557174375
21288,454.3185718558933
21289,479.89172355307335
21290,426.90670896907864
21291,457.4893627752069
21292,432.8240446872951
21293,455.68923363396044
21294,431.00953023061555
21295,378.4253000009127
21296,422.4638830954106
21297,418.3025171292545
21298,497.3070410346749
21299,438.05074651080747
21300,476.04795943471925
21301,417.39621880972305
21302,413.8173082733868
21303,487.7274847442079
21304,458.9910978694398
21305,476.6258042497527
21306,456.0574842544165
21307,427.65384878010303
21308,466.89744011307124
21309,419.328685607471
21310,431.5707233559341
21311,416.83141374710567
21312,491.2279300130067
21313,448.3696542927485
21314,523.2273245277844
21315,471.08127473359025
21316,376.38177636961956
21317,480.5278191220154
21318,415.8467127224043
21319,446.9817058992738
21320,482.8828513893771
21321,387.12467385263113
21322,432.4288355486746
21323,471.95845934435624
21324,493.8499187029978
21325,487.3799984110271
21326,375.352876832525
21327,489.0384204737358
21328,444.8242323459727
21329,496.7859628294325
21330,408.428521609348
21331,381.1246003879518
21332,424.1541060512588
21333,414.4743884540911
21334,491.85053411964253
21335,457.83139171662367
21336,436.28886241775666
21337,479.6133451557479
21338,424.85972964102456
21339,428.9128659353768
21340,437.7838299019536
21341,433.49403972794124
21342,345.1913595429151
21343,494.2488018461301
21344,418.2993154394869
21345,436.56953459486743
21346,434.73060860423345
21347,483.05889426730243
21348,476.2064759872475
21349,433.60233781462995
21350,425.40806578095925
21351,422.75069128208565
21352,487.7394211918054
21353,393.908742194274
21354,492.64532459078407
21355,391.9301021799013
21356,418.36667825500956
21357,493.45909870212836
21358,425.44318371510604
21359,450.46935382100776
21360,467.5825905500966
21361,386.6643292900963
21362,499.8877512304766
21363,427.2013206806659
21364,447.7554096827939
21365,414.86590019672104
21366,485.0292799489559
21367,506.26658900194633
21368,407.065497423089
21369,423.88635974502034
21370,452.9349146604498
21371,442.62317014853096
21372,468.13350943655615
21373,377.16255427907504
21374,390.3280211632565
21375,411.949599912321
21376,421.1881949629126
21377,404.0960386001325
21378,483.47577571687896
21379,464.50759484816456
21380,435.31833065634083
21381,389.27183424552993
21382,429.338894341335
21383,466.1032780452194
21384,477.91020644169356
21385,419.2115249962734
21386,453.29287446045555
21387,466.8031784957016
21388,467.2984695363722
21389,422.78806159991194
21390,458.6166552382156
21391,402.58927976072334
21392,475.90507266637275
21393,447.3963465575071
21394,464.89010581665343
21395,426.4256291492312
21396,451.72227491150903
21397,492.8876367731332
21398,413.8892118124396
21399,439.0197913622668
21400,506.37553936503326
21401,494.23142771700844
21402,451.8318918399581
21403,455.2943077553751
21404,476.09283239632094
21405,484.95127934805004
21406,446.44292170416367
21407,436.5564640370735
21408,475.7021509235122
21409,451.0283509511145
21410,514.7414780622667
21411,428.6394571632934
21412,520.5913068126226
21413,431.0957355029171
21414,463.12961662763337
21415,447.9816971977812
21416,378.4957020925374
21417,400.2728284095212
21418,406.5636322100529
21419,507.1113390203708
21420,480.93450347933947
21421,429.6181254986439
21422,447.09290332904953
21423,396.8769129487104
21424,486.0993631172609
21425,434.65970133915545
21426,440.4061709295711
21427,446.2951325431961
21428,445.73795533331906
21429,423.96187792793285
21430,463.8896738085912
21431,486.46689402848176
21432,489.550706274039
21433,426.16827890234157
21434,461.96727104093833
21435,450.1731509835496
21436,506.4274232898554
21437,425.7960258917657
21438,481.2846364945954
21439,479.85076389421556
21440,453.54811717660635
21441,490.0082809948531
21442,477.52860711794443
21443,425.7626033360724
21444,464.6631690282046
21445,422.07056881284586
21446,474.8060998105579
21447,514.7072721524173
21448,449.345622982312
21449,463.0997608427766
21450,455.88240994445255
21451,412.6997944643848
21452,410.3134665307294
21453,452.9657150648946
21454,431.7669483025254
21455,455.30467249454546
21456,445.6315784909895
21457,453.44600742614443
21458,384.5256425559726
21459,445.7353620367949
21460,465.7065157182341
21461,446.778573976763
21462,493.9215535715607
21463,472.98631986726724
21464,462.2307642532551
21465,424.2372421593643
21466,404.72345726690526
21467,387.18355888417875
21468,447.4781330819992
21469,403.3791344254439
21470,458.6092076939834
21471,436.0729231517798
21472,471.8151297861313
21473,458.4905340568554
21474,394.3198234451794
21475,413.54048576896827
21476,461.24598303627806
21477,466.60498033053346
21478,447.59090272302785
21479,417.08865850073124
21480,458.19766874649207
21481,552.7151664805693
21482,487.61995755469377
21483,519.878847478322
21484,455.77500891234627
21485,514.4569851418065
21486,411.572631586335
21487,513.4702760624882
21488,456.129990321452
21489,371.1071270005485
21490,480.170069089294
21491,481.2606973072103
21492,491.04014922239975
21493,500.69394007015353
21494,444.39264572536223
21495,461.1312695894592
21496,503.5114039050207
21497,448.442734508836
21498,486.0767076408417
21499,462.1345195676525
21500,463.6242724353098
21501,490.5008345675853
21502,480.03742803651016
21503,490.3805370532761
21504,472.19194796112845
21505,407.13264154484335
21506,452.40870967582543
21507,378.2678665575197
21508,469.45442695419314
21509,419.9122197397427
21510,462.1641564472834
21511,420.2447969716932
21512,481.2898210522698
21513,439.64713150050267
21514,503.3571304984444
21515,431.06898038388243
21516,484.0653947698531
21517,425.3062021045565
21518,509.8011757405836
21519,444.8291109608655
21520,417.7741197328266
21521,479.41769898054906
21522,463.8948484674534
21523,410.9671682555845
21524,478.6404065001088
21525,466.2975651093996
21526,464.1693673974526
21527,430.90987849606427
21528,401.9617605565246
21529,428.278702464668
21530,392.9179265033166
21531,443.4100986399368
21532,472.0016042820784
21533,463.10239020278084
21534,434.05081419449317
21535,412.69817012196637
21536,456.9445178123759
21537,432.6195845662172
21538,484.217885215905
21539,414.9419620632032
21540,376.76324805720304
21541,468.69087063572675
21542,463.8436013595595
21543,351.8431757283606
21544,476.20188436985876
21545,487.88311302366384
21546,479.6814320027896
21547,466.1325461682563
21548,535.3231911252806
21549,450.54239432713103
21550,470.0046048930165
21551,418.27265871970684
21552,419.6223803815934
21553,420.42107555872
21554,479.2175334122031
21555,432.6549162784392
21556,504.52226802913776
21557,459.94526893602773
21558,397.5674909824409
21559,527.9916406957425
21560,452.2905388510668
21561,438.75859339140044
21562,474.4776683994893
21563,438.64608481811547
21564,462.6388572830309
21565,412.55935261250886
21566,478.70767802868477
21567,436.33220335687776
21568,454.5357878990181
21569,463.80504720387404
21570,477.21782912919747
21571,471.5302022396516
21572,480.7451697268056
21573,451.4737268066088
21574,383.438759988622
21575,445.4784292691205
21576,390.3301021287926
21577,508.2648175367989
21578,457.9726926550738
21579,574.4964891732983
21580,431.2541165732384
21581,385.2586116337452
21582,438.2702561607528
21583,461.21369162131003
21584,508.5028145391935
21585,469.1787705293715
21586,465.76070834436393
21587,498.04401559492646
21588,529.9655912327433
21589,418.71252894486383
21590,528.3112578684363
21591,496.4703554541992
21592,481.77449988800726
21593,424.9217317651482
21594,412.1852303102067
21595,462.14943507230095
21596,415.95987872051484
21597,463.1505781350096
21598,443.48152472981013
21599,433.95187580670716
21600,431.7110783331689
21601,473.9523446628031
21602,461.9755532686054
21603,460.9827062890708
21604,454.77910714205973
21605,459.42399367784867
21606,389.6083880077259
21607,450.7292236720185
21608,467.08301103445564
21609,491.94011876898037
21610,450.88668165337407
21611,489.9331843872837
21612,461.1767253399987
21613,367.0511525522305
21614,477.71161924900264
21615,461.7532868234923
21616,411.789319482133
21617,460.36443442867363
21618,422.9108434800451
21619,507.62650466504687
21620,432.6010802730592
21621,457.62003847669024
21622,390.4189178967116
21623,397.7377732354712
21624,500.2095644690412
21625,431.6280457781534
21626,497.11519307536776
21627,415.0448040024161
21628,369.1437852571218
21629,456.32090202782115
21630,429.7829714960483
21631,421.431692710455
21632,424.1369852234031
21633,461.64599546119064
21634,490.2424031951316
21635,505.75260238405514
21636,443.5455232501035
21637,430.9711119996298
21638,492.30767537535104
21639,445.9882429243808
21640,383.0947462385122
21641,426.7309561618461
21642,479.96518826542064
21643,490.648202485065
21644,483.77673175671873
21645,464.59470793941597
21646,391.30269631887313
21647,497.34609030462263
21648,486.88321036196044
21649,363.6418634319156
21650,394.9711923727755
21651,442.26370606798497
21652,485.79178974670026
21653,429.32517695949906
21654,431.1935104393737
21655,420.7750704919543
21656,464.978082899534
21657,456.49539398467596
21658,389.2118480459457
21659,396.6487783676116
21660,444.2545932734476
21661,505.1364763969968
21662,460.9099305593438
21663,416.1446680206068
21664,460.38592467934535
21665,459.735202709803
21666,447.15579602699825
21667,531.6179423963066
21668,442.55400792238595
21669,469.3009225754745
21670,474.5176619145293
21671,433.1020919839744
21672,489.9309673886114
21673,433.01230909124973
21674,393.85650521827347
21675,449.2225837795852
21676,479.55461164623875
21677,438.09948778453725
21678,432.41162986938866
21679,419.2079780091924
21680,434.397016286135
21681,365.90123035372244
21682,451.0607562148238
21683,437.7453540506292
21684,429.46287952262725
21685,518.6545628591198
21686,483.38290508799236
21687,529.7092378964435
21688,423.3211664809978
21689,504.487124163913
21690,529.4556252108696
21691,425.66510890153427
21692,494.46715886385937
21693,437.8219322843497
21694,425.91605409836234
21695,478.68582249961105
21696,470.7527231584403
21697,500.2879183845768
21698,483.02883342865437
21699,431.9980879914753
21700,490.5373089778462
21701,421.54624056346853
21702,462.00941471073605
21703,441.60862653436243
21704,431.54381142174293
21705,423.0675259051971
21706,402.39173288917095
21707,427.63465666026246
21708,529.8863756653071
21709,462.53787029705086
21710,460.22156240332885
21711,341.9378688622893
21712,456.90194090171707
21713,432.8960784013474
21714,450.7383941111063
21715,439.99145122158774
21716,407.5925364704182
21717,483.40578015080445
21718,438.4561907750203
21719,476.90462951362196
21720,411.6871015818422
21721,524.258933926992
21722,436.4527424529478
21723,461.59265137502797
21724,455.30120988072775
21725,403.7722050715751
21726,473.1757257033352
21727,470.20862071615204
21728,506.1172901229995
21729,525.6364704049604
21730,520.1474183930072
21731,502.0599309086188
21732,431.9101121142738
21733,450.41350147251376
21734,422.85716459978767
21735,437.4084983734297
21736,435.7689259894064
21737,491.5836385679221
21738,439.76135431292676
21739,436.14966548243757
21740,390.48737074097824
21741,432.4736629093739
21742,530.2281215286976
21743,433.25345646696866
21744,401.22520472931984
21745,497.87912323473705
21746,414.44978599601706
21747,497.19605369655494
21748,441.7010851991913
21749,422.1640324776891
21750,445.81997547056807
21751,482.0349651644246
21752,454.9694426783935
21753,490.90083210507356
21754,434.1159274331274
21755,401.49098355913094
21756,419.42455759948393
21757,484.6258595223228
21758,440.64830438442056
21759,393.7628331664314
21760,507.81608479233233
21761,399.55445835510085
21762,525.7251876200048
21763,410.2585644260223
21764,427.9713515270412
21765,488.73095699996355
21766,399.72146403369584
21767,484.7641327989661
21768,445.50307051601305
21769,448.88268948464776
21770,455.5456718487762
21771,431.3564410339316
21772,504.3495866970145
21773,429.1940878284861
21774,496.46608030418685
21775,376.6178784260236
21776,378.8509726263009
21777,426.9235839042908
21778,514.4855265658783
21779,470.37827260094593
21780,470.4571418048376
21781,414.9625736266465
21782,454.03816912019073
21783,511.4109782818114
21784,403.7787083863079
21785,505.24249268542764
21786,505.03556734546896
21787,494.20580698723836
21788,462.929411830523
21789,428.62794535899127
21790,428.73900145252935
21791,473.75785629880704
21792,348.6970306462955
21793,454.6286209087027
21794,414.90030687503827
21795,513.2482945001592
21796,404.43163894592976
21797,408.80493145726706
21798,411.40946887669185
21799,440.5191717117027
21800,447.67302973678204
21801,488.2170240826723
21802,432.35047326416606
21803,454.59146794748244
21804,468.33996275864644
21805,448.61618310469737
21806,408.4378223055232
21807,398.13866473382257
21808,468.8314325094029
21809,477.5124244893354
21810,442.74949437739605
21811,460.84153989216406
21812,375.9940543528799
21813,472.3227322113493
21814,532.4336482731009
21815,444.5615948657756
21816,494.4063882980334
21817,407.15056133526355
21818,453.22107259159174
21819,524.6327640671143
21820,427.7795766260703
21821,411.76981441171193
21822,496.5623142542769
21823,420.5440971993306
21824,443.449782782579
21825,481.79287839010306
21826,485.29389202394225
21827,432.43673659895086
21828,477.2973651126334
21829,435.7858568634934
21830,434.1547570636844
21831,373.74246742563224
21832,416.01766364034233
21833,400.72172585117414
21834,497.37814932765303
21835,426.53411393877843
21836,429.4920391766864
21837,477.3861977446511
21838,397.7330434928643
21839,534.6547129960884
21840,480.9812705054256
21841,431.02810573093774
21842,452.28108199780934
21843,396.6199068414093
21844,453.8629534492227
21845,456.62890362569283
21846,441.22193760087765
21847,438.4648038544132
21848,394.613557127898
21849,490.0222240036386
21850,465.5992616381538
21851,475.16626177161703
21852,469.9563344566835
21853,437.2722629294563
21854,415.5308799967249
21855,458.2990255852355
21856,483.6167885216787
21857,456.4243622128767
21858,398.5047292802635
21859,433.3511186173615
21860,443.6081745103726
21861,395.0587164975535
21862,464.30782161055964
21863,440.22552378188027
21864,453.21460421826424
21865,368.1573897025393
21866,469.02098361827086
21867,434.2322855626272
21868,539.5364416542109
21869,392.2300505116242
21870,455.9637033741816
21871,481.7133836243185
21872,469.7286486969835
21873,445.9181783724792
21874,448.0744160698891
21875,467.449673356661
21876,473.66833611837626
21877,409.98314443100435
21878,410.55853656746984
21879,415.65161139376534
21880,480.1726697898266
21881,379.5580192842255
21882,469.9367450024252
21883,446.32184999454256
21884,511.33497183809567
21885,413.47924409346757
21886,500.0400968645549
21887,386.2302792680454
21888,462.65014673639087
21889,523.2836335815567
21890,461.99870630553846
21891,449.4955993693187
21892,429.94885986345685
21893,470.2895114700127
21894,479.74513073435185
21895,508.4199834146969
21896,440.33124991077193
21897,463.42494751709364
21898,492.260959326202
21899,487.35617642781676
21900,452.20165651150353
21901,405.45503792573226
21902,442.93749486323964
21903,455.9407739368132
21904,409.4407197214852
21905,472.42521122024476
21906,420.028710125891
21907,461.1829659327912
21908,497.6711831699334
21909,454.4725136052891
21910,418.3950530829087
21911,392.9382608734547
21912,481.36374672266595
21913,415.0641331282277
21914,455.1555121774083
21915,394.25217730866825
21916,471.4199501331019
21917,450.58631838793764
21918,323.6988008721962
21919,411.98833690260267
21920,401.4927762804838
21921,546.6690634983137
21922,443.6191919974335
21923,482.129090768223
21924,409.0820862920483
21925,407.44590666605797
21926,418.596163827103
21927,453.9558377032539
21928,451.3408363116958
21929,472.26434199481406
21930,428.0924875910906
21931,442.45947869049814
21932,387.9527681432399
21933,473.22079826457355
21934,468.33455537634
21935,431.6328159556089
21936,441.3036751781665
21937,454.9926002510414
21938,420.66099516020313
21939,476.798070461721
21940,445.9642941423198
21941,433.753834038124
21942,457.4661065327392
21943,438.97709835155626
21944,458.5689951754633
21945,433.7739608810577
21946,418.3622061087423
21947,457.8316816117294
21948,483.6076741567928
21949,380.20212133601046
21950,396.8005268572142
21951,446.40448988524514
21952,518.7087729543474
21953,471.0796529312341
21954,479.86994476346416
21955,423.96113116452875
21956,448.52430717550214
21957,396.2312751892682
21958,466.85756573459133
21959,505.25746778835645
21960,454.664523708333
21961,444.04915544375933
21962,473.7904698627212
21963,471.9885239016542
21964,447.138799141425
21965,434.0358126938824
21966,435.1601021775219
21967,397.80833994986614
21968,492.2528330193388
21969,404.124907877882
21970,473.38590299679606
21971,494.6979182967095
21972,450.12749920056416
21973,505.0692781970853
21974,477.0785095668282
21975,408.4385179669146
21976,446.3945184843401
21977,407.59153566193174
21978,467.3121921410695
21979,473.4272637883511
21980,451.540199379623
21981,420.9600119729038
21982,473.2568776142257
21983,500.90469877811535
21984,429.79782720700547
21985,409.43971746199054
21986,397.1992623743666
21987,497.4405989956545
21988,530.4462170928939
21989,470.7038394999806
21990,460.3151990739034
21991,454.6368135319008
21992,504.4380329681872
21993,440.28926067005887
21994,477.8205392871438
21995,450.5574224192128
21996,427.35932217579216
21997,494.7905121862551
21998,469.3892803425067
21999,391.25636930601536
22000,443.71470830350654
22001,460.99685558716976
22002,431.397050999859
22003,404.5682557359277
22004,404.4738673446577
22005,458.8114641591591
22006,408.18729483790594
22007,433.1721029280423
22008,462.8397035799449
22009,456.9271878901601
22010,472.03881806637565
22011,561.6202954142622
22012,480.9928664459997
22013,470.5567803223623
22014,408.20405974914576
22015,441.12492795810783
22016,432.58653327881336
22017,455.0305582629314
22018,461.49241050865874
22019,454.6824181324048
22020,428.2466068140332
22021,480.7028947617602
22022,344.12657742922806
22023,438.9761622355688
22024,474.26800866297526
22025,453.71977271952187
22026,472.4534799332909
22027,398.08604457433904
22028,427.6319274289507
22029,457.82614800089266
22030,483.1051206313129
22031,421.7890371397989
22032,415.8173350474752
22033,470.83329074990127
22034,500.8354424065181
22035,437.01045385618517
22036,449.04782148472896
22037,520.6965156241624
22038,457.2890044748694
22039,487.37412280164216
22040,432.8664032637231
22041,509.88818313687824
22042,483.95771841096564
22043,412.35428353433633
22044,475.3716158652887
22045,485.65962937022164
22046,401.9806477261947
22047,390.33380247297447
22048,437.70795457876716
22049,460.69488721618524
22050,459.13306112193214
22051,450.4602902290414
22052,359.3466034289408
22053,477.82197589600503
22054,472.8451770702243
22055,421.57584135638444
22056,441.2295172948348
22057,337.9794066199728
22058,452.3504710636202
22059,486.33297272630557
22060,498.20415828650766
22061,406.1703589449925
22062,411.71760015212465
22063,442.5586237537119
22064,403.6875043076618
22065,420.8242164923054
22066,425.3201533720726
22067,392.94018008203807
22068,450.18053470201323
22069,421.19011492550186
22070,360.30594118795915
22071,440.41684952345867
22072,449.6742772478484
22073,492.03483217508324
22074,344.1784078086754
22075,495.7886191268296
22076,490.844132276231
22077,364.10642919648654
22078,455.72012222169525
22079,392.2018111877492
22080,394.53152706284715
22081,405.1683910260794
22082,459.5233617398541
22083,438.12089398940185
22084,443.81059810198485
22085,451.57346031399874
22086,408.1738202938484
22087,320.5728090512137
22088,456.2838311140331
22089,425.4973760083896
22090,486.8217050866375
22091,420.35224192122115
22092,409.9271884173271
22093,390.6267036115641
22094,434.7352330714628
22095,404.51280544830064
22096,472.74722212700044
22097,428.5074499060174
22098,421.7716271546766
22099,409.4064133147513
22100,398.49760040228364
22101,506.4295072984838
22102,442.1791324809225
22103,413.4281687525437
22104,410.3944971295154
22105,385.0586601671259
22106,463.1449693760478
22107,443.36438875402257
22108,523.5155767622001
22109,389.17578840004546
22110,434.53098256744624
22111,421.365575583149
22112,503.9437243087529
22113,508.76789139052164
22114,449.653604211405
22115,421.4403560183479
22116,421.50658630644915
22117,500.67081164226
22118,480.6404040792042
22119,450.080382307147
22120,439.153200714123
22121,409.7683003746341
22122,417.5137308298018
22123,379.60131910448183
22124,379.88368012378487
22125,500.02982619549636
22126,436.14539083593195
22127,379.0961541366781
22128,454.1488710190746
22129,489.99405835876473
22130,426.39476565046675
22131,448.0618372413883
22132,470.69881810147155
22133,426.00361000179294
22134,472.8286504694872
22135,436.72462109884736
22136,406.63943002017504
22137,459.0935401474307
22138,466.04091206043984
22139,470.86902585230735
22140,445.82380747560325
22141,458.5513174108174
22142,463.87692382408653
22143,498.03798153045295
22144,457.2839329385696
22145,396.4201118774368
22146,462.953449603611
22147,414.97523220401126
22148,460.84109766407624
22149,460.4250594236417
22150,461.4497391128947
22151,477.72088800741125
22152,425.3473231192446
22153,438.44140890874945
22154,424.10810617286614
22155,460.00799475207305
22156,515.9670365966731
22157,465.81420994791006
22158,467.79026946792
22159,454.93780989358106
22160,414.2680216187677
22161,530.7601785032889
22162,516.4739653826625
22163,530.1724815504062
22164,508.19570960047486
22165,447.2294793837611
22166,405.5711338248477
22167,424.4475109879685
22168,438.5318611474652
22169,444.79804392699225
22170,407.29399207529707
22171,523.6566396826064
22172,452.9745463598436
22173,482.43819324042704
22174,493.723838338476
22175,468.9531458566272
22176,478.13850914965496
22177,466.2742477939037
22178,510.91308408350363
22179,379.6841411474441
22180,406.41657699133026
22181,492.34602382273766
22182,457.5698584684192
22183,486.3214176905033
22184,481.2240106848373
22185,441.27365255687437
22186,408.6936939511943
22187,499.3016890766288
22188,442.5283182786036
22189,384.2031607881275
22190,475.8401686028947
22191,436.63600623191866
22192,434.37556981893283
22193,451.2359361539207
22194,449.44927359943716
22195,457.7121593607062
22196,415.3639221546241
22197,433.8809538338859
22198,415.8978948888873
22199,469.3152897230267
22200,410.37867497248067
22201,444.91980069273666
22202,519.8808945336591
22203,352.47561955649644
22204,443.0162710596575
22205,458.46464067283796
22206,423.8385757436345
22207,408.99569995728336
22208,516.7967520773577
22209,457.40110108042455
22210,517.302658892807
22211,403.64567366685657
22212,521.1211656173942
22213,469.25642527017595
22214,424.5273937431222
22215,418.9369438716989
22216,476.665747338128
22217,406.36524906894306
22218,446.9976421467361
22219,464.105294879636
22220,398.3209433623124
22221,445.5601471053941
22222,427.748299269579
22223,465.47757364867033
22224,459.6766364400653
22225,484.5223402847767
22226,522.0258099235413
22227,432.90907832742243
22228,432.1052534536806
22229,447.83299137469044
22230,509.4158403573258
22231,482.36242438184377
22232,488.1566445374258
22233,470.96211107681097
22234,458.9134331668363
22235,450.29917595349764
22236,443.35304665884485
22237,458.5393300861774
22238,503.62594281665895
22239,444.28234529546404
22240,423.34812778664553
22241,447.50561633873536
22242,452.0285288586166
22243,450.5879611478514
22244,385.2704530196949
22245,385.2200231387762
22246,433.0173134038146
22247,403.45030038684877
22248,424.72348444413257
22249,448.59450350950516
22250,515.3389867618456
22251,448.48301302055364
22252,378.06416440748654
22253,480.0942939773916
22254,459.63728452976045
22255,501.6186357742308
22256,485.5745540377432
22257,475.05232188524843
22258,425.8608106664019
22259,438.6400955183479
22260,432.1339087772337
22261,497.501729009291
22262,452.9481811126046
22263,467.9030164972479
22264,459.97267170079624
22265,454.47823062606665
22266,436.83536595294566
22267,451.416345027916
22268,461.8835215899191
22269,458.12086150883783
22270,472.36570940409376
22271,472.11405548268806
22272,404.9410022151511
22273,443.4832173944171
22274,448.5431834253695
22275,453.9618859570863
22276,367.5030738378848
22277,467.8401094599148
22278,450.296800344173
22279,451.40595158934804
22280,479.9253231334589
22281,423.04224589347575
22282,451.17315568404257
22283,399.19341629812845
22284,458.5636551573449
22285,423.0820789845258
22286,420.1067007586904
22287,388.48279268044377
22288,458.6589613003133
22289,502.8652787562395
22290,542.9020755722343
22291,452.74150127641445
22292,460.7437249110441
22293,474.3306305701078
22294,445.25999077276464
22295,451.1774162471532
22296,483.229316068292
22297,464.9329698748525
22298,462.73947947996095
22299,407.618096411459
22300,333.52672682051644
22301,458.63705194760763
22302,483.3110743588705
22303,470.41374221592577
22304,456.0763063313526
22305,463.6948836462712
22306,472.9317310877795
22307,483.38398044471137
22308,495.9764799603452
22309,510.96439470889965
22310,464.19033145918485
22311,405.9873176595498
22312,420.0784136454421
22313,454.21316323435303
22314,458.158350741927
22315,403.3620983693885
22316,505.2523944410638
22317,455.89813420770776
22318,494.0596628427744
22319,389.8030924696301
22320,465.37798170296094
22321,463.0025056417856
22322,447.16159832406925
22323,464.61007581514923
22324,436.65239987470954
22325,420.1990160577813
22326,455.9242826539645
22327,474.47075718720504
22328,370.456573838145
22329,396.764968095691
22330,407.8023732273029
22331,507.07585908585094
22332,498.7219472371196
22333,482.02585335092596
22334,426.5679085125526
22335,445.65299916960305
22336,433.980478865397
22337,396.64538287849746
22338,520.0345700151353
22339,437.16785497873633
22340,514.5144263829714
22341,415.7510866163043
22342,488.35020837500105
22343,491.89753102464806
22344,453.16455320828044
22345,506.5875178188898
22346,436.9408126231209
22347,401.45429069080893
22348,454.75930900554613
22349,498.7925377348259
22350,434.4785564223906
22351,418.73116218579526
22352,444.58786037720955
22353,425.2869578726368
22354,455.81168654362506
22355,455.28272617195466
22356,421.7373556036651
22357,423.2908381247424
22358,481.8666276508035
22359,495.81013316922866
22360,456.7932456993858
22361,423.38604598555423
22362,406.35847922252026
22363,441.7666244881537
22364,401.2491664518112
22365,428.9811106879094
22366,445.1015511389114
22367,458.6057367583908
22368,437.8752672321092
22369,446.884701049724
22370,482.4678672449707
22371,443.1746144542891
22372,438.26625578056735
22373,374.17737844444923
22374,483.0756386361926
22375,448.05026529675456
22376,339.920743709199
22377,442.33765949412833
22378,499.5900356928429
22379,482.34868101734
22380,464.8025649162579
22381,451.93079445101944
22382,484.94194917058763
22383,415.1066729987609
22384,452.3202174500445
22385,418.6944742615846
22386,496.02595601326414
22387,453.35308267405526
22388,371.123138527889
22389,439.0128157756969
22390,480.9838992317058
22391,445.2939404334886
22392,495.8915255630359
22393,397.93134481486493
22394,417.40679981334773
22395,570.8752740281661
22396,446.5530095877023
22397,505.24121708906563
22398,460.7144646742106
22399,481.24096941307846
22400,431.2008320775493
22401,460.03395234817845
22402,387.1304258182996
22403,449.30374226972737
22404,414.4613187329423
22405,461.1110738134838
22406,479.96942521819693
22407,471.9201089560896
22408,421.31306789400696
22409,429.6031674964634
22410,462.3361005358276
22411,444.00825266536816
22412,479.07676229119977
22413,415.08819000648344
22414,447.72282965064
22415,386.64722224555686
22416,475.5254336211965
22417,412.7295149123807
22418,480.77176560655613
22419,415.83550520623567
22420,413.82708709619857
22421,445.95456110241537
22422,381.65241100052356
22423,374.7596175533995
22424,516.453808520455
22425,455.9830750386682
22426,401.89488483146766
22427,417.5981785994569
22428,410.9622553699426
22429,441.57122935926714
22430,465.8243214059112
22431,487.1475276394692
22432,446.2879057900996
22433,483.1503000171144
22434,375.75566141685465
22435,467.200849340384
22436,469.49063519696557
22437,413.8172517843604
22438,482.35248868828677
22439,470.6948338004312
22440,444.3091193326951
22441,421.7919235185858
22442,511.4615207162301
22443,476.411409207621
22444,467.98270347918026
22445,452.43108602991794
22446,392.98785610152123
22447,478.9900041601479
22448,457.0993257830248
22449,503.49095510682105
22450,564.5917914376051
22451,450.74312541340964
22452,415.5510729800688
22453,423.21975318137794
22454,427.2773606538101
22455,473.5545629904376
22456,393.87433011155036
22457,501.11824258980397
22458,456.0600334074833
22459,383.8958049745922
22460,422.6858939210439
22461,433.34615018691187
22462,445.86028461500246
22463,430.544594488181
22464,461.0694264129306
22465,382.6799738394184
22466,449.548814096477
22467,432.15829248958835
22468,408.8632690107982
22469,436.0490618452134
22470,423.71406092950497
22471,419.1459080602043
22472,439.4120827252435
22473,413.3542757792657
22474,473.1873184546182
22475,390.34699840158567
22476,392.41743373953767
22477,375.16840196767896
22478,500.0331224792926
22479,378.80388414153276
22480,457.5170126672473
22481,447.45270087313656
22482,404.65030495121255
22483,383.8909101090125
22484,425.5598859345239
22485,500.20667770722395
22486,444.217299554234
22487,487.77437539494736
22488,482.1647296543186
22489,384.0461235840114
22490,451.6350148156225
22491,469.9268485962335
22492,420.85032138550423
22493,442.82474185006566
22494,415.0953017615099
22495,453.18368014016636
22496,345.7296600471542
22497,406.3808577168603
22498,470.9032445583682
22499,440.27916851302473
22500,519.0516604122448
22501,499.4496465261306
22502,456.10673584028575
22503,522.9277798207222
22504,507.13630550844107
22505,458.6866984970238
22506,405.14079742183065
22507,472.7408245807488
22508,462.12582453837604
22509,489.32267532689286
22510,453.57070010969085
22511,397.24488608943267
22512,439.2629540266437
22513,456.5278062968517
22514,529.0253963516574
22515,493.3072755980043
22516,445.7452777981744
22517,460.40097697180573
22518,417.9262269846076
22519,529.493226112506
22520,504.9169859189659
22521,388.8626208534133
22522,455.0844885401843
22523,407.896583690309
22524,515.6115593758644
22525,396.80950789003214
22526,443.0146015793528
22527,449.3550181270547
22528,435.2414095146504
22529,428.06385073416953
22530,368.699324791598
22531,460.69278176451826
22532,442.702397395895
22533,381.6515156045267
22534,447.8373623260313
22535,417.63399583455504
22536,397.58231936446936
22537,438.3638199888826
22538,405.6715050834456
22539,475.23559852793795
22540,401.0312061000263
22541,485.0567719029888
22542,416.27983401512324
22543,430.5283438000485
22544,416.9288241701836
22545,449.5234727856525
22546,529.152667201913
22547,468.86322532914426
22548,520.9818136162417
22549,431.2164156824417
22550,407.25520189805263
22551,473.2738977293603
22552,449.5247601872318
22553,444.7038427612954
22554,475.47582462766275
22555,451.72331379092435
22556,444.22235739489577
22557,449.92915449356013
22558,509.9504638783876
22559,391.6039773169136
22560,433.1089601036863
22561,465.21536627831017
22562,403.061275556341
22563,443.04392128086164
22564,395.8824307141426
22565,432.6079928584595
22566,466.14081221599344
22567,477.39964516451886
22568,504.86715487555296
22569,504.1854381402427
22570,483.748402856172
22571,456.7149688019886
22572,406.54121987166036
22573,427.9374834812983
22574,481.9539432901761
22575,466.292104971606
22576,499.0802644232538
22577,445.58590998314776
22578,453.926419894391
22579,480.74055600269696
22580,432.6554314214434
22581,437.37074121952423
22582,456.9728257914902
22583,474.5164183957013
22584,498.9923971882077
22585,419.2022852229497
22586,466.2978440901952
22587,498.6508106872185
22588,426.151163780072
22589,423.42012312737535
22590,483.2429556843378
22591,458.89080815922745
22592,442.7992997539415
22593,434.1537712081228
22594,438.0480706870226
22595,379.7486006317027
22596,483.76702884504147
22597,442.68984027321073
22598,411.1975383531041
22599,410.0009478001305
22600,477.7525384981174
22601,441.4083822821144
22602,502.82865922172834
22603,397.6135539194329
22604,534.6451625729442
22605,503.04330021884584
22606,435.52619996763644
22607,507.5221483650459
22608,479.81239740534625
22609,495.3791979335556
22610,422.8544295519531
22611,415.74897003287356
22612,463.25509929729407
22613,427.80430029837873
22614,471.3652363942426
22615,527.038202837595
22616,504.8010875102397
22617,430.672139103845
22618,392.6096193807834
22619,449.9219525449133
22620,482.74492816112155
22621,440.7039977290487
22622,518.2315206664354
22623,380.88823870826843
22624,476.30377984694866
22625,451.67456200742106
22626,411.40048554577527
22627,499.5994991101815
22628,433.4544331648698
22629,431.64868305480957
22630,443.5157434476118
22631,418.5173923242389
22632,428.16356752701336
22633,460.06286808658825
22634,474.4628112625717
22635,443.708446702077
22636,387.1973028733278
22637,414.87241169817565
22638,400.9930698716793
22639,490.7337543344925
22640,459.5735590592416
22641,429.5392030050642
22642,442.9283519569097
22643,455.03493488832476
22644,425.0188204645664
22645,463.17157858055435
22646,437.2546032989191
22647,513.3164071616553
22648,404.24415145781444
22649,446.7766898291844
22650,456.4130953527186
22651,440.130941097681
22652,438.9324422533315
22653,448.76313382017327
22654,404.1304086724293
22655,392.6687190721207
22656,446.3821694026444
22657,491.97138362187036
22658,439.45090309460227
22659,488.2359144683566
22660,518.6810055012751
22661,455.9573772022759
22662,390.473886617031
22663,447.71100449662924
22664,394.0466976797116
22665,472.86758926555245
22666,410.10026894742464
22667,440.3869667235207
22668,460.25246037925547
22669,423.93602348002105
22670,460.1337224846917
22671,405.9352378794927
22672,439.05362645811647
22673,412.1329175089491
22674,493.99745616029145
22675,496.8902564517727
22676,511.4167184413798
22677,465.1009952255928
22678,409.38777867041523
22679,423.000227222175
22680,438.6381660817638
22681,428.2483285539076
22682,528.2777692701155
22683,386.659634395863
22684,504.5092143757413
22685,487.8334031387567
22686,414.9752993064612
22687,434.63080535443464
22688,430.3112285926756
22689,455.1340062411608
22690,503.3199789072583
22691,463.6844709947392
22692,475.93530198777063
22693,468.9553236090264
22694,403.92022457235663
22695,442.8685891718168
22696,429.9809172304632
22697,461.2229002528346
22698,530.1674826139624
22699,332.0652157869436
22700,478.8131916092758
22701,454.3914128316865
22702,452.8412115927752
22703,352.39379059253463
22704,511.10932256319836
22705,383.9104511878848
22706,460.7928544381905
22707,488.68321259763735
22708,471.3814004599309
22709,493.9467071007715
22710,488.85047641263924
22711,498.58868420485607
22712,401.19946034429546
22713,435.72773199998613
22714,469.60038147279084
22715,339.6570373348603
22716,448.943442994847
22717,431.88587707932106
22718,428.8618053561461
22719,480.6641848898489
22720,397.8419743304671
22721,423.2126231519008
22722,416.61519916748006
22723,459.37340155660024
22724,482.7410266013638
22725,404.7967679161122
22726,473.17273572502114
22727,396.33713100271706
22728,486.43940391847866
22729,412.3439320489198
22730,436.32622768960346
22731,513.2086970265117
22732,443.7772089924989
22733,447.2989194073848
22734,415.65585471777933
22735,449.99600914382296
22736,450.17317726434527
22737,440.4945269013727
22738,460.5855494771812
22739,404.87346043571756
22740,486.7704195606187
22741,498.6744835857733
22742,449.73335868106085
22743,429.92090349649703
22744,419.47077210663974
22745,431.71590224406685
22746,414.3294536938376
22747,456.01732125222105
22748,393.6609179082701
22749,451.2963462512895
22750,454.75941426848766
22751,513.2569110998085
22752,492.2320733126047
22753,427.08189621125956
22754,494.21166871295816
22755,434.4749179556603
22756,435.08185918849335
22757,417.882972981949
22758,472.0903912516809
22759,547.229746497606
22760,444.6634695162066
22761,414.6007453344675
22762,455.5578305673533
22763,428.5751783433582
22764,322.0543163531872
22765,427.51562560965556
22766,443.69692431186456
22767,400.2711110950466
22768,447.67493571390344
22769,419.98167119087987
22770,352.1298760859432
22771,436.6354144425698
22772,509.51679560450856
22773,450.7922393061015
22774,454.2232242049636
22775,424.35305639530804
22776,453.30234553337357
22777,441.5839471565373
22778,508.83319634378415
22779,451.4666411527099
22780,489.51160324770143
22781,409.05863869324486
22782,486.06544572362793
22783,454.67059556034195
22784,444.6359054543001
22785,422.7401587727641
22786,493.3634165965309
22787,414.9214974217364
22788,426.5798936191712
22789,443.9307858598524
22790,474.18697090107696
22791,520.42157468797
22792,434.6865725457401
22793,477.1139072267105
22794,394.9947356240534
22795,525.713366581522
22796,419.77639346025717
22797,491.41736733065136
22798,451.0974024740512
22799,442.19503871454236
22800,494.32291105650796
22801,444.16677424646406
22802,464.4560592267563
22803,389.4730526300026
22804,422.9342021295206
22805,425.5325296399906
22806,423.3886806075174
22807,441.56067513734473
22808,436.0040496441796
22809,422.63489815055584
22810,501.24264161209726
22811,465.2926725315634
22812,346.5549892207375
22813,465.7478732255892
22814,429.3186021330392
22815,432.7335937552478
22816,418.7630448912259
22817,456.86108377188225
22818,436.74042921413366
22819,439.07595408984054
22820,443.2031990393373
22821,482.38621041868765
22822,448.5861677427201
22823,501.76253230306367
22824,418.5124594272344
22825,526.0327217285442
22826,410.6120208254922
22827,435.14693162721943
22828,418.0108369136436
22829,482.6615807376544
22830,417.120005433159
22831,448.9976611373382
22832,364.552850657058
22833,529.6225676293943
22834,469.3801763275912
22835,412.2822204733513
22836,526.8652251101445
22837,522.5045912374225
22838,442.8917475649171
22839,466.4394321927387
22840,516.6490433737052
22841,427.52443261601877
22842,441.16359910582275
22843,464.74049024507394
22844,463.1185778655216
22845,503.4353865633434
22846,531.7625995509914
22847,456.8634655570308
22848,412.39805708016445
22849,481.9914596084741
22850,428.2481450636457
22851,521.4351996762015
22852,364.28485426439113
22853,523.9115763075548
22854,425.9633743104492
22855,486.1824035243285
22856,407.42618902101026
22857,431.37407205091677
22858,532.8903591500679
22859,480.04049860523577
22860,368.0222548129938
22861,405.5486406291651
22862,381.21427223844347
22863,492.99813043581014
22864,423.47041365228193
22865,394.29272747428627
22866,454.7980963664146
22867,462.0398869900112
22868,534.7491493183669
22869,371.08332742400427
22870,431.1280827393023
22871,431.0178689112795
22872,487.55849712547035
22873,513.3301141870235
22874,466.7085218451452
22875,418.30401759121526
22876,419.86146916393125
22877,440.07339164090797
22878,440.7790425505082
22879,439.2489312376351
22880,459.6822546245895
22881,486.8398316421335
22882,439.0633285052077
22883,451.5630531258074
22884,508.5905897683144
22885,424.3799139693256
22886,487.2701852156035
22887,466.02328812216797
22888,446.6080072030482
22889,467.26614975883774
22890,480.75594611664087
22891,440.45139248563424
22892,507.17261925745544
22893,427.39800776496503
22894,489.0852234574126
22895,412.50480705567185
22896,468.9979979208782
22897,437.0409500048536
22898,376.33317135444304
22899,405.23365370383743
22900,441.43197096602717
22901,412.2266646192412
22902,460.12786554180957
22903,411.0066958905698
22904,296.0700866498348
22905,433.3629006701947
22906,418.07695624032914
22907,428.3275208001387
22908,485.5650573165105
22909,464.31701154025643
22910,477.0122760590076
22911,493.85304754669187
22912,481.95520456887476
22913,391.9171972215126
22914,388.4705106456847
22915,409.5346060902975
22916,495.66629405295714
22917,484.2059260120736
22918,414.74407821533595
22919,436.6626392052181
22920,458.52817987953273
22921,581.5801272067423
22922,463.9539271854342
22923,430.31586651787256
22924,372.89760864756187
22925,516.5573678807755
22926,460.11171117890024
22927,397.9734026353769
22928,367.17936969213207
22929,403.1717953207774
22930,451.7862839799456
22931,473.9687428747855
22932,429.31743598371366
22933,457.19926102234035
22934,455.85437357891453
22935,460.5711942276546
22936,451.79573858114185
22937,458.5631108784413
22938,456.0966994210091
22939,439.57564637488804
22940,461.28715041597076
22941,415.27787313051755
22942,421.29402356677093
22943,478.4927127768777
22944,431.3236768311924
22945,488.8509992996238
22946,429.74260389103927
22947,448.67749968369856
22948,402.1125572644869
22949,444.0360956513388
22950,503.58451878986244
22951,438.01311995841087
22952,470.8933589337548
22953,420.0916280812657
22954,441.6825116443402
22955,410.9554181557808
22956,431.88630629261564
22957,454.7526293094114
22958,492.8859266670424
22959,402.6108368984247
22960,481.78519038602303
22961,489.7969023004264
22962,417.50768019957076
22963,414.2485786819291
22964,435.15203683051516
22965,466.7871342450553
22966,503.24257470547997
22967,439.67108228889464
22968,493.1238775600599
22969,433.79409204042594
22970,492.1237969364106
22971,455.05126395907513
22972,431.96129943306016
22973,455.04231640036085
22974,438.8733776899207
22975,458.0567264617694
22976,422.6715224258668
22977,472.28321676314386
22978,413.28184915409275
22979,474.8889731908056
22980,384.05856428935897
22981,498.72380457512355
22982,460.0026116490965
22983,379.0758682520875
22984,423.44637012124275
22985,433.05603253746125
22986,461.6523339848823
22987,466.24560626066904
22988,499.40375987588527
22989,357.6081967943898
22990,438.8691450748211
22991,481.1529523695426
22992,482.0292653115081
22993,443.0108659063267
22994,449.8063708760995
22995,508.2418672478306
22996,469.05956832697433
22997,437.69931270011966
22998,438.4925165487094
22999,450.932449171095
23000,490.09720510225407
23001,500.332043122052
23002,413.65002889156744
23003,386.11853895353465
23004,500.4798723822203
23005,444.1125564172806
23006,447.10817401140093
23007,500.04018727095723
23008,448.80803077625507
23009,487.1943940796287
23010,480.01920370118046
23011,411.0102124759251
23012,407.1346862453755
23013,416.3899477680498
23014,483.024782195912
23015,451.6789022086121
23016,490.95999219712564
23017,509.18253601681477
23018,465.4877464257389
23019,346.79600164147746
23020,463.5128193776766
23021,476.7474885599506
23022,463.03211442793594
23023,361.4994692503872
23024,413.12370447335167
23025,530.4783150682314
23026,386.1609824155554
23027,418.2797740508034
23028,467.48092245182113
23029,448.2981035572161
23030,532.7738807031823
23031,471.47928897205713
23032,423.53334587046845
23033,427.37106974149776
23034,458.0901379243843
23035,438.17128722521255
23036,370.439638499151
23037,484.57004727654623
23038,524.3740682941818
23039,436.89168593730534
23040,503.0200955853246
23041,363.8401387905959
23042,408.3474855191674
23043,454.3420105923005
23044,417.5065638639891
23045,468.62025942917114
23046,500.354632255569
23047,467.6072479288806
23048,418.13807290401627
23049,488.8808595421605
23050,485.8909778997904
23051,482.25986712539793
23052,406.3357445525882
23053,384.099363999185
23054,472.03325504276256
23055,479.73403352160847
23056,474.1345268127874
23057,411.26917698007696
23058,501.6311140882126
23059,454.62261586394953
23060,431.0107895839458
23061,396.9527887800028
23062,465.71220897558396
23063,541.9918363195604
23064,477.3986248575955
23065,475.17820869312
23066,509.65444830306046
23067,490.10395271692346
23068,474.6880095609509
23069,442.36920879374316
23070,393.59883393448746
23071,421.9394841224462
23072,420.10696367085825
23073,426.86661455310656
23074,495.44684353960474
23075,538.8715641527938
23076,468.65925262652286
23077,473.39593105707894
23078,568.9712901969258
23079,423.6227243865223
23080,395.65012027528616
23081,470.27671832839457
23082,422.69930704502184
23083,472.04132707271515
23084,449.4909175389795
23085,410.2384091308439
23086,417.6286654239235
23087,405.64475417508345
23088,505.5994694563745
23089,464.154236153958
23090,423.71267533905365
23091,458.98718274215884
23092,453.9061096601935
23093,496.61013686422444
23094,448.825708752237
23095,501.0057667622697
23096,543.0897872245381
23097,392.26590650430467
23098,528.6678934319374
23099,409.8197712351057
23100,389.735278168467
23101,444.5290548988128
23102,461.5593567460831
23103,448.2720764559538
23104,470.457095369596
23105,453.6237636654335
23106,389.42078700203865
23107,470.47416727313816
23108,366.4399244259768
23109,436.8405506286937
23110,447.58414977763806
23111,408.0971449690234
23112,474.9750306820189
23113,503.8257080393578
23114,449.9733811605526
23115,430.8543253099635
23116,414.54249926188425
23117,463.0137573777961
23118,427.28387771053394
23119,459.6223319636094
23120,448.34869255461615
23121,445.91032713944554
23122,351.9435277456137
23123,491.6079601710489
23124,491.5153231263776
23125,442.49492047905443
23126,473.1698273445052
23127,446.53918667751856
23128,405.24002559371496
23129,512.6877306195474
23130,461.6643238005912
23131,383.828978128005
23132,415.01917013857684
23133,425.1394687464776
23134,421.05409179182254
23135,406.97018832036514
23136,404.99429374486914
23137,413.54223625715196
23138,424.449567348607
23139,427.88325433669274
23140,492.4628636950543
23141,452.90904305188593
23142,447.6176846661705
23143,458.67975137460155
23144,534.8735467457403
23145,474.4277648963186
23146,511.847568226466
23147,529.4015422127916
23148,474.8574121394863
23149,414.65044474368784
23150,426.105178034766
23151,392.0452664651215
23152,453.44289410660224
23153,459.1272684498298
23154,497.3414692560216
23155,470.5566175048238
23156,421.3398671600643
23157,505.9117441413105
23158,485.744370651362
23159,440.01963595067326
23160,463.39059697210456
23161,417.4345866210694
23162,438.1088332000903
23163,585.5556716919432
23164,447.00008825449316
23165,508.2892686536758
23166,510.8293670155046
23167,504.19815719583863
23168,442.27264449906505
23169,452.1464532125514
23170,434.78228405611645
23171,364.01352617286494
23172,420.0641229052703
23173,474.78251368782065
23174,383.1168123894461
23175,392.8674531764248
23176,418.0460610236758
23177,398.82456173639576
23178,466.26028975469126
23179,402.71079395864086
23180,438.4777479548228
23181,456.79945762741875
23182,414.34407385999407
23183,485.41585442595937
23184,519.5928140113605
23185,473.74378455081
23186,499.40777597235086
23187,452.9679874661689
23188,460.08547997388064
23189,507.30420971380113
23190,461.10757945509266
23191,356.75498112178167
23192,456.37038164381823
23193,471.57770216323354
23194,512.6571022764957
23195,449.8955716802277
23196,363.9500064386344
23197,454.44662937556694
23198,398.0192083926587
23199,432.509061625442
23200,434.7955854806731
23201,477.0619866026776
23202,475.8515937140036
23203,458.5990882414718
23204,430.3487040640512
23205,453.31169944692124
23206,406.65150475356745
23207,500.4618646965324
23208,443.2584037245074
23209,436.8683190651165
23210,460.20775895360833
23211,474.5117362922572
23212,453.16899813121466
23213,398.1390534791298
23214,459.3567231936798
23215,453.22411439318716
23216,496.8825020840338
23217,362.8986003201918
23218,428.1112087949134
23219,415.8907777899782
23220,431.43920386317563
23221,398.3049157442921
23222,454.0916281704945
23223,500.7316010686485
23224,484.8679091468452
23225,497.96789780340436
23226,409.73077182272596
23227,464.42377456531597
23228,420.1924124103232
23229,479.8412086723417
23230,450.6452205894904
23231,417.0439114034717
23232,455.4397674294632
23233,512.4612518223954
23234,470.5185778938894
23235,394.84968741337127
23236,480.0052430609448
23237,478.7442552626623
23238,482.96657708278786
23239,432.31425966514183
23240,434.68597858321016
23241,475.6299107964254
23242,496.74089765345593
23243,464.4282757332408
23244,438.885332782171
23245,490.9480110571793
23246,451.68303276993964
23247,432.60019139179445
23248,491.15754069470404
23249,493.10165085789794
23250,456.24364570013
23251,508.6020678373011
23252,452.97795481446195
23253,434.95134950115477
23254,420.81517660313347
23255,378.36831997159
23256,534.6185196754121
23257,507.92121301979375
23258,504.49289746154227
23259,465.23446774244655
23260,465.30298486570354
23261,459.5593693117071
23262,410.59231422814213
23263,489.06626466925485
23264,502.85749381069115
23265,443.2740363149295
23266,467.11988305553143
23267,515.3140553676137
23268,467.8185830818778
23269,427.0679228342119
23270,455.5426439313495
23271,454.8366501409915
23272,439.6070399864252
23273,388.98063819419525
23274,463.47261662960364
23275,373.2472174703769
23276,515.277077141412
23277,459.93067962298977
23278,440.75941473478923
23279,364.9287389265413
23280,453.0026062049161
23281,387.8138083765523
23282,415.4727850371057
23283,417.84956502558595
23284,449.02529247593566
23285,526.9884315844646
23286,481.4445169416956
23287,474.0708524540366
23288,446.1007172213277
23289,487.90734445139196
23290,427.5408650596596
23291,398.5667222599735
23292,417.3495461397698
23293,471.8313219397019
23294,423.54684287558104
23295,437.65318670974165
23296,455.47988202990155
23297,502.06076327483237
23298,403.3405642580132
23299,435.8825353412838
23300,456.08861035664717
23301,447.8918370557358
23302,387.1805432176761
23303,506.49797787338997
23304,421.6627265333737
23305,461.2029222135565
23306,421.6404739571656
23307,494.71362485662354
23308,374.1469302441122
23309,418.80750801428286
23310,399.32797696538853
23311,440.04192423772577
23312,415.0548272452554
23313,440.43470117778094
23314,458.5376141996536
23315,451.74022036900766
23316,501.25504018036304
23317,445.16430562420584
23318,426.0634316207227
23319,438.1318290965314
23320,406.73240799893006
23321,390.792063721887
23322,478.7561268913111
23323,501.9167970992874
23324,413.8074148662193
23325,387.15677428107307
23326,402.99054962320054
23327,488.2177750226679
23328,400.92985936360196
23329,433.24956097953753
23330,455.7831974323669
23331,404.21683090848074
23332,508.83790074344927
