LOCAL_IDENTIFIER,CORRUCYSTIC_DENSITY
0,412.7713452455493
1,404.26952719285487
2,485.7995132649659
3,479.10522560814474
4,503.13158746837684
5,441.8977778592497
6,413.4778151564866
7,458.5050869530065
8,471.2931492069683
9,464.42586753466765
10,414.73975201819854
11,496.5011896121471
12,418.768154220976
13,438.6058083678919
14,445.87342792282146
15,541.9026518136662
16,476.7263430834195
17,484.76157765575067
18,512.962595376829
19,498.50730026463407
20,426.04415556481985
21,478.86659216495804
22,443.9210875046641
23,460.1403679997749
24,421.56404606761197
25,456.4685403002489
26,418.4660911096684
27,410.41949251465456
28,432.5236136846902
29,433.5759815010094
30,403.84771948517596
31,497.1795239854398
32,471.57381930641856
33,508.0765573315127
34,475.4394611078503
35,441.73028483900373
36,421.93521628722203
37,507.703190176033
38,438.14534212040127
39,481.9768779305772
40,519.7007620846803
41,465.6447893663552
42,459.4865154803673
43,487.0657854437933
44,470.49959094417983
45,486.32379917910885
46,464.6147820341045
47,447.3250875513331
48,485.54062510629086
49,476.8865417446435
50,408.5293424530337
51,481.7015415224874
52,433.1375654890445
53,410.3658569564965
54,483.55516856732766
55,472.82044337232503
56,393.9501239835418
57,455.03040701078254
58,395.23435948054623
59,429.8664721529587
60,452.3810345818178
61,418.1111551425893
62,522.5460552638297
63,379.6670997436543
64,451.3618731453781
65,523.3285039327527
66,422.77501465119434
67,440.32072934474024
68,400.9656798738089
69,464.83394742655594
70,459.8950246247709
71,451.910772295473
72,408.1097796920396
73,484.04999090977645
74,506.4378032376496
75,490.2504602655966
76,500.71449048967537
77,319.7089017982165
78,455.6003841050282
79,490.110925243081
80,364.0872386375242
81,475.52139289635517
82,402.1160697567567
83,456.91106144268815
84,428.63941260520215
85,503.2111463240161
86,442.0239721810072
87,454.58674894035613
88,476.0963237346053
89,471.1414893983164
90,494.7141450838718
91,449.1537450584134
92,468.34219598248944
93,452.03676325478733
94,459.348751240964
95,447.40113455776407
96,406.7468534530544
97,469.9559101738274
98,494.88037223974163
99,469.236088890681
100,483.75927847927534
101,497.9513524874717
102,464.45869985488804
103,510.63785190400324
104,455.62662321259376
105,467.31225501070924
106,449.19246406317467
107,493.3458925546543
108,406.52076812535535
109,479.58694792931897
110,438.9029295675584
111,423.07756827458866
112,467.6516593471454
113,446.05158056354134
114,477.84092933904043
115,454.25250689148805
116,468.55286354468046
117,394.04222224296
118,400.3838377140065
119,424.64097762108076
120,495.7507600985364
121,438.0568531363179
122,433.6899039611751
123,397.9925327442384
124,575.5466313551397
125,456.0777116801387
126,352.02321947477594
127,455.47426014705474
128,436.65883820509123
129,502.8563333489641
130,451.16387791436716
131,502.65738147700347
132,420.0267319789864
133,356.00358421586134
134,467.0767171699124
135,476.36458529979745
136,355.0238713408826
137,432.4558585908926
138,352.56334015082376
139,415.0092611902167
140,488.68016664478085
141,473.21962008415267
142,400.66544692628213
143,500.5007135509169
144,432.6346725401405
145,466.1833837908268
146,466.72696130175007
147,481.94232250594104
148,455.30270723046806
149,470.4239035090415
150,446.7249099703553
151,473.3612680401528
152,492.6745498243039
153,437.39186037673596
154,460.9372658543577
155,483.70132155474346
156,424.6370281219683
157,409.96293795309475
158,467.2585731188812
159,438.2445536313671
160,425.0404629089808
161,456.1132766257016
162,477.662518117576
163,440.5501800145268
164,418.3481839907662
165,445.60431098561776
166,384.7711094402699
167,481.1357554166325
168,514.6380912450575
169,466.7651633525176
170,405.3307294743572
171,399.4865586084457
172,486.41621041824607
173,467.8613371536229
174,482.6939800315568
175,474.88400304993235
176,437.05750044612597
177,433.7019865381666
178,428.57711954328795
179,485.00139652304136
180,548.7519253437301
181,456.59012761788154
182,408.9367523943795
183,391.02105974408306
184,464.4014340726661
185,448.6455788978963
186,459.06912261019096
187,574.4946413497544
188,398.63130834663343
189,432.0105551758808
190,447.29184771631463
191,463.192949259849
192,421.37239144567855
193,460.90157805054395
194,450.83011514325926
195,500.0541372579749
196,414.4078414743749
197,466.7597958837996
198,423.74151682761067
199,415.27742626310777
200,420.3286121910244
201,458.5209167105363
202,498.7331918487833
203,492.76811267823194
204,493.14409700054136
205,482.6896247411538
206,404.4555710289414
207,413.89779948260366
208,531.2103861319445
209,382.2588210794574
210,459.520752079305
211,423.0784682691437
212,449.7569776367901
213,461.4249632971829
214,413.5224514396142
215,417.2282800770032
216,436.73473960337424
217,429.6234283356518
218,396.1753819593421
219,461.3789119908606
220,422.86742336036644
221,458.4942580926388
222,383.8620548141319
223,440.8518188411846
224,445.89550560974584
225,478.264618347855
226,460.15643096126223
227,455.5092289330157
228,458.15860143755606
229,393.96098794428207
230,523.7717176928412
231,458.99114176039035
232,495.95533234535424
233,409.5015244296185
234,389.23466661966035
235,448.75540476792554
236,413.83166569522507
237,475.54099497359084
238,382.3933258677667
239,449.41555121242175
240,501.02693501646667
241,488.1161408591263
242,445.48990298571584
243,523.9861043399429
244,521.975888654953
245,430.0081514321628
246,475.4906549868936
247,427.3652900302727
248,454.2758795430965
249,466.42407979815357
250,490.1398847709139
251,391.1070225163396
252,426.29821540645366
253,450.79155898681
254,443.9067709223449
255,419.57999790523525
256,464.60876039952024
257,454.3416712301823
258,399.7560922111032
259,452.60667948374675
260,448.25791333113654
261,521.3582246245521
262,433.6937465772017
263,446.84444400140353
264,510.405092577515
265,448.2301182699781
266,512.1881888643451
267,380.841507135767
268,533.9865334054047
269,484.1501025615484
270,455.79906005909555
271,380.01046810389397
272,442.4655986807285
273,459.19712656265915
274,459.5662415545509
275,459.8102984146087
276,502.6737900755118
277,461.4116262055787
278,485.1533437770696
279,487.2060685916381
280,424.0965638208164
281,489.20369145221207
282,432.79846971740386
283,443.6003155905697
284,492.91632207986265
285,487.4104621664457
286,444.845162343612
287,457.2137073260677
288,482.18421410354404
289,486.5708001683983
290,422.20083831660907
291,439.81635186136106
292,473.8296117826474
293,396.91249828456057
294,473.40506943473
295,440.64164890721827
296,535.8284911799861
297,572.9827329499111
298,447.8913828553297
299,529.8897884095446
300,400.3958341541483
301,385.82205839022924
302,440.0925380157114
303,406.801475513049
304,428.905915798418
305,458.16849945428515
306,366.63010584916196
307,452.3480813573815
308,382.12286647965465
309,432.9241596834487
310,432.0754508441866
311,459.1887904910753
312,483.3282047391715
313,439.2034028987345
314,348.06957257179135
315,425.0646366232663
316,455.3374635447125
317,409.0122519917218
318,374.3062201309423
319,430.5321952249983
320,460.74405241054495
321,482.09854217350994
322,489.4633902299778
323,425.38337414570066
324,469.1615568963366
325,379.96197697083187
326,442.3084781917193
327,457.2405360837923
328,453.5340367792913
329,473.34768698555155
330,384.701870234241
331,481.3966476005506
332,447.3833961339477
333,450.161386219617
334,442.1396587150741
335,467.4838004228978
336,349.66076007217026
337,432.7368561471378
338,446.36929018549455
339,409.4982105253263
340,472.0207985846686
341,405.7935161918985
342,423.77225997181586
343,395.9561434916943
344,494.9566743727749
345,446.7794583929861
346,415.3665691425243
347,471.19244544722386
348,503.4508913665336
349,420.8577207499378
350,394.1336566380751
351,483.27188771980065
352,506.9803658269499
353,417.47776535811624
354,462.24942795154107
355,509.3079410314444
356,460.07734284782794
357,448.57530129238563
358,511.1472703776523
359,448.2662695524053
360,505.89300755518906
361,533.6655612941439
362,510.49493134151453
363,417.89847055083214
364,428.2528772723847
365,438.0406664792987
366,419.019859216668
367,367.436278400301
368,449.8472217088834
369,430.26876114893184
370,455.79730732242587
371,433.7143550223974
372,484.28122400353783
373,452.72277369081723
374,401.4901958671685
375,405.7181308097824
376,425.37247117609303
377,391.3273753506774
378,404.9554190541465
379,470.5904690856184
380,421.23169606415115
381,392.59348868887014
382,395.7896946890894
383,539.6696860549628
384,399.79716056508624
385,469.25129886748977
386,470.670380586308
387,423.2695298676881
388,482.54145408743284
389,449.14863616732924
390,401.5416444463259
391,425.06884495969854
392,441.133572736711
393,443.2376580295045
394,476.26298439538755
395,501.82284988697995
396,409.7389922683057
397,407.43496318887543
398,456.4564144328665
399,440.80882675701986
400,516.45301997922
401,492.70787810162966
402,463.7254919959261
403,493.44212721439663
404,436.0457801627264
405,436.0548566161565
406,413.6901316798177
407,451.59423678792837
408,484.49973823686713
409,450.13924946140395
410,518.7687652831987
411,407.55847783935627
412,524.2340696990699
413,517.9498451049419
414,533.8931323530354
415,476.41375287069326
416,478.59022986945064
417,510.39871083086604
418,368.6609376689147
419,511.8748330247311
420,410.43046210158354
421,392.9349511358424
422,446.63016773790656
423,513.1398183304957
424,408.9247456551786
425,391.8442102288851
426,494.8994717253644
427,430.26099670076866
428,410.6816901743319
429,469.7030473419101
430,455.49224453785064
431,517.688269368472
432,450.90666320328364
433,436.9702328722913
434,417.8811693269748
435,391.17583534286865
436,414.6754302449389
437,387.05522732494063
438,474.1057968159255
439,481.5171104379111
440,435.0139359405977
441,467.4571589143966
442,413.0985314588358
443,448.6369971495763
444,423.3725646820116
445,421.47264951275946
446,445.56541136938154
447,490.71223701638115
448,468.0898585690932
449,411.95847262922456
450,466.03087584064633
451,448.0008058224617
452,451.99748691814074
453,449.93033136907525
454,401.9549884737345
455,445.5983624452387
456,412.0809571257265
457,476.3533213276784
458,436.1348556892579
459,472.544684082597
460,396.0461313593782
461,440.41940949283014
462,452.00958526341896
463,425.1307460544185
464,406.76572747994675
465,476.9137045056319
466,412.49782938747853
467,465.08895544041115
468,450.5119938930722
469,427.35596566787615
470,428.7753627825124
471,455.3247509054254
472,495.08455770686714
473,466.46539537332137
474,420.7785952336656
475,469.5395147658768
476,474.99257383822663
477,513.3956984749047
478,464.38972855396474
479,374.1745039998979
480,457.94919107934504
481,439.98252803302404
482,456.09109572820137
483,507.80543204014185
484,424.45813923349885
485,421.26400697169646
486,463.4578757485225
487,433.09645135699054
488,477.48950673163193
489,482.7914811280683
490,475.105631158633
491,470.92807149274427
492,451.4546934410506
493,430.2223073859726
494,472.3256480469369
495,499.492764611002
496,499.750059202371
497,430.8509110695029
498,452.8587724355459
499,497.6844335148728
500,449.249312294488
501,425.0251240083132
502,422.18216503149995
503,459.74559606244895
504,461.21445066789084
505,439.4530630375387
506,404.9370746122576
507,535.2524130946647
508,413.88443029015275
509,388.6897723273582
510,483.2349796817249
511,490.1583862438143
512,372.1726880137476
513,464.79442333988436
514,451.256281447939
515,488.373874079164
516,408.35424979744806
517,415.9348843978689
518,456.2686798136485
519,496.09534592097367
520,488.2920309717048
521,449.9668527140231
522,445.51326162906423
523,562.2985771282232
524,451.4246246413952
525,415.92097585059634
526,510.1466358376681
527,389.71911856411936
528,532.2595354680752
529,403.87896803323724
530,446.62059214351547
531,477.9965613369
532,400.6615969022675
533,409.63022233024645
534,334.81946622434333
535,425.4221287659914
536,431.9087547189259
537,475.2255375406079
538,468.64028296980223
539,484.0052686294954
540,448.17695950341704
541,456.9097173304067
542,399.4144078561064
543,428.0060260561016
544,461.61956000020035
545,504.8546507420393
546,412.6772625618422
547,491.44778976636695
548,411.0521319824132
549,460.29551423897874
550,513.9350814854338
551,511.42460751837103
552,519.727981982945
553,434.7094897328781
554,470.20575398560305
555,497.7473387195862
556,430.45302617693835
557,469.0519385564874
558,438.32585078558674
559,426.9411382951032
560,434.58067273090046
561,484.2709155214175
562,443.2361554663924
563,502.55910104976897
564,464.2211449853463
565,427.933984512423
566,481.13646557554625
567,471.0069306523233
568,489.6964062606854
569,497.76041441597357
570,529.7464595149712
571,470.4201717099037
572,445.9696994427612
573,406.5581381840389
574,464.98200177608084
575,549.373480512567
576,531.2088545076277
577,461.3900904400347
578,497.5379975491414
579,472.2066389729852
580,513.6170070369873
581,448.5444957809045
582,430.4361573783188
583,423.4902903462875
584,465.01140285208595
585,385.70885657817195
586,393.4879292875683
587,488.34489268199593
588,477.15093613816356
589,573.5423494509515
590,513.590688934824
591,443.9469796074444
592,407.15885512162515
593,352.6806615503893
594,453.45165938338187
595,460.10731120026077
596,495.84183539401926
597,526.0132519325989
598,443.53243600835395
599,447.0295573743144
600,430.1148480579355
601,419.6319023839855
602,464.33513198774983
603,465.5961044627712
604,409.04846187923073
605,426.7888727982602
606,464.1620079062327
607,403.1908921934893
608,468.8725776723509
609,397.6395306514866
610,445.65300203007797
611,437.65058281238316
612,392.9393330998592
613,505.92221946612625
614,463.43590467811464
615,462.56333559185043
616,484.05227357383967
617,387.35426068721154
618,457.2560935938174
619,418.4294687443516
620,447.922390592688
621,486.21924615239124
622,458.3903004529843
623,475.85105694059627
624,453.89633283442066
625,400.68058822074704
626,429.95230934753585
627,436.6117037114387
628,450.208277838848
629,412.32465973046897
630,474.11437905431916
631,521.2246349222823
632,469.0627865050685
633,423.3558872257253
634,504.23043843080234
635,500.02535165767233
636,353.3420506415645
637,434.3548597669154
638,401.1138438160095
639,494.23819688454023
640,472.15465668789165
641,420.6535339694619
642,495.1221325442872
643,477.2474494202431
644,409.46254848029815
645,406.3143062191724
646,445.9446412956034
647,484.94990269472663
648,471.9543448754022
649,432.81012755180234
650,422.51410352741544
651,481.2925171052775
652,502.31035730313863
653,434.41646325116864
654,449.5885470444913
655,390.1060397380828
656,441.0633820078828
657,381.1489203967415
658,501.86210818288106
659,508.0751663597148
660,431.6800666611803
661,483.85410035989975
662,479.3834120105525
663,458.9775915402314
664,508.7818518793838
665,448.5201264466314
666,509.6261769891873
667,464.9455208714356
668,459.55905566537103
669,390.52517952783995
670,400.8395836991834
671,441.9989446008307
672,411.1060227039818
673,404.86937225107624
674,408.1452195032946
675,403.92182081891553
676,406.02313549190205
677,441.13843261710014
678,354.34757524908173
679,390.3967740460083
680,477.8523159973712
681,468.4730528043573
682,436.2802117761506
683,353.60291635251207
684,458.8550593605306
685,468.75132374454535
686,493.5467223898739
687,442.8488245107264
688,438.83326999910696
689,480.077924015248
690,414.20950219930825
691,466.3875052295506
692,430.95581473882675
693,461.8470893623068
694,376.0307089265817
695,461.6581480455452
696,420.4600580085429
697,455.973499234167
698,520.1069978588508
699,431.8247230229301
700,465.45420960726767
701,495.6036950808914
702,415.5564910805601
703,458.6902025699098
704,509.1004728912873
705,416.2232577633697
706,472.448412241874
707,390.16198430449765
708,428.6442190994696
709,412.744665030231
710,463.116539675537
711,419.4876950614617
712,477.88937733493555
713,444.8738558038995
714,358.86367744384984
715,488.26886953375833
716,460.49190409613084
717,445.2205934437531
718,409.5455242687926
719,557.5264077616746
720,426.7138451443033
721,440.2671788373186
722,470.53887127968636
723,504.8968479803503
724,414.64590116029035
725,401.6144819077012
726,456.1921564973498
727,419.19230806694026
728,516.2995002780497
729,471.4428066498808
730,446.1992767700921
731,475.8226061648438
732,455.6925624219047
733,483.5551987944315
734,460.11047288091254
735,323.32704554240604
736,437.69853072195923
737,387.8474110762444
738,448.5387745427894
739,451.123304955344
740,494.33872809886634
741,463.88591202935584
742,540.5912022799744
743,495.8516118845427
744,421.39249439136347
745,402.56328891596394
746,471.2966033773011
747,487.94534265525266
748,417.92839707625956
749,487.4443944233913
750,489.83341243404925
751,431.29694088044755
752,423.5870657087811
753,466.782487041549
754,455.0742767105124
755,432.1049399143148
756,438.4129714460505
757,475.0511238942001
758,396.5086511487686
759,423.26979649597024
760,445.6730019430456
761,368.97022191760226
762,423.54582378775547
763,526.2037404796629
764,456.94710002531116
765,502.7334785907668
766,486.371431294086
767,445.7648089486055
768,411.6719683953384
769,434.1273707333193
770,442.0665077234348
771,422.775322403973
772,322.55221629642864
773,413.3496649942322
774,462.2748400567797
775,421.614661859256
776,403.87238277771024
777,508.1868502083864
778,409.5630147489209
779,558.0834951279542
780,474.4614960320465
781,397.38579023108707
782,521.2571748990066
783,426.50358050435653
784,471.57505759363846
785,435.99478607531944
786,428.25378114262634
787,483.7785443642375
788,399.42222102098214
789,479.83498156491174
790,360.1681868030172
791,484.8020929228544
792,449.7914126762658
793,500.2966986100715
794,462.8759696939555
795,435.36005482428504
796,449.5276974756373
797,396.86613864412504
798,427.2804671775056
799,407.79439882558614
800,415.0328942472051
801,450.62548100613316
802,409.1018822000891
803,499.25148216076946
804,437.217985625488
805,488.21821040068534
806,470.7374999570775
807,394.9971658517908
808,475.2091154804976
809,435.1555228436632
810,469.85172732096197
811,416.81641233275843
812,409.1374440315098
813,408.24241704578236
814,443.7104792127246
815,457.2770215317469
816,455.45219341179853
817,475.8053845284639
818,462.8243837053621
819,466.77365782226457
820,365.12062991252725
821,508.0312136533453
822,457.5972150447092
823,492.539802642486
824,458.19109733150935
825,482.5686190285915
826,406.6578037288709
827,508.0694485252743
828,487.234951363877
829,486.7446965129073
830,431.6441724262068
831,484.28584459286947
832,492.6016770554247
833,389.3557805127045
834,432.22195205426215
835,456.56292834936954
836,486.79230772019446
837,479.2805485506931
838,447.1971757136952
839,400.12207069735126
840,469.5161359222366
841,460.7505702848151
842,470.6474043372383
843,431.7674675768787
844,385.6766567167934
845,399.5445557615877
846,473.5934510792594
847,544.0176719918156
848,394.14743679002703
849,452.39679532494097
850,498.87179824541715
851,465.6909748459843
852,443.3531583551368
853,478.4596590054933
854,436.1687775685265
855,363.7919043156739
856,447.2193844472463
857,463.96678128746777
858,442.2728342975445
859,401.0068198191669
860,425.3470176309226
861,432.1500093451226
862,436.3247041624072
863,466.09256668888713
864,398.32324069354763
865,397.3195741048188
866,450.2482715429792
867,474.472666246298
868,531.2056822969175
869,426.03743648483544
870,444.9375129517036
871,406.3701462248996
872,476.2040951885365
873,411.5018773801005
874,409.64791247481816
875,489.65557239889444
876,431.1767859613791
877,426.3276573196727
878,430.45119885187285
879,433.57485424942615
880,436.9491919817048
881,505.407926085497
882,436.19319591616534
883,477.96407237872114
884,490.8599200758122
885,373.52533191160387
886,436.4743562418978
887,456.53210610752154
888,419.3240230973035
889,491.99411703742817
890,438.4809348276948
891,451.48026127713007
892,425.0061892814138
893,438.96318802192263
894,422.4054087162416
895,456.9814886336846
896,467.30508317909886
897,343.41672336813474
898,452.5261405770135
899,358.7044050697793
900,458.93939862469966
901,436.89613712983595
902,485.47919811109136
903,418.7087476021246
904,408.8417390676038
905,385.6504635980066
906,366.78496999006575
907,562.6616245217801
908,423.1398747072345
909,449.8239902110354
910,460.8814201737988
911,414.1898814567915
912,471.43605597088464
913,474.21438027650714
914,483.9381862403725
915,487.4880184008446
916,449.54945385971064
917,480.6767865283064
918,452.7471660444639
919,503.0629899806583
920,444.52212134348144
921,426.832128470632
922,453.83053040341605
923,437.00259237761065
924,490.52767111653
925,398.9490281402181
926,446.7145132884902
927,442.0822830758192
928,418.9484369403655
929,458.22038126383
930,460.86226947329396
931,543.6073400521459
932,442.9041791356073
933,433.7880702093594
934,420.78541622321194
935,414.62528575586117
936,429.1593982389586
937,504.5890921033472
938,415.3436834313246
939,412.6761272066616
940,453.4808747592183
941,467.3753216109252
942,426.3740442667534
943,454.67481549218513
944,406.2445651214715
945,472.42152338236923
946,484.11976786939897
947,444.8458899028235
948,453.4620200109905
949,470.79061383609417
950,490.8022889347937
951,337.0093526531272
952,491.2039221572457
953,440.37208194387495
954,423.36547743841373
955,474.66745863616796
956,460.1954951692068
957,399.3731472549313
958,521.0442003893314
959,413.8867571403342
960,387.56046040504623
961,486.6769913740496
962,533.1707546123978
963,510.0372127405862
964,408.3401971322379
965,444.884678820451
966,393.67699549337686
967,389.3130434071396
968,410.8486592550187
969,400.4945918347116
970,495.5592332826276
971,480.3183745907403
972,471.94473714291615
973,431.62266898661414
974,431.06689104785846
975,434.20486308349325
976,464.97662026115444
977,433.4039316049366
978,455.4385039167589
979,446.84720450126053
980,477.48890560541554
981,460.40383441199134
982,493.4701776029796
983,425.359323812668
984,472.40254706920143
985,470.04410206955436
986,469.2430936926592
987,412.3530735903204
988,435.04060451282766
989,429.40197971034587
990,423.4084430104942
991,392.6306474914118
992,434.77821638761907
993,406.37596693305795
994,464.02429768837004
995,475.7744476690169
996,408.5982857927728
997,482.3067058361406
998,472.93425411718323
999,522.8560688607922
1000,460.50062714455504
1001,434.23457799560094
1002,425.4327008909228
1003,407.90251549065204
1004,410.3533539886906
1005,381.9964157856593
1006,376.7377522548174
1007,396.0173085642141
1008,483.6923135505273
1009,416.8642520442411
1010,480.11312750868683
1011,477.621154637816
1012,449.1559441182144
1013,458.08436955116434
1014,499.883454588865
1015,480.9475244080446
1016,444.6603407762773
1017,431.87518431834303
1018,474.4189811051328
1019,510.4722861884217
1020,400.15900475213783
1021,384.7944228860398
1022,405.3605365440768
1023,493.47028114872546
1024,538.355374116856
1025,445.693880481801
1026,409.1987238732111
1027,440.5972662099367
1028,423.64417551684124
1029,425.956188354626
1030,431.1819113314271
1031,503.30333741536606
1032,420.8237954624064
1033,469.20814363567354
1034,349.7439278371053
1035,451.6494635993312
1036,442.132147378222
1037,419.4151524491166
1038,428.05424214999545
1039,421.57000829356406
1040,471.59814456320686
1041,381.8793492540493
1042,472.31878739859735
1043,451.3842501083118
1044,478.6868328643165
1045,408.95905330720706
1046,445.01649530001987
1047,450.7533196245465
1048,423.5654062109963
1049,470.3945412849134
1050,535.8337164360944
1051,483.77870142792824
1052,486.469726183741
1053,472.8004195609081
1054,440.86840392433555
1055,499.3094945696514
1056,562.3501305003502
1057,446.91201088260055
1058,357.8833829301334
1059,446.4065416937661
1060,496.0408799361634
1061,595.5729243140471
1062,408.36145353402765
1063,445.5011499243109
1064,477.3903141557214
1065,478.6593831208562
1066,474.03722084257595
1067,510.2085551849993
1068,525.3779280155642
1069,434.4754895249505
1070,526.8178214490922
1071,469.2725873405645
1072,457.8649082072493
1073,350.53936883034976
1074,458.5022930316885
1075,472.26648556563157
1076,463.7759870970784
1077,474.2379457972043
1078,449.83673184230355
1079,404.42867797040304
1080,422.9554859335461
1081,430.1424564793915
1082,474.311970908111
1083,472.15378277470546
1084,527.4868787065504
1085,445.4859727024963
1086,414.3204025734601
1087,448.37064457406717
1088,429.1507682086448
1089,408.3621553930291
1090,492.55140812187807
1091,533.9054804374164
1092,458.8240124626317
1093,397.95396706015356
1094,450.1752676491434
1095,544.5992688693879
1096,410.26044390320953
1097,443.2083111745864
1098,409.0131435366716
1099,490.16264533221295
1100,413.9424941659172
1101,480.1599220518048
1102,478.17172250618154
1103,459.4230897646014
1104,476.11093684561615
1105,488.4413522071192
1106,459.0347936260755
1107,442.52523042032465
1108,447.88896426851414
1109,406.984623030075
1110,379.45166713577396
1111,466.2826050249092
1112,541.6432787100564
1113,469.02256991881285
1114,445.4343493837533
1115,396.27726989334224
1116,446.7046883819302
1117,447.6222609649185
1118,431.65475022606876
1119,458.840208470678
1120,401.44197705610094
1121,443.1336141062423
1122,559.3036304787239
1123,396.10293343698584
1124,409.637479295652
1125,412.5409188982126
1126,447.9230665494788
1127,467.812024984967
1128,462.1954589965086
1129,496.9084170514816
1130,449.5109141315436
1131,419.1965776397949
1132,451.13148182352654
1133,436.6662793880451
1134,448.3704645769344
1135,403.4845260643348
1136,462.31107430242736
1137,473.5681244524976
1138,461.703535726499
1139,451.6810143766934
1140,387.128610437698
1141,428.63802487543586
1142,425.86835711551976
1143,439.29657598749657
1144,384.11018643728556
1145,476.2608065439401
1146,461.851191808972
1147,481.81080729050694
1148,476.5762181565778
1149,465.3327586173419
1150,466.1273618857791
1151,434.8712089432484
1152,417.5916809695759
1153,466.6216525483344
1154,523.5157272182603
1155,474.0624220245436
1156,411.61244930377336
1157,481.60884032941726
1158,505.02730621587386
1159,398.98946723858217
1160,420.5856625319392
1161,466.07586921869745
1162,513.6983743494435
1163,344.37496246034505
1164,434.6998548176332
1165,437.2156210291168
1166,450.85850219829064
1167,462.8564890189693
1168,448.88980570753733
1169,410.6363991929269
1170,450.426715239701
1171,443.0924648693862
1172,382.8531218224943
1173,447.04620439448485
1174,410.23850796180596
1175,449.40692204674156
1176,438.92395034065976
1177,454.04312096900213
1178,498.9121033256559
1179,437.9952090523605
1180,433.1332622913195
1181,411.93618209033747
1182,454.11695020856075
1183,412.11802184401535
1184,514.1840269306296
1185,408.44262019107293
1186,468.70757049863363
1187,467.18177511558235
1188,415.43054217474605
1189,476.019886674203
1190,421.85005427259705
1191,447.07691360638665
1192,432.5962579139334
1193,442.57605956029425
1194,452.4617124144468
1195,479.99977632945337
1196,452.45693538575284
1197,476.0454163146362
1198,476.80094061584714
1199,514.655557317663
1200,459.6163072212981
1201,463.7921968900273
1202,486.89739216540204
1203,508.9136384185505
1204,493.40057455602744
1205,325.07088492057204
1206,562.8280798905653
1207,376.5969720859312
1208,488.0542368898353
1209,443.7456125439078
1210,429.523467420714
1211,408.9595803290986
1212,528.0385990059044
1213,446.8042635091054
1214,479.897147120367
1215,385.8674499036344
1216,422.18078877059133
1217,390.52932752510327
1218,501.7354507167166
1219,488.95147269121105
1220,403.9255048319834
1221,482.3185758581134
1222,476.96894995989175
1223,486.4692753032274
1224,412.23399247401557
1225,451.84876103256863
1226,399.2101895768065
1227,434.85194003407423
1228,446.01833920724846
1229,461.9157952759123
1230,446.50846015439026
1231,511.39911305783744
1232,432.1455339712296
1233,493.7948851303387
1234,472.37707940015434
1235,504.011261183197
1236,455.4090704260788
1237,441.5363198074314
1238,527.1625962447239
1239,453.81869853271445
1240,511.9831656722332
1241,402.8275166044863
1242,511.82747435079546
1243,478.0473712584526
1244,454.8524063278397
1245,526.194232481533
1246,377.42562915559125
1247,439.44956912747494
1248,400.8089295607407
1249,442.0982700026549
1250,368.8715002241465
1251,524.095988447356
1252,473.6438018379682
1253,436.9119837715032
1254,518.6363295656007
1255,475.33461684305684
1256,471.3333598198511
1257,490.22730174635
1258,475.18700954588525
1259,493.63188435328567
1260,496.1109907624896
1261,500.4329316106613
1262,392.7790516186198
1263,403.26852385840164
1264,555.7691350339561
1265,432.51832535302174
1266,473.1811403159543
1267,427.6656423677212
1268,412.5627125251197
1269,475.1249775854993
1270,441.69716658686133
1271,455.95274348405496
1272,401.77497907840313
1273,454.8558097055717
1274,571.415929143106
1275,458.7371032125415
1276,496.6860633688253
1277,391.20566558712596
1278,424.881341949762
1279,511.64666890328465
1280,402.04724074243893
1281,408.7971176201416
1282,437.626541863608
1283,463.1836036437109
1284,466.790390653599
1285,447.79388597988594
1286,418.0091387902036
1287,436.0309666362115
1288,477.13820817325984
1289,425.5576788407655
1290,446.9168821218777
1291,451.76735952195247
1292,416.5113841060813
1293,475.2503615097019
1294,455.33712727571447
1295,474.26444937213864
1296,446.9931775278178
1297,481.9375462744386
1298,435.5886088687254
1299,496.1853417545072
1300,405.07544236999803
1301,468.0895356865028
1302,506.9793214128807
1303,458.1839374352195
1304,407.3388713667911
1305,397.8114397110285
1306,463.43651421717436
1307,473.28805693631233
1308,419.4862293418634
1309,457.07504873479974
1310,474.4158452506361
1311,500.3734922421831
1312,445.01377671613983
1313,525.9798588264171
1314,362.553290044029
1315,452.62862814558713
1316,481.6189465247108
1317,472.67389927013903
1318,463.90149737167206
1319,427.138083210088
1320,476.41312615025686
1321,480.68944747687004
1322,489.5336405673515
1323,422.8647798579166
1324,453.0688141113823
1325,476.00423114460483
1326,462.6420627645147
1327,462.8259283930467
1328,433.7928792488885
1329,421.90023975655396
1330,369.4796287929415
1331,397.40327735530167
1332,453.0615809001732
1333,425.12448653917346
1334,466.3376238858079
1335,427.1946800245918
1336,449.6408517641544
1337,511.5253014798851
1338,409.7093174963372
1339,445.2199266469428
1340,449.6182827758034
1341,445.34985518238886
1342,408.848204699568
1343,397.5677072952633
1344,474.25791592051047
1345,428.96193303150494
1346,475.64699794331773
1347,518.4525608048348
1348,490.2626317298659
1349,423.44301559231656
1350,493.93537088524096
1351,460.25797824391134
1352,518.9381040515619
1353,440.2964293649874
1354,427.35422010130327
1355,475.0300920369243
1356,477.5908212455912
1357,455.833731910927
1358,487.19925689437724
1359,432.2198822315306
1360,410.67101502317627
1361,435.3581016588985
1362,465.5746243603827
1363,397.1089680579309
1364,441.559884000008
1365,379.21610301579113
1366,437.1804907333367
1367,428.9232511450723
1368,468.36647563175245
1369,421.6092656920787
1370,386.385827717766
1371,411.8707760184838
1372,378.960838462326
1373,492.5682890158855
1374,412.10553118836435
1375,494.8170185143197
1376,454.7780356441037
1377,407.9226431064334
1378,450.79325569202314
1379,456.45051248289974
1380,436.01269478502917
1381,491.71854137461105
1382,463.0363477402284
1383,347.5759827388085
1384,521.406262943535
1385,362.31411854405866
1386,467.7706129429936
1387,415.5092065589868
1388,482.7988455654132
1389,458.53178321061057
1390,451.02992139373305
1391,445.1664877335737
1392,497.5673024255435
1393,455.0527904073928
1394,506.1437179454106
1395,458.1844177555486
1396,423.4915931072807
1397,464.3695713719315
1398,505.6166649132762
1399,482.5970430732484
1400,391.91377669584864
1401,463.6213165755709
1402,478.0481977780273
1403,498.5994399294933
1404,459.03302796216906
1405,502.83569840507806
1406,475.10035114037714
1407,409.9827911431284
1408,431.09684382473876
1409,443.49964943790957
1410,401.03983829385095
1411,489.25542195936265
1412,460.09116284544297
1413,434.6859270491604
1414,426.2147714614988
1415,473.3994076183552
1416,467.49525191350074
1417,497.8835913961205
1418,486.020437283589
1419,445.5791994902784
1420,526.632527420468
1421,397.2408579454331
1422,462.03860792709617
1423,504.0875807217995
1424,482.01662397767114
1425,527.9761025893808
1426,465.88149112992187
1427,475.2045718126825
1428,446.0096603298528
1429,430.2297163824821
1430,405.6686784449918
1431,434.29666634290163
1432,450.56319461607865
1433,500.0606273155546
1434,439.7819476848429
1435,496.0941121912101
1436,415.0783867251152
1437,537.3068355776868
1438,371.3269039992019
1439,424.32683941966405
1440,459.17891300872935
1441,450.5645913981722
1442,444.2310484685295
1443,387.72409093839144
1444,480.2619295107053
1445,322.9573902439156
1446,409.4380399006408
1447,438.40417044982496
1448,472.90515173699754
1449,457.2594226230619
1450,478.85744036892845
1451,463.9403485275839
1452,436.7994119865551
1453,513.3861588500878
1454,439.8090666711461
1455,414.8229017817224
1456,423.4877956521026
1457,462.5109799500708
1458,408.1936151282494
1459,444.14034975322227
1460,404.25146461813296
1461,425.11854058790925
1462,387.0197924255499
1463,456.13850895214887
1464,498.43817389755776
1465,397.36412223539634
1466,440.32027811521084
1467,508.2943633241775
1468,452.6327863232928
1469,497.17848568470583
1470,419.43549465906256
1471,442.009451168817
1472,481.829038565708
1473,465.4686657474021
1474,412.97556350016623
1475,454.87143066891855
1476,474.2942600509959
1477,471.00583658156916
1478,481.01011775747423
1479,410.608011111357
1480,454.1119401701859
1481,395.8384989436727
1482,468.5030668365522
1483,490.51420942223217
1484,442.21711786813154
1485,447.2332928502047
1486,480.6209460103559
1487,432.0358282082552
1488,514.9055191001129
1489,452.51449257398775
1490,438.86536970914335
1491,447.62710169946
1492,412.95759835456045
1493,447.8787139103974
1494,460.6778561110714
1495,406.0338139254275
1496,417.70220892171983
1497,465.18245342040717
1498,498.8840043285143
1499,470.34898123538846
1500,468.0704299717917
1501,409.72132136016785
1502,467.47222310721975
1503,422.00200889946245
1504,496.34506140482966
1505,450.40774112919166
1506,464.0021005715772
1507,468.4948501967565
1508,415.65802937824617
1509,491.92649851710985
1510,387.32796969195493
1511,400.16039300065836
1512,461.8419611196598
1513,401.08295559878235
1514,431.3436607928245
1515,425.3038834260837
1516,403.5647063940766
1517,414.0153104464789
1518,514.7401070310755
1519,397.613659213004
1520,453.51973565522866
1521,495.4171337689945
1522,391.5435954034046
1523,444.13879941335716
1524,440.4242979450563
1525,516.7349915856391
1526,475.517862361007
1527,474.54435716167495
1528,449.04964169457395
1529,511.20524146750887
1530,447.6554936832288
1531,499.35951540938925
1532,472.53220490413344
1533,542.1900424042188
1534,418.7240264043734
1535,417.2288529948521
1536,472.6156552993428
1537,445.21358305660914
1538,492.36381728308106
1539,437.1467633606564
1540,522.0790846206106
1541,425.3915327910988
1542,409.7222367661152
1543,390.1734274068665
1544,506.8733369231231
1545,397.547670782029
1546,508.85566245795184
1547,475.83889182916624
1548,472.1185741974883
1549,450.9195492685186
1550,458.2685707786125
1551,352.2001331537111
1552,427.36481147259514
1553,462.00811753070394
1554,477.48911746051454
1555,446.2216287213871
1556,461.5987529052584
1557,470.6802799616709
1558,471.41110116868765
1559,507.69554696908784
1560,431.6801434175373
1561,440.545014464095
1562,461.82383803355066
1563,467.50917708210557
1564,451.29920406033955
1565,456.72276495669297
1566,441.2635683104323
1567,483.7413855086895
1568,453.03120597706493
1569,442.9650957114062
1570,423.0650448090531
1571,438.8865077735196
1572,502.69143950238623
1573,478.2589509423215
1574,460.70607009947105
1575,440.4623862444761
1576,415.7697132305365
1577,482.0998149924273
1578,423.81149878088803
1579,458.13352277720185
1580,404.2978691772077
1581,413.47956319134374
1582,369.3432428569613
1583,432.6978621139252
1584,482.3868094374982
1585,477.2949807751688
1586,486.19188340460397
1587,487.04577312241025
1588,494.79800156178544
1589,555.9546678782874
1590,449.5666660358141
1591,441.5917626995003
1592,470.0070280086519
1593,493.8698569347289
1594,379.3512888875134
1595,455.2238618110876
1596,398.61590202383377
1597,518.4751314565714
1598,554.9260347190888
1599,464.2767231717277
1600,445.95415281467393
1601,442.3592991241688
1602,393.5092371624029
1603,424.0561813030607
1604,443.151168069314
1605,427.57425460930017
1606,506.3642457803121
1607,391.5892849127241
1608,494.9643348929718
1609,427.76339758884956
1610,449.6532316739077
1611,443.96571363061696
1612,479.3185816169965
1613,500.78963288900496
1614,567.9057009215958
1615,409.68383720977863
1616,429.8020488515957
1617,426.02212381833357
1618,469.4060437751783
1619,515.3629548760271
1620,525.9987453581908
1621,489.14512024885204
1622,367.30450411092994
1623,438.7948453404065
1624,448.5305879115985
1625,481.8112532142532
1626,471.49358216629804
1627,415.13414817799344
1628,498.5818555794385
1629,462.3466234684611
1630,313.9859132218431
1631,467.50884936538
1632,421.2025743149404
1633,462.9077329377311
1634,472.5551895343207
1635,439.0081887952358
1636,426.89105431921047
1637,492.8156984457281
1638,431.3838026633049
1639,408.9839013733902
1640,413.23807808616033
1641,429.1768464139292
1642,402.90589158139375
1643,518.1843289487407
1644,447.7130001323862
1645,438.24096517474374
1646,430.6392748776453
1647,471.6895362886527
1648,437.2455408672439
1649,370.11946695441185
1650,432.6203345190224
1651,512.6152265632695
1652,432.36513408902994
1653,420.2503733205273
1654,503.0657829476136
1655,413.43046832909334
1656,471.86871233522214
1657,457.83981904384245
1658,407.9255207561838
1659,481.34613915403094
1660,469.43897349597336
1661,448.67198209260664
1662,435.14449000414714
1663,465.75660033904796
1664,434.03512684353484
1665,507.13091784054984
1666,450.0834236176357
1667,423.27035891282003
1668,367.7898449069022
1669,475.0935371711997
1670,461.62704880001513
1671,458.15596803356647
1672,436.79198543696845
1673,504.9043782367977
1674,405.63945243425974
1675,426.7072307066338
1676,469.65064267407934
1677,428.27208001464584
1678,457.30428252980255
1679,451.7567073819044
1680,433.9202939990342
1681,474.8113085670393
1682,459.1853531430505
1683,469.01038149296585
1684,389.0989982905202
1685,446.28161759170325
1686,457.32621875762095
1687,498.00082523975664
1688,401.2857394629568
1689,467.7024359157925
1690,467.34992461509887
1691,478.33964347548965
1692,452.4680352888463
1693,485.3197389932131
1694,529.9428685659072
1695,478.5836109391646
1696,412.54716402506006
1697,438.30956375484715
1698,452.21030625089736
1699,491.6801750868226
1700,402.36139511293305
1701,431.7596053151653
1702,409.30540622488076
1703,461.85969598114536
1704,498.6728949049179
1705,491.10151576870766
1706,429.98067358158886
1707,457.28233182946155
1708,483.25978338443474
1709,507.2060635431884
1710,466.7434539198183
1711,389.25039803712247
1712,460.37319556683804
1713,345.3819572972447
1714,432.04895840166535
1715,419.3751825353116
1716,431.5354852390653
1717,487.51725886789865
1718,443.22666494750223
1719,411.67923970175286
1720,437.30178676113366
1721,439.1918709817552
1722,488.93469496104353
1723,496.7108261953704
1724,432.98886261596596
1725,419.61654809628027
1726,402.22472259130564
1727,433.13434273246935
1728,428.9951022824126
1729,439.33680687821214
1730,518.3929591700431
1731,471.4263211506692
1732,376.2028276092801
1733,496.1326165388354
1734,485.84602342331294
1735,500.66217609396466
1736,410.00365297644754
1737,408.9809202427663
1738,441.04960182333787
1739,512.5887633807657
1740,496.1470725157824
1741,429.8556387487421
1742,439.4079723164852
1743,511.75225823752396
1744,504.9846739182229
1745,491.2446329008858
1746,489.92626227203095
1747,418.3374856400251
1748,490.3711151023881
1749,367.1296142982372
1750,380.41269046035785
1751,477.00550086474414
1752,470.5723854607723
1753,384.2882365280847
1754,444.4301054553756
1755,437.0499119442129
1756,509.1905898033268
1757,475.81716910752357
1758,494.655981416377
1759,442.9239791071271
1760,457.6320897197303
1761,386.35161697707053
1762,438.89067987956844
1763,446.3454769934309
1764,432.022920648402
1765,465.7246041130943
1766,434.0153856514344
1767,463.66259754907975
1768,540.7241957784886
1769,508.36689397897135
1770,503.8136492291114
1771,447.55612694668747
1772,435.82340114399216
1773,448.17526471786147
1774,434.3557169315051
1775,461.0518013200819
1776,403.11027483344924
1777,457.01413311419276
1778,462.1715515698636
1779,479.89322346966065
1780,503.12086562779064
1781,482.7174369529279
1782,441.0519219484077
1783,456.6610995023629
1784,425.03124725915717
1785,412.267240520235
1786,455.1955654503456
1787,498.44546924566964
1788,415.8929710439005
1789,411.35293938270394
1790,474.7804432620741
1791,456.5683772226404
1792,419.25947065073643
1793,451.21741189085907
1794,458.2708599125876
1795,415.1359302833758
1796,458.4105344481338
1797,476.02523793998023
1798,490.3839146557656
1799,402.45897139643296
1800,437.40289437679604
1801,452.91513947729726
1802,459.16588322726903
1803,439.7193506654892
1804,479.5993601495606
1805,477.7350258976321
1806,511.8996432190657
1807,383.7460386001492
1808,516.1780039800512
1809,457.6975257264114
1810,394.7654378353824
1811,444.59671960457104
1812,460.4921538625806
1813,444.91716172567675
1814,455.0525870290906
1815,409.4665224957851
1816,430.57255620584107
1817,451.05909913595184
1818,490.13974450248423
1819,413.88487654986045
1820,492.3879191484294
1821,565.7047183742682
1822,424.14513564692714
1823,403.0723019511802
1824,453.4364154512741
1825,491.3212185637457
1826,408.5464043998769
1827,467.17160446514106
1828,509.79668510130335
1829,427.531327973485
1830,361.857012210807
1831,418.55614290085333
1832,459.80475048376996
1833,530.6716339492783
1834,444.7990096736199
1835,457.624902833823
1836,430.39029095598045
1837,386.49363298868656
1838,472.0771532306789
1839,475.9259784936099
1840,499.25448972496946
1841,432.9129925366239
1842,448.0013917408797
1843,437.46315480375046
1844,266.82207432053957
1845,388.2362804221015
1846,473.58411767697015
1847,528.3464505769524
1848,460.364377230931
1849,529.6537962731582
1850,488.28363208453106
1851,405.0660395757255
1852,387.48410477370373
1853,485.0133336786181
1854,439.32543207121915
1855,390.36531746790575
1856,517.7967510060419
1857,453.72030610216575
1858,493.1150566092983
1859,445.77858848582116
1860,479.38564268045394
1861,404.98986031892235
1862,471.8802166951723
1863,443.929532701878
1864,449.9116460613761
1865,373.9397113760647
1866,410.4737714306077
1867,406.72240104856706
1868,407.6750156159801
1869,539.9441021701169
1870,428.43304264971584
1871,428.1561095543636
1872,446.3302236129557
1873,490.9295036363137
1874,422.83104082850133
1875,426.6616933816625
1876,438.46123203333303
1877,519.3936066078901
1878,506.6488573588006
1879,510.42976087595457
1880,447.0637109729679
1881,456.9889470244708
1882,353.03783647310007
1883,520.1626925883007
1884,465.9664666087116
1885,464.51845545785983
1886,394.7200216172116
1887,457.1125071640933
1888,401.16210480752596
1889,442.9652840446383
1890,376.5677415156601
1891,368.94262016545053
1892,499.1998539098297
1893,420.6606376760602
1894,390.82153088272946
1895,395.5133820983561
1896,378.96751546691047
1897,439.55280054783844
1898,471.05165792748227
1899,481.8934856014786
1900,515.5141476196205
1901,444.9221741925999
1902,384.10475010843584
1903,490.1761581521121
1904,447.0383070103567
1905,470.80303222710114
1906,466.1970039640326
1907,447.31641200979027
1908,511.85153246982674
1909,424.07135571268793
1910,419.3826603076263
1911,486.2111761019273
1912,494.04947250928467
1913,477.25068915724324
1914,408.23632267251963
1915,478.4123406954647
1916,430.03303911165614
1917,470.58881921657905
1918,420.3042424587393
1919,526.6827319541737
1920,541.0748569225149
1921,527.3401619106089
1922,477.61200103555655
1923,400.11553111332245
1924,425.82962749393363
1925,411.5637865873007
1926,362.7331106606952
1927,424.69848324487225
1928,422.3912183984235
1929,482.8348805983004
1930,520.573357565504
1931,380.28606831256496
1932,410.6315779699763
1933,516.4950227124871
1934,507.2533271003562
1935,472.75322214100476
1936,464.8238215855104
1937,422.16575111557717
1938,487.0347569169607
1939,500.8789936989418
1940,497.76102232069894
1941,448.950657238307
1942,531.4707580271015
1943,478.09710017375096
1944,454.6653440411536
1945,307.0683858581543
1946,441.2962082178819
1947,403.4193088037173
1948,456.6364580253227
1949,450.12667324237106
1950,417.2412840706027
1951,470.6266181785715
1952,490.2946250892944
1953,460.10286704400926
1954,417.17182446184603
1955,501.1230903344947
1956,493.8687162263376
1957,466.3822337622192
1958,487.32636450920245
1959,448.8898302455253
1960,454.3870520220432
1961,376.03590514628456
1962,385.7108530531817
1963,517.0272034125302
1964,498.97604259024786
1965,443.92966204598184
1966,387.93415303874116
1967,365.2510821055975
1968,356.564824611857
1969,525.3748890534796
1970,438.1871922596164
1971,446.99313449246296
1972,362.32371499894407
1973,441.70918892763876
1974,409.0181324628572
1975,463.4778160032612
1976,457.980817964545
1977,516.5039386409297
1978,470.8248576883238
1979,425.320831753391
1980,399.04079161402143
1981,476.9586595283357
1982,422.8727564361133
1983,459.2969544141859
1984,505.27295012605254
1985,502.0549952169439
1986,473.397303814004
1987,397.4060681016943
1988,417.655481042966
1989,361.2974356512462
1990,519.5222752584978
1991,430.02785606135654
1992,460.9135364800774
1993,429.122673633191
1994,470.6519696559882
1995,393.48070176007974
1996,524.9832064737958
1997,544.2256347296317
1998,480.90731426875305
1999,517.9804229884004
2000,429.81401249144614
2001,453.7115995685587
2002,508.1811020485698
2003,428.18359908494926
2004,456.3441505209779
2005,431.09943714121596
2006,468.20648675288294
2007,436.5795246621904
2008,376.65021376787513
2009,472.8911103710994
2010,493.39804014128475
2011,482.20100251968586
2012,494.4026470921091
2013,466.07572713019977
2014,420.81681782301735
2015,476.5111790606214
2016,473.0597559254614
2017,425.1471694318203
2018,418.1728250787895
2019,463.7107390668641
2020,448.8569282966016
2021,434.82149629159585
2022,505.14190004698054
2023,414.2044885349197
2024,496.37970072058215
2025,389.6486335088342
2026,374.27066345108324
2027,463.5738852753629
2028,474.00902977018876
2029,495.31214707761126
2030,503.75224279644704
2031,483.62202593989196
2032,442.50958889146244
2033,479.1876114407354
2034,412.933954129812
2035,448.7223981091686
2036,514.6989391032399
2037,447.9586906405002
2038,463.882776308398
2039,433.3403674006904
2040,398.09252677974484
2041,490.62424595079904
2042,460.58182704835593
2043,388.86665872333884
2044,459.4265334043587
2045,472.34098545023244
2046,381.7039811050034
2047,452.81796146496254
2048,485.572886510632
2049,454.21847966674784
2050,461.69570373342464
2051,385.31965321043623
2052,479.37892609761684
2053,430.63747445093674
2054,517.4932585334649
2055,447.2803071998268
2056,507.8765240854804
2057,459.15833862771956
2058,451.9457794133691
2059,490.18470127991384
2060,456.0046277908709
2061,499.411854722058
2062,396.7751731240157
2063,458.40774358848324
2064,435.776045775649
2065,491.0532059507462
2066,547.1559565630107
2067,378.12095717755903
2068,493.0445820117761
2069,425.26713706171887
2070,431.6321357294205
2071,511.75745100920784
2072,434.3511080575308
2073,432.42015489494383
2074,367.19970337632407
2075,475.7999174622464
2076,413.4999778418199
2077,455.5028419152396
2078,509.05222987743446
2079,368.468552287653
2080,332.6543285922552
2081,394.86575587104386
2082,407.670892106829
2083,446.55627828251124
2084,444.2515118244128
2085,443.9547321169685
2086,448.8787612578235
2087,485.24383977482944
2088,412.37905702780375
2089,434.70502489090137
2090,473.8010936587403
2091,417.5130046771491
2092,458.85268532325085
2093,499.26960006009364
2094,445.43846069241596
2095,462.29637365465004
2096,484.0404470722476
2097,499.0460732674214
2098,367.8769312625897
2099,468.277006106971
2100,441.7735141048347
2101,409.3549234178125
2102,437.5960276206815
2103,430.4263920308696
2104,489.0895318554544
2105,446.866007263671
2106,366.77142608809754
2107,383.10143889744097
2108,508.34867697759915
2109,456.93463936532055
2110,429.22855453061396
2111,452.287630972434
2112,473.0362282779471
2113,422.33247912938725
2114,404.47643798897525
2115,453.3080568598865
2116,407.2603049475389
2117,486.6157197577822
2118,435.55615993100594
2119,446.0147909163891
2120,526.8909155882857
2121,493.8415089841649
2122,399.33225425108293
2123,455.57874123259097
2124,460.19370160543735
2125,535.8515952422706
2126,498.7165720623278
2127,436.0422282038418
2128,404.22782054294373
2129,410.06375087989886
2130,452.2780540659794
2131,447.8191254817625
2132,370.5207259234829
2133,422.6689469491734
2134,451.551540854502
2135,480.19383128464824
2136,486.74285042022115
2137,397.524952996075
2138,493.3132304573511
2139,383.7960728780581
2140,378.15947723684434
2141,477.03258061443364
2142,444.67656738372466
2143,421.6551527961304
2144,501.289264863595
2145,464.072184630427
2146,404.65462716522455
2147,345.75051380218923
2148,374.97540783588755
2149,444.17994010636164
2150,455.72471013684327
2151,433.93813818793467
2152,464.77470154558597
2153,405.9876668602148
2154,452.44747295216763
2155,428.2657822313119
2156,563.1188082201185
2157,433.5886213245995
2158,400.3085187583402
2159,526.5983031563063
2160,498.4043941389108
2161,410.0803791385462
2162,488.7262142224559
2163,475.0099384891259
2164,487.2366108177849
2165,493.01127927084724
2166,435.02705777426496
2167,445.9640595332973
2168,444.34930481434236
2169,463.8068762741186
2170,434.12710633628734
2171,437.3316134725813
2172,433.12241526015015
2173,412.1877084867111
2174,454.9628480884816
2175,412.1948845743401
2176,476.1930523980806
2177,428.48294437298006
2178,389.79923852635204
2179,390.55255278048
2180,422.3269168845059
2181,439.33481902591245
2182,437.5974552655116
2183,398.0564229997178
2184,442.6803843988823
2185,413.8373639509706
2186,435.81673290867445
2187,487.01126818078194
2188,478.4983560325327
2189,403.8327285178094
2190,456.05453402419755
2191,463.0080199390571
2192,359.34170773383175
2193,443.09615142355193
2194,444.76598482941114
2195,371.4928369061893
2196,504.2133152171638
2197,501.02096239324885
2198,513.6051134623174
2199,436.01779740692217
2200,432.1257089713316
2201,439.06713675811693
2202,460.78394448371165
2203,426.2029281629313
2204,481.1415213570102
2205,458.74833228967435
2206,457.61222083625603
2207,483.0012037824648
2208,490.0062780112957
2209,454.11164174499675
2210,447.75026985344334
2211,438.90147625956297
2212,405.7242170941549
2213,451.84034134174044
2214,459.6475974496194
2215,460.5814926645959
2216,378.098905292888
2217,473.5863542976799
2218,484.31496909878007
2219,417.0260650466024
2220,444.4194604412358
2221,376.639046190377
2222,470.9913520160511
2223,431.3789132500175
2224,451.26158603844635
2225,424.8417276158154
2226,435.5338264878855
2227,471.7270373110178
2228,406.7426922867575
2229,467.63865794620483
2230,440.6325421560527
2231,437.7498082941318
2232,509.5122048842838
2233,467.3009943314069
2234,428.31570636282163
2235,417.52567466953525
2236,466.6429323612513
2237,538.9808774439871
2238,475.08727988774683
2239,437.53875839320585
2240,461.1867762935055
2241,430.3975669245113
2242,443.05670259994537
2243,404.37175815267466
2244,433.8484412515344
2245,471.3004045805126
2246,488.03348916016574
2247,425.74688911201434
2248,390.28045298373144
2249,379.22222421521326
2250,467.8473072494541
2251,411.7110100643332
2252,380.1006163011463
2253,443.4547845653693
2254,448.35729958901413
2255,464.4022293982956
2256,475.98026403539495
2257,413.45483530262493
2258,478.07042196513555
2259,444.22828185421196
2260,461.35380515984076
2261,485.78810516240446
2262,396.35215638247394
2263,428.55392594175123
2264,462.9892824449161
2265,477.7359677445336
2266,424.2277865450154
2267,474.3262038530552
2268,457.65789975727057
2269,462.0266135124514
2270,426.92444597688353
2271,485.7810849860293
2272,477.7889936136878
2273,503.68556810306524
2274,452.46541792994896
2275,413.88684384069086
2276,451.3130021318423
2277,447.1296707806211
2278,399.1718710273756
2279,396.2834114856163
2280,444.5811217924127
2281,476.1025630435813
2282,416.46975609476067
2283,422.15924949784505
2284,419.5127614141406
2285,398.58039998832925
2286,435.2442542073125
2287,490.94512544622404
2288,527.7352472952274
2289,467.57749457650374
2290,470.6884456274854
2291,481.4604739861285
2292,485.1814768705329
2293,475.05783454739384
2294,449.63994117170313
2295,464.54395133883355
2296,424.2239424917404
2297,462.9141314011563
2298,477.55288797633057
2299,570.8761978278527
2300,449.3833222145589
2301,425.1822106643616
2302,498.8174713825926
2303,467.4938741430858
2304,501.13740702051285
2305,454.2042949400116
2306,445.91051403830505
2307,480.9688211560201
2308,451.82896375438594
2309,464.85902262259253
2310,519.2933385281847
2311,432.19887553015786
2312,432.4881731150632
2313,456.0362104341715
2314,461.0742200228092
2315,479.0168383181042
2316,466.87692571855905
2317,486.6674239453647
2318,388.9334701918215
2319,448.7782974392721
2320,480.9637955298736
2321,453.3609152395999
2322,417.4992322206249
2323,402.8578798303139
2324,479.95830608120923
2325,449.29922958603595
2326,480.2487496450003
2327,421.3457357732436
2328,490.48339135643965
2329,452.9782794065744
2330,509.70922889710107
2331,395.4721889871411
2332,412.9238978869123
2333,517.7389281803942
2334,454.8034899908166
2335,475.04419056132366
2336,455.41444464968794
2337,370.8765246024952
2338,470.0528795583385
2339,363.63587054417377
2340,489.76929852043554
2341,389.0304642449619
2342,460.8978434216508
2343,494.75541187504393
2344,452.381109314425
2345,463.1743481851973
2346,425.05900800891374
2347,425.75507660182905
2348,531.8253955042518
2349,428.91430481824716
2350,459.1828363801645
2351,454.059250998984
2352,365.5588617370558
2353,476.6470743151803
2354,417.79755066665024
2355,435.53471702572494
2356,450.87463191562205
2357,466.3279187796325
2358,495.74487258135434
2359,496.3100867410209
2360,467.59329320179523
2361,440.6384455573936
2362,436.16689610719493
2363,424.4932774293057
2364,456.2394773839272
2365,457.4009033482306
2366,468.10714350570197
2367,415.5021310021499
2368,435.97491942254675
2369,434.90435451543993
2370,517.8157770969474
2371,478.06710935837793
2372,488.9748464501011
2373,441.4166730373381
2374,444.15360117957226
2375,425.593825790009
2376,499.3259723691073
2377,446.97596435400516
2378,491.72871817126315
2379,446.9602798835495
2380,428.2274827304554
2381,399.5820579191922
2382,469.98238623853473
2383,383.2456194454369
2384,395.4553148578289
2385,518.6425858111196
2386,417.7081595577269
2387,475.2398798401115
2388,411.3483810499038
2389,411.3224212123748
2390,433.3518253768609
2391,433.6898221680709
2392,479.4722720878463
2393,446.0315717298477
2394,419.3400286963393
2395,496.3151649790344
2396,433.6355077699604
2397,447.1860971100399
2398,500.4255315790046
2399,462.92289029142455
2400,457.01885556727103
2401,403.30181007728925
2402,473.85932889649587
2403,425.8190927313722
2404,470.846269105642
2405,413.0199478616338
2406,418.73282883038905
2407,441.0007874300182
2408,505.85229987599394
2409,470.4561790705844
2410,467.1297093774742
2411,396.6897226781238
2412,401.5259352187426
2413,468.42049505526506
2414,496.9889618685162
2415,456.18160432208333
2416,427.19541495108604
2417,453.1875207705299
2418,430.6278667728016
2419,489.3769358983309
2420,452.93937689925366
2421,447.0621199602201
2422,477.32252865375847
2423,454.6845712207474
2424,444.5156121629039
2425,467.4287543619532
2426,526.51284216044
2427,470.0769645374068
2428,471.4069470432028
2429,440.26480989118824
2430,439.5218974148757
2431,472.51597123747956
2432,486.11861981915
2433,466.4652287019985
2434,411.24373982967046
2435,397.535435609443
2436,425.05888113488146
2437,386.76629697783005
2438,494.19917051924955
2439,483.9245824886509
2440,447.3520426746891
2441,477.64626595503995
2442,457.6693122787643
2443,457.67770520787263
2444,444.2002813947549
2445,389.821951014244
2446,491.23551808723397
2447,436.64004859521077
2448,478.63702978754753
2449,440.3907107059156
2450,487.2069330621938
2451,497.3308148073863
2452,463.01643812111763
2453,403.39689978143423
2454,443.33949820460396
2455,461.85477335659505
2456,497.4389778035418
2457,421.50740298643274
2458,429.28528566513353
2459,428.60084293776754
2460,385.51268862696753
2461,477.9281721849329
2462,429.5100564457211
2463,418.65669282563823
2464,458.54250487075797
2465,466.44376310812066
2466,462.3631155668326
2467,396.60016647493745
2468,443.0365793246676
2469,427.6582825145254
2470,449.44443001998775
2471,406.15709052905754
2472,456.75798071700257
2473,440.89755753778655
2474,513.2289815941969
2475,403.7682972617353
2476,466.73872972799154
2477,543.9473858436727
2478,417.4956208221609
2479,450.60985096891983
2480,565.2465896370389
2481,451.81157043250397
2482,441.8900858303785
2483,415.9783342744786
2484,555.8640148768226
2485,440.46828471729407
2486,416.5366459755512
2487,425.8323104140351
2488,454.03695811465036
2489,474.1510733588597
2490,359.78753727249654
2491,469.6759930963546
2492,409.5603459599841
2493,515.5952375880244
2494,515.0592110749573
2495,483.49640692833196
2496,472.6605912010214
2497,448.9362039752613
2498,481.00975011000236
2499,436.3412670405149
2500,470.0654858676711
2501,357.8918208517259
2502,447.0052650329282
2503,579.278966556829
2504,451.5244110361216
2505,462.33565227321725
2506,367.60017066320245
2507,443.82276590276456
2508,414.7893689854104
2509,473.5368604986958
2510,488.49504037321987
2511,359.0316920294833
2512,383.0474890699151
2513,471.3164802928598
2514,495.53316948691145
2515,472.40178714196037
2516,496.20067686130983
2517,503.5906590580095
2518,447.0697932264204
2519,440.15820301147784
2520,423.4391063784919
2521,434.9857130752894
2522,494.86287115582934
2523,388.007346184988
2524,442.65811428711686
2525,575.3976891624899
2526,438.09134013649043
2527,459.0260007245685
2528,515.2465956335409
2529,472.11070675694003
2530,522.5526184593713
2531,459.6893768753817
2532,499.30647760326383
2533,413.8972951144986
2534,437.23285058211735
2535,490.6909128769304
2536,413.8762596131007
2537,469.17521768026006
2538,471.0542307991571
2539,506.4653594909185
2540,513.4672984262172
2541,494.4545881873745
2542,397.4035616114619
2543,477.18831067735715
2544,452.62746985354585
2545,470.6657908650623
2546,359.7273540702987
2547,432.62339941194676
2548,521.4520448814337
2549,415.8227264493207
2550,430.2020761971178
2551,429.0389311768414
2552,509.4604837884529
2553,485.9989907819031
2554,493.84972213584126
2555,423.1546498827692
2556,433.7999342368368
2557,459.1754533173443
2558,436.939011623114
2559,475.24960215105995
2560,559.8144444660818
2561,411.0607558704594
2562,415.62413616189383
2563,433.71840674241554
2564,458.2827742595681
2565,422.5755301725362
2566,543.6260102321917
2567,522.7434860264574
2568,418.18078294103094
2569,443.71898458619216
2570,422.52491286818065
2571,479.7113684475204
2572,504.933750591162
2573,431.9175688901458
2574,439.341501940574
2575,474.04976552918436
2576,449.3681340521181
2577,465.93409514330074
2578,461.975712180457
2579,485.1287961031875
2580,485.66421758159925
2581,393.66570199156126
2582,507.8171571727081
2583,365.9656339506666
2584,482.1202150054431
2585,502.55320197367035
2586,464.51172871192927
2587,483.99310750938037
2588,404.3194947114335
2589,476.08622864997415
2590,500.13596685638015
2591,473.1798635082149
2592,442.89900312048417
2593,429.0902040740099
2594,415.8120743259798
2595,495.35923026561943
2596,428.25673767997176
2597,488.86511766558937
2598,434.80892847641877
2599,460.8748698319356
2600,456.13746459239536
2601,362.58952435969115
2602,439.41737572046725
2603,514.593986080124
2604,407.92726423093364
2605,494.38549595843523
2606,424.78194712341457
2607,455.3993576480699
2608,504.57833843472736
2609,477.22090461005337
2610,482.35660480227097
2611,489.518651551125
2612,472.9813282713894
2613,415.89030763654006
2614,371.5409380824795
2615,486.29046157311706
2616,479.138497464816
2617,512.1414350682389
2618,373.5074381979051
2619,505.71178220506135
2620,477.28835939686354
2621,418.79154648400515
2622,432.6266238693023
2623,422.81168055871905
2624,472.9313271719973
2625,487.01899648085265
2626,505.95084297039546
2627,434.79866599793627
2628,402.49674641240523
2629,448.8374564925744
2630,452.18946281217995
2631,454.3044795184423
2632,425.95256229492554
2633,539.751567973407
2634,431.77429151455294
2635,486.89227646555634
2636,478.2239488401766
2637,401.01785928464307
2638,436.21514401054685
2639,487.2010265507065
2640,423.03058786769554
2641,513.6081543992043
2642,456.00373510079635
2643,390.67640251410046
2644,432.8828310914168
2645,504.0760203082047
2646,460.09995750077053
2647,401.46359429350485
2648,471.5989788771279
2649,394.03669664514734
2650,537.0527054610278
2651,463.4578494310527
2652,460.93560401082345
2653,374.2499211130889
2654,424.912013634562
2655,405.42824578239737
2656,430.1446047389606
2657,536.6799733364353
2658,486.407808363202
2659,413.19687370868417
2660,450.5439597869202
2661,524.5065902434442
2662,528.0535860068283
2663,394.5557320467526
2664,437.3531409489127
2665,539.9872443211793
2666,506.0163997593929
2667,482.3418871275286
2668,405.96775433963967
2669,451.4496681311106
2670,492.57334284140694
2671,480.6245805695994
2672,441.9602356112371
2673,382.1793707859308
2674,435.1454997385649
2675,440.47543614616046
2676,479.96689265453114
2677,467.7026408599971
2678,469.82461249164544
2679,481.83818369821427
2680,500.3442363904336
2681,440.2115364085373
2682,403.84464148755006
2683,466.66994483327437
2684,502.4778206340036
2685,488.6420256721561
2686,434.64739404909375
2687,484.2102939560466
2688,456.43658541194935
2689,517.5192334393621
2690,460.8940063760788
2691,439.4427790612101
2692,422.8442421488989
2693,394.00548740308227
2694,430.87071926246733
2695,473.3049668449208
2696,493.3220976496118
2697,459.1698505922763
2698,459.81149163672217
2699,421.38812439379325
2700,489.8910154981727
2701,469.86404670759714
2702,438.3681343656855
2703,405.63116917545165
2704,437.6760093649602
2705,458.9039409891842
2706,443.13587389851233
2707,429.63517841694517
2708,437.0334976503064
2709,375.9285259312861
2710,486.93670051042596
2711,507.98648104515553
2712,501.8818589049527
2713,478.72824695621364
2714,464.7221675222772
2715,412.3272468873621
2716,450.0221893594132
2717,446.79617971231835
2718,453.4128746927627
2719,429.7962821271503
2720,485.42450108819355
2721,424.88332933271704
2722,461.8532085445823
2723,419.94276270666916
2724,413.0274798297598
2725,443.82431810868167
2726,444.6353317318987
2727,425.7833749750289
2728,414.50419956994836
2729,422.6751256664781
2730,385.7401298774018
2731,462.4988182980236
2732,430.8736714743616
2733,416.22153464483193
2734,473.363015141124
2735,425.641464097043
2736,416.02110715988266
2737,458.0098669677679
2738,442.7460665803361
2739,426.2710450476436
2740,399.9812723498146
2741,488.0896815489827
2742,473.5920506052802
2743,419.13738434568563
2744,502.9460498639118
2745,382.43180835052925
2746,483.4100873668191
2747,417.0077936262065
2748,449.89504380713646
2749,450.07936201958705
2750,489.4955914624971
2751,446.30031178612893
2752,442.24534079974745
2753,451.53771250677613
2754,422.2926334502238
2755,441.94696955531845
2756,432.84127642431463
2757,486.4256337659018
2758,478.6771749801103
2759,445.03784705577823
2760,469.7308581437987
2761,399.7053716236327
2762,437.400426749388
2763,504.0161691512302
2764,504.9225320858215
2765,457.704153936963
2766,505.6597701927604
2767,504.4813353816717
2768,450.16434803955025
2769,452.7761525207855
2770,345.57851871940517
2771,434.7467267281749
2772,408.70709592514083
2773,485.63490659536205
2774,458.50875427901593
2775,463.548738810137
2776,505.4618764073153
2777,446.63615501280515
2778,440.4562757953402
2779,489.4583166047756
2780,439.4649807374307
2781,408.5894004069754
2782,427.3183526443537
2783,510.98396284226646
2784,486.4901303849327
2785,466.18093292857384
2786,473.74246606029186
2787,438.3079208250565
2788,430.3665054931791
2789,426.6779566934389
2790,441.35599022727496
2791,494.30328197158894
2792,387.74332145957624
2793,460.8213927676543
2794,512.3919359816161
2795,456.44082693566645
2796,460.1387191466379
2797,478.7850876525717
2798,530.1874059359945
2799,431.53136827961333
2800,428.54948003904866
2801,495.09723160599435
2802,425.49997714928656
2803,397.4770544821871
2804,459.7918882477948
2805,485.01938104365627
2806,547.6760379424047
2807,554.9100262249078
2808,495.2407844277125
2809,462.32672850492514
2810,410.9433990456299
2811,510.08444503469497
2812,441.78168199376717
2813,413.69954367494154
2814,492.27998904823465
2815,455.4409256143589
2816,403.2998361512719
2817,416.68244487141624
2818,398.4549194149735
2819,486.2352934328493
2820,430.3960050587382
2821,524.2170364131997
2822,395.9483923139994
2823,456.3183589056768
2824,468.2467256925739
2825,431.25540309581913
2826,466.85593381229063
2827,446.7734914486149
2828,445.4116866854303
2829,468.813689347079
2830,487.2294262597906
2831,527.9642871717814
2832,440.82766308899824
2833,434.7874293795317
2834,506.0532683393994
2835,394.7783233609679
2836,440.22707029850767
2837,449.06287860581097
2838,390.16758882532685
2839,460.8149913572929
2840,555.7787968342867
2841,479.3178496144061
2842,429.45880231512973
2843,463.063619510846
2844,515.1027533968651
2845,456.67818105778184
2846,326.5490838098414
2847,458.9187830007873
2848,393.0939995002821
2849,464.72883320643007
2850,410.40687138812905
2851,401.8346555279541
2852,348.54979665068544
2853,435.21111469637583
2854,390.01774423528866
2855,455.06346085033823
2856,490.60397737838355
2857,447.88923642344264
2858,438.4635819846437
2859,442.0838739977465
2860,467.7910685362513
2861,444.40351327476753
2862,389.824242411455
2863,423.65336088574037
2864,400.48655051165144
2865,447.2599669430039
2866,427.88103811580976
2867,422.3025978164177
2868,489.3112679600356
2869,530.1389281355515
2870,546.7770008010887
2871,441.6820496400153
2872,470.2199540832821
2873,516.9512977249865
2874,378.2116935070091
2875,422.3905316192626
2876,447.33988712506556
2877,520.5919293095629
2878,501.0072662721958
2879,430.48958085358254
2880,446.21858913518025
2881,415.71815961988557
2882,493.0498162218767
2883,477.7551597623456
2884,417.75590850682215
2885,517.0132696706141
2886,399.26670871220927
2887,447.28689198618605
2888,410.4918681646095
2889,414.76761959796283
2890,518.090278049403
2891,459.71691898887326
2892,440.0094652803919
2893,456.8940486509658
2894,424.77904401541275
2895,449.38544422973905
2896,454.82148386069304
2897,370.40213977444887
2898,438.3713114994351
2899,473.3730635651693
2900,404.0942452250528
2901,411.6571803193033
2902,456.6043361454718
2903,527.8531482817308
2904,411.04987394933534
2905,453.97155886220276
2906,419.82869671913267
2907,477.36088521736116
2908,400.0774398522161
2909,517.922252717677
2910,447.82979831551006
2911,525.159117137064
2912,471.49740553885766
2913,488.7052839730756
2914,457.4846672657189
2915,424.33287144404545
2916,435.0077646452187
2917,433.2464138447086
2918,542.2545667452666
2919,473.3721212686256
2920,483.6236108238717
2921,484.6655108388497
2922,462.46529387185274
2923,413.7618711119949
2924,472.76161737962195
2925,433.0604634181457
2926,444.1709036743141
2927,450.7834193029834
2928,508.2630774603242
2929,371.066169039191
2930,446.8457033474001
2931,501.4332812010039
2932,453.8409624981629
2933,458.8215158281568
2934,442.18286968961655
2935,450.7830470744226
2936,469.0499412436116
2937,443.73088466328034
2938,391.26012331175855
2939,479.2064713143814
2940,468.5849921157022
2941,447.10900552328724
2942,440.05645868070934
2943,489.9717550279354
2944,468.69593994951714
2945,414.41857315723763
2946,444.9549678073153
2947,458.913849543327
2948,525.0076616412068
2949,513.0985297357856
2950,500.35424726303467
2951,502.12566774603397
2952,418.78103338333653
2953,471.6767429127898
2954,495.2574957347386
2955,380.3600419974069
2956,481.88118089495885
2957,432.8287812206435
2958,531.0718570659486
2959,416.1665448154976
2960,461.43596133427906
2961,539.6702878824339
2962,431.71889433613234
2963,498.9846161714071
2964,421.94586246506225
2965,412.53323891440976
2966,460.7763396190209
2967,404.0249481461692
2968,447.9990750576605
2969,444.1407651295355
2970,454.34600732663563
2971,389.97232042597904
2972,478.58069093337286
2973,398.0965814105679
2974,443.94685689147707
2975,424.0104940307829
2976,483.9230687676406
2977,471.283610121683
2978,431.46210310777377
2979,488.95481038814916
2980,342.83946358643664
2981,451.4037901782125
2982,450.7355885641098
2983,449.30863813213017
2984,489.12831775408864
2985,406.98586360763164
2986,462.89811010722224
2987,493.85467054946264
2988,439.0367674342702
2989,474.6358120814594
2990,416.9220088489277
2991,430.20965828551357
2992,396.99080069412634
2993,443.23497576658235
2994,463.59445481110185
2995,490.7794341991804
2996,403.12489643169147
2997,438.1494276331613
2998,467.6944211235036
2999,451.46432825379975
3000,448.36839496522276
3001,503.6700764715352
3002,426.35835478866
3003,410.1318352609714
3004,454.65277000246465
3005,449.8388841147143
3006,443.48338402775477
3007,458.0932387881635
3008,449.14558879992364
3009,475.8879242122777
3010,468.0595570324161
3011,472.7795633751881
3012,447.6695306540983
3013,457.1656157246376
3014,428.9723530269869
3015,369.2418020666598
3016,502.98076322842985
3017,516.1465634861627
3018,387.6279550633807
3019,406.547472815019
3020,476.9919917068182
3021,412.6471179811854
3022,423.6992727875201
3023,429.92022606560965
3024,404.43864495314466
3025,451.5251927016355
3026,371.62314214063065
3027,410.6165968705836
3028,421.5800938136363
3029,447.9434497169208
3030,389.9877641074219
3031,394.8583486832542
3032,463.7278424871576
3033,461.2685646622316
3034,452.10059418900414
3035,507.78211233344877
3036,502.94067321256176
3037,350.4034741857883
3038,418.9611651313391
3039,439.41120281930523
3040,421.86157853400493
3041,512.6234776270529
3042,480.465003944063
3043,438.2402356175528
3044,447.7272625313497
3045,404.3940505032462
3046,437.8902581730979
3047,484.1068284748337
3048,458.8293773225192
3049,463.4662430125427
3050,453.9937363668517
3051,478.7110880718883
3052,520.4643493249423
3053,415.29034661228155
3054,492.7768996372239
3055,478.856012358974
3056,415.79145252855125
3057,417.8847639582744
3058,465.67338880343476
3059,393.98433248380246
3060,483.62722651889067
3061,491.312080364348
3062,475.76088035617016
3063,492.6884793732634
3064,447.3666315127669
3065,507.30531867837715
3066,443.6785923478724
3067,493.47946929675453
3068,450.3132999928646
3069,346.1108352786029
3070,429.9912877963033
3071,481.1389840571551
3072,454.5973603583672
3073,504.0691669250812
3074,468.7946929982517
3075,480.8572794041708
3076,507.11577906256144
3077,387.74017393916125
3078,390.25954415755524
3079,461.8908727351145
3080,457.37153029147163
3081,472.0465425877664
3082,416.13499790093164
3083,517.437891051442
3084,494.40385741250884
3085,412.88617201336507
3086,468.5147739099569
3087,373.75073596628204
3088,400.81130960645635
3089,481.04138710508715
3090,453.65134862488134
3091,437.2989494702664
3092,480.3443557113006
3093,508.142058747362
3094,479.6630470921592
3095,555.0779630843109
3096,410.5897633201894
3097,435.0287533636822
3098,410.07597323455906
3099,433.47694507877975
3100,447.7574140045807
3101,399.3331576641078
3102,433.27472683174676
3103,431.6222904102029
3104,349.70639543617347
3105,421.2264880748516
3106,434.5387658372887
3107,454.1883168013761
3108,494.2621213168058
3109,438.72958103266365
3110,476.3319860164842
3111,483.5987515254581
3112,470.1447410590819
3113,410.26769997243946
3114,451.0519403113558
3115,512.091655486162
3116,460.6405881887715
3117,413.99041527625207
3118,464.92646443919045
3119,438.35895924519707
3120,446.8314970533984
3121,425.4445122685902
3122,423.7535035072928
3123,483.75931101410896
3124,485.7014889065137
3125,463.2693142061628
3126,417.8133631879415
3127,464.95983690166287
3128,482.974487768232
3129,469.3485334725641
3130,471.29491933431075
3131,457.01534813699254
3132,443.0465434714452
3133,477.5998766833535
3134,424.9427783978845
3135,465.57640542152797
3136,489.3888525653325
3137,446.8643035122387
3138,482.21933119163805
3139,421.43448057142336
3140,431.56390968714976
3141,426.499587790276
3142,464.28141574825713
3143,423.9246967843636
3144,494.1606451400467
3145,473.90092795420145
3146,378.8771133739735
3147,441.4059548764711
3148,477.22146902916165
3149,461.0454068383954
3150,416.04325491270674
3151,400.5262024047191
3152,483.1739112703275
3153,420.9414561700558
3154,421.3182637920329
3155,442.29832381541
3156,443.52593538626337
3157,408.0582687475268
3158,446.393460800355
3159,417.34018543119987
3160,522.5149313582539
3161,492.58189746437216
3162,460.6184653636227
3163,467.48495997283624
3164,421.6120047328302
3165,439.39885729702644
3166,452.1176927434248
3167,455.3152695487588
3168,343.9668193401257
3169,446.89898702851997
3170,483.7985600517533
3171,461.51465578457254
3172,478.4049747657259
3173,428.55525552588625
3174,405.13881928926673
3175,510.62114257028605
3176,443.4767822877871
3177,433.4579060584963
3178,429.7961566257803
3179,483.1847543370319
3180,425.02983105880793
3181,441.14338945890535
3182,402.3007421934284
3183,485.67061731552093
3184,388.9314983460893
3185,437.90556020167185
3186,445.8908302091908
3187,470.64227714558774
3188,474.42276926779033
3189,495.7213725125879
3190,402.5014167367616
3191,429.1166221581954
3192,488.587959572067
3193,389.8007050907419
3194,513.3257600889937
3195,428.77563440279704
3196,487.1048277718746
3197,408.17480223801266
3198,473.4352600258916
3199,486.9728696576705
3200,471.704119017628
3201,422.94171533862544
3202,438.4421961731566
3203,466.4842138674066
3204,459.75810840236124
3205,437.09903890604704
3206,465.7764260175719
3207,453.090831251812
3208,391.85875329369236
3209,373.4711533470599
3210,391.06080103735593
3211,477.5737980457525
3212,496.74937648027105
3213,471.2525809589367
3214,491.3828874086786
3215,477.18349545971927
3216,514.8375692399419
3217,473.8052460640845
3218,417.7816450541108
3219,542.248898256619
3220,398.03358603935925
3221,480.1535687954043
3222,429.9286170569631
3223,498.5121320775261
3224,479.9453463353793
3225,395.1917346689208
3226,529.3171085189598
3227,366.7604565732658
3228,475.5906682441241
3229,427.55301520004315
3230,456.4963595921216
3231,432.292866596081
3232,493.5543323439207
3233,413.8157892606651
3234,470.0443620749615
3235,470.3998121525425
3236,419.0233857678842
3237,500.1829945903635
3238,423.43092410030164
3239,480.0797853937365
3240,434.1730251068716
3241,499.45388377983375
3242,510.3206497779682
3243,434.03294263977784
3244,464.4019404730498
3245,396.9004959962923
3246,485.97912650619156
3247,466.0754006230059
3248,423.10532942314023
3249,465.9069326825723
3250,499.43884409574076
3251,424.0761895840825
3252,445.1506917967375
3253,520.4962360796495
3254,401.8735813092904
3255,458.4027230351085
3256,431.2336826965284
3257,443.93803879028064
3258,450.6157964051867
3259,488.54088712482803
3260,469.51108839083446
3261,432.0940508734831
3262,454.2815926741577
3263,412.7281442557656
3264,428.5878798327012
3265,422.03345063489814
3266,417.8500114772227
3267,459.6419532466518
3268,477.97990935502713
3269,446.5812961176581
3270,406.1845161686355
3271,447.96929001586665
3272,397.5915621832012
3273,432.58665370854237
3274,460.8671832377293
3275,484.88227897977697
3276,460.72059336645844
3277,487.501064033535
3278,430.95478724049565
3279,379.3178905191205
3280,531.8690329135007
3281,525.060903444406
3282,475.0605426319795
3283,397.13295780738804
3284,479.7353588789866
3285,466.7681593193744
3286,446.3250082769375
3287,447.3998363471467
3288,411.99950278492526
3289,507.9079661794971
3290,436.1790577889086
3291,537.1773266734708
3292,413.2408150282184
3293,442.19815134071865
3294,478.67143221406445
3295,369.4653913355304
3296,424.1525550584733
3297,480.07171571114094
3298,423.25844650245597
3299,455.15904676649575
3300,432.98338688520954
3301,469.08677431008476
3302,412.2598007160924
3303,387.40196158320055
3304,465.9527980969349
3305,481.9678979865215
3306,416.5239536026791
3307,471.24524253681983
3308,466.8672721023401
3309,554.903004617228
3310,534.3375005740828
3311,439.1083279780067
3312,417.7938293079271
3313,472.2894877607072
3314,508.2743333654112
3315,440.450444488614
3316,464.4316634553619
3317,446.69774697980347
3318,519.6591506588753
3319,445.48747755048083
3320,464.68088684023024
3321,480.5938275459416
3322,378.81248394753135
3323,471.1122851128512
3324,448.7602873497031
3325,424.4073181699016
3326,452.37570386605535
3327,469.9956021643508
3328,455.6506404437648
3329,466.69160736531956
3330,468.69477419621944
3331,461.035906715067
3332,437.1506658717067
3333,495.6563362062741
3334,411.1220225944972
3335,536.2594900389269
3336,440.0867945271867
3337,439.9193574623683
3338,446.2571389304683
3339,457.4019872944539
3340,514.8099069369185
3341,478.5706450454128
3342,429.59688583201967
3343,421.7034426672128
3344,433.0012530243973
3345,445.0286909899678
3346,474.6714825884909
3347,424.1933485890576
3348,442.5718472226743
3349,461.3080416037253
3350,395.9350128825089
3351,496.23397241132636
3352,521.5894789494761
3353,456.6793993633073
3354,417.18933543607835
3355,434.1225124491546
3356,464.6536145197359
3357,509.9150319027618
3358,431.24300696822365
3359,421.53225477809815
3360,434.1789548016107
3361,419.01532778273327
3362,524.2078098952769
3363,469.943406830512
3364,497.5400934158298
3365,437.6247929587793
3366,479.04785866323886
3367,470.5498485909097
3368,496.97910795691047
3369,377.6305818002741
3370,456.61448010257686
3371,422.7869169824263
3372,442.4737254722345
3373,458.82842850952926
3374,458.7447748121379
3375,352.5718514247882
3376,489.21566797087155
3377,424.8279720375298
3378,397.0774204738668
3379,423.9769168384665
3380,402.3383577394741
3381,483.22386002457176
3382,397.41863752977605
3383,411.97672073448086
3384,388.68765894049244
3385,384.56741965091913
3386,461.2036371984831
3387,503.6359961705651
3388,503.9817927185523
3389,552.7473271093237
3390,493.3703484581904
3391,380.66219255903104
3392,450.67139815437645
3393,462.72668075431443
3394,459.96357249968753
3395,492.7980176630872
3396,418.68164830997983
3397,455.87657703560853
3398,415.21654695285196
3399,472.00559311369176
3400,436.1008945366398
3401,491.0467167595853
3402,420.2795100422886
3403,527.2217640093737
3404,461.39817059663557
3405,463.30280848322565
3406,417.7711543131901
3407,436.5352440839535
3408,417.03890453729105
3409,487.76365003815715
3410,433.5830824855013
3411,409.2148166324242
3412,482.20648305139554
3413,430.579247950994
3414,479.86659563000507
3415,432.22695485336556
3416,432.8296898798453
3417,489.8632047853557
3418,409.0980859520688
3419,352.62127394589584
3420,431.2054930752225
3421,404.380147601608
3422,420.5786962506389
3423,432.20091637429255
3424,420.51847590971664
3425,422.6184491224869
3426,423.6089830412384
3427,505.0118279101375
3428,437.8830079186152
3429,467.57409160782777
3430,380.0088191424427
3431,421.3429645980087
3432,418.2381734219113
3433,412.256680747661
3434,415.7597073592786
3435,504.15017586981827
3436,451.22196910569886
3437,402.43911435792
3438,455.7687928828318
3439,465.4347315247127
3440,431.0168959820504
3441,424.10595804739523
3442,478.69984695176294
3443,407.9426407502877
3444,480.57381935452554
3445,434.03870238098597
3446,504.10393915603595
3447,523.6132010535457
3448,473.5640403749089
3449,385.1984870285863
3450,452.15562907966813
3451,479.1477236336922
3452,442.48721809667785
3453,467.84400083283174
3454,441.89685155149516
3455,439.8755385792767
3456,455.7296994279734
3457,420.40897453924345
3458,437.93351794328146
3459,463.31950648165406
3460,422.4124640140997
3461,455.4947735247583
3462,468.56628991119135
3463,407.7969575291295
3464,463.9534945982271
3465,437.0387474316964
3466,407.27661038163296
3467,465.3728235442323
3468,397.555864439132
3469,473.3158023463301
3470,469.35297048871706
3471,448.44692334167536
3472,432.97777950042956
3473,418.61552221144234
3474,389.8916143891519
3475,486.33276266540577
3476,462.59140410672984
3477,422.52636664275457
3478,408.1199149264732
3479,511.79905592834734
3480,476.2777594533129
3481,458.2209962596338
3482,370.2102655092698
3483,410.4581339389551
3484,503.93710152011136
3485,458.4602709838799
3486,448.03092606540747
3487,390.5889291116901
3488,441.5098936990887
3489,448.5781875518778
3490,535.3913489852771
3491,432.7940884601042
3492,367.306115102919
3493,423.1121021732866
3494,462.51307126968965
3495,451.99882220160237
3496,470.21279238624584
3497,437.46710716557294
3498,488.9656503036785
3499,431.59137822001605
3500,446.4440300584111
3501,461.42686523139633
3502,395.66777562510435
3503,514.3694476541842
3504,440.7400771384189
3505,406.39306070089407
3506,511.1388087476572
3507,490.31225936229504
3508,418.9703768684059
3509,421.4574882215375
3510,436.03697510657577
3511,500.8790789220387
3512,457.5510587766009
3513,479.17683174182577
3514,480.4252299844983
3515,451.91306268563346
3516,484.8498447137653
3517,427.0490010987117
3518,419.1399113711327
3519,585.8904346558791
3520,447.30644355412414
3521,407.8608349737618
3522,494.7637925192685
3523,494.14593780596266
3524,471.50933700236124
3525,462.23029823541856
3526,464.17181899299004
3527,473.9422895382662
3528,471.4977121224088
3529,521.9169521449232
3530,473.1976119181596
3531,463.88657677274995
3532,432.50731880407
3533,449.9862213573486
3534,499.4416292198084
3535,430.4244468438183
3536,418.6996334995024
3537,401.80710323585396
3538,436.4657548371613
3539,514.5082362545961
3540,368.3186097129957
3541,402.18219611822207
3542,442.9253889361599
3543,401.5615667954995
3544,421.1627300650327
3545,444.08095918201343
3546,509.54440654084215
3547,518.1048092212494
3548,478.5347966306117
3549,366.6968849088105
3550,441.84292928173164
3551,465.57604357648546
3552,450.87685896699924
3553,390.00208010310405
3554,492.0110212090189
3555,428.30559392291144
3556,450.4033505065734
3557,436.6722160625055
3558,436.39893284291054
3559,399.8530227431005
3560,489.1547399468976
3561,440.5638881749724
3562,439.7299587528799
3563,386.5943264794639
3564,529.7378550968788
3565,372.02926918529937
3566,450.1206699537275
3567,407.5396326711256
3568,409.8067012997265
3569,385.61057644989285
3570,478.4886506373742
3571,494.0250106476128
3572,425.70609877330935
3573,371.2138962243872
3574,488.856338226661
3575,407.1537571791774
3576,405.831355204092
3577,473.56428181481687
3578,519.1437059896975
3579,464.0612115405582
3580,404.2273423626941
3581,492.5792003889062
3582,467.6337864869546
3583,389.24631501645814
3584,393.7500839274901
3585,416.79848314085314
3586,471.409526404664
3587,415.73881934469546
3588,484.9375718543048
3589,458.9847884163742
3590,443.923026848656
3591,460.52769486423557
3592,465.2178377124772
3593,417.47168282161977
3594,412.452343897133
3595,433.0141354402289
3596,406.0487786476722
3597,461.88397460663464
3598,409.8491531249988
3599,469.6242055963097
3600,449.4292994499491
3601,479.5762479840114
3602,381.3523704454889
3603,428.7042415147177
3604,461.9827588954438
3605,501.4201314194272
3606,474.1838291787393
3607,422.4436805560589
3608,459.74391917797146
3609,428.5351824524029
3610,433.40579926110604
3611,446.86333391929406
3612,481.8497259946318
3613,431.5857305789325
3614,484.69804142357725
3615,446.92442341461856
3616,423.1839539868196
3617,451.49734866056735
3618,410.4677614755019
3619,468.3410959384551
3620,449.6623437947927
3621,524.7812362367152
3622,494.0642457427699
3623,404.804628673983
3624,437.77220401114323
3625,443.9685380412047
3626,385.2400796084685
3627,463.6210295913224
3628,463.29841033718856
3629,377.4209910514301
3630,459.01506697086216
3631,461.9810821109928
3632,469.0381700940942
3633,451.3298858622049
3634,442.3312282166785
3635,532.8320452698008
3636,471.1842315591013
3637,456.9483250348589
3638,464.49160087797725
3639,462.8116922234688
3640,422.4495935226836
3641,453.0363375328881
3642,459.102198470409
3643,442.61155407253574
3644,381.41724178512897
3645,357.48637142703524
3646,513.0646290563054
3647,455.49966125336545
3648,419.8119117927299
3649,444.05644942396293
3650,450.25597653636373
3651,429.0258465700567
3652,454.02778913968035
3653,472.9307679241661
3654,405.61981073942883
3655,459.4295365493877
3656,401.8607154663621
3657,422.2752537436233
3658,436.02340972567106
3659,458.85200389448084
3660,504.2361322748623
3661,519.7663262688606
3662,533.2545056237996
3663,393.87453322648315
3664,451.9962127330991
3665,496.9850149408107
3666,495.7924903023075
3667,515.5148709605375
3668,416.9360629513673
3669,451.2040239175569
3670,467.29457164599853
3671,455.00302012045177
3672,447.843581602475
3673,428.43951713373446
3674,471.355158636676
3675,470.07651831927114
3676,466.29115845719906
3677,431.55782941691024
3678,383.27536174107337
3679,379.4886222438993
3680,456.68745495660755
3681,416.3281096766597
3682,497.1367799920896
3683,408.26256029446245
3684,426.55575746523436
3685,377.1117428808503
3686,517.0973543505555
3687,521.5861215610017
3688,436.82705659696813
3689,503.97859694808614
3690,497.61837747142664
3691,555.3001675473778
3692,452.2334085083299
3693,398.80005146370104
3694,427.9976894334714
3695,492.79964247735836
3696,450.75242146508964
3697,500.4453137320285
3698,407.4894457192373
3699,469.9071599660541
3700,449.90622756992093
3701,415.48269497108106
3702,533.2904559378791
3703,432.30925006193576
3704,437.42857806494055
3705,417.47585404235537
3706,428.6438825022946
3707,485.0992616267646
3708,479.9560853179474
3709,439.38577061805006
3710,442.44782959120596
3711,364.00275571031335
3712,436.9400761385667
3713,373.4427108661682
3714,552.4265865977823
3715,469.884446816847
3716,476.89097445797296
3717,472.00084431485595
3718,424.2482415693309
3719,458.864673065444
3720,488.7977673430034
3721,449.00273872348697
3722,444.93669937930156
3723,453.7515457222722
3724,500.5462499495303
3725,476.60428986727544
3726,452.33056253226187
3727,534.6585982247008
3728,422.93773884483574
3729,513.4579793390351
3730,500.8995202377354
3731,453.51657760261713
3732,433.13293063987277
3733,382.00306236212845
3734,430.0044131347791
3735,499.88859258375044
3736,437.90672216325015
3737,437.4582690116287
3738,439.9595346665917
3739,528.6372907500817
3740,446.63706017094995
3741,453.28168444546503
3742,457.3632843853639
3743,428.5739443735896
3744,384.7907141763069
3745,426.503494170813
3746,477.4550045041256
3747,481.36022431270277
3748,439.60798794594706
3749,414.08225073414474
3750,482.0318890808096
3751,419.2031492778904
3752,527.9544931103716
3753,390.32722267575537
3754,433.28515475209974
3755,494.3453544949004
3756,431.97293312771467
3757,467.3270562773748
3758,500.9804147253647
3759,535.5241035785705
3760,486.2129427765396
3761,409.6881395422216
3762,423.2947632950269
3763,429.05545563164816
3764,406.38238126007855
3765,456.17586938426837
3766,478.12286456396987
3767,433.5635515921941
3768,534.3096132874252
3769,473.68708374793755
3770,445.8359397934159
3771,474.4368466875571
3772,380.9215428672105
3773,365.45380032119175
3774,506.91913572221074
3775,462.4996713684959
3776,473.5166874050241
3777,411.4487463748711
3778,515.4797300158044
3779,364.53879306102317
3780,469.78055860173686
3781,423.224369884229
3782,416.7840409297932
3783,452.19651043952695
3784,443.73221701767557
3785,385.26254816172565
3786,408.4623557351842
3787,492.5759442124424
3788,456.65409964561326
3789,467.7755808468926
3790,438.51423586190947
3791,426.4431586127782
3792,517.294303689209
3793,400.65575218823216
3794,392.0624158074365
3795,435.26954633339994
3796,435.7673957069101
3797,448.2901965949319
3798,520.1738803991637
3799,464.2256388483846
3800,444.1552013943922
3801,404.8393948113407
3802,517.6471467410955
3803,467.6995060591635
3804,453.35743302165804
3805,444.30873916808355
3806,448.2900878685771
3807,420.7360899793772
3808,506.0955473856969
3809,432.88083119540704
3810,412.5290077718994
3811,405.9473843736251
3812,412.3116916136743
3813,448.555428219945
3814,499.0046884053002
3815,428.06401738459397
3816,420.7305476949955
3817,453.879944662222
3818,433.23469887036435
3819,507.16001112692976
3820,445.1345379500946
3821,372.1716635218275
3822,334.45241725384557
3823,453.24687482748465
3824,404.3150572754356
3825,519.1969346505931
3826,432.15720880714366
3827,399.9737584156823
3828,488.9735955151354
3829,421.9801000505411
3830,466.0124124281111
3831,406.60102174107686
3832,469.9797146838355
3833,486.45573234719217
3834,438.3132863683756
3835,462.52745043698104
3836,442.31897490047464
3837,444.6239465745007
3838,406.6711143857475
3839,523.4931531851088
3840,449.74460252582605
3841,428.7973756429309
3842,460.2506696154766
3843,427.50062755116545
3844,483.7850005147099
3845,468.84015351769915
3846,506.57216927179826
3847,449.775600595948
3848,426.2385909589244
3849,398.91360146754994
3850,364.5876968571226
3851,525.0514715300643
3852,487.7646349656457
3853,468.34545166031006
3854,440.70139630636345
3855,424.9210444265226
3856,476.2330967503627
3857,461.23947991946665
3858,494.5598414901511
3859,492.4689945819681
3860,407.2138946360099
3861,489.94957807066857
3862,446.9549748691275
3863,544.1764258807907
3864,423.82426272290417
3865,424.39405527257287
3866,495.0134707609167
3867,360.0284592200381
3868,440.35377313119756
3869,462.6175716756668
3870,443.7656082140323
3871,473.6487585167404
3872,447.9983206776972
3873,468.10676071606724
3874,516.6101958636795
3875,480.89706204140276
3876,413.611605064211
3877,455.240111435991
3878,395.17573828758333
3879,385.5671598838145
3880,477.5666490758926
3881,431.3301652377081
3882,475.4223220849867
3883,399.0151842438869
3884,447.753907404362
3885,449.4469450781709
3886,403.84662673261755
3887,466.72658302683607
3888,349.50786783386377
3889,423.61568749092584
3890,510.0442827657018
3891,406.5187693440154
3892,478.3421643484377
3893,470.64036067199123
3894,482.6406363072923
3895,464.1898251107993
3896,456.3175427021025
3897,439.3055667827358
3898,478.25914997459915
3899,478.9491247091647
3900,450.00810030145766
3901,439.6747292517746
3902,401.37159429254234
3903,392.2314833232509
3904,441.25882079837606
3905,487.65553762975935
3906,425.75300484035887
3907,441.6310027224965
3908,484.40948652753565
3909,505.8397245118404
3910,395.7025683894071
3911,428.91297436084056
3912,508.1098923829005
3913,420.8875425379519
3914,425.132489489656
3915,412.3287504885386
3916,395.1821583022869
3917,505.6509599247221
3918,434.5399173122891
3919,512.529015841838
3920,425.09684441496086
3921,463.3806053356985
3922,463.9027052656909
3923,421.78298662570967
3924,438.4917685682696
3925,461.20224944136083
3926,466.7585979765959
3927,422.8001158347889
3928,422.8267876874325
3929,506.6825212825674
3930,420.3963039111569
3931,481.5911836812273
3932,422.31535343296383
3933,462.7276439232579
3934,472.63949480704974
3935,452.84785193038084
3936,506.83661546621227
3937,481.27738497200653
3938,507.87466486282483
3939,407.95829076123886
3940,421.029949246305
3941,481.81859854520724
3942,408.21120321491844
3943,468.95660081670576
3944,468.2903383720411
3945,448.4512661818527
3946,455.7693681016954
3947,423.3654267158673
3948,487.31512663270604
3949,423.7592967268346
3950,466.39484347502156
3951,485.5235926032997
3952,415.6237358878355
3953,399.3120781291474
3954,474.70230973534245
3955,459.6910606722084
3956,384.63064625356253
3957,510.20623958121996
3958,564.6736640778475
3959,416.03410892293704
3960,405.650759065204
3961,527.4374201867867
3962,452.29135978718335
3963,442.38137408785093
3964,421.0174749016264
3965,375.9663573433199
3966,427.01224035950264
3967,516.149450064274
3968,419.1220932020174
3969,447.47032474964055
3970,416.13769410479193
3971,438.11764637607246
3972,468.94560513682643
3973,430.5550486908424
3974,504.6220900321813
3975,468.79725054080404
3976,485.7429579465391
3977,442.01132926073456
3978,425.85586145555715
3979,423.34057109377784
3980,406.0050020515644
3981,394.8457317071273
3982,436.02593924383393
3983,526.5935033966703
3984,430.8474754306231
3985,424.5190596226692
3986,428.39084079495075
3987,417.96671131817635
3988,436.42272542616126
3989,485.0180824324585
3990,457.39374744882605
3991,526.8024095500451
3992,472.57458872432545
3993,459.5535804140288
3994,485.02470306933503
3995,499.7440109408199
3996,524.9459493970423
3997,456.64772918044315
3998,506.7919505006788
3999,472.53609413033007
4000,420.8750310625661
4001,464.774893155119
4002,416.6197862455908
4003,515.623736384237
4004,445.3392582533455
4005,545.0456550786888
4006,458.06454195309226
4007,433.3978148298795
4008,377.0084759504725
4009,470.21894619046606
4010,480.59905141897474
4011,389.0356555527934
4012,393.0756789262078
4013,414.35218705609367
4014,445.21003319795676
4015,478.15575710693537
4016,430.6524738959683
4017,522.8646348469321
4018,473.255244103378
4019,418.038510709528
4020,501.68021160797196
4021,430.7237929244915
4022,433.3974490727938
4023,425.14984360882255
4024,400.2807624153871
4025,420.73258167264305
4026,385.88037549995266
4027,509.55538084975103
4028,422.05443818393013
4029,415.9005393499168
4030,461.86848978334405
4031,499.1532696664765
4032,454.62337589136615
4033,426.09593585467724
4034,456.8195156026647
4035,438.2618275964968
4036,388.6623110703635
4037,503.04256377304023
4038,470.168825062158
4039,523.4808699671993
4040,470.28501546356097
4041,408.636672925618
4042,487.36950941711626
4043,479.94173753342216
4044,467.3741237967626
4045,470.54348380383897
4046,465.6370911806784
4047,470.4937277862427
4048,479.13687789600925
4049,430.92077205795124
4050,348.6127187995066
4051,514.4117536080028
4052,519.0721965244023
4053,505.32908993038615
4054,453.66464471058293
4055,496.4469892905784
4056,441.83246803855485
4057,478.50377408477385
4058,494.78050086320644
4059,360.78695484680645
4060,425.40736667637736
4061,464.26932718130735
4062,439.18119642192806
4063,492.1812432789221
4064,416.55569486731775
4065,432.0477882756695
4066,489.56639867446626
4067,463.7218604084751
4068,468.8682682465948
4069,461.18332073723326
4070,425.4359546790087
4071,482.55546671366017
4072,435.0005980752244
4073,478.9875628872937
4074,417.7428080836763
4075,371.9792597119858
4076,470.22605516310404
4077,481.73382371698517
4078,462.9051713755856
4079,465.4021231441954
4080,496.61126877624866
4081,437.33697377065386
4082,453.20204687240675
4083,454.6579419612035
4084,464.6939145915067
4085,414.5680267794385
4086,395.4200743777807
4087,453.85104981213976
4088,488.7018629428853
4089,428.3643384814253
4090,410.324125242983
4091,465.26091113765887
4092,479.14439369271616
4093,450.73975929779834
4094,457.4661511475325
4095,392.98675289539455
4096,474.1931180754145
4097,428.54558559418524
4098,424.70001809106293
4099,434.3410071004884
4100,514.6142533806578
4101,473.49629037612965
4102,491.49081954153587
4103,497.05237611088955
4104,460.0551910656686
4105,524.6495947519799
4106,479.08558582762225
4107,426.64794044760197
4108,381.90338704629704
4109,450.50791858237505
4110,423.18611441678905
4111,486.745126130635
4112,432.27387183353335
4113,458.8378822137652
4114,453.4435531919939
4115,521.7676579770825
4116,389.19533844585993
4117,492.83018805598056
4118,469.1478028916796
4119,511.11921372913855
4120,518.2096275285606
4121,446.8946112115216
4122,497.78117918193186
4123,387.3066643584616
4124,535.9620581992424
4125,440.016955014915
4126,431.939957455512
4127,467.7343112465187
4128,444.07344180255006
4129,432.2949675704014
4130,426.05015469472875
4131,437.09420300368595
4132,477.65717642476386
4133,481.92428497895395
4134,430.19450017661586
4135,369.0439143429065
4136,436.64823132028215
4137,451.50124175924657
4138,545.0215723102825
4139,402.311645279965
4140,437.4622364625822
4141,420.71456346216746
4142,429.7831349602434
4143,460.638978347661
4144,431.49669351287633
4145,410.4244309691367
4146,413.57734137548323
4147,484.8901178587621
4148,391.01265742204635
4149,554.1182200390239
4150,469.73614853961357
4151,471.3623555707638
4152,468.8277937078661
4153,425.7042449701949
4154,440.66842104034606
4155,460.7908055614741
4156,438.05389937089234
4157,402.27495134353194
4158,487.53727433664784
4159,405.55146443708367
4160,483.97765546970203
4161,488.4841771306949
4162,414.7633646089251
4163,470.75516537870675
4164,550.4616609208867
4165,351.27962060611867
4166,517.2284366885552
4167,429.9307593658902
4168,498.04508116771177
4169,472.7078660924393
4170,473.8075033254254
4171,467.87951575756756
4172,473.19802762053615
4173,442.88352654015
4174,446.0285777736482
4175,486.6709496383392
4176,502.7317557203878
4177,490.18158810099874
4178,477.02085656014214
4179,447.60027807478656
4180,486.3655586362823
4181,455.9970219426685
4182,521.0246367332411
4183,436.32529785129924
4184,424.1816239383042
4185,397.4431702373891
4186,486.76372247281967
4187,445.0078360946365
4188,490.23340735479854
4189,442.16953611036325
4190,509.3838562515711
4191,472.76733091815066
4192,413.91142728040853
4193,396.4957903398436
4194,448.06680749640975
4195,439.19668472011
4196,424.25148966248537
4197,373.4775112768815
4198,471.8909398534915
4199,404.6500872968294
4200,487.79138174331075
4201,434.71155850167924
4202,444.4269514757189
4203,475.7628754308965
4204,467.63488173663615
4205,460.89478096446476
4206,477.0225369492016
4207,451.7238763914904
4208,437.7781212620403
4209,440.8928722536746
4210,429.6588883997892
4211,404.1927970598116
4212,471.19256303416694
4213,454.9606383597243
4214,372.08743072656176
4215,490.1854733346465
4216,434.4893234992256
4217,450.97566251859746
4218,476.19068189493527
4219,416.91104998840916
4220,457.2264766004406
4221,485.4391833002682
4222,448.18522550371324
4223,520.4518048589566
4224,414.14044529706024
4225,406.97986464236124
4226,560.4749309777228
4227,521.2892160085779
4228,456.8865261810665
4229,467.01526154676753
4230,437.8675693451255
4231,501.2007555770231
4232,402.3905775955854
4233,452.72139137560214
4234,451.63520583403107
4235,415.0181601511012
4236,515.3365094683948
4237,405.2960933101774
4238,422.6875146533358
4239,479.48689830733525
4240,450.9193032184737
4241,432.2216640777971
4242,431.77089751226356
4243,443.4580252845809
4244,428.0099167636824
4245,415.3584447299345
4246,454.84782954903375
4247,389.9835411064041
4248,503.3383475570775
4249,341.9546485128335
4250,428.8159956992697
4251,456.4639344436944
4252,450.7337592330154
4253,478.3081020428523
4254,471.6720942732155
4255,492.86599534041164
4256,426.7279365761572
4257,446.95523695013776
4258,483.6893171280804
4259,492.0653109146591
4260,451.93291212131277
4261,456.90036171934696
4262,473.99975752151875
4263,392.59024014040034
4264,458.3194038250257
4265,506.55901598929887
4266,370.9069435781376
4267,389.915597378832
4268,540.48560844859
4269,509.7200855839715
4270,470.18671008541617
4271,409.4647676936521
4272,358.2939874083619
4273,517.5266779179956
4274,480.5963642637545
4275,449.1765111010435
4276,390.39711930328076
4277,409.1557381486832
4278,428.7138170833929
4279,535.1243105341492
4280,461.8761283252071
4281,448.7517685843167
4282,442.3558033677747
4283,457.8124823162795
4284,406.51342548421644
4285,451.767988754278
4286,512.7521472780198
4287,435.1181016069577
4288,467.7262172923248
4289,453.28823900027777
4290,455.5592545754054
4291,451.78845542714413
4292,486.2174959511467
4293,439.5066557039328
4294,457.77148621307936
4295,499.34720155242496
4296,435.8647789364988
4297,461.0538762970901
4298,408.81975235147405
4299,408.8776366252733
4300,469.4030997873389
4301,388.0728528781567
4302,444.5331019189866
4303,436.04444128946864
4304,368.54808501657124
4305,439.9286570027783
4306,420.1438838343095
4307,492.8890128748571
4308,336.5936259033004
4309,482.76520964800864
4310,428.8386693294087
4311,492.25030068849253
4312,461.9204985703242
4313,464.8838712746623
4314,564.4142083266232
4315,459.3142256274752
4316,439.341568883513
4317,477.84339116848065
4318,454.6475262173859
4319,411.9111881347621
4320,433.7393228099486
4321,532.98213882705
4322,426.9297821097527
4323,460.36661679915477
4324,539.8856019938703
4325,453.64513500416246
4326,434.57238721903957
4327,433.555582039336
4328,443.4322067250698
4329,379.90867746309226
4330,466.41109654119833
4331,512.0916906227222
4332,462.42103253153897
4333,445.70863665322355
4334,514.2451207176741
4335,403.524747328254
4336,372.50867047575235
4337,431.5641053089022
4338,390.20251708141933
4339,367.8367523723723
4340,512.3285721589856
4341,462.65222452179745
4342,436.9551807014408
4343,410.31824991308054
4344,419.16720865075007
4345,439.3731490069607
4346,439.2412826297244
4347,520.8600432801045
4348,463.6309066424317
4349,367.21777499136937
4350,504.2218259535654
4351,457.0580942351385
4352,456.2315862145006
4353,487.64203562772053
4354,493.5065623616654
4355,442.64343102448055
4356,408.19665230511237
4357,512.7233948250205
4358,430.2579792206918
4359,457.0458144030231
4360,458.21739412498323
4361,424.982500811968
4362,443.66848712880386
4363,475.33588795758504
4364,463.25902321296263
4365,449.9099918181904
4366,503.78211458359743
4367,473.399987175004
4368,419.8270563084281
4369,499.6461959045588
4370,401.57631659954404
4371,457.26674131100367
4372,425.1122901943529
4373,500.06048081523
4374,470.3946294103027
4375,379.06699362386047
4376,451.3641051612272
4377,460.3370503848313
4378,469.1457627831029
4379,386.8662362307982
4380,408.63892147590076
4381,408.7403998988395
4382,439.6575570542756
4383,398.5981015152434
4384,429.7086294430602
4385,491.55092913771966
4386,458.47339430126465
4387,467.54841762312793
4388,513.0217607911097
4389,403.9774134389266
4390,375.84836740956155
4391,473.99317897556676
4392,443.4006270057039
4393,483.7215690544981
4394,460.06787076000813
4395,432.62924579607534
4396,450.15160233577353
4397,409.66010094561557
4398,432.02713496368784
4399,417.5808658715293
4400,480.6108501026439
4401,482.04002425395464
4402,412.9694660433868
4403,442.7830067295772
4404,399.2678932182557
4405,418.7241252334188
4406,417.6118467935936
4407,396.5901139604037
4408,424.7373573288043
4409,375.06315533446536
4410,492.77446721147066
4411,472.81324633397594
4412,439.05989196335696
4413,476.83828492633387
4414,403.30271472310847
4415,423.2082814612178
4416,422.24267154723043
4417,433.71439115895186
4418,474.8330688872417
4419,359.65418950005136
4420,424.8684134172701
4421,479.7044676195788
4422,406.44795726210396
4423,408.0118849665702
4424,480.5604362205747
4425,490.51242938935263
4426,482.4561933518274
4427,531.0886973812636
4428,436.95861248781944
4429,427.1720289103946
4430,451.76054651993593
4431,430.4240774739744
4432,434.71143679436153
4433,427.8063076417271
4434,417.871539049404
4435,374.0612380515974
4436,466.30186840263366
4437,417.624868513244
4438,518.5019965818151
4439,366.5973661910849
4440,495.9738620304703
4441,477.27855243242703
4442,358.8520232971616
4443,453.99463142532386
4444,492.6413447705417
4445,475.9025219273461
4446,427.0114106561545
4447,485.9416061416506
4448,429.2470656855009
4449,478.142081430374
4450,449.05716173493005
4451,420.7540897351216
4452,542.223069060814
4453,396.84684282455544
4454,499.43255811193825
4455,420.09897321569025
4456,455.1869158461411
4457,442.0210603730196
4458,422.1901776646692
4459,422.92669899468
4460,476.55026859364847
4461,430.44806260630725
4462,518.3081658132988
4463,484.893525858248
4464,475.4534690707568
4465,494.31108136475183
4466,486.30509476179384
4467,482.7857361009522
4468,397.1634677585073
4469,363.8002891727827
4470,548.4466414251149
4471,517.2605320963127
4472,529.9931094739851
4473,400.43762294325165
4474,450.70738902772604
4475,406.3278376187748
4476,488.4119609569005
4477,392.26460007628515
4478,442.51610267297326
4479,416.24499994624466
4480,435.62188843177813
4481,498.7581340294301
4482,450.2041783246751
4483,466.15528383896014
4484,415.85981708213694
4485,380.2294403266816
4486,404.27890046419805
4487,424.6790187852003
4488,406.3905666309963
4489,507.90838888006164
4490,480.9952655154143
4491,455.91331355153716
4492,480.63034384915466
4493,425.08532015265837
4494,444.95351181927634
4495,459.85101249072574
4496,450.3567013393599
4497,410.44679369284734
4498,457.74504044270526
4499,468.8509417373286
4500,448.0881612218413
4501,490.19558256019604
4502,445.3677057082531
4503,491.0286392041922
4504,468.49797728323534
4505,430.93899543689184
4506,460.99303949586806
4507,443.53800100883774
4508,429.4305589291467
4509,459.08563700180775
4510,445.6078001539805
4511,471.46501617525
4512,444.9417057578182
4513,434.76771821012466
4514,505.9241789718791
4515,409.1292955591405
4516,484.25592178670377
4517,455.7892758050166
4518,444.3913784492325
4519,397.58793316820476
4520,437.4349998814937
4521,459.73813657453076
4522,493.68456068073255
4523,489.0589532540503
4524,374.33376948097464
4525,386.5687402211923
4526,452.6384108974217
4527,394.49471721052396
4528,449.60254360104
4529,489.08366667759293
4530,476.2982625289554
4531,453.40041332780714
4532,442.13452805722966
4533,480.4363781772624
4534,485.48428820207994
4535,507.711493046622
4536,509.9487817437602
4537,442.63233678994135
4538,496.15675285589833
4539,435.310797890127
4540,368.6236921230089
4541,449.88387799513566
4542,440.06839185879875
4543,380.2327492398055
4544,454.4336830915486
4545,526.7334350589471
4546,489.5544682499866
4547,423.9286578960357
4548,485.8030037460208
4549,442.796576316635
4550,475.91137977414076
4551,455.3297949188502
4552,528.3716751759496
4553,461.6462720516034
4554,439.84043213186845
4555,492.4583344590388
4556,421.9036941186199
4557,440.41761799983135
4558,492.0223749318084
4559,430.3800122065493
4560,456.3020383235654
4561,411.04685713272477
4562,437.46560237334495
4563,435.47450580319565
4564,478.3573084342047
4565,479.80209889991227
4566,444.5530249608598
4567,508.27243056754526
4568,454.26384233157364
4569,497.10340322184663
4570,473.2648903670657
4571,455.16965885578315
4572,388.2657534132215
4573,441.5045943134973
4574,449.36416824812545
4575,419.62325531858505
4576,488.6870835068179
4577,400.43539360210343
4578,417.14488557367014
4579,397.27568439430365
4580,470.7410496237484
4581,408.52957103642314
4582,452.4210588402505
4583,427.63393803522393
4584,398.37137296972793
4585,407.74535977840486
4586,436.8408838650097
4587,403.8471858663442
4588,388.7660317870303
4589,482.0482839320207
4590,477.9724447055128
4591,444.1496432597057
4592,451.95437838326455
4593,404.1351447197222
4594,395.36389238675923
4595,466.5819205354296
4596,494.3709837553297
4597,453.2225270508518
4598,417.0007269526689
4599,493.64838470107844
4600,467.15634287866857
4601,442.87731723978106
4602,449.7840313916609
4603,441.397496838379
4604,453.6489289148458
4605,493.3215096257305
4606,445.35495097700203
4607,434.9834876277361
4608,416.8486409699482
4609,522.7744633084521
4610,410.3548392590943
4611,491.22590993430026
4612,483.4881023393509
4613,443.1295206140222
4614,415.3339810889321
4615,452.5200188368487
4616,504.32062719192055
4617,454.427571780857
4618,362.3879733100982
4619,537.0561006813539
4620,409.8494263163183
4621,410.2439505364958
4622,394.0553910541148
4623,441.54198501572023
4624,461.17425927928986
4625,373.343003234366
4626,485.21744711396025
4627,513.6885327847616
4628,455.320545479856
4629,394.81655688482465
4630,416.6357748304538
4631,432.5810929257817
4632,397.9548423652535
4633,352.59982105876907
4634,433.79121105067856
4635,444.350984567429
4636,490.0823383946912
4637,459.06975489922553
4638,419.0077062989278
4639,367.1903756258408
4640,415.51350189312666
4641,418.424442410013
4642,452.35035801662906
4643,413.99736170042434
4644,454.06006342378384
4645,550.7657355688425
4646,434.0805961301544
4647,449.7167900266926
4648,460.62813950745925
4649,524.2219980522522
4650,367.70594649991443
4651,421.2654280358506
4652,474.6635934133888
4653,457.6294010567676
4654,416.0073215450651
4655,401.14339487937673
4656,496.25841200983837
4657,475.95455726999546
4658,494.0449680000483
4659,494.64785646289687
4660,443.72692887127613
4661,404.71580696050336
4662,405.1048383886326
4663,530.0923379610899
4664,487.6344135197233
4665,478.69430549371526
4666,430.4754504459818
4667,453.5895706348244
4668,462.3164109778913
4669,446.81636295444997
4670,489.7660771977107
4671,483.8316058317266
4672,397.2014575106849
4673,462.71634770222585
4674,455.6916091316989
4675,461.94889028504326
4676,446.71882354421444
4677,449.27155567020907
4678,424.8094811174773
4679,453.62638690342703
4680,454.3035590112761
4681,485.0215275196707
4682,523.0073232623337
4683,473.6213972974918
4684,436.68921732641996
4685,425.2901045961615
4686,498.4547605399183
4687,402.26511545605933
4688,509.3789605350753
4689,474.63878228372965
4690,532.8188198686568
4691,415.2148316382845
4692,455.9557544087684
4693,426.4330682474738
4694,407.5650389574894
4695,455.1293278498681
4696,445.27968378624956
4697,487.35029573467284
4698,463.36646743984
4699,482.1952260348528
4700,484.4252309830161
4701,463.01273185322583
4702,483.88958350366397
4703,356.74133379659617
4704,437.0174125938559
4705,427.5983245159302
4706,492.7893585581931
4707,493.29598291918313
4708,572.8488944616112
4709,436.1425600134495
4710,470.66411382787214
4711,438.20998447822967
4712,490.3072883124381
4713,445.3392237191043
4714,465.10179331201476
4715,427.745768217972
4716,578.7727692341899
4717,463.71809365371166
4718,471.988091865211
4719,454.44312105019566
4720,445.56287846194033
4721,436.42040131893367
4722,329.9508457337322
4723,451.53672402964264
4724,469.93391142614297
4725,478.9259827203771
4726,423.19213471221747
4727,515.0375813775277
4728,450.7753777033556
4729,402.4875919658068
4730,451.4930926297689
4731,473.4690314599144
4732,492.15414105849453
4733,384.8582291724052
4734,498.83497811732394
4735,445.9504405001112
4736,415.0536487573421
4737,434.9369691898803
4738,487.3174523318062
4739,431.4939524015109
4740,513.7021358257653
4741,411.5055108731801
4742,484.2207826644043
4743,409.5257813696821
4744,437.7509478613077
4745,509.1854295215299
4746,477.06560942549834
4747,462.49754322865516
4748,462.3013982414044
4749,524.0801591212206
4750,446.51099566030285
4751,419.37341917024713
4752,509.2529238413532
4753,455.7024118369162
4754,522.767858617033
4755,483.0948564566861
4756,439.41230352129656
4757,429.7288747536103
4758,465.1631728160813
4759,436.7689215318268
4760,406.80032851754436
4761,469.7404642986072
4762,442.30163276886157
4763,526.0774656667083
4764,458.9595479997987
4765,435.0261851503037
4766,462.68550289422814
4767,448.60345492596497
4768,451.46691002989274
4769,472.6381629034929
4770,416.92895746551136
4771,457.633235847603
4772,477.1739103586172
4773,422.20493669493106
4774,491.9522056009554
4775,521.6285040655009
4776,447.68477464968373
4777,429.2752969809254
4778,496.81750784212306
4779,479.0622430056323
4780,419.40461818405817
4781,410.6709454429485
4782,401.82574565901035
4783,478.7433704975187
4784,506.2589771394772
4785,434.44546745272663
4786,433.5970840269176
4787,464.9342928498182
4788,476.6960253600895
4789,386.87730649169424
4790,423.47073322104285
4791,399.89023178454187
4792,448.3442371145488
4793,388.689343617417
4794,426.9812410969532
4795,495.76376514737
4796,415.7067448258048
4797,466.4884054428588
4798,430.2235650973668
4799,518.6718747243253
4800,474.330665288149
4801,460.32618787630327
4802,499.8861198966083
4803,496.4694580507047
4804,476.79567714846473
4805,481.68079094113585
4806,362.93217452802816
4807,483.9920714274335
4808,478.7723624684065
4809,381.5161536527916
4810,464.1731885367217
4811,408.5439779924697
4812,417.7838622495963
4813,494.571388474902
4814,443.6155062837634
4815,487.52942372578724
4816,422.29297415744156
4817,404.14995934928623
4818,424.7021295550295
4819,447.4340000427552
4820,438.85259295981814
4821,426.5844989932165
4822,475.9743034529287
4823,434.5640750421949
4824,472.67495682205225
4825,528.5516157420193
4826,464.1668416287668
4827,417.7120957378909
4828,417.81045791855837
4829,506.62235830164667
4830,457.2384048909198
4831,440.72942981354004
4832,453.11786648401494
4833,407.15374856380913
4834,439.2431175897002
4835,391.01696412730837
4836,366.3222008600453
4837,430.50719208087673
4838,440.09340972263715
4839,440.6495361567351
4840,432.1431564419858
4841,470.04508996151094
4842,491.2461984666954
4843,412.80338692694494
4844,456.17783001676935
4845,461.79258268488775
4846,406.3449584287236
4847,423.418616087428
4848,463.4707547409594
4849,414.942371859959
4850,451.31432087682504
4851,355.9918811188802
4852,459.45803734218345
4853,435.45483029778796
4854,403.11870288357125
4855,475.2851327514014
4856,450.693448981629
4857,554.8325298906174
4858,451.8688479084912
4859,420.8022318749936
4860,377.23763312098635
4861,513.192888541939
4862,473.5108745251626
4863,470.3130859298076
4864,496.20950046749095
4865,394.55998555800323
4866,521.5005264123014
4867,515.0734721727433
4868,508.9422195052321
4869,455.8356216030171
4870,483.03472929648416
4871,370.95444678437684
4872,471.00949135168946
4873,530.4219212704414
4874,497.27408943870074
4875,467.2583914699016
4876,454.82953130064817
4877,456.4907425718265
4878,451.69758061356976
4879,462.6827747698672
4880,461.59748652033676
4881,501.4401902263048
4882,439.1855232453894
4883,455.09761512909967
4884,438.16416732949716
4885,402.1332117055849
4886,387.51137282072983
4887,412.1213822242653
4888,467.5162164912234
4889,425.35351882260244
4890,435.1962083714682
4891,491.51594284123024
4892,530.7864487453991
4893,497.36795985373556
4894,440.0753104741311
4895,454.78665183467507
4896,464.7820617865614
4897,482.3239455488682
4898,431.9916589065404
4899,455.3932258141008
4900,429.0018648309674
4901,475.4136122344423
4902,408.2282366619675
4903,378.04161808194164
4904,490.10335700767035
4905,395.67373177614246
4906,420.6288478128752
4907,450.65484985346603
4908,390.50161750129877
4909,448.3290574389398
4910,486.2322143817848
4911,473.50001131826014
4912,506.2586516360645
4913,495.36177442394427
4914,413.83355585697365
4915,522.7456497129248
4916,511.405430927412
4917,529.5879497115757
4918,512.7967779504929
4919,409.0452121046353
4920,406.65650571205026
4921,498.30771099725644
4922,481.10656556887176
4923,360.8499388699425
4924,480.57093528308167
4925,418.23594517707886
4926,461.5936626037144
4927,466.77997403087716
4928,452.0012762616563
4929,443.0373941228304
4930,405.0674574927229
4931,481.4505371854595
4932,548.4996409448207
4933,446.0564764687295
4934,446.8108292109114
4935,461.49155151722186
4936,452.247518698665
4937,452.43065719339575
4938,400.43700590128566
4939,410.1170202511014
4940,518.5589383116022
4941,526.675285508409
4942,470.0467534171316
4943,432.9805969270888
4944,432.9245111151167
4945,448.534353816853
4946,453.6093156392672
4947,449.07873890534916
4948,400.0901425866996
4949,466.3413082452897
4950,426.80867384810887
4951,499.657763055186
4952,428.7252832087141
4953,515.246410129124
4954,489.0526647797136
4955,457.01697920752395
4956,438.3016096714287
4957,432.93152354092035
4958,458.2850218602816
4959,424.26098239960726
4960,426.82082615459194
4961,546.291575849402
4962,408.2361326448828
4963,474.343819389426
4964,460.6674522685185
4965,400.7782978723013
4966,403.116351363717
4967,437.89038998910445
4968,478.5843076946922
4969,411.0156870196937
4970,413.5052888001291
4971,473.54902889317844
4972,411.6459079751861
4973,513.3498380804502
4974,391.62485706460893
4975,433.4483511895784
4976,487.4788165076908
4977,484.0945716352126
4978,418.9333686053207
4979,454.3774169892677
4980,417.13868830841875
4981,470.65932580172284
4982,457.11781940773756
4983,409.2147342916558
4984,410.9284199731806
4985,472.74481028362896
4986,432.3673576363804
4987,447.9250388283525
4988,442.55920780176103
4989,442.6830857524745
4990,443.18882684240185
4991,396.3605292556809
4992,412.4137223216519
4993,432.6163564123984
4994,377.2972389917824
4995,501.7308846787299
4996,506.1067000652624
4997,500.13135870691224
4998,440.28378656862316
4999,446.7354622226782
5000,465.567598845843
5001,488.38337660584875
5002,460.94202434078096
5003,430.56724072000304
5004,471.4312407430783
5005,407.16140670243414
5006,351.91355336701474
5007,448.04944572491723
5008,496.1331947332656
5009,461.8839674329058
5010,503.5897887704785
5011,513.9663470449709
5012,432.9141462444511
5013,409.8900088713957
5014,522.4152986178158
5015,439.25952170568456
5016,455.60654410554895
5017,407.32686328089596
5018,372.60957422551513
5019,434.17561221648594
5020,412.1115420978131
5021,395.96823740494597
5022,432.9982953441126
5023,396.0524318496872
5024,381.62306121537034
5025,425.76794002128884
5026,451.2577337109805
5027,439.3848460036681
5028,468.64588915102433
5029,427.0116991961594
5030,488.71810559439547
5031,484.7089402593627
5032,448.27457355159413
5033,417.97596587084956
5034,503.38548500156014
5035,484.6109405806878
5036,447.8839700651836
5037,489.99557295459726
5038,459.2407809015082
5039,372.3272656199166
5040,492.15416330157757
5041,495.9818537264427
5042,418.3494345238178
5043,450.6618177649754
5044,447.7703788474119
5045,435.92111589111374
5046,477.50801063587534
5047,474.13519486988594
5048,406.3706897694682
5049,408.6602091631344
5050,458.9469774750932
5051,421.24430580123584
5052,476.02622275869203
5053,477.3923316925601
5054,476.9054744978283
5055,419.1858920045239
5056,551.2359434014874
5057,431.4598511163405
5058,474.2289504691759
5059,435.8426683906033
5060,523.690380118112
5061,496.2443586048034
5062,532.5119192415677
5063,389.6336314212967
5064,443.7910625728842
5065,458.3231289561448
5066,349.35809098924136
5067,406.38088473213753
5068,396.1626862755872
5069,405.91948122488213
5070,422.1941354894482
5071,411.81380641475687
5072,403.7729467516083
5073,466.88736604644333
5074,429.298551492552
5075,433.67619756526483
5076,494.4981028726879
5077,468.27990332310844
5078,480.37580014490663
5079,435.8011149181435
5080,444.04994132540816
5081,486.4876783630921
5082,477.0178204887558
5083,563.5325743274486
5084,415.84831887725977
5085,484.1621036924232
5086,469.81190269921643
5087,465.37957301309734
5088,344.60894500917124
5089,421.1795797868879
5090,465.6983543402302
5091,449.29476678625105
5092,419.7931083469455
5093,437.37787053286365
5094,392.5397748839204
5095,383.14042231999673
5096,439.4435333487159
5097,498.1082907652748
5098,496.4799083307946
5099,358.200042392427
5100,503.8400012936593
5101,458.4146245859225
5102,457.4528191224011
5103,488.27982656815067
5104,433.50945352397207
5105,482.22692605619125
5106,459.89049254665247
5107,464.18264686398027
5108,491.03793611392217
5109,521.6402548284051
5110,394.0326302975676
5111,497.3139446206106
5112,480.9295650274327
5113,408.0549099965358
5114,416.5378434629323
5115,414.54633484210996
5116,494.4607845904237
5117,538.0128638404104
5118,470.2140722566998
5119,446.29684741246956
5120,426.39700175884525
5121,474.29307006210746
5122,463.68261206716926
5123,475.423813625155
5124,450.80551316636036
5125,475.3703651764118
5126,490.4037720948766
5127,448.59375287477116
5128,492.76517777874284
5129,437.9106859423148
5130,421.92069616155635
5131,445.95191145651125
5132,498.51496882544205
5133,499.46381329106185
5134,437.78310722920725
5135,418.51631691056855
5136,466.1842857144989
5137,499.12879768323813
5138,429.4659229752648
5139,486.34253295273453
5140,467.4215135546976
5141,484.65188217759885
5142,413.6327643710223
5143,438.21567238161145
5144,462.9037079301169
5145,429.7717989469364
5146,454.90032631850266
5147,494.7195721110467
5148,430.4036908411844
5149,483.5264113794719
5150,387.72290541788584
5151,406.35531740145683
5152,483.2194481321544
5153,495.6829059340995
5154,422.8891650470596
5155,439.6333015883265
5156,441.7482211047524
5157,424.4937353911407
5158,459.0697485494547
5159,450.60764937418867
5160,474.205152806587
5161,450.7484502439456
5162,453.43283445071893
5163,496.66428712479467
5164,455.643306585019
5165,436.8981794080092
5166,498.6613556708024
5167,471.1426934952502
5168,471.76557965103143
5169,462.89797866246755
5170,490.02050981424816
5171,384.7291842888176
5172,417.60386296578906
5173,467.41152493263166
5174,371.0005460058028
5175,434.2935552379824
5176,520.1155622264945
5177,421.75252564699355
5178,462.74142803419636
5179,396.08313858539424
5180,440.4389765530297
5181,479.00050720179235
5182,449.0042627327916
5183,485.590382734622
5184,436.22517466867515
5185,536.2428876988639
5186,449.74501546683376
5187,381.5959354866305
5188,485.15318586323946
5189,486.97870279432925
5190,414.10364838730544
5191,460.90543636797247
5192,493.5472528829544
5193,525.2608496715774
5194,427.8059774464111
5195,480.82215217432866
5196,407.4120798767664
5197,423.9203095529149
5198,491.56367490976754
5199,432.52467698487885
5200,470.2995924007413
5201,419.5486707247146
5202,435.7506671620811
5203,452.7838593350665
5204,438.42285912428457
5205,394.53605645608405
5206,480.79514057936746
5207,359.81976932279633
5208,457.7626293925725
5209,422.94694469876396
5210,468.1785998960515
5211,435.7501787248512
5212,431.0554372889292
5213,439.3627446871489
5214,426.54136886197205
5215,430.7805735849737
5216,418.43089076158657
5217,421.4620769668251
5218,399.4073038191557
5219,422.5370293255032
5220,476.18503008595565
5221,419.5335647323843
5222,445.32368176464627
5223,452.195577591447
5224,418.07289119490235
5225,420.00793775882414
5226,462.19005659405695
5227,390.92360884964546
5228,502.0756873660459
5229,511.3819733590382
5230,481.6081440031545
5231,466.31227784307015
5232,458.83194264724017
5233,510.00100577961456
5234,462.9175553934383
5235,503.1408764349883
5236,473.1495167475259
5237,427.2669797859892
5238,444.06628123713534
5239,456.6366353630446
5240,470.05037076120317
5241,416.79947603346113
5242,466.8944100892179
5243,430.4097060728636
5244,432.0668505036169
5245,492.1038725512676
5246,476.25221530950705
5247,415.502767619283
5248,472.18932404590174
5249,429.74510356204934
5250,481.8138166185796
5251,463.21077314373935
5252,444.17660160788836
5253,516.036816580146
5254,491.167189397131
5255,416.49503333182065
5256,394.03727987219855
5257,505.0282364899673
5258,452.039861480871
5259,489.5304936191413
5260,515.3059198181925
5261,436.7478602074816
5262,409.175791386059
5263,418.1560162060943
5264,480.66394823275095
5265,509.71170145041236
5266,384.07035471890987
5267,473.64290615265105
5268,484.6062538962258
5269,435.72313366669323
5270,483.1369768609766
5271,441.4141125746851
5272,413.7102049653242
5273,456.72095115341125
5274,492.2719710243201
5275,357.3432966002805
5276,398.52229976873184
5277,489.7764637562455
5278,488.22903703476874
5279,433.17948208489923
5280,435.2341117005869
5281,430.5967695150862
5282,484.1107718286947
5283,493.6515478169878
5284,442.59969598153907
5285,412.21021371148754
5286,442.9239563747409
5287,397.6854022295223
5288,373.41350649199103
5289,406.2972871242622
5290,469.72270695402915
5291,454.0252721995617
5292,431.5388099550213
5293,412.6524663710451
5294,475.0926110732255
5295,476.6773986531136
5296,448.2117290382951
5297,471.2781360595903
5298,454.9889981611348
5299,447.4413324796982
5300,429.580782900948
5301,531.6835537946371
5302,469.46530674132265
5303,397.56326610547575
5304,417.54272134497427
5305,490.1200665230749
5306,469.544422225722
5307,430.8671111762478
5308,446.862657710378
5309,454.52244928016404
5310,504.2266858651617
5311,465.2970661097904
5312,421.783556330309
5313,502.0508885621474
5314,513.486685436334
5315,492.8498008649901
5316,521.3353737897645
5317,491.42921449687736
5318,521.3579182758413
5319,485.5197894801769
5320,450.501621099882
5321,486.22137299870917
5322,482.650594239318
5323,494.14382435393685
5324,397.5331643905172
5325,476.4544618898684
5326,465.3681042059747
5327,411.11994241788733
5328,486.7735853078775
5329,404.44089211499954
5330,434.2271591829342
5331,434.19062345409117
5332,485.87990904199944
5333,470.3666743451156
5334,511.32021268084145
5335,443.7064058594726
5336,465.7781998740776
5337,489.98367125616517
5338,446.9877831615532
5339,410.48890277867986
5340,409.5099244184331
5341,442.1598823600371
5342,476.9411848832989
5343,431.80022510225535
5344,457.4218743997216
5345,484.93956468165794
5346,395.2172405826339
5347,468.71932395390854
5348,458.87926421474054
5349,502.3366922600076
5350,444.1882964870866
5351,451.38717205916606
5352,420.7447829529953
5353,378.0957069170339
5354,456.34087711377833
5355,420.3710809199549
5356,489.39363142935787
5357,453.63047049766567
5358,491.95787532717185
5359,473.4467516509327
5360,435.643751074824
5361,357.16405204519344
5362,409.6854731139835
5363,384.0421677489707
5364,416.3538587385318
5365,498.73677265312654
5366,445.5345807126697
5367,482.99192054108175
5368,427.8568979911424
5369,452.29843123712726
5370,444.0307351249006
5371,493.4856111885946
5372,447.733808278038
5373,430.0165293839173
5374,509.1719864627195
5375,445.36794718987255
5376,462.49049709942335
5377,450.8220797771448
5378,550.4755411117314
5379,424.3477682647742
5380,396.13823710134915
5381,469.5963484875376
5382,523.2204349076324
5383,462.24638238524415
5384,434.49068122609367
5385,428.8636199315448
5386,477.82129983026744
5387,507.4889056693878
5388,462.2524603420587
5389,415.33572037659
5390,513.8074017043662
5391,552.8041165036781
5392,473.41490385601134
5393,352.79202636783583
5394,459.3621022442058
5395,374.4688933717285
5396,379.73858328503104
5397,460.1518451739153
5398,481.4064107062496
5399,392.942678022336
5400,503.44867570771896
5401,373.0772506496851
5402,485.34578292201667
5403,460.9878441867348
5404,424.2688954559767
5405,423.0824153742906
5406,436.5522215206163
5407,421.29664758890294
5408,400.875533521917
5409,475.0249847777055
5410,413.5714896738993
5411,415.642587067718
5412,437.5990236568482
5413,478.227097126017
5414,429.6059735704244
5415,413.38843109451955
5416,481.942172558507
5417,427.91182497411324
5418,465.59217782911213
5419,507.8247601693226
5420,432.0669502307617
5421,405.0691867837034
5422,495.51552562012427
5423,496.8949337020478
5424,492.9345292757754
5425,448.14794427053494
5426,423.31140211577593
5427,513.8477624613793
5428,449.8238633607266
5429,461.13190294011844
5430,454.8435961684412
5431,408.91892355479706
5432,436.3789807948383
5433,363.6162097979968
5434,451.5913079922928
5435,527.2847869037494
5436,502.5203105830995
5437,517.2655495832882
5438,458.10738851392256
5439,533.0510007347646
5440,490.7220339805674
5441,403.7225256950654
5442,449.8946024358987
5443,458.2740798299638
5444,465.87819541534634
5445,519.9548308012351
5446,455.36270180466045
5447,455.62991150958425
5448,441.30430943696143
5449,393.2136406617019
5450,434.92767837810743
5451,406.2396703516266
5452,428.40732697620837
5453,415.16294017198226
5454,372.2348774758665
5455,433.7919366097884
5456,457.9740636563767
5457,460.852382497201
5458,451.57716877053787
5459,434.9201186545375
5460,424.9366351873161
5461,493.75181554265185
5462,412.7143772711031
5463,376.75557812042763
5464,417.81846235122816
5465,438.52417494598467
5466,430.95548194496666
5467,470.63047012428217
5468,494.75704463455725
5469,435.60845935024935
5470,458.1430018215481
5471,432.40637265941854
5472,438.36633074327494
5473,501.01379787846435
5474,470.38562746352653
5475,415.4861633382619
5476,454.1474878437576
5477,419.8556252433763
5478,392.3535753293456
5479,441.733573591981
5480,463.3140292692183
5481,427.7485552687253
5482,461.7304467098705
5483,478.30412773919926
5484,463.3009008277982
5485,447.1294793497289
5486,406.45761284619766
5487,440.22447292397976
5488,443.4943480143149
5489,478.429431349473
5490,528.6917424689623
5491,458.4034007692302
5492,434.0980109006376
5493,455.37651658521537
5494,449.309640680755
5495,544.1549635279873
5496,521.0744920171645
5497,476.7036321131372
5498,523.731486731246
5499,450.4050860996389
5500,433.50896233950743
5501,464.9980005648455
5502,474.91632664631413
5503,453.5449261965004
5504,499.7810814558104
5505,464.88713806506007
5506,379.1351606001493
5507,505.5182507445645
5508,420.6514271311724
5509,512.5711733193785
5510,423.2612468494719
5511,401.4223388214674
5512,461.0461904941753
5513,392.78001865110537
5514,490.0925046942942
5515,450.3114115179992
5516,404.11753294079665
5517,513.4220487043622
5518,475.51534916946196
5519,419.11019738622457
5520,415.2350726303761
5521,416.9888115584921
5522,416.9617315840757
5523,431.52629624087507
5524,402.4194691400017
5525,458.70506649466273
5526,501.3038806468702
5527,404.00144992697574
5528,430.819086266504
5529,459.3056821088718
5530,496.11975810856273
5531,474.4586347922265
5532,472.05979424044216
5533,478.9797105951794
5534,434.8234164742772
5535,432.65982912871885
5536,395.89655552261166
5537,452.55832465548116
5538,496.5052442892107
5539,455.5808244847797
5540,470.340769707757
5541,491.71479764622393
5542,494.7495894528782
5543,418.6904528914632
5544,456.94479639800744
5545,454.90067366038807
5546,508.64337415917026
5547,429.4393825209015
5548,502.85039933013354
5549,473.8332834169764
5550,350.9485065212277
5551,430.81611952671403
5552,455.2176107627095
5553,428.32580473912213
5554,422.20599498925037
5555,428.8930961501465
5556,516.477043129694
5557,351.5005854054518
5558,440.3747608587723
5559,453.73366189629206
5560,482.90555869899697
5561,471.5883118477521
5562,382.1927453949743
5563,460.3345219857603
5564,421.8751766938972
5565,497.13144724818534
5566,425.229293808575
5567,503.7417408139114
5568,431.1260262527925
5569,461.49260355499257
5570,426.25260650937884
5571,470.9135294140684
5572,464.3491725813404
5573,442.6721337791847
5574,448.4744147417266
5575,512.0118037991035
5576,474.6428158139687
5577,453.69003818557724
5578,453.477357370324
5579,390.0891892947795
5580,419.1298060226778
5581,444.6490800631769
5582,441.610837155564
5583,529.9955113090882
5584,430.8930643843369
5585,424.12519755814316
5586,429.80175343100893
5587,506.0881707533209
5588,432.9020003004208
5589,430.0863266347828
5590,393.4092172273722
5591,436.8373165681307
5592,440.11019657560735
5593,496.5189520812997
5594,449.2525451279672
5595,524.9258767657344
5596,487.3161827934608
5597,535.4429141014488
5598,462.4068059054352
5599,472.83465353126195
5600,439.479260573314
5601,475.9267826052986
5602,444.42625719877185
5603,397.9401323561822
5604,401.3661946247038
5605,479.42586327037753
5606,467.7923011443368
5607,416.2860523836541
5608,431.21012528116853
5609,433.5759647217997
5610,483.89079236616413
5611,464.90693971795315
5612,487.46706209771463
5613,476.58072586436384
5614,454.4528393736974
5615,414.7517641254319
5616,411.8684433009437
5617,465.6357954159617
5618,490.6212526139878
5619,491.29765164397435
5620,518.5156390797778
5621,538.8083367791584
5622,427.32243307373636
5623,419.4355979353971
5624,431.7329310641224
5625,395.8414476498708
5626,512.5414800638395
5627,434.1342466163468
5628,424.8427740098713
5629,426.76604440263174
5630,418.7961166843733
5631,414.7738329124029
5632,452.0750564219036
5633,442.0236593110873
5634,437.85759259671255
5635,468.1852957386867
5636,429.7557492109445
5637,453.6400632694667
5638,503.77845384180216
5639,473.6406822236094
5640,437.5401572921085
5641,389.7611688233451
5642,410.28127266705155
5643,422.32076641643295
5644,461.00534753561294
5645,520.2575599452772
5646,417.79335349306587
5647,443.0486782722204
5648,408.0653800498128
5649,491.2434308048854
5650,475.7528878059059
5651,435.0553200816258
5652,381.52597392802755
5653,441.91939483122405
5654,563.1201288626353
5655,496.94677412999164
5656,497.77462068934176
5657,462.97947848582845
5658,463.79029879557726
5659,495.18596167146217
5660,479.2492496204305
5661,465.6561885967275
5662,403.9728202094884
5663,464.9678024647498
5664,443.0315154514235
5665,402.25809749950196
5666,370.1757624632303
5667,465.7824436281596
5668,482.9468878526001
5669,421.8484000705974
5670,406.6649742584167
5671,542.7582498804626
5672,306.56869475191115
5673,480.34658621363894
5674,486.0139400086299
5675,428.7454981469523
5676,476.35788760121596
5677,393.68323728903823
5678,472.62298411947535
5679,466.32935100546155
5680,494.5010715763909
5681,416.0880517869533
5682,455.2737398561563
5683,459.3081301371696
5684,449.8662900597615
5685,447.34621175302414
5686,493.190994789239
5687,446.8989868442899
5688,373.51961983592196
5689,459.4870550585866
5690,476.1747757483183
5691,485.5782925586613
5692,462.25572732486825
5693,462.13907969713637
5694,500.9825506376352
5695,403.30952258825994
5696,402.92331003155203
5697,413.85049337962886
5698,454.33016799349974
5699,427.00690952068743
5700,441.3094840058947
5701,522.2145726761885
5702,432.94960516689
5703,422.9944423866517
5704,436.32138844490066
5705,391.50237558261045
5706,556.5319538679673
5707,442.484087454666
5708,453.22372024315325
5709,427.92884813193126
5710,455.03399381619727
5711,440.32227428258153
5712,410.6914697192674
5713,435.2742321611154
5714,522.3078935856447
5715,461.3684393539901
5716,443.95881681884026
5717,454.1368626730429
5718,502.9955490564427
5719,407.80091981874284
5720,509.63647269082355
5721,432.8011170910684
5722,472.2340047393615
5723,401.62585397324045
5724,494.9435146646178
5725,465.77900830917304
5726,446.014722226423
5727,406.6838177208482
5728,440.4418756438194
5729,440.6390560269942
5730,493.6782871022138
5731,431.34213948709953
5732,474.63544212155296
5733,422.98821393040566
5734,402.4922904574511
5735,424.2166294265702
5736,474.8555141054558
5737,433.55494156566505
5738,415.8224384444954
5739,466.5953475236706
5740,444.46221290473744
5741,470.7065447770436
5742,381.9515380628931
5743,442.8726271602496
5744,388.77664777103024
5745,433.5961750714878
5746,419.79981179711615
5747,460.3229290282615
5748,464.29750970778684
5749,450.3880013107863
5750,389.8697599762519
5751,440.85572926828314
5752,470.8292780618165
5753,407.2680688990357
5754,494.1297010611822
5755,482.00066283656366
5756,471.3327421722422
5757,476.52472691347396
5758,441.41694209305444
5759,479.42796342275193
5760,440.33497085680165
5761,372.6447978306135
5762,425.21601871493465
5763,466.41966656162725
5764,466.02735951619184
5765,448.57019945418165
5766,445.89403313070324
5767,389.47101706694264
5768,539.0294991189634
5769,426.29790729997933
5770,453.46629089992877
5771,441.5011324413712
5772,475.4516512019453
5773,497.1242543927137
5774,420.40652317091974
5775,461.92130033181616
5776,468.84023785134065
5777,424.3338656355252
5778,424.6173104376907
5779,443.8268757780706
5780,477.9842125543847
5781,445.8619931785498
5782,441.0109970606461
5783,427.50187782669644
5784,438.79993216623023
5785,414.1940083183301
5786,426.8057764631696
5787,417.7283542700316
5788,448.74753476300384
5789,413.81498420317774
5790,422.05218709931285
5791,371.06197048161044
5792,458.0040860837523
5793,433.93136362545914
5794,413.57262594948884
5795,437.67554477126635
5796,456.27937319563233
5797,377.7371897482927
5798,457.2860665486339
5799,394.67940325889856
5800,444.5472129154965
5801,527.5428102470365
5802,464.3568223877057
5803,397.16240354106634
5804,447.67891903111314
5805,486.95600503989607
5806,428.5650957175605
5807,439.42676098809505
5808,421.19787067666414
5809,399.0069427270673
5810,464.5403271126408
5811,504.4445801700829
5812,485.0724715410758
5813,393.0375430512307
5814,485.5135887769023
5815,524.4067985622901
5816,483.0090935630322
5817,458.02505052430905
5818,395.42469415220836
5819,447.93173574510746
5820,431.827975332758
5821,424.5833838963937
5822,491.075970890103
5823,492.55070951679863
5824,432.6283225109246
5825,393.4125723483624
5826,465.18195465909184
5827,449.7533090820451
5828,450.1361744341102
5829,455.1991819977462
5830,488.71709114082074
5831,413.5816671174547
5832,440.71898627594936
5833,444.33923966642243
5834,455.049048216391
5835,479.5182661339975
5836,388.0348231478222
5837,462.17996883848207
5838,458.57939825230505
5839,427.7443399331849
5840,515.2390333943948
5841,432.752933469169
5842,402.37569037372475
5843,483.8905800530405
5844,466.32452647312493
5845,440.83480757475525
5846,554.5411257515728
5847,450.6138913943914
5848,446.777917788397
5849,459.1131377204523
5850,402.7699659357723
5851,529.6587985654002
5852,461.46099992966725
5853,494.3015391720549
5854,524.6558229826406
5855,483.97270478133345
5856,461.5271010013293
5857,407.0130478858411
5858,493.9704083407262
5859,484.7829082659319
5860,344.03648482639625
5861,475.0501332009148
5862,432.23074022323993
5863,491.98733094505155
5864,360.9807561720648
5865,466.2841157217042
5866,501.8751848722762
5867,480.9008946517273
5868,491.5098821103629
5869,419.38142237599715
5870,477.44020464178845
5871,426.73412704564123
5872,518.3105010308859
5873,438.9814709494658
5874,450.26023380050384
5875,420.7444469522019
5876,510.0620784697104
5877,477.9871684717764
5878,506.1207033830575
5879,482.7119497936125
5880,433.4870145271646
5881,384.9796952167002
5882,418.5556215699038
5883,459.236360987815
5884,450.4692069428235
5885,408.95713666552945
5886,436.26838217569383
5887,481.1713874753045
5888,486.7281578587463
5889,478.72225286234993
5890,420.2547275490879
5891,480.5151919909687
5892,480.18354449887926
5893,492.5832114525105
5894,424.36902131677124
5895,441.8567861075297
5896,494.42343336608633
5897,408.5602915771916
5898,425.5702062725681
5899,422.70454098677106
5900,442.8407379159698
5901,435.113154995939
5902,517.4586197099495
5903,415.05351196862364
5904,511.9580848285441
5905,445.27206971638003
5906,510.8499757155096
5907,447.77804400737335
5908,392.1718586785901
5909,391.4362311097241
5910,405.29909814519385
5911,521.695608930783
5912,460.8904700105021
5913,470.1374431874089
5914,453.1252603720666
5915,546.3343216302987
5916,425.40744719848186
5917,479.83017537328
5918,419.4913737453392
5919,474.2427414167318
5920,345.15606484178807
5921,445.6548618444441
5922,421.1394256720251
5923,518.5364765135926
5924,387.2400447172772
5925,419.1372248496207
5926,428.7560892135741
5927,465.9095438976501
5928,366.34512430611363
5929,394.9265251151699
5930,487.8649963099835
5931,439.8300415829342
5932,455.65236956500405
5933,423.21739774462407
5934,492.3954280953258
5935,386.65031587383675
5936,413.2158155326782
5937,426.5224716474561
5938,436.9373787737327
5939,400.30118042522105
5940,482.15441730715753
5941,456.2270205305626
5942,458.62837458151904
5943,435.67705221532265
5944,425.7965885340993
5945,472.1639498317431
5946,407.29017546409375
5947,447.90082303408855
5948,436.3546847876554
5949,442.6611964538715
5950,453.87831754561876
5951,359.080582684564
5952,458.89987484766766
5953,482.9488540345179
5954,436.3346663166473
5955,471.09537869426555
5956,467.32356083200284
5957,489.36947850388935
5958,497.5539722550619
5959,475.87023364829247
5960,453.64268374153204
5961,426.82912903795426
5962,453.43316759744954
5963,522.5670142857396
5964,464.7722864035447
5965,481.1838721195713
5966,433.78154948471655
5967,432.65055520770875
5968,424.5373194022936
5969,463.3195602844168
5970,429.2631984541281
5971,420.99593533498927
5972,487.6248399529033
5973,398.58225648722157
5974,462.2172687408327
5975,461.30716862159784
5976,484.2849020398705
5977,466.33020916953734
5978,477.48935038060625
5979,468.09149644613865
5980,489.09112258420356
5981,450.2163532561462
5982,407.3229076045239
5983,449.8717293661713
5984,457.84614422654016
5985,496.32533435029956
5986,528.9901936791576
5987,458.1965446551052
5988,526.8091552246519
5989,406.14488544064073
5990,380.9343738876509
5991,488.3706252515283
5992,458.3853227906499
5993,439.5382195795991
5994,475.31983591293346
5995,436.51300321316756
5996,421.3317843568036
5997,427.392892234202
5998,374.7792236982301
5999,421.4152148865945
6000,433.0733759507345
6001,450.060650945358
6002,434.1537877322911
6003,431.9616025268008
6004,466.3410447151478
6005,416.0446704362807
6006,496.6312898609184
6007,430.33653715593243
6008,423.4965543253869
6009,444.04356719528005
6010,491.21736296565626
6011,499.28813877614414
6012,414.22411302802664
6013,514.0779310149688
6014,468.97851363296894
6015,407.74551824599416
6016,453.5467220673237
6017,493.734961783826
6018,487.45977620240546
6019,369.4955276337303
6020,436.2257544010959
6021,457.5673552563528
6022,383.3316292643368
6023,536.225512813035
6024,437.2648487636713
6025,451.8867824490285
6026,394.11698284862166
6027,374.40223953246465
6028,424.41216893149567
6029,404.69287717171954
6030,367.69030487371805
6031,392.35007801047874
6032,432.74063756168255
6033,443.8204900697295
6034,450.25647396678863
6035,454.942757935086
6036,594.9358936336789
6037,427.1474348853471
6038,511.0207943221005
6039,437.4359204921826
6040,380.3604366071214
6041,462.368408780792
6042,353.55935198546666
6043,488.9443259161226
6044,439.5448487566847
6045,401.71761600316444
6046,451.47484265282185
6047,474.3562210367154
6048,438.0588633320998
6049,468.3971264620055
6050,374.82368268641545
6051,376.20438014687534
6052,436.5005285521985
6053,483.3149735564469
6054,431.8230870459332
6055,424.9138152676027
6056,484.90027199322725
6057,484.49480888963694
6058,449.87217900656844
6059,449.50448006952445
6060,414.8391400661356
6061,426.05442294471015
6062,467.7162874435619
6063,481.97818254399357
6064,371.70866363342867
6065,511.34845563354054
6066,449.4388364824798
6067,434.9110825206022
6068,421.5073625414232
6069,402.0863140040252
6070,435.0298653649328
6071,447.0496056510847
6072,473.8628927988154
6073,431.3256520742805
6074,491.9866898615086
6075,364.26651866932787
6076,482.8885450318141
6077,475.8082634163734
6078,435.48610465549933
6079,439.15576101407026
6080,448.8389415343332
6081,425.55350101677686
6082,452.04916764451826
6083,413.43714916231755
6084,478.5161516122424
6085,454.5982317227456
6086,393.99542770354816
6087,425.1937551352962
6088,406.7117443597865
6089,486.1194877748482
6090,518.0109137628523
6091,510.08303234723013
6092,431.02188730312065
6093,441.44772833858775
6094,458.3670017054021
6095,475.44050907047045
6096,438.3370074386388
6097,440.311031444166
6098,462.18928477726325
6099,417.3918053037283
6100,427.3043240375117
6101,435.92039580819835
6102,463.73314583522864
6103,461.9319083986642
6104,497.1752071678883
6105,429.25871589614036
6106,395.51171614194436
6107,502.73727881189484
6108,395.5474238536018
6109,420.7645287000579
6110,460.15373251255323
6111,335.2835475598185
6112,460.1041601632005
6113,470.68881812289476
6114,453.35585550748664
6115,499.99843656581476
6116,472.5392185192014
6117,371.73632356605447
6118,432.8423566951888
6119,418.69425523703575
6120,372.6169912255895
6121,432.54423777828504
6122,478.96599250086285
6123,412.1424535735727
6124,469.5753189106881
6125,455.781974253134
6126,413.25107752608955
6127,448.8101706266936
6128,458.255748104936
6129,401.1678002064558
6130,466.2593998845895
6131,483.3271690260425
6132,464.7072144424986
6133,498.49053946906076
6134,490.57998968521895
6135,430.5450520659288
6136,452.7969064365646
6137,468.53197868684765
6138,440.10629644382334
6139,432.5857324582579
6140,498.13265204510293
6141,452.2939766024399
6142,416.488572674637
6143,475.83111514659845
6144,415.68344445159454
6145,437.2827941618209
6146,462.58419606056276
6147,397.6151161502368
6148,452.10042142986237
6149,454.17899560144645
6150,476.0494750409013
6151,428.9489944903475
6152,418.1135381439568
6153,411.71434096159714
6154,537.0489176482116
6155,468.35091645402633
6156,439.4405691306057
6157,485.3529761193307
6158,439.60744413952784
6159,464.5294729429338
6160,409.4878210858287
6161,446.4936215288498
6162,445.1678078340469
6163,428.7470349059778
6164,419.7997863284093
6165,463.04506264749716
6166,422.87254559890755
6167,471.5256777489695
6168,493.08571367161403
6169,464.84715661897445
6170,389.8655228418742
6171,451.2107796536787
6172,430.4897614773463
6173,474.8155286240865
6174,469.8676079902802
6175,414.6298507666023
6176,367.23029329900754
6177,471.6724672726185
6178,389.4960807601115
6179,437.57510444158197
6180,459.72022688335267
6181,483.5467760972663
6182,503.6863572917225
6183,527.0097296447142
6184,437.90720242037185
6185,453.414938925446
6186,444.98150139249884
6187,414.58656874938725
6188,457.57610127862534
6189,461.86812418844585
6190,450.4519201693402
6191,392.01815579879735
6192,463.67621940611366
6193,426.5126643366582
6194,447.3731717172974
6195,404.55249351725115
6196,402.6485380232989
6197,463.15299720841557
6198,506.196493649444
6199,443.9330771554252
6200,416.8944207111951
6201,431.35860466416085
6202,408.7772811854933
6203,512.3706847191556
6204,471.3478154854654
6205,391.4666384523364
6206,388.74353590988073
6207,433.3928787748738
6208,398.64071205669245
6209,412.46102733208676
6210,481.0230259079408
6211,468.6524375742133
6212,472.1551780379676
6213,497.0857771121354
6214,454.9269597781682
6215,398.4534470874291
6216,385.93683574676766
6217,490.5311706846898
6218,527.3932755231712
6219,472.96961557474043
6220,370.37180926050553
6221,436.9173170870939
6222,476.4756664678106
6223,419.49426031639433
6224,472.4884040069609
6225,483.8647051691749
6226,389.7828688742586
6227,511.6714068071896
6228,388.8144940257977
6229,425.38099537429804
6230,368.9134509729134
6231,434.6478941323476
6232,499.60738908682526
6233,458.4563505552569
6234,367.6612609971921
6235,465.07199671054076
6236,476.6082203962165
6237,492.19331975876975
6238,424.546196095681
6239,539.981712909939
6240,471.863622171561
6241,440.5684622405833
6242,474.2805812281856
6243,427.7615996729234
6244,397.7553060942787
6245,480.2226209640682
6246,402.47466899689164
6247,474.01714763651233
6248,379.0393142255348
6249,361.84221376581365
6250,431.00878470562753
6251,499.8222113285002
6252,462.3541064089342
6253,433.3577957212807
6254,403.1719659230655
6255,464.70915967730684
6256,440.8686686536859
6257,446.37068405153724
6258,431.2538146673049
6259,413.57524768702564
6260,468.3348724888154
6261,459.0689502661673
6262,427.3128313267704
6263,380.53746659410035
6264,449.08989401255957
6265,464.70735881933797
6266,483.1379512513903
6267,500.1326333924437
6268,495.4368407408577
6269,435.53466086473037
6270,417.5985181845912
6271,527.8479038087361
6272,429.10173048406364
6273,469.70908892634054
6274,440.3862272299414
6275,445.1605684213729
6276,442.16033742367875
6277,445.4159593768185
6278,472.19165453393396
6279,492.0660587276811
6280,357.8575751152214
6281,391.9366637891236
6282,564.2111089051667
6283,435.61441851032583
6284,430.8440401716127
6285,487.47427975844016
6286,416.07566317353024
6287,460.3180689041441
6288,443.522801615311
6289,416.7510290078204
6290,413.2261988612384
6291,414.03824776437705
6292,498.23474675181376
6293,476.0425422674472
6294,461.21612705978634
6295,515.1071557093694
6296,394.03632035883254
6297,429.49592569258806
6298,454.18456824368866
6299,462.05004530728706
6300,454.09847363994703
6301,449.2967300382431
6302,453.13813094738066
6303,479.6828791036504
6304,512.5645028411055
6305,461.65720609774456
6306,457.64396435300426
6307,481.17411967738576
6308,498.7092935548907
6309,471.8898089783251
6310,395.43114420713334
6311,481.59756405030805
6312,417.3395266913141
6313,418.03661205673785
6314,461.4784976627536
6315,502.6668301937734
6316,555.3683854385142
6317,546.8991432063619
6318,526.3684987569013
6319,424.3206442238393
6320,462.0485920171183
6321,416.10618643323505
6322,473.52691187366935
6323,497.7230748606909
6324,422.49805793568896
6325,519.0615268641227
6326,493.553891083472
6327,395.87449314062354
6328,541.6401764602558
6329,463.1944367228812
6330,435.93115740902317
6331,407.6622109827727
6332,444.87106007052677
6333,428.90411898970865
6334,400.1004834419525
6335,481.0854012711989
6336,406.9101564347963
6337,477.36183286569457
6338,482.9962337960201
6339,373.0560923762734
6340,414.0731447415057
6341,437.6520818629201
6342,437.58207509953843
6343,489.0763504311392
6344,413.36606635902695
6345,466.64484320177564
6346,426.68579047479454
6347,440.36596085281354
6348,466.33211233966233
6349,443.85747585307905
6350,391.77876250416637
6351,444.6359879728644
6352,435.7488048119094
6353,434.8581557188994
6354,427.7096543184887
6355,391.1071184523027
6356,457.7684532140166
6357,480.73650883140994
6358,481.70986976936734
6359,514.6458234030038
6360,484.2753971480134
6361,429.22735152042463
6362,510.29999920425144
6363,436.69480704589404
6364,481.2873064603318
6365,480.5392135110052
6366,467.34220881989773
6367,476.7921756969039
6368,414.3752035805885
6369,446.20638777248564
6370,468.2018818586695
6371,455.89145010626527
6372,428.17668747713276
6373,341.75855383501386
6374,514.9327285925638
6375,450.5286702548433
6376,392.16234824079083
6377,469.3857618277082
6378,415.5251239116476
6379,447.9671124033967
6380,521.9673004331635
6381,392.0412051703547
6382,450.0791862209188
6383,384.9406921449843
6384,457.16552377425035
6385,500.2909068555964
6386,416.4260276328301
6387,455.9094343593058
6388,412.4388740822597
6389,449.0441720618365
6390,476.8484850414749
6391,415.48956992373775
6392,423.9221777376217
6393,466.04640489109397
6394,496.7403904503247
6395,414.5551319570477
6396,463.9381341537187
6397,429.61657610486645
6398,487.2908804966853
6399,447.81006223662064
6400,456.82902227826946
6401,517.2423064015089
6402,434.32128316172145
6403,479.7953936700238
6404,445.91027073834096
6405,563.6817290401381
6406,458.320748954631
6407,357.2338427768575
6408,433.9128169662426
6409,420.60310363779496
6410,422.225323003262
6411,450.97729508313427
6412,475.61078565729673
6413,461.4684946102565
6414,470.91765314238467
6415,461.5808669277326
6416,493.0786512775352
6417,429.31351555225547
6418,427.14103634500566
6419,365.58280034179955
6420,447.2293763793982
6421,430.62723714590624
6422,440.04360765693724
6423,433.9027624691492
6424,397.69600557332336
6425,490.1910631072456
6426,497.2844338976387
6427,500.12835342818767
6428,439.5314922567073
6429,444.2094147909453
6430,459.63081880179516
6431,503.0177460833888
6432,458.0951888762756
6433,550.5140338133589
6434,490.3453873963114
6435,538.0712568169741
6436,535.2359750843063
6437,447.8552639568196
6438,428.53642016619375
6439,530.2906714418748
6440,483.9074667202256
6441,386.4049947897944
6442,412.7732015576194
6443,438.78154866855004
6444,456.8038439803951
6445,422.64407024509563
6446,417.73800464690214
6447,434.78758193818135
6448,484.7809629520932
6449,422.2962500139247
6450,393.2784568731675
6451,414.56580219226595
6452,471.13661865377026
6453,386.6085521709177
6454,476.6854765660927
6455,455.6882624537748
6456,470.39388328502974
6457,465.77222557986113
6458,488.9670280978172
6459,451.44162128564074
6460,479.75638195811985
6461,471.43539507712734
6462,424.71125179738834
6463,425.1288488028265
6464,516.1897801122979
6465,514.3999606249072
6466,472.60445965307156
6467,446.4801595821699
6468,436.4753957144022
6469,453.2949948688592
6470,470.7528309721154
6471,468.02215235925286
6472,518.2278182225424
6473,449.5058207979002
6474,388.95661064113733
6475,390.25408044579314
6476,472.57885927878516
6477,501.27510551030605
6478,430.8854638665641
6479,422.9859940249479
6480,407.71647360018864
6481,508.67780735811436
6482,447.19729094876965
6483,506.5986017031559
6484,478.2639611831314
6485,429.26587965255015
6486,470.7252612804669
6487,433.7808133253
6488,485.3641625922154
6489,458.6406885405487
6490,463.7087897681689
6491,460.2913882003376
6492,433.33801653866016
6493,372.3565407945496
6494,465.47860918205964
6495,407.1226397678063
6496,471.7148074691769
6497,442.85718361275735
6498,555.6487930388245
6499,469.2769176811768
6500,493.19107130119863
6501,500.7425881232454
6502,343.99952019094064
6503,412.5665565636948
6504,433.1456231160918
6505,384.8036594522609
6506,475.2843861012152
6507,493.2527897721803
6508,543.2823473201133
6509,475.5623939135222
6510,437.4714253539386
6511,454.1403191096496
6512,452.81185577197965
6513,477.39947639549916
6514,559.59289157623
6515,504.17398808577633
6516,464.42392832970467
6517,395.72125640380307
6518,470.0105251802897
6519,457.5519319950648
6520,534.7482353864929
6521,477.49070647104463
6522,472.9952079623568
6523,452.19872776559265
6524,438.8673441590902
6525,493.95027037208297
6526,490.23940950279905
6527,504.1190144629785
6528,461.2572116775418
6529,450.0310349543076
6530,434.7492186153594
6531,445.8196726495514
6532,537.3960420967087
6533,445.45799451362086
6534,432.808664191403
6535,460.1726698646836
6536,516.2846413133168
6537,453.378247028797
6538,399.9144618689413
6539,435.62884130597934
6540,473.45138575999135
6541,420.02588958576024
6542,423.1456484148681
6543,406.4805665030908
6544,472.09857349602413
6545,431.95723570585585
6546,446.59557125220806
6547,478.9608482647437
6548,461.2709599408583
6549,508.48034145342643
6550,395.01198723876564
6551,461.07045570716105
6552,511.4307940313121
6553,404.4487550787517
6554,489.1378969726967
6555,519.3764546852992
6556,400.03633720458595
6557,416.42084905566406
6558,432.81102302501677
6559,457.58094743378024
6560,399.1764011388633
6561,466.38580718770544
6562,489.8438443601698
6563,363.4044145776279
6564,466.55103581114247
6565,437.4622669534441
6566,485.5731623740139
6567,447.3635592344667
6568,475.6744387918467
6569,425.40926134828646
6570,431.98190277747346
6571,413.4378022377638
6572,415.5630624686471
6573,553.0505635977631
6574,509.4536389565243
6575,439.70264831257043
6576,478.17455480994755
6577,510.03935075457565
6578,463.6197742385233
6579,470.7927937206013
6580,465.62802920589104
6581,459.5726648659622
6582,430.32585814672683
6583,457.9085644807785
6584,448.24437471539073
6585,479.0244160516924
6586,426.2921969115055
6587,474.40029911089744
6588,520.851776661519
6589,505.1630480366647
6590,500.82850220911473
6591,378.9809280202918
6592,407.271033240259
6593,485.7757046844093
6594,474.2095929092209
6595,482.2869929541563
6596,375.01165196589756
6597,384.6474925839926
6598,396.42120947223754
6599,495.496236221891
6600,464.11991226484224
6601,498.4677436786091
6602,446.40264095351046
6603,497.55232502369006
6604,547.4820852436543
6605,448.0430419861468
6606,436.19738324178576
6607,467.35850372701844
6608,431.579681391266
6609,455.0098083551529
6610,450.2414476758978
6611,465.4971512220272
6612,407.128523545252
6613,448.61537434166434
6614,353.96509758560836
6615,486.693025502579
6616,434.5461223681022
6617,461.05000129626336
6618,420.25479642388837
6619,511.87876888985085
6620,495.5471397955605
6621,427.8194378984107
6622,491.84041387060495
6623,352.0593179873239
6624,457.9447802899826
6625,479.2519684569471
6626,439.0161477223243
6627,456.7687588324545
6628,474.0067627665562
6629,447.95585569731185
6630,421.5000901238256
6631,439.4299028943449
6632,478.63249626154663
6633,463.752582367171
6634,486.1925249196252
6635,458.3702506214774
6636,401.3198976938783
6637,429.3384676962598
6638,521.1387238097125
6639,437.2263925661012
6640,413.80098606917124
6641,506.82557885881045
6642,428.198284218527
6643,460.12889956483906
6644,373.63482754286866
6645,551.9122705460992
6646,479.5822856035029
6647,437.4269891493794
6648,448.1728704226609
6649,396.7145018778379
6650,479.7996486376037
6651,476.3656658435318
6652,423.29734878317896
6653,463.20214383788965
6654,451.6417677506323
6655,466.238919458434
6656,460.0603590611859
6657,396.46121465736695
6658,426.96449121776334
6659,476.1704578933781
6660,470.6992652043229
6661,428.25886775024844
6662,421.3818716320511
6663,501.8190139422526
6664,459.44923879599077
6665,425.09038208965444
6666,457.0447038139457
6667,489.0077318570907
6668,406.1514990312406
6669,458.8681870847594
6670,509.9089176196159
6671,490.7451310538974
6672,394.236148152415
6673,416.19620913035016
6674,501.0700868198956
6675,413.4785288368215
6676,450.65346139843837
6677,476.0489642073414
6678,465.3662659565129
6679,436.4340864490192
6680,411.6741021223487
6681,448.098996604399
6682,441.52236939363075
6683,464.9570371986563
6684,498.076856177643
6685,433.4752577273398
6686,414.78679407909357
6687,458.17914908285485
6688,490.233874988545
6689,449.13488513760797
6690,421.25666208722794
6691,424.78736299616617
6692,415.8039350810413
6693,475.9197473359565
6694,496.6657061352867
6695,424.27030184813873
6696,450.97269975196286
6697,436.7109440743953
6698,468.1530079329252
6699,528.6602340839482
6700,475.13373101703064
6701,537.5557130195716
6702,442.1082957298535
6703,416.0206178552329
6704,476.2934912309899
6705,438.2361676412759
6706,467.930829527711
6707,509.22596987250813
6708,398.45984025676967
6709,475.71458030113047
6710,442.97507012436904
6711,436.93039921260424
6712,466.0567816401736
6713,462.002951967018
6714,504.75686289214354
6715,438.5344056584839
6716,377.04560159511436
6717,454.30559755298214
6718,460.8326235300438
6719,476.8910074803128
6720,470.3070521298387
6721,479.4573159573821
6722,478.63313188472864
6723,430.95526670731306
6724,484.13085936999494
6725,449.3626091696833
6726,499.7620855584286
6727,504.1414788165007
6728,477.86297553555937
6729,477.3833381102873
6730,467.4319906240175
6731,434.3774576091193
6732,501.73218937960917
6733,461.0063755365086
6734,421.65634961712334
6735,454.6208385642934
6736,480.8539073883392
6737,449.1207786816925
6738,443.5501380998019
6739,402.7953231449288
6740,451.14295858124916
6741,349.68541336974226
6742,407.716074685775
6743,485.1258131155465
6744,472.19521243002237
6745,470.08720651371266
6746,548.8650780028022
6747,454.8106983621456
6748,382.3776398923723
6749,451.5971379352836
6750,391.04165232916085
6751,411.2758396971616
6752,492.96713145263396
6753,457.3005811278079
6754,343.2451635600302
6755,422.56624037456004
6756,438.7232776628197
6757,493.323167926372
6758,414.0061273019458
6759,430.2215522348665
6760,545.8871335594666
6761,478.39736384995837
6762,474.5632096860452
6763,442.70991786674296
6764,446.2170476759295
6765,455.18723569492334
6766,446.7930474785762
6767,431.4995276358818
6768,478.46051268463856
6769,475.2506480086794
6770,417.90312424543646
6771,403.7116658020721
6772,465.2679471287037
6773,446.66867195804383
6774,437.9581247319622
6775,378.5933922753967
6776,393.87872786235414
6777,502.18302284710427
6778,433.8856037895775
6779,448.22165052386174
6780,427.7740248278101
6781,398.2734277908471
6782,476.34291244874464
6783,421.1822988204004
6784,463.0635221987179
6785,390.40606259521576
6786,482.22079453425636
6787,453.0526941908858
6788,491.50708559078464
6789,419.0944291083976
6790,473.0319899002221
6791,441.71039087696613
6792,500.3752684992149
6793,409.14923552576016
6794,464.2753468903827
6795,491.01628551030035
6796,493.6200508935331
6797,489.3581359599609
6798,422.713265859613
6799,464.8953259455189
6800,428.2508790481608
6801,439.5070657604723
6802,406.63534986926874
6803,389.039036714973
6804,390.5233657354413
6805,475.0726140965691
6806,456.59676132630165
6807,446.2214870248838
6808,411.7076049047681
6809,445.07908947101487
6810,418.9997647608645
6811,514.1108792423798
6812,455.7119407322011
6813,492.20949655020905
6814,441.78960498921435
6815,479.79984327755636
6816,383.4791466073647
6817,461.47534961810135
6818,358.8869278298922
6819,396.7516199347661
6820,479.08050015711086
6821,519.2027803783224
6822,377.4870687549909
6823,386.13226156306155
6824,445.99416648209075
6825,472.8152363611574
6826,439.5772982563989
6827,515.7011372640746
6828,443.4920236544054
6829,438.5587923178122
6830,459.06143961459094
6831,446.319877790389
6832,450.24343020126304
6833,420.85404179922443
6834,399.59792172957157
6835,441.1246836050218
6836,411.0558337869663
6837,404.62785340220364
6838,472.3244256893427
6839,424.9828216678127
6840,392.51501021924537
6841,470.3180827601515
6842,484.2832300487421
6843,490.6847877947233
6844,486.68514984208053
6845,443.4898770185399
6846,404.16838249375587
6847,414.59748430211147
6848,561.3445901274243
6849,411.57213152263853
6850,370.30499254556935
6851,394.9250396355138
6852,423.5951627553935
6853,452.2231141195938
6854,496.39318696908117
6855,460.08632184929945
6856,529.588845538887
6857,438.1944500799934
6858,382.1926688993418
6859,424.56898497557864
6860,515.3003931337394
6861,426.7664835648002
6862,469.89178942621885
6863,440.63708331887415
6864,510.1496277637142
6865,397.7755036200747
6866,438.0693679050305
6867,349.4964581075404
6868,429.6793004819864
6869,451.4755546480399
6870,406.66108340702766
6871,438.01498888170056
6872,496.39658291584925
6873,432.8172941154765
6874,432.838840547653
6875,473.37681489543127
6876,451.12700852566235
6877,454.4585661005725
6878,493.27374545047087
6879,475.62846483920407
6880,520.2227293092164
6881,380.5883494577814
6882,506.51359775190525
6883,469.84467156899245
6884,451.868938141907
6885,400.88873412073417
6886,354.41677874313945
6887,432.3651066764412
6888,394.3292455145981
6889,483.6557808160046
6890,433.9623967220234
6891,512.8453569087588
6892,502.9531735959204
6893,457.4140591304315
6894,455.94301129361696
6895,470.10060069800477
6896,403.95393552557493
6897,454.1835611210824
6898,424.4036369179031
6899,451.02158113015554
6900,426.0392237766087
6901,431.10358043687825
6902,479.87522956612366
6903,568.9875343241943
6904,471.2906838678046
6905,531.3860088734458
6906,445.6942985945337
6907,441.04525387262197
6908,421.80604686512595
6909,450.58028231140577
6910,474.17453325426425
6911,489.545334560128
6912,445.37093601970054
6913,453.8679203689894
6914,427.07768121583473
6915,435.5916502238993
6916,456.6502726680253
6917,473.1739169525612
6918,503.06221976482647
6919,393.04812504420573
6920,410.4505272308055
6921,398.0891521940145
6922,486.7468337505958
6923,415.83738646227437
6924,480.6289851652779
6925,443.73064862761817
6926,374.82572398424514
6927,432.24242378157004
6928,405.8488481399749
6929,423.11139644449037
6930,439.0496042465218
6931,453.64390159133217
6932,429.5040895624477
6933,459.20225280432186
6934,464.68906067037346
6935,423.47705940897384
6936,497.57873715888076
6937,478.6317321423833
6938,414.8284667635301
6939,477.82050689162804
6940,418.35812300411936
6941,409.0212797129248
6942,523.9083531043736
6943,477.54605871631395
6944,501.2304880588877
6945,416.1867189111784
6946,445.4787035514811
6947,458.6033555955654
6948,433.245587599829
6949,425.6266949125268
6950,517.1967391075351
6951,452.5286128390664
6952,450.9873337624563
6953,495.1927411142598
6954,408.22824719896477
6955,440.3204423664768
6956,391.0584501888868
6957,514.4325169173161
6958,456.7153083539029
6959,400.18448996107134
6960,403.1402001404397
6961,448.2576068657447
6962,521.3580061152165
6963,458.09105210915436
6964,475.0613023457797
6965,499.530187517189
6966,443.01241681119365
6967,470.0906640317768
6968,453.1721812171807
6969,398.7278301733491
6970,384.43600894024024
6971,449.46354336392494
6972,514.9517591752094
6973,435.97596257321464
6974,450.38520339337407
6975,479.5434381024309
6976,462.84126078502584
6977,479.1880904502472
6978,438.32342938833705
6979,441.2823617526199
6980,506.7318592289706
6981,419.82183045388774
6982,482.2680845434312
6983,495.9679486593529
6984,436.711196109723
6985,488.8961152187938
6986,507.347086017231
6987,437.1769797701581
6988,415.3980696809645
6989,433.3543187472671
6990,469.4682171723388
6991,433.44036057465814
6992,448.9792991075537
6993,506.45982878860303
6994,397.9048985167944
6995,434.8667355539188
6996,512.4547320809301
6997,490.2194035945013
6998,459.3660001431599
6999,427.0121843541765
7000,439.44418727708097
7001,492.1153454998094
7002,439.6337040242705
7003,481.7280956297719
7004,466.9009651395006
7005,462.08103133553425
7006,418.1769308086242
7007,452.8547165399258
7008,430.88449571764176
7009,466.52133804645814
7010,408.33484206476606
7011,452.74982582859
7012,460.24217373720785
7013,448.45403474453906
7014,484.7207261439489
7015,428.7251901504449
7016,395.4745429983292
7017,446.7014017995417
7018,402.7875698951625
7019,459.1591219725248
7020,481.5119903440125
7021,421.486720825456
7022,437.0452976658433
7023,459.1458236324659
7024,417.744348812733
7025,394.0021588829829
7026,428.3529399584387
7027,542.6416638291031
7028,528.9209344681525
7029,417.6916637755307
7030,430.836271384092
7031,475.2433469803687
7032,467.00897452421606
7033,474.0303272469543
7034,454.98092476689277
7035,448.4486304924102
7036,445.5758029651247
7037,520.7879093648652
7038,413.64653801426635
7039,438.72552532950283
7040,455.28066124986486
7041,456.6085701869402
7042,433.7755094880871
7043,441.96598517542725
7044,470.2702636651576
7045,407.07542482676905
7046,496.27099517550573
7047,424.88281393674293
7048,460.3703261000629
7049,425.8362680637962
7050,427.99182535261457
7051,440.81684230306547
7052,503.41884785231355
7053,443.21552947746727
7054,444.2353856380874
7055,443.2420293401926
7056,491.0443769285079
7057,550.1934104454816
7058,394.80565096694994
7059,418.88193266456705
7060,498.97248176061476
7061,466.47494713445445
7062,409.863017517036
7063,457.3855533802332
7064,447.30428867678273
7065,424.9430876873215
7066,410.8537378513808
7067,465.5370055462786
7068,420.1496580222877
7069,483.2788417954478
7070,457.30899876862185
7071,460.6665726503179
7072,452.11996171895305
7073,468.3598045364685
7074,416.0812557737404
7075,467.73647686200087
7076,507.48307456210745
7077,485.3006067914829
7078,386.22497357622416
7079,525.6303763886634
7080,403.74084657688775
7081,460.6291171560002
7082,473.5234376193749
7083,459.87987756489497
7084,424.67708126786505
7085,514.2081630698178
7086,410.05982832201363
7087,406.8864923205677
7088,468.2408425432271
7089,508.5169817020555
7090,467.33226452628367
7091,399.4074596876768
7092,454.13153233971605
7093,435.5256016733909
7094,454.6757927601887
7095,437.74779074804246
7096,514.3929255290387
7097,449.9530173856466
7098,452.9134037011547
7099,448.2324020019288
7100,443.7644450471721
7101,395.5230174073367
7102,457.7799925966933
7103,452.7233611076473
7104,391.3805505363567
7105,508.00580611183483
7106,498.9849732872642
7107,489.25020137937616
7108,473.6474287250025
7109,418.91910079643964
7110,445.9287822700053
7111,445.2449505612921
7112,468.69813923810057
7113,448.37844554208095
7114,442.5011076969519
7115,488.38925273837816
7116,447.10658448972623
7117,472.24259272751993
7118,450.6321593002203
7119,441.07467935720524
7120,479.52819825151283
7121,471.25816368011186
7122,540.3084810367732
7123,454.5803639165637
7124,412.12288955902915
7125,451.9734164999425
7126,523.897220013283
7127,436.49129896043485
7128,491.1899176433871
7129,512.254180337115
7130,405.29492710958004
7131,489.30621336297474
7132,420.8383099391292
7133,337.9926522625046
7134,474.9007545955998
7135,566.3020621275692
7136,441.50310834922493
7137,406.5867138969371
7138,431.25143850880954
7139,385.56984207334665
7140,442.6273129136047
7141,419.75922978709997
7142,392.6628104607966
7143,502.97219092481237
7144,440.97069668008004
7145,449.28382671551583
7146,468.9631148005205
7147,453.61776091466754
7148,427.5169246580672
7149,495.40672999690463
7150,419.22063015805145
7151,484.7563693262458
7152,432.10283885060363
7153,433.79697408880696
7154,465.8465400888387
7155,453.2580013015481
7156,444.80693663103494
7157,429.33562933020664
7158,471.8286659419062
7159,500.65926227507964
7160,480.5949948718556
7161,466.50196847569475
7162,447.6170729632034
7163,448.34509944889095
7164,436.90149799070997
7165,481.16478407574397
7166,471.5020087397863
7167,473.0318682947886
7168,409.49954118565853
7169,484.7419748962481
7170,443.0544713889109
7171,496.7848824597322
7172,426.4219862732524
7173,496.8494342982299
7174,466.6909143608207
7175,509.99072296724955
7176,470.6189585082289
7177,446.4199285922664
7178,460.29638739318835
7179,449.91398349554737
7180,440.59440133508457
7181,430.66662852442306
7182,363.4126413710022
7183,459.5085000247622
7184,491.9182400124236
7185,475.58162141194447
7186,483.2881022886151
7187,467.8092459815883
7188,406.8020612547278
7189,430.61341812413986
7190,424.30658183991113
7191,433.3437158761311
7192,409.7380527289809
7193,457.46191220975624
7194,424.5821786420173
7195,486.4622761146073
7196,437.0569516601317
7197,489.0283151610656
7198,469.7291474815684
7199,407.82074093271297
7200,383.2219549440785
7201,508.72513032142155
7202,474.2502333773118
7203,494.3575969796835
7204,489.6715341108559
7205,465.5461066644587
7206,431.7431194514422
7207,455.22783793836055
7208,507.4134104081577
7209,414.93879491888515
7210,419.5727125029579
7211,386.39437375893107
7212,463.9365783516088
7213,414.4097530918119
7214,469.62471827929016
7215,446.4422640983282
7216,492.64918583504357
7217,392.87848961669295
7218,491.3166210336671
7219,438.05104755348606
7220,535.5754564367545
7221,529.6085503867446
7222,446.8558319946921
7223,482.82225342670625
7224,470.45780148560306
7225,457.5453620462571
7226,387.32570789802406
7227,480.42413938460675
7228,468.98657927682075
7229,447.27436238605316
7230,448.67370126917257
7231,465.75507732328447
7232,462.2940736332348
7233,459.7582405418106
7234,388.50662741807173
7235,498.7585486192409
7236,458.4796059569389
7237,450.51298524591715
7238,406.66560356863147
7239,373.66695749027986
7240,455.9626336054809
7241,518.22951240801
7242,339.96205756091905
7243,404.69900056849366
7244,486.99012037888417
7245,518.6443342629188
7246,428.8759127813014
7247,464.3352701693794
7248,391.1088813999571
7249,491.69183406825243
7250,404.7067470073332
7251,435.8347697234768
7252,501.8290336603428
7253,485.5734089314581
7254,460.9028663705797
7255,451.6141962849509
7256,473.46160089182104
7257,408.85940168869536
7258,506.86125287622053
7259,460.0752011886337
7260,490.5777433221633
7261,459.1988164479016
7262,467.55549405060503
7263,484.91416274630814
7264,465.9482261406922
7265,387.9532285222899
7266,419.160252920518
7267,467.6064961418788
7268,482.5538525603651
7269,460.857255080645
7270,464.4839272138375
7271,497.1537253763584
7272,477.8873583998085
7273,418.0092130664523
7274,391.2659966798543
7275,467.79008006654567
7276,466.6692030991674
7277,496.14754890492105
7278,443.59142726766106
7279,480.7765282215529
7280,441.9796566302588
7281,423.19628156920027
7282,437.4151699052391
7283,434.30783645521024
7284,418.9637985005219
7285,453.4968946658663
7286,430.4998999058017
7287,482.52481767581327
7288,451.03355606757583
7289,452.9078389721715
7290,438.8558643371492
7291,538.7808611820232
7292,389.29840702322906
7293,475.82274860232525
7294,439.01652924798617
7295,455.6831975225566
7296,429.500393306418
7297,417.60327452676506
7298,436.30723848374384
7299,487.44633344795915
7300,470.39147356005344
7301,347.01151278903376
7302,513.6492685776095
7303,485.3852582150554
7304,425.378765469934
7305,400.4603419535074
7306,442.90409460259366
7307,440.8748470984836
7308,507.12097922499413
7309,386.20988468725244
7310,400.86656742189984
7311,423.4305892724959
7312,460.6411664043087
7313,443.53580639750345
7314,502.9436410207635
7315,392.7216732249612
7316,419.87071353481866
7317,446.84367596504956
7318,443.1286207711038
7319,465.2991681226957
7320,448.2840719851115
7321,473.76471663667667
7322,466.0084707485305
7323,420.54789245120804
7324,444.97178041018253
7325,432.8851403671379
7326,438.66985220840127
7327,438.6569565984566
7328,397.2254714988438
7329,498.6246938337542
7330,455.63081976260395
7331,420.54001655412344
7332,489.6020444209063
7333,503.4423728087668
7334,457.6370770535387
7335,452.1333552528088
7336,442.02467956082575
7337,439.8732045526191
7338,474.9268000121214
7339,444.576735243497
7340,508.34118021654984
7341,434.48931141371344
7342,439.1865372091953
7343,423.58447495803324
7344,481.90271145404097
7345,382.37376080872747
7346,459.6306206737518
7347,484.2908239256358
7348,396.11358244448644
7349,416.32145618778003
7350,466.52622301235294
7351,515.6707146306256
7352,405.10612885984756
7353,422.19135347579254
7354,500.83113671944034
7355,426.4138245462342
7356,503.81423435766544
7357,490.8298926171615
7358,498.02075675244265
7359,476.54630401780145
7360,497.18962661568975
7361,435.64488304035206
7362,498.4688534527482
7363,420.0271471427092
7364,447.9907088928716
7365,492.32987165224887
7366,433.9916951947294
7367,428.5263061961656
7368,491.0596816826936
7369,496.31410701902854
7370,451.5102193337303
7371,487.27614617403816
7372,475.00687298638076
7373,543.5105143080604
7374,482.5161139968216
7375,461.1636475204279
7376,459.81721874300376
7377,423.2097065701578
7378,422.19665939603635
7379,491.19879671614797
7380,433.1205925941516
7381,400.41038254052734
7382,415.12200853535643
7383,451.9309806924107
7384,442.1311507531002
7385,453.2084182315932
7386,494.8147624343413
7387,371.83955663652773
7388,471.0275295160859
7389,468.8337652913675
7390,499.6382676529809
7391,502.77058349412397
7392,416.45673859000374
7393,436.0076457573788
7394,448.74364290920374
7395,529.6424915111882
7396,439.64555218406235
7397,407.37591048252443
7398,517.0008277006335
7399,448.56993219057006
7400,449.6628962385011
7401,533.1160242584336
7402,441.7392856113024
7403,439.49807204326805
7404,494.2770272677486
7405,445.5736951607843
7406,462.33531616783637
7407,466.7145744821276
7408,468.2144456166476
7409,485.0326935752096
7410,447.7225491279521
7411,480.3127849037776
7412,460.38876064067495
7413,436.69510671071333
7414,447.5908312151207
7415,443.3993798507807
7416,405.8526531788037
7417,394.08902388559864
7418,498.8417053168269
7419,432.4702168307837
7420,373.7344392480853
7421,446.0415510835398
7422,434.980772991028
7423,371.2543730651574
7424,501.1217879077778
7425,442.4080601202032
7426,461.6267981661124
7427,439.91107170176696
7428,485.411862956596
7429,451.294051631585
7430,519.0548367608814
7431,431.19046464897013
7432,370.8042752652446
7433,465.80250614444833
7434,447.35339343249615
7435,391.18078553793197
7436,392.30721559542724
7437,390.0163490637293
7438,424.2212996547716
7439,444.0729139959507
7440,430.39294032706977
7441,451.19479762707294
7442,455.83896873532086
7443,407.930052760806
7444,350.3619262863018
7445,479.35465368114507
7446,504.4508622420515
7447,480.7858059224614
7448,454.9887282204755
7449,465.3014092309766
7450,433.3089734311968
7451,400.5530975452742
7452,448.35215381322377
7453,370.1350519460498
7454,424.8221171260032
7455,431.0072772885818
7456,436.4819311614893
7457,469.01707092315473
7458,482.08370643122504
7459,503.58706728557763
7460,402.8224095668817
7461,513.7162914176951
7462,468.13082203824314
7463,432.8028093538602
7464,460.60488015945555
7465,455.14582079211175
7466,471.4622676708744
7467,472.38218059297594
7468,429.8849308389149
7469,482.32538986087434
7470,420.120438379117
7471,463.8110764167488
7472,458.55164561375955
7473,486.94899471900703
7474,405.66315479399987
7475,407.5593739339638
7476,459.2815727989188
7477,447.48810818517296
7478,406.4462228432777
7479,419.56503822753757
7480,423.05208660176083
7481,467.2032821296156
7482,427.05226627190893
7483,424.2423801266198
7484,384.5757519006611
7485,484.55276124370795
7486,487.4647544467748
7487,410.41987627539476
7488,498.51973956838907
7489,452.6399489477846
7490,412.88220930904987
7491,440.05467739637885
7492,413.6006614302171
7493,490.89526912389636
7494,453.0577590623562
7495,562.5865366270361
7496,491.1843125737525
7497,407.0695077015168
7498,435.4523745934515
7499,441.9785295391096
7500,472.70496282012164
7501,486.6244046612675
7502,476.328120866381
7503,451.03238624844136
7504,483.8953297909773
7505,469.08157692209005
7506,456.66298105702504
7507,424.09588813777816
7508,464.3651951140017
7509,433.6049335305515
7510,461.7098138844019
7511,376.15482751292654
7512,478.7246000990809
7513,407.24552215185474
7514,468.61914359378505
7515,487.98089672183727
7516,460.6093923653281
7517,437.95491402918503
7518,453.2297476543552
7519,505.43096642616564
7520,441.37880471664295
7521,494.9446985062242
7522,438.9946007791118
7523,400.52684998468436
7524,490.28499523663965
7525,381.5229842869227
7526,459.9537267977642
7527,461.2344778264788
7528,412.0500296591946
7529,480.93547450115585
7530,467.4432617877193
7531,414.85733257847676
7532,449.0099562714731
7533,438.78649081054755
7534,373.88191308918806
7535,415.5123977989092
7536,467.26763683202887
7537,535.9675764475461
7538,484.9878562939119
7539,403.361425849098
7540,425.11304615493384
7541,489.58688890096516
7542,431.61906101703136
7543,438.476763542174
7544,465.1222012021733
7545,466.955811813118
7546,406.1529528553705
7547,477.2269761793094
7548,366.8203149672864
7549,464.2052584123195
7550,459.64930152276895
7551,488.5023378164149
7552,523.2051158371416
7553,439.5617238082251
7554,457.88454744876424
7555,507.05698898339875
7556,502.97939591830635
7557,441.0386341473973
7558,425.7241133537469
7559,453.17144974636847
7560,463.6707496027884
7561,428.8646168884569
7562,465.09814668744934
7563,473.8313960387847
7564,461.73938842820905
7565,452.6665494871012
7566,503.09799382938144
7567,377.7354073215329
7568,444.6656055418234
7569,492.9639499763504
7570,435.93153330980545
7571,476.8348953237692
7572,440.8782408681277
7573,461.13489574938774
7574,465.5559401894895
7575,428.63020385530626
7576,533.6015321924979
7577,410.34652164120735
7578,519.7692768611788
7579,438.93073063545427
7580,440.1774439345075
7581,426.06137837891737
7582,380.98935537590125
7583,456.2733769991999
7584,483.7652609446289
7585,460.8636687032535
7586,494.82762024170626
7587,418.92120353317847
7588,427.1260642599039
7589,423.1730694834808
7590,498.4488814809357
7591,512.4565832206355
7592,456.40923245418804
7593,481.70372144878263
7594,458.0788833433209
7595,464.53699045869917
7596,454.1598802597512
7597,516.1671668052322
7598,466.39048855417315
7599,497.88949238285454
7600,423.09460161724655
7601,451.94365069161483
7602,449.91242012686524
7603,416.92632603066545
7604,523.0852252931594
7605,412.1777392189901
7606,428.93993321637595
7607,376.4405357623077
7608,473.7784314752897
7609,440.7578237589177
7610,453.25838651993763
7611,480.6889343252722
7612,447.4378763447579
7613,446.4825688241695
7614,482.10706947838327
7615,402.159278577091
7616,489.50508161083934
7617,470.64315958674746
7618,476.17209909545807
7619,461.2264855161254
7620,438.67328158556614
7621,490.9982881251156
7622,418.27399299697856
7623,449.92963163312385
7624,486.4693360385918
7625,479.3342122647638
7626,429.1455285469609
7627,411.64869114729544
7628,386.86447691684793
7629,432.1376157695173
7630,363.72883336922666
7631,422.1322258985148
7632,403.83837589239164
7633,407.53113504948175
7634,436.4333235904079
7635,491.43322575149745
7636,475.0995562840836
7637,420.5891475304517
7638,411.1542101290449
7639,475.3326232356884
7640,418.6005030088205
7641,474.1621918720908
7642,469.55168534907216
7643,496.10543950930867
7644,457.807691917892
7645,483.39339001335674
7646,504.0449979126861
7647,358.0586013911377
7648,487.36679896580006
7649,476.42856352471193
7650,442.26705312680326
7651,493.1479992020689
7652,452.3826691158641
7653,431.816032357928
7654,509.41125916967957
7655,472.47236298202523
7656,401.0623587545251
7657,505.77848153427993
7658,435.55903270621934
7659,453.9391185571695
7660,469.40404011965313
7661,426.2457307442319
7662,459.687636104021
7663,437.94829210869733
7664,440.939692419375
7665,441.5415548045104
7666,411.08124270646783
7667,453.2298798814879
7668,475.7431567381068
7669,445.79305581185577
7670,451.2098313102163
7671,483.79240207719687
7672,427.20230707866864
7673,447.5088354149328
7674,440.03382972328757
7675,500.2723733749192
7676,415.37789551994985
7677,543.8756050681751
7678,473.03512321246546
7679,410.34183718352404
7680,455.7280786128557
7681,412.0176332971102
7682,473.41069267672117
7683,466.7025438317217
7684,413.28989655975516
7685,448.44112692546463
7686,482.2109144714295
7687,459.2069452316993
7688,447.83753765956993
7689,434.03869832455615
7690,449.5149948887026
7691,476.85895303739034
7692,455.62520586725844
7693,479.66736329614633
7694,452.75837374837636
7695,470.5830598713101
7696,455.186727842355
7697,436.5039065361834
7698,470.1473015804776
7699,512.783803857063
7700,431.9819900822292
7701,480.81386203781057
7702,505.89440469032326
7703,439.24415953054535
7704,463.7981945613923
7705,486.30060293100513
7706,409.34488589000523
7707,438.7154010284369
7708,375.90619664424264
7709,555.8749003994673
7710,392.20716511482743
7711,429.05425959745287
7712,420.2632972938494
7713,417.927401252468
7714,466.5894502550078
7715,431.80542236555107
7716,509.17137036239274
7717,497.6797852821753
7718,491.4931979294893
7719,441.4871046502922
7720,487.31445921970715
7721,464.44246644436544
7722,514.0106833151979
7723,477.7060738743201
7724,424.08704303362856
7725,409.8176036246564
7726,388.07836090913537
7727,410.127453169124
7728,419.3951627361413
7729,393.6854838954443
7730,458.36734503681754
7731,405.79013500187375
7732,451.20958363288753
7733,436.05765346679834
7734,415.617129733191
7735,419.82496064088645
7736,465.6562892837268
7737,512.9433102480357
7738,391.7572076940285
7739,500.2797533899204
7740,514.6011814381765
7741,522.633045717976
7742,445.5624540582744
7743,457.5901059554969
7744,464.2683213518633
7745,386.20913275961374
7746,454.4659554854042
7747,389.60615981254267
7748,468.26189315804476
7749,427.27991055682025
7750,484.68415107719215
7751,415.98784920598933
7752,478.65830217946933
7753,452.2894418549809
7754,400.5407770978269
7755,510.90671817628925
7756,439.26702433533194
7757,304.94072353791466
7758,428.3512186326491
7759,443.67416603088407
7760,431.15261489179153
7761,468.1200945600194
7762,482.58917187230884
7763,421.1294026699353
7764,447.2395629030833
7765,471.20450154687575
7766,439.98361220257874
7767,428.1662361813264
7768,378.9368969452261
7769,459.02640277416964
7770,429.9063643614395
7771,432.8522122183079
7772,434.55215865241473
7773,434.1935329824116
7774,431.1077426385292
7775,470.1791944918205
7776,422.29740091691514
7777,381.47829984664793
7778,442.32357903718315
7779,517.8217988628699
7780,487.45935470527684
7781,391.1536244799863
7782,408.17323293633723
7783,425.6404847541082
7784,413.18569803149137
7785,505.42247325950115
7786,418.13622783899154
7787,454.62335155305806
7788,488.29264594804965
7789,440.4311853815814
7790,512.481066250389
7791,440.1940895906854
7792,449.1824330702502
7793,415.50128396222595
7794,460.7172634029615
7795,425.0029872742068
7796,424.0968376393589
7797,375.05593484121636
7798,375.52360716568086
7799,447.0782130069828
7800,431.9185054423773
7801,397.69734990150465
7802,406.3133270752303
7803,463.8296931036109
7804,473.8458905486853
7805,505.2053413071376
7806,379.1087470504988
7807,481.01053387803665
7808,486.0952788677108
7809,463.5766946235829
7810,458.06563373739533
7811,511.7268773344961
7812,449.7410937671488
7813,474.8128831570398
7814,453.3061859142287
7815,495.85407618877764
7816,498.50183998467105
7817,422.06074629225196
7818,405.40946994469044
7819,418.2958111579208
7820,506.82222921328787
7821,517.2545374056891
7822,437.6954281470049
7823,359.61390643023776
7824,411.36577561820786
7825,440.7269130552628
7826,494.0412022833656
7827,488.7678781154293
7828,386.1162632524076
7829,455.7516261432472
7830,450.73707046425085
7831,444.3445803418848
7832,447.32717870041915
7833,400.1327785274421
7834,425.4937392369912
7835,436.8127425943417
7836,432.46833106908264
7837,400.02392904746023
7838,456.78327827322136
7839,482.2544959772959
7840,444.029204437351
7841,416.420006629417
7842,475.8717091307517
7843,454.60475114454
7844,481.6252320534133
7845,444.54544497784485
7846,431.076370584685
7847,525.72945525449
7848,414.8876093649115
7849,417.8195568191341
7850,453.81252894463717
7851,397.52327720754573
7852,447.1730655026824
7853,472.2848230411278
7854,507.710694847921
7855,364.4845294663256
7856,444.297658123075
7857,391.4172415893424
7858,453.2969990182976
7859,490.7388331993392
7860,493.8022523306387
7861,416.74327192923624
7862,396.67763977814565
7863,385.6270163122529
7864,489.09261110814003
7865,491.626705667194
7866,487.23094036568637
7867,460.98746614098667
7868,463.7660228860756
7869,488.77881520195626
7870,464.1071327146724
7871,463.23431185101305
7872,434.28627793470736
7873,433.0578419451128
7874,462.70664017121675
7875,380.9326035198101
7876,429.2782530970226
7877,420.26104097965305
7878,430.2929385667982
7879,388.32464615759744
7880,452.41176871830277
7881,448.8628654051091
7882,422.31344438101183
7883,416.5967811353658
7884,475.2379822838922
7885,387.223751225502
7886,506.6948084851086
7887,417.03182106806014
7888,450.4281144708119
7889,432.26518410865356
7890,526.6545888964242
7891,407.11002446225996
7892,392.7911382366589
7893,405.50718852212754
7894,482.8217508020645
7895,517.7831444161897
7896,456.8248647378108
7897,472.272898199819
7898,453.54304512372084
7899,481.733804549889
7900,410.2024701945869
7901,467.5567075486849
7902,423.8857450258281
7903,465.8377008300425
7904,487.98162432790195
7905,570.802144169798
7906,545.9423672958627
7907,510.3900783901408
7908,474.43972372055066
7909,403.5560983024099
7910,445.10872909200515
7911,341.74925291654233
7912,460.6494490512815
7913,456.469704788469
7914,437.1555297984991
7915,395.1784305475961
7916,436.3664638674472
7917,485.66203100674306
7918,440.6568595723169
7919,453.6398212276991
7920,445.9902980824984
7921,460.0354401330073
7922,491.93960914635807
7923,403.32792573378964
7924,490.6615512200214
7925,452.6407786765811
7926,401.79012211203616
7927,458.0924171805348
7928,422.52667058669476
7929,432.2861749351282
7930,416.1974349456681
7931,450.66050383183915
7932,375.47236272193993
7933,518.5665690085652
7934,456.491991614361
7935,394.844581131923
7936,478.5925002939802
7937,406.8009372391488
7938,425.46468948362957
7939,418.79922034572706
7940,416.9555260754877
7941,409.3820718828307
7942,393.3458947210963
7943,423.3331956492523
7944,465.22430351077867
7945,352.1028655762629
7946,425.605037636634
7947,464.52645731635283
7948,413.6385975758632
7949,451.8385926544394
7950,423.56121475568057
7951,352.6780593810079
7952,457.8126870530489
7953,426.09382366199003
7954,455.4351800355236
7955,406.8217509132531
7956,430.0133389364829
7957,400.4184880881717
7958,385.43874082799425
7959,441.2440169776166
7960,458.23618618706564
7961,492.45168315379783
7962,488.9476962768663
7963,386.04761976842144
7964,458.19647628961593
7965,453.0355832782402
7966,456.19952497468336
7967,443.1469057993895
7968,488.7863880795713
7969,395.30635637157474
7970,443.0507876260604
7971,433.50555616349465
7972,459.88168970354724
7973,534.8966411995541
7974,474.71660271077917
7975,461.681963802223
7976,403.8340491215198
7977,497.3294080343496
7978,380.49937850142146
7979,463.7966491570885
7980,477.1334876136983
7981,472.88074210117446
7982,416.6712570440078
7983,469.1475515486051
7984,482.88007654528127
7985,451.3649385178792
7986,519.0381269777296
7987,448.91099881302245
7988,459.43527882402435
7989,486.2446253412416
7990,405.1170982947575
7991,437.57016280011106
7992,381.2571076607913
7993,464.3040517989284
7994,445.98776149349135
7995,399.74799244898725
7996,445.9271448272948
7997,413.81173390083256
7998,426.8113467638318
7999,373.49189333282294
8000,437.60825463061434
8001,459.55846331969013
8002,443.4841106641486
8003,459.3249793637784
8004,487.54294418367584
8005,553.44626432959
8006,521.5757926405571
8007,347.8819084094303
8008,430.4235925973116
8009,380.0214531750945
8010,507.9005855290087
8011,462.16730391345345
8012,467.664671979005
8013,423.8982289491529
8014,434.076025821256
8015,492.11352741091997
8016,421.9708034934471
8017,415.49383780363536
8018,493.62757063332896
8019,426.58389787402905
8020,432.6951071860107
8021,429.54760852193374
8022,513.3664126915901
8023,461.4914830903044
8024,436.97168327297953
8025,409.753098837305
8026,429.5276529616555
8027,479.7317724072046
8028,473.63780306281
8029,522.9168711478118
8030,472.7864689498425
8031,454.93702127236656
8032,485.0758715186012
8033,446.0610821586434
8034,460.9159809248781
8035,394.08106330317156
8036,440.02441719756615
8037,474.0763542107606
8038,470.27357157342186
8039,371.51782142268956
8040,482.52537835272693
8041,513.9147851329108
8042,450.3705606420634
8043,534.6298676440316
8044,472.61957999358833
8045,394.9479311854464
8046,435.73261317675036
8047,439.76277709378076
8048,438.1034320929316
8049,485.00089634312155
8050,514.9089092571247
8051,433.3975889532399
8052,459.07227975998865
8053,511.9417957901583
8054,429.98521618623477
8055,442.7638524991564
8056,456.9554476261239
8057,426.99252530794803
8058,518.5137506904135
8059,439.53538704077476
8060,467.996366911684
8061,436.2893450793738
8062,492.6564365671675
8063,427.0988532046594
8064,378.59840813175936
8065,403.1807884893884
8066,406.3685409845261
8067,470.75241382859036
8068,464.69363169473775
8069,428.12495574518033
8070,432.1813577549242
8071,526.8171429788309
8072,453.00145838630226
8073,453.1050504123229
8074,426.45351122302964
8075,501.20900886068677
8076,469.74204818110917
8077,439.84531233411707
8078,531.4852828724034
8079,410.1164963881053
8080,455.08650828580204
8081,478.66979253423915
8082,491.4973686773928
8083,427.96351403866856
8084,397.1210389413078
8085,459.54634016583293
8086,423.41924699524407
8087,467.0687552565491
8088,472.4726165234683
8089,476.30306594687676
8090,442.8199477872282
8091,497.8976926032706
8092,425.8564142253419
8093,433.4649742261384
8094,485.9364103671948
8095,469.52687578808735
8096,456.25298643596875
8097,429.25161091509744
8098,522.8989431377241
8099,401.68282990676977
8100,483.5515052742237
8101,457.0799739020391
8102,485.02664470470825
8103,524.4112929109587
8104,466.29075696704473
8105,414.1233318354333
8106,443.2639360709086
8107,507.6071469131604
8108,473.72676387990106
8109,443.48953769405944
8110,490.0885275440602
8111,469.99012893235425
8112,467.38361946509644
8113,390.67074710295816
8114,499.95660354257956
8115,411.53642727148633
8116,457.9279839762693
8117,546.233466605181
8118,477.16792437749876
8119,479.9919360548428
8120,366.45344108327936
8121,502.84008072920784
8122,511.93379162906473
8123,486.57951010664124
8124,499.4019553420109
8125,470.67064148012383
8126,439.5864629435023
8127,398.43467505913867
8128,498.5494821863206
8129,470.5656963714897
8130,453.3800622065887
8131,468.7125150007647
8132,388.73093674001245
8133,451.33641164106797
8134,442.1966679007026
8135,443.43299007636836
8136,457.5454281944477
8137,505.2937224918589
8138,447.03649260107295
8139,460.5005295480212
8140,440.8207523166584
8141,426.6384164840874
8142,421.79174138863743
8143,440.7457681518582
8144,471.70254183136274
8145,464.58216788696143
8146,497.56665248288294
8147,459.79375534545767
8148,454.2762720677261
8149,418.3854801085392
8150,426.2448223531395
8151,420.5526963695747
8152,440.79891172431377
8153,473.48973870474595
8154,378.21293402629396
8155,411.76941014901644
8156,449.93590603804853
8157,415.019952596397
8158,391.5620995253235
8159,456.85015227897173
8160,490.3695994912471
8161,460.7302865982824
8162,464.6483167366469
8163,484.16161190511826
8164,436.99899256228247
8165,482.9459423897523
8166,466.2540704933382
8167,465.33225565269294
8168,441.8916551295038
8169,417.19985066774944
8170,409.34835016782864
8171,433.08422013783303
8172,474.99917612632015
8173,422.0833462583332
8174,464.66454334664246
8175,469.3871657659047
8176,448.10779764264214
8177,359.82408291325925
8178,472.5603856962577
8179,463.76745590511473
8180,420.4996679236176
8181,406.35034628268517
8182,412.0411904180734
8183,435.022010072348
8184,452.86417640623296
8185,476.2335899511203
8186,518.7217626026395
8187,461.2122017566217
8188,463.98003564742805
8189,475.26466678405535
8190,448.94376732408097
8191,417.1080328504653
8192,453.9156548094664
8193,467.71883502208425
8194,419.93049530999565
8195,505.8572999331718
8196,424.76865895499174
8197,453.2974868255462
8198,365.024999992889
8199,424.1230479632659
8200,404.17911347752744
8201,440.89490670583314
8202,521.0119492474179
8203,468.12736922870414
8204,415.0686301828491
8205,473.2143789765715
8206,487.99440887462356
8207,448.59883844888384
8208,409.38871761822656
8209,450.1125436324098
8210,432.85259111419015
8211,445.44683882202963
8212,389.6764177904249
8213,391.65833317916355
8214,532.4971816516565
8215,477.5101927619827
8216,412.6851862471174
8217,386.1726918463265
8218,487.66881334969656
8219,491.509062921706
8220,495.98337732998874
8221,393.72733446019845
8222,408.9799863362737
8223,397.55637002291877
8224,474.97390346889085
8225,431.73550951717715
8226,502.3823906596912
8227,451.42547976039066
8228,471.2541490044558
8229,447.5174968653428
8230,431.21457582069826
8231,408.80719533880836
8232,393.73177123661844
8233,468.1695703569725
8234,353.2516546824518
8235,456.19245660182935
8236,441.780179341812
8237,489.4490894156384
8238,439.3945931914105
8239,470.3320613295868
8240,493.85099338469297
8241,412.4408873998821
8242,393.57779281113847
8243,455.97944844244523
8244,456.40331381990944
8245,356.1303041266049
8246,465.0524715736302
8247,428.89083555419563
8248,435.57360665360665
8249,436.9169285532467
8250,423.5225325534802
8251,413.09254562612415
8252,425.91827980352764
8253,473.11258079520275
8254,473.81395386439937
8255,380.78629597323595
8256,408.1736247675018
8257,454.01522361850215
8258,461.8995938071334
8259,465.88624232126614
8260,420.1636923566853
8261,491.62892988804225
8262,495.6353532937976
8263,418.5036924910372
8264,442.1586508821384
8265,458.12850281755647
8266,453.3008357739184
8267,434.51347463989003
8268,482.3393944996467
8269,478.51580692338746
8270,378.0819522074306
8271,478.9950939400696
8272,450.91428092910246
8273,519.6648055002715
8274,380.97160990957144
8275,485.5038308264713
8276,388.4331480078067
8277,481.1735958791608
8278,474.32018639217387
8279,434.8303154665903
8280,471.01690343925054
8281,399.91568927044415
8282,512.9506017138273
8283,388.0829351374661
8284,394.6152457327
8285,478.4403687075251
8286,458.7384537498867
8287,418.8035661512111
8288,422.59580032296213
8289,484.5830453630186
8290,331.75088473663885
8291,426.0926064687312
8292,384.3428587123569
8293,466.26763740966874
8294,441.0722230078983
8295,479.8905070960909
8296,384.05136917110417
8297,481.1855413055508
8298,456.3959116409816
8299,474.5035874966935
8300,455.0547146486614
8301,506.43361077009536
8302,437.5928468361544
8303,384.90384112978046
8304,455.7470888115365
8305,429.6293333943138
8306,516.3876579981257
8307,478.9557310499861
8308,388.3148991403195
8309,479.3542538313707
8310,479.1452480807103
8311,491.73384285719845
8312,475.9562864895218
8313,424.8442964945272
8314,405.94773823346935
8315,461.94863627466765
8316,456.3160282158777
8317,452.1879192542203
8318,402.04823143769
8319,483.4576536133559
8320,429.5283101865107
8321,433.43445328859804
8322,403.7807430037733
8323,394.47462542689175
8324,457.08666325512377
8325,409.3896197810536
8326,501.8451377653251
8327,487.0987744711207
8328,467.22190135306505
8329,452.7742617741565
8330,491.4148779211769
8331,406.3995009032344
8332,463.76102960399277
8333,396.98406457703555
8334,423.8407615061298
8335,429.6287808847496
8336,497.042378700108
8337,529.0471924771842
8338,399.3022176901275
8339,508.2814903214049
8340,407.5636521960093
8341,414.1227974955964
8342,462.63728312711
8343,445.88984858732766
8344,427.6833319180643
8345,510.7804420508375
8346,476.32343990168465
8347,433.1678943640471
8348,460.70016283474564
8349,438.3478239026726
8350,434.6988620526719
8351,453.0028556820479
8352,495.1489889532139
8353,458.82048182586004
8354,467.3405374391963
8355,467.84125453563087
8356,396.6511900914636
8357,437.63450364579614
8358,466.040250626014
8359,435.4081850960554
8360,476.61755661795144
8361,527.3904399355032
8362,484.58885370172214
8363,481.9942892635666
8364,456.4624010183279
8365,440.98048250746143
8366,427.43342602795474
8367,523.1803088228687
8368,462.8179246618183
8369,356.35439985623003
8370,366.4364787021355
8371,379.541691904932
8372,495.53613113959256
8373,517.255128274401
8374,463.42434705978474
8375,429.737573172008
8376,438.8089283327526
8377,481.27626826806545
8378,470.587151549219
8379,426.518428605413
8380,465.2126590588811
8381,561.4407353414226
8382,482.09839792010257
8383,404.8831311434017
8384,462.1396295379519
8385,436.7488416626988
8386,416.21366224673756
8387,442.73235137676846
8388,515.056446038116
8389,488.06879878611574
8390,477.14941029395516
8391,502.71670619499764
8392,433.9149597321598
8393,447.46454668202307
8394,487.69875438740024
8395,353.3287438044104
8396,487.1493853166673
8397,431.8746233014096
8398,424.25081607006706
8399,454.0958294213686
8400,407.4897919499021
8401,430.4321898215426
8402,464.10459289336757
8403,432.6194695248169
8404,448.4656563642831
8405,481.45495105914176
8406,509.4796089976408
8407,418.09505229056714
8408,499.8124853939427
8409,486.0945904432175
8410,501.84096467105655
8411,407.2235982188504
8412,415.54737619142037
8413,502.73052163742483
8414,472.58394656870746
8415,447.55373798435147
8416,467.4552807323589
8417,422.8402210576276
8418,430.7880977404731
8419,451.8702725938104
8420,478.2807230894373
8421,474.1509351468574
8422,462.433857802017
8423,387.0787290207034
8424,471.27536996196875
8425,460.92730391518995
8426,470.4248569645387
8427,437.29244316655894
8428,443.8191529125511
8429,418.7462297099036
8430,425.78859916747297
8431,420.97783471390323
8432,421.8897784516819
8433,429.1446965762711
8434,388.6913107529389
8435,458.4563867006705
8436,530.7891851951016
8437,506.21710918364903
8438,427.2139664307078
8439,400.7295619577646
8440,473.6362978530526
8441,471.0316041765893
8442,363.0372071350551
8443,463.91048593366014
8444,496.67513061230653
8445,487.619970819466
8446,471.74196212063197
8447,461.40837013525515
8448,491.2604490344736
8449,469.6040448246102
8450,447.9461894631141
8451,435.95978647445327
8452,420.0001786862197
8453,455.16135866929324
8454,451.6291165301983
8455,397.4875229683486
8456,442.8624445416559
8457,470.22354590240343
8458,406.9886839611031
8459,456.3530274350895
8460,473.4584163748465
8461,535.9563054562329
8462,509.82814661939
8463,407.15339906393115
8464,461.1575593564189
8465,455.6061058180218
8466,506.4312496733343
8467,496.0128650233487
8468,455.0276570371834
8469,460.44352028895565
8470,504.50933967440415
8471,425.57154529904767
8472,367.483343591428
8473,451.13222715629735
8474,466.8834119365844
8475,485.7772794233091
8476,436.859333543859
8477,472.38670647490756
8478,477.2443945517718
8479,392.7949940822472
8480,460.8199452912927
8481,454.9707782836002
8482,488.17502972484544
8483,462.0944399504688
8484,484.94872635861077
8485,525.5534488439513
8486,449.2094824866536
8487,416.28446258305587
8488,459.47026162517204
8489,473.0545018088186
8490,450.1676644532527
8491,481.91937768414783
8492,417.43244976578944
8493,404.7439357539855
8494,388.0278299630315
8495,434.0986514931239
8496,410.58763956756707
8497,499.0809228126821
8498,433.7483647900035
8499,447.9225634091589
8500,435.45908328097454
8501,456.7656749623066
8502,433.076699892349
8503,406.16260570482865
8504,407.2481823900474
8505,483.1268977850583
8506,437.09003003303667
8507,429.43424897106
8508,461.7517926490605
8509,471.4395139044591
8510,477.11726333213136
8511,404.40224674384416
8512,434.5776547895147
8513,454.3950197030978
8514,453.68986039141583
8515,525.9772751851782
8516,447.1267399552238
8517,430.8463988661149
8518,414.98514273150096
8519,471.81675329352026
8520,477.5504213004076
8521,420.1233077315332
8522,479.89399099953124
8523,380.3113386541846
8524,424.112197699607
8525,471.4726736443408
8526,444.6043097506722
8527,460.6019945945057
8528,469.30974192588326
8529,500.4674166898703
8530,461.7599625913158
8531,445.4295411796639
8532,513.3839834476535
8533,376.5664232881914
8534,455.60611276437925
8535,446.8416989359387
8536,459.99790378847706
8537,427.58908819033917
8538,427.3968093314564
8539,424.0169794730414
8540,448.0627773699876
8541,466.3114797519029
8542,384.87049180383946
8543,459.76248536247886
8544,511.22581890873874
8545,500.01626868846824
8546,435.5149463106463
8547,446.644600105449
8548,458.52521063633145
8549,417.0478348924893
8550,423.57943429538335
8551,417.7325037960245
8552,433.8681414658533
8553,529.1327574474963
8554,468.349070551231
8555,459.78519689803295
8556,409.5050474007961
8557,420.50210802074787
8558,477.1553457518951
8559,451.3842113211139
8560,380.1141114036484
8561,427.1575622116918
8562,398.04469052342597
8563,446.6802394968369
8564,474.2380949497837
8565,463.8872001921321
8566,482.7247875393683
8567,427.725499939812
8568,385.80776922136346
8569,461.70346042416554
8570,456.40779776959425
8571,459.7749631784014
8572,478.14553177359966
8573,465.83582466967727
8574,440.2458624662461
8575,465.36875476801316
8576,446.76327561651686
8577,433.02174764614125
8578,392.97296242537595
8579,416.9153001978128
8580,494.4160158636069
8581,500.83823216590537
8582,439.5042249781701
8583,471.3955775171618
8584,386.4358510266025
8585,447.6640946719282
8586,417.54890719717315
8587,461.02218552907726
8588,465.61561984358707
8589,363.10157141566293
8590,485.57781692577475
8591,438.0564558867457
8592,441.50929327212265
8593,423.7461699715468
8594,508.94595644235955
8595,466.119743855373
8596,406.733038702893
8597,395.1244342339306
8598,427.80414665368323
8599,419.8773840964405
8600,491.313433408182
8601,425.7323632100955
8602,474.7251393338049
8603,422.05681511477644
8604,434.88627445544165
8605,456.7075731402013
8606,474.5696052747804
8607,494.3542505160978
8608,441.3116266491312
8609,457.229790562106
8610,403.8332434507267
8611,471.59435002440455
8612,427.98391303209974
8613,432.74129870855734
8614,415.8155097500339
8615,470.4147513597688
8616,485.01792965475966
8617,459.69462112409184
8618,479.29483872773847
8619,543.0558797430486
8620,425.42288758910667
8621,416.0579318207835
8622,470.25483324570985
8623,459.0148008399546
8624,450.62400740702327
8625,486.6136595914015
8626,435.07532211099914
8627,393.6373606911617
8628,413.6227539203414
8629,464.06664327211064
8630,496.66415984395957
8631,382.350454227551
8632,462.56843195599373
8633,496.7918712702904
8634,489.13746149132805
8635,477.54850088504077
8636,537.4171009480727
8637,408.1169162397494
8638,464.26841092536614
8639,483.8804620020609
8640,383.50123365554896
8641,452.0293393449198
8642,407.4033293077213
8643,476.5951709448629
8644,481.9204846640253
8645,438.1707219853476
8646,505.4553527370451
8647,434.0002384971826
8648,459.38522326310084
8649,444.3968880390858
8650,464.2300187309219
8651,444.89195171514564
8652,412.74758521266887
8653,408.6391986169605
8654,457.4276886777321
8655,434.4293821105768
8656,521.6141210235463
8657,437.17785859798306
8658,504.9083107124881
8659,453.0012272035536
8660,355.52561735206774
8661,498.6231539006172
8662,444.8669811911565
8663,434.10220787205753
8664,516.7406404095939
8665,480.0002292871282
8666,382.82002507213986
8667,460.9788498938336
8668,447.14475600742907
8669,426.53919087374135
8670,368.0981886807544
8671,445.01116473829035
8672,483.8988103956167
8673,435.1747961404927
8674,484.6955174480917
8675,446.34570722793495
8676,432.2249815156078
8677,453.8134752529645
8678,467.98705333101225
8679,464.9469710174857
8680,488.66115684956446
8681,502.376040685037
8682,510.7847558366344
8683,394.0340013789777
8684,433.864318837823
8685,515.4713658683198
8686,430.630783456475
8687,424.5686228928971
8688,519.791798208133
8689,392.44957940259536
8690,367.0433103382667
8691,424.7725091641343
8692,450.3319979273489
8693,486.7896424154531
8694,425.36005759717233
8695,447.39859446566294
8696,471.5706502856747
8697,434.8536283863314
8698,350.1277511734861
8699,448.8600228122829
8700,433.728244873631
8701,400.74546843870417
8702,515.1666303307611
8703,365.7994477162425
8704,502.1608413179132
8705,427.1142986384112
8706,496.4706418190791
8707,388.90021676937494
8708,437.5147947749567
8709,461.214704425684
8710,493.2410438849011
8711,423.68863962665756
8712,428.99395635092355
8713,493.4161413171933
8714,461.0196535188907
8715,423.9107895129423
8716,408.96820217143767
8717,411.6033722695687
8718,560.7270831941067
8719,401.77583849715774
8720,469.14542815534907
8721,512.293319692746
8722,432.3886823856312
8723,510.41472206622626
8724,477.7713666705681
8725,501.86507016572756
8726,382.6706065970559
8727,544.9410846107613
8728,441.6102457609341
8729,455.0561132698183
8730,447.7358443158919
8731,452.855716232675
8732,471.02615459025674
8733,466.3235663623788
8734,481.53503760491526
8735,502.06487358845385
8736,406.4585367036544
8737,454.39481780353697
8738,504.74349092052125
8739,466.68575467237207
8740,496.33109616204996
8741,503.44859995970637
8742,337.35491628233086
8743,475.50121469730425
8744,476.68606633603326
8745,532.8227743817889
8746,468.3154217706155
8747,389.2811694649274
8748,450.2230265865718
8749,422.5509814430713
8750,436.8706757893879
8751,513.9037248733264
8752,512.2166093751363
8753,495.8894487599868
8754,440.47651155624243
8755,467.0503232945731
8756,457.23466784972845
8757,399.76665845539225
8758,458.61825503334745
8759,475.6837985798436
8760,473.9028311726122
8761,389.3120473960575
8762,381.52388311196813
8763,475.819626247916
8764,451.3267188863306
8765,457.88333788573834
8766,462.87413322567534
8767,519.2951302103569
8768,395.5035630514392
8769,379.3015096383085
8770,487.4222726884285
8771,485.1322009278524
8772,479.3430953941016
8773,430.55567788461906
8774,412.80306734560844
8775,369.59220255944786
8776,431.1077987844895
8777,462.9529790808706
8778,500.7618038930083
8779,424.4786987622538
8780,435.37345783581685
8781,395.4054366895129
8782,420.21493610962466
8783,514.5025940021646
8784,470.69073343885947
8785,459.55198465848287
8786,476.1475187908589
8787,496.93422244140066
8788,424.455765979822
8789,447.930198278193
8790,443.66982647782214
8791,492.4681259060181
8792,482.2777426084207
8793,440.4371738876657
8794,488.7481412627868
8795,438.59201557759167
8796,371.7025712246033
8797,482.86634949402037
8798,410.1253872844624
8799,457.76342801725133
8800,469.6233286030092
8801,464.92312878294854
8802,513.5874601854881
8803,522.1392704084693
8804,450.30310925487726
8805,495.33763533752284
8806,461.2329250011365
8807,452.7539256581601
8808,489.3215658339355
8809,410.91796934583476
8810,478.7339899118798
8811,432.8454233827538
8812,450.1838922925597
8813,448.8322098527022
8814,419.0859638382744
8815,477.1686424074061
8816,430.45221914178785
8817,528.7937532803269
8818,455.41129761668844
8819,415.08659982149436
8820,416.39460721366515
8821,486.6482949973708
8822,438.03706722678237
8823,484.8476977644034
8824,407.2430237542246
8825,509.2847247495244
8826,455.0338599144582
8827,466.4938361967671
8828,460.54443808991243
8829,423.67029488262216
8830,411.5632290883915
8831,523.7396327616575
8832,494.5079187929369
8833,578.5387156799615
8834,407.2579220245967
8835,466.07412698555913
8836,486.0344660998217
8837,451.0858409465677
8838,423.2409891491273
8839,484.6149850370238
8840,473.0321291026099
8841,386.1677672603259
8842,501.5030591674511
8843,354.1747544747187
8844,562.5271948877572
8845,454.53483291455603
8846,435.65023464859695
8847,489.9484809404391
8848,413.01010514971415
8849,477.5254695724995
8850,503.7397411931613
8851,454.0415765908058
8852,502.7779779836502
8853,403.3934301010616
8854,412.9739535298375
8855,415.41634357042585
8856,488.61210144450763
8857,381.30753851923413
8858,496.72822880399093
8859,440.9656115543216
8860,457.5312170328103
8861,518.2578115041155
8862,452.11471038180815
8863,477.79646346376325
8864,409.92624408725584
8865,435.0672898382006
8866,432.1784668525037
8867,395.77357786769323
8868,475.59797632859386
8869,383.371373364969
8870,436.73612287255406
8871,458.88550107727383
8872,363.7612518338233
8873,481.2827825286154
8874,475.5477774906474
8875,415.6893075530305
8876,503.1121115374972
8877,439.87730370356985
8878,421.457777577364
8879,479.43412187541173
8880,455.34697860753977
8881,464.8535820220177
8882,485.910296528227
8883,459.95592898980203
8884,412.61587365641236
8885,429.27277540347
8886,481.92658163903474
8887,474.94969359774893
8888,511.85169514659043
8889,519.0686211828054
8890,419.0188636878323
8891,498.17183251476274
8892,534.5730423707281
8893,500.6201665828136
8894,419.7176148811141
8895,383.9784122144823
8896,414.7604709967947
8897,523.8433664833761
8898,418.31977624231513
8899,500.81556775554935
8900,429.98536568674456
8901,441.4471951792978
8902,453.7769590121727
8903,430.05771256612366
8904,473.44174528120567
8905,403.73275492807653
8906,394.97604534197933
8907,416.5970537258332
8908,407.18757830719244
8909,450.5387310312748
8910,461.0308500067901
8911,460.8313606817886
8912,513.2164928851984
8913,426.96639350336085
8914,457.63806168343694
8915,477.56482250357067
8916,497.4180069402728
8917,476.3296698351559
8918,399.42143398168577
8919,488.77268847470253
8920,400.9536546055969
8921,477.64999722715487
8922,456.38613854142926
8923,400.1042354710023
8924,421.634773654559
8925,485.7781519873345
8926,479.9389184323754
8927,472.96272303199
8928,517.5761555248658
8929,447.8350085355311
8930,478.1414333929609
8931,457.7376495364167
8932,451.782108476417
8933,501.992922996262
8934,413.54950452660995
8935,442.72054404062345
8936,413.0472265625006
8937,446.45884959365713
8938,442.0617631293805
8939,416.1548166858375
8940,428.7213878553383
8941,443.85613841282776
8942,372.16812098074195
8943,403.9658981068198
8944,457.9023672038784
8945,469.96916862956135
8946,443.80282348532586
8947,473.95050845931087
8948,453.24148945104633
8949,434.60075141151583
8950,456.58738855547557
8951,414.43578101553686
8952,409.93863699800085
8953,422.31301195750916
8954,417.8124155306806
8955,484.4621488214962
8956,388.03157782207523
8957,400.1010746457166
8958,392.9019908054616
8959,493.04686102335097
8960,470.6371709081491
8961,464.30857120272094
8962,425.17169129599097
8963,434.9445386269407
8964,507.45777177257963
8965,464.43606837648747
8966,483.29423211580854
8967,425.6908615770896
8968,482.6481066678216
8969,496.7948203337732
8970,448.80201009162425
8971,446.47749175492805
8972,434.6377543964541
8973,459.7351873364023
8974,446.3371510289412
8975,412.6454182939572
8976,487.3011977756443
8977,466.0991409619186
8978,455.4253927305849
8979,427.5027943727302
8980,499.5688448642257
8981,478.9916047554862
8982,508.6812473531937
8983,485.71163013496664
8984,438.0241834930223
8985,444.40182544391837
8986,379.3814154016048
8987,354.4916145875125
8988,428.7344438393087
8989,438.0672623611764
8990,438.57229814893225
8991,439.4364068943986
8992,423.5579303792613
8993,379.2169293025693
8994,471.2118316124012
8995,447.1765495136278
8996,450.7102028000065
8997,449.3976798003705
8998,456.2817052998224
8999,430.1965299796039
9000,411.78771466822417
9001,426.9807773365838
9002,402.071831079767
9003,460.38218438166456
9004,548.043817385674
9005,465.82442985259775
9006,396.7897919747164
9007,515.6064323908042
9008,488.17765598006076
9009,447.0146365397812
9010,490.0149719430191
9011,525.455511575206
9012,441.2058279440473
9013,385.1897266592517
9014,432.2709083157406
9015,485.14912020251313
9016,481.1877462247492
9017,447.29307094596686
9018,483.55927000047217
9019,458.58205459169807
9020,437.96387703141585
9021,456.1866405303528
9022,625.6939407219869
9023,407.8564334403816
9024,455.5001724083038
9025,458.2715491600478
9026,395.215169887325
9027,439.3845205808914
9028,432.27727873284863
9029,433.47166996486214
9030,445.4455643298161
9031,469.2292920232542
9032,425.82466998785065
9033,474.7853291229078
9034,447.04902936624916
9035,395.5329403217743
9036,523.8976970701835
9037,465.81983388479125
9038,393.79489587066
9039,436.77862386547065
9040,520.0795360368302
9041,455.0830398854111
9042,414.05515280115804
9043,438.19098031619814
9044,475.09504984492617
9045,407.0980261874788
9046,445.455990109154
9047,470.8152707915051
9048,530.2363839647802
9049,438.6864299821513
9050,404.67784881617695
9051,434.6188685659852
9052,440.73581445633687
9053,427.08533125171704
9054,439.27314357144667
9055,459.85050025181096
9056,404.4066728850623
9057,492.5942986528722
9058,427.9373128360211
9059,477.6596004604841
9060,486.5896414936089
9061,456.0756873634438
9062,421.42841355792206
9063,420.14055458149505
9064,474.934236073323
9065,415.70447737412627
9066,503.9766990151685
9067,495.02684559157126
9068,504.5543529590098
9069,406.7071726932187
9070,464.45450730268533
9071,420.3623772726548
9072,433.03620956762643
9073,378.0829160079712
9074,487.56347707424084
9075,481.1236689246118
9076,510.77338566501345
9077,403.3716028260155
9078,482.92595880721893
9079,420.72206504729394
9080,432.19713885856
9081,434.65056459607507
9082,470.0164168635531
9083,403.530764989381
9084,461.56024486847656
9085,474.23716022254627
9086,418.2254647329795
9087,388.0477866849551
9088,529.1590007347819
9089,377.535708392302
9090,433.7975611064559
9091,451.3573140597673
9092,471.2697376399602
9093,450.3577647894794
9094,435.2214435847016
9095,467.380193336068
9096,437.62880405161707
9097,376.6584206355546
9098,511.3809317987678
9099,480.89262355435005
9100,488.85637941957646
9101,445.2954411301218
9102,439.3562241591452
9103,421.69873945104234
9104,498.31461741258096
9105,497.0867365310783
9106,423.4005929073408
9107,486.60993162639363
9108,394.66370000553195
9109,417.38576660802636
9110,516.555180303393
9111,466.7974159644216
9112,441.4895867025929
9113,419.11294701871884
9114,530.2322460192703
9115,449.53482530258987
9116,426.16265989969924
9117,350.07163735161123
9118,476.8548674104914
9119,442.61944996431623
9120,409.45626449191815
9121,565.8701846420834
9122,378.2755478701866
9123,493.5888308331413
9124,427.74310240938485
9125,496.1924194837774
9126,431.2385844935741
9127,485.5602554626996
9128,497.62485629735045
9129,502.0586450646851
9130,423.81406594255
9131,479.3352557050839
9132,420.8388825297119
9133,494.3428470162848
9134,413.3599465376306
9135,442.90144832887853
9136,460.2214624186623
9137,418.1392689048056
9138,446.8613476884273
9139,433.8250137836727
9140,430.4985246829708
9141,447.9734866589018
9142,460.22070881972735
9143,467.99888297250243
9144,476.5871552260038
9145,435.47517630109627
9146,501.1784061057615
9147,478.8579301020274
9148,564.730222690983
9149,384.09339243590483
9150,419.5049613829036
9151,466.96484668756096
9152,515.2375373652666
9153,407.1503078815456
9154,488.80506926419207
9155,414.465436814703
9156,479.99441411821385
9157,459.15135236246874
9158,418.0781870939001
9159,515.119910834004
9160,480.0942569985521
9161,443.31819351482807
9162,454.749530829215
9163,549.7748733218958
9164,441.85263283316493
9165,465.00392175483114
9166,482.14153400636917
9167,500.89465568406837
9168,418.2711084021765
9169,486.37667690501905
9170,437.0553629850502
9171,608.4661614794668
9172,442.3312320343789
9173,470.70126349471735
9174,478.7910372617745
9175,440.1835916691157
9176,495.2637855713516
9177,438.80137964664385
9178,488.8454235660147
9179,433.0803149940306
9180,434.02171476215125
9181,385.2414847488107
9182,337.7325991005819
9183,509.7062362301464
9184,513.3797249368362
9185,501.6725235837096
9186,397.9301578593529
9187,433.7421159054459
9188,457.1847755602738
9189,504.743004025685
9190,423.6819106109423
9191,479.3620797557314
9192,453.4791958491684
9193,410.44817693198985
9194,477.1218322208259
9195,365.69884294980875
9196,457.95362990079184
9197,402.62347887364064
9198,475.1076873944109
9199,433.68608386888707
9200,455.7327368753719
9201,435.22788484261866
9202,454.85158857676294
9203,465.0711007514273
9204,424.89256973823103
9205,403.0906039975358
9206,452.71849770355584
9207,483.44410623320294
9208,421.50195591178107
9209,457.0291532919029
9210,467.08306043201026
9211,499.0267427746006
9212,337.0904874273793
9213,464.7201365684766
9214,498.74630029711517
9215,477.0388067868303
9216,455.2512200680658
9217,423.79737818010335
9218,435.33635152841794
9219,471.30784021843306
9220,457.10520531852137
9221,420.5647875332729
9222,458.2506580084964
9223,440.0364624372509
9224,543.1388395327541
9225,422.8474553934364
9226,426.61968201391045
9227,508.93840459370256
9228,436.9260264084559
9229,456.00784703205886
9230,474.673665219431
9231,474.19927234332914
9232,360.90527021083665
9233,479.7323740173935
9234,417.67364193863267
9235,378.41082203393796
9236,431.4260495678733
9237,402.7668912598434
9238,418.006810616737
9239,466.38822093462085
9240,448.1511085311751
9241,486.88429959516867
9242,405.3920159121481
9243,500.39475007274564
9244,547.6651444280129
9245,448.67324001331764
9246,521.7398306023784
9247,489.1923003374744
9248,468.4575037675377
9249,442.2290293233501
9250,423.76483495525616
9251,438.1072757071452
9252,499.93027461567925
9253,432.23366817465194
9254,498.58835020320794
9255,393.03497885214176
9256,509.43868976357726
9257,471.803690354724
9258,433.05008248665433
9259,434.0087429276627
9260,416.4573195513138
9261,502.9899897503721
9262,455.2771236315614
9263,408.24540401239426
9264,371.2757006512205
9265,395.2202161050253
9266,448.69425769150746
9267,427.60643078389353
9268,436.47591413855207
9269,495.7092685701344
9270,380.2241458046289
9271,464.41383251619857
9272,453.1649574689166
9273,438.1084055551203
9274,441.8651954276746
9275,502.3952439753772
9276,518.5947571729862
9277,497.99317355765913
9278,463.3332868972501
9279,478.0129746751952
9280,422.26216326859446
9281,521.9733712235267
9282,405.8954998785127
9283,401.4067321691992
9284,467.57250902772574
9285,434.7958932782944
9286,427.35113554285925
9287,492.8973435198555
9288,432.82167875452575
9289,477.3397799340684
9290,425.3175496632415
9291,444.2162829503772
9292,433.004069135666
9293,345.9898523431853
9294,424.08536678165075
9295,507.97962367027327
9296,493.2769263226224
9297,520.6864277665514
9298,511.63888989132374
9299,491.8992857680096
9300,442.2446285910134
9301,435.43263319745336
9302,478.2831030358771
9303,474.21066375810386
9304,514.2355271766595
9305,454.38066664097505
9306,425.94056016331103
9307,455.2708213480294
9308,451.5870078302978
9309,490.8913944122312
9310,460.4138492047291
9311,482.015907678643
9312,463.56338054350084
9313,367.7181125826081
9314,507.8726856375756
9315,469.05195725953035
9316,513.8370917431218
9317,487.73099853052656
9318,451.67692345089995
9319,511.1777205912865
9320,411.86378245460224
9321,440.87760580067675
9322,469.33383136325864
9323,474.39554104033334
9324,460.6862378800025
9325,452.1858999729506
9326,477.3053962683442
9327,509.2336359344512
9328,414.8500069456661
9329,462.0236490195919
9330,389.27661245049177
9331,410.9161587223807
9332,407.73184278409497
9333,407.0042426895374
9334,447.69677313814987
9335,488.2151210816605
9336,450.24289135564044
9337,504.66158920457667
9338,518.5892738716587
9339,425.99758163298185
9340,471.10707241094195
9341,463.6715745897651
9342,435.8531087290628
9343,437.4794233047662
9344,391.94356586277536
9345,403.9415871890433
9346,390.9671868163054
9347,453.26114131584103
9348,401.7941659766566
9349,580.9175759211623
9350,458.725979192005
9351,483.5636562274745
9352,403.88346141915196
9353,436.14445239852824
9354,508.8599685345013
9355,412.9889843049066
9356,507.0880412170917
9357,522.0197357315261
9358,457.4748820648384
9359,389.5843176176154
9360,407.6897173655956
9361,539.0629115214598
9362,413.2172499909612
9363,524.214541634491
9364,407.8788013333931
9365,513.2414064090922
9366,474.5230386285971
9367,433.7833828291353
9368,410.413776140309
9369,408.9852014683177
9370,428.57713016257
9371,490.02163272514326
9372,532.4452895455704
9373,419.1590870515082
9374,446.92088761149785
9375,481.98402996551977
9376,460.25533893389985
9377,437.60156820856986
9378,385.3843077780599
9379,469.7019961440142
9380,439.1550665024937
9381,431.12991086435363
9382,544.7993202526412
9383,465.91055229681484
9384,495.6095029798182
9385,418.07930996174457
9386,471.7300640442019
9387,482.56276350842006
9388,456.99928691349777
9389,405.53887505756705
9390,489.15090162568913
9391,408.44462810397295
9392,511.1490324879636
9393,491.1049945875654
9394,492.50578656579546
9395,493.6316379654004
9396,461.11795469551066
9397,539.5512991140688
9398,456.47360098100125
9399,425.31830091340953
9400,392.24494229811086
9401,455.94989703260114
9402,476.7166183556999
9403,438.58026411218026
9404,447.87855006785736
9405,472.63223145985154
9406,503.2248070680163
9407,438.29029776284057
9408,501.614054673003
9409,442.12900402347566
9410,456.3545018360295
9411,418.95432725422654
9412,474.64086172591783
9413,462.88694570903107
9414,475.0260533861559
9415,429.7153673229748
9416,444.4497729684515
9417,504.7025587649492
9418,461.61373521896826
9419,494.9930757318973
9420,454.8509435151568
9421,459.1583263177432
9422,432.279078958323
9423,436.7137958991365
9424,466.6176042286333
9425,473.17551060775213
9426,492.2856654542538
9427,475.6514838995918
9428,454.6042249929287
9429,514.8719797760983
9430,457.7207639664746
9431,490.73717170380365
9432,435.8887510410644
9433,433.40469521032105
9434,434.91376019430055
9435,497.05477953461565
9436,441.163239082095
9437,461.02345512999835
9438,437.2834749802577
9439,512.2453225067851
9440,495.70733286955476
9441,433.7355181295985
9442,460.2306232852284
9443,495.710218182548
9444,446.84823315450353
9445,421.78273229138995
9446,465.92976301314803
9447,491.39813023957015
9448,433.7382123399471
9449,378.44004989061307
9450,431.9083587489892
9451,396.4650749884744
9452,349.01520123569253
9453,504.9102918651219
9454,394.1985927437077
9455,546.3351596935086
9456,443.70673434399265
9457,497.59212584023743
9458,509.50698056526846
9459,486.52153868438626
9460,465.49290081773296
9461,425.2435627718755
9462,407.25467820324906
9463,507.52568582716856
9464,407.5844248572111
9465,466.17191887308564
9466,397.9704781207912
9467,465.28431379929594
9468,448.8062368578103
9469,523.7072561209794
9470,459.8062150128482
9471,526.7377886450996
9472,450.12067222296565
9473,441.82374220217366
9474,491.9673252772386
9475,427.9716988256759
9476,449.2622224229239
9477,460.5131254914084
9478,440.65457870720365
9479,429.4045993556648
9480,463.3498948413427
9481,460.1404839595149
9482,502.24138494178993
9483,498.6110077206948
9484,466.4091509770618
9485,469.98969117067213
9486,490.2892636619719
9487,440.1127584919626
9488,442.94588230850206
9489,380.5978191642141
9490,449.30755350822704
9491,420.9621117289655
9492,479.01315693012964
9493,390.4495878225432
9494,427.8722920183423
9495,510.3867981271665
9496,419.75312232530354
9497,461.30277701431294
9498,480.8438986134952
9499,521.2627591891214
9500,477.0131845434906
9501,429.73197824533815
9502,464.07675471702277
9503,517.4956401264432
9504,466.0852056919609
9505,417.29481527818797
9506,495.2663750892746
9507,444.33196603626294
9508,410.57442684248696
9509,504.3278168438572
9510,419.98708103145236
9511,507.4013937083515
9512,383.6775837707379
9513,439.8351508394691
9514,420.5236721966292
9515,445.5035172336952
9516,390.4082566303441
9517,442.1809748512286
9518,394.189566995505
9519,431.5815971001434
9520,412.78801972230445
9521,404.8085697495593
9522,457.44706542464644
9523,379.4827515697317
9524,483.94769077222264
9525,470.7368274322794
9526,445.9459231214602
9527,415.78746019007
9528,412.30893128243804
9529,436.853480775545
9530,480.1250693011865
9531,491.5993416349554
9532,488.29932512353474
9533,480.0056166838513
9534,460.77235685617
9535,434.24970445168555
9536,430.8418370335239
9537,419.44331269888954
9538,455.6213831621141
9539,342.48878560876614
9540,449.27597937945876
9541,522.3813405078585
9542,474.1129456737757
9543,459.5771003275183
9544,453.5132196726199
9545,489.24727098481816
9546,430.23324237585757
9547,407.13393150508165
9548,388.2780573406251
9549,453.85335797456196
9550,459.22588762816224
9551,424.32136228420484
9552,496.3465270185215
9553,427.40857204366625
9554,359.6365694500395
9555,473.2840200166374
9556,499.02339278344726
9557,435.2847059553125
9558,494.4370903436142
9559,470.7419775581365
9560,473.26848284791885
9561,425.89722296099865
9562,422.9311573715184
9563,413.16731502705244
9564,493.27729744365735
9565,423.85464862114844
9566,378.5464846459637
9567,476.5304282619868
9568,491.8889431348929
9569,455.0789994273138
9570,522.7223678945775
9571,433.9909783362959
9572,457.387073916602
9573,445.7257593507269
9574,530.4953556594032
9575,523.5425686249536
9576,438.7618213431094
9577,420.8715563960293
9578,479.3527716265413
9579,451.3328898981891
9580,499.6753568414958
9581,453.22604799779384
9582,440.3425132597824
9583,475.42573006941586
9584,465.6328678759821
9585,421.03818003600804
9586,502.2381058807754
9587,474.0732689221665
9588,405.5894462338656
9589,457.5517153360079
9590,424.39999218576355
9591,403.2978024596542
9592,459.0965511763268
9593,470.446659616499
9594,421.5433720315247
9595,460.76354358695977
9596,415.91265837080715
9597,478.3627329246775
9598,433.6464286352147
9599,391.16744959912955
9600,472.17727416835476
9601,479.1571916411568
9602,403.4196973480203
9603,440.96342533053377
9604,473.27730181906463
9605,435.81326938801124
9606,399.55874418352727
9607,428.5079492278986
9608,432.65350856439716
9609,451.740561122306
9610,489.30692456146966
9611,471.618745895911
9612,375.89321317854717
9613,458.92190972676536
9614,459.57919577971467
9615,457.786689458004
9616,475.57977398064844
9617,487.88582561014425
9618,390.525436314975
9619,444.8432706166934
9620,437.72132435755265
9621,443.1428857046833
9622,479.3264099452702
9623,464.7020381057061
9624,432.5828411277893
9625,443.5752014909285
9626,495.76820555383694
9627,438.2414565563203
9628,460.5367219009021
9629,443.512670314219
9630,436.4169825136058
9631,480.2656996233308
9632,436.92398756756063
9633,445.55863496329874
9634,518.0790839565532
9635,466.8624758515084
9636,460.80831562927085
9637,486.00643905532905
9638,451.2303768114448
9639,408.737090772253
9640,509.2294089113832
9641,456.8380324463513
9642,561.4058726270506
9643,433.2123977829822
9644,462.91168474567877
9645,458.5353111061545
9646,433.0678784984238
9647,482.17791618999064
9648,440.0413935014615
9649,465.97924000700084
9650,569.0909712729992
9651,406.43623196474715
9652,498.70873014997244
9653,494.23332571054414
9654,496.6971396098286
9655,452.91515126803824
9656,431.9239558663421
9657,410.18811447876044
9658,500.64544383106386
9659,476.53829087168833
9660,498.73706512874924
9661,472.1490511518854
9662,406.55261371286264
9663,466.6271156410786
9664,368.534241282853
9665,419.7248176753705
9666,405.0501460095976
9667,547.6214407965573
9668,466.64856615430256
9669,445.75259920826113
9670,517.4039985899743
9671,465.1519559188383
9672,513.4393718910126
9673,430.9117199755669
9674,467.719318453976
9675,521.3174975695251
9676,481.29745732218447
9677,506.14369975517053
9678,466.87711161748206
9679,448.2111354498298
9680,457.4852975700265
9681,477.1279513367388
9682,490.48174473331517
9683,376.8038109777307
9684,395.6864447380341
9685,481.7077973697764
9686,541.9050870232562
9687,529.6478509947517
9688,403.0088831306285
9689,500.05748197735807
9690,455.3234923144836
9691,463.49933114616135
9692,448.0116831269715
9693,454.57449743152426
9694,439.6218943352951
9695,383.0532304056971
9696,493.1083020416911
9697,389.93477113490223
9698,427.250644324976
9699,545.7985646972493
9700,474.317621547115
9701,496.0096834851126
9702,501.75402202359527
9703,495.48016256030274
9704,450.40989677472055
9705,486.35391407316314
9706,473.6716747047834
9707,383.06324830476046
9708,381.41730783267275
9709,473.894760292255
9710,449.3829584943717
9711,399.68556593683707
9712,445.4617962016172
9713,405.63725204277245
9714,439.85341777347634
9715,426.57839990708726
9716,449.2406971604211
9717,415.5984813722807
9718,408.6564661908085
9719,420.2315259543738
9720,466.19428244635236
9721,479.38166690219526
9722,393.8364067226006
9723,463.338761184489
9724,441.65929804467225
9725,508.99628152601366
9726,469.9460495354324
9727,466.6628424811146
9728,509.7258688894668
9729,504.1212007837251
9730,454.6431802323209
9731,444.3953662386623
9732,446.7732570521502
9733,476.98628424613537
9734,409.16145642271414
9735,465.23435974067155
9736,467.0730227932382
9737,429.59843715854413
9738,418.81847763519363
9739,424.8504940530538
9740,449.2937458389405
9741,470.3444264417154
9742,518.330834859025
9743,425.18086242859437
9744,486.9902599377043
9745,412.58795117135327
9746,384.46743050378853
9747,352.97998626955
9748,427.2554722324893
9749,450.1088803870293
9750,436.92200378063245
9751,419.21214175551734
9752,413.2007989299555
9753,441.24478206625145
9754,485.57917501995325
9755,484.3426027367813
9756,433.7016604905904
9757,427.5130475411319
9758,504.402393115564
9759,497.0819173788411
9760,473.1014195951239
9761,420.1307528711325
9762,484.6432855302997
9763,383.12942292902284
9764,424.39088704535965
9765,424.52084768227246
9766,447.67948736539654
9767,377.330906821251
9768,420.03282894022107
9769,437.6158221594389
9770,498.95878567687834
9771,490.5470441457058
9772,472.64423747696316
9773,513.2643413319491
9774,500.9869846087765
9775,429.0346882501521
9776,421.2500675108118
9777,416.333307892665
9778,439.36796648124596
9779,454.4384972671135
9780,419.67807764178684
9781,453.4382362912143
9782,430.9295191008585
9783,488.9372145422881
9784,412.70236419249903
9785,437.6471620765532
9786,530.1523461156144
9787,468.41473951100204
9788,459.8751217632276
9789,496.03631745224334
9790,505.9086671323497
9791,483.3602000763903
9792,418.38273705357926
9793,442.9697438270899
9794,502.6619996173503
9795,437.87327492310163
9796,526.4658882598073
9797,515.5651503756434
9798,502.30689009822277
9799,387.05701859002374
9800,436.1935869963067
9801,401.55069990184455
9802,426.3238683294543
9803,468.6301898643862
9804,478.9586690941845
9805,394.1973343920488
9806,464.09264179260515
9807,446.84842438128186
9808,471.94924131987136
9809,464.6825630789505
9810,513.1008453570433
9811,452.78041096517217
9812,422.125332542334
9813,491.2254604165787
9814,454.6845296523487
9815,473.3644258575347
9816,459.4348052749173
9817,446.4692370372074
9818,384.7284773935926
9819,402.39169134952726
9820,393.0296948438208
9821,477.93169732773913
9822,401.2875420245622
9823,438.8470098818601
9824,425.1696148513067
9825,418.3515001689156
9826,510.4947548551566
9827,453.5449464085706
9828,479.11935351608616
9829,487.47228146816735
9830,438.6860066724977
9831,467.52657442069636
9832,411.447353428034
9833,414.5692759253867
9834,491.8344566724649
9835,441.3594393178007
9836,474.3495074359557
9837,402.78875160293046
9838,407.96689070955864
9839,387.62760038860273
9840,474.2665758255122
9841,415.4056935373916
9842,457.3663454314788
9843,511.6069121465565
9844,405.1840645007479
9845,419.4023377971363
9846,460.32404438008945
9847,443.83197137636864
9848,422.7577663942434
9849,425.0977362849296
9850,389.930832996023
9851,459.98929034177854
9852,379.5063474517787
9853,468.85502125026875
9854,446.5774631277296
9855,441.45629688363323
9856,382.92830400295594
9857,467.4526409106728
9858,496.59334052245754
9859,504.5980904310514
9860,367.46532029226995
9861,392.4754704901167
9862,416.8104920529708
9863,486.4013310258747
9864,407.33199064911736
9865,509.38878516014523
9866,444.9797162881235
9867,488.4317785801317
9868,447.7301824163194
9869,459.1104609374534
9870,424.3895099233258
9871,506.11119131335107
9872,501.0393619963336
9873,455.41154059182
9874,425.55758666197585
9875,396.8539382229632
9876,468.5858485923913
9877,422.81585615864407
9878,507.6002263226765
9879,420.162420495734
9880,501.5723473489227
9881,470.64537397258806
9882,428.66149948912675
9883,470.42963243017044
9884,417.55201237392185
9885,460.66998185667774
9886,405.3337191446105
9887,460.86344108734886
9888,381.04791153120317
9889,471.95008284746683
9890,400.4586505919031
9891,406.4592779023579
9892,424.38174446703914
9893,409.35571205730724
9894,425.85632279026805
9895,438.86334144067547
9896,430.33377029139587
9897,512.8526062012857
9898,446.26650051692855
9899,440.5493698563341
9900,433.6602558282766
9901,445.1777135476432
9902,434.4291492274127
9903,421.8061209737083
9904,478.5440454142335
9905,369.27511329322164
9906,477.62797543119746
9907,445.31281252636364
9908,488.2777878362557
9909,402.64927265504656
9910,436.52087951102436
9911,412.3672877842131
9912,403.60453707115806
9913,445.17263693982795
9914,477.50102843815245
9915,416.58652777232663
9916,470.1875519081622
9917,473.68377819895517
9918,481.3925047514382
9919,503.11080320038354
9920,395.9975787595976
9921,410.9864349845557
9922,401.1894937232367
9923,470.98757850471173
9924,478.7695703530541
9925,405.22573941459615
9926,459.1319845887853
9927,520.7845339974676
9928,433.9769260130672
9929,455.5020577679225
9930,455.49393334845286
9931,451.08972082682044
9932,474.20361877372846
9933,489.5556404300128
9934,546.609068815684
9935,436.4530730876651
9936,489.6923253806011
9937,483.6737402698645
9938,459.5307940678188
9939,427.98425111113346
9940,407.5023162419971
9941,417.71847316295464
9942,479.5836267137344
9943,424.44563484263404
9944,421.90497546623703
9945,481.7723579672425
9946,439.933774112524
9947,483.35852860399797
9948,459.5892752355936
9949,519.461368985133
9950,447.7655501354905
9951,451.7886524443346
9952,377.67340063103074
9953,480.5654123556433
9954,408.4027305646433
9955,488.16999450103157
9956,394.3060854108109
9957,413.71557308702666
9958,469.08327957749395
9959,457.1515397553781
9960,463.27694466202973
9961,426.5364866836574
9962,458.4721399859075
9963,440.04624492667097
9964,440.7398206495115
9965,446.0179937843286
9966,461.192615955808
9967,400.0158301396248
9968,412.23292505574966
9969,473.107769564928
9970,401.66750207007533
9971,467.6384577472235
9972,448.2123408570485
9973,436.7195518999077
9974,537.4289979398261
9975,414.30633650465614
9976,428.9209902603552
9977,375.65458490834345
9978,459.0276906940724
9979,496.74000714649367
9980,415.1424541738331
9981,433.4568391730579
9982,468.44182116335077
9983,475.98315051279207
9984,378.65790946547475
9985,434.3097447206479
9986,446.31184990458934
9987,420.5209963691261
9988,437.60702992916987
9989,411.1172385281068
9990,433.3567154150638
9991,401.6455935276205
9992,417.0954175686424
9993,509.0645427640571
9994,435.9841168599732
9995,464.33021508562257
9996,448.5686163793494
9997,404.03217097778577
9998,471.7994509093234
9999,527.9421059009431
10000,430.6990868514078
10001,451.7825220619422
10002,508.1424240396038
10003,382.6253948533652
10004,410.3350910721936
10005,497.95812925506476
10006,508.73098545822484
10007,476.2619283199622
10008,384.95197648836285
10009,485.0301559933334
10010,456.8979738367307
10011,452.2584249881942
10012,433.85958470821197
10013,562.6957122673123
10014,342.39894256382576
10015,510.6543957195963
10016,458.1722620558206
10017,451.02157570152787
10018,477.71896860044967
10019,475.7548130251145
10020,464.18413238129205
10021,453.85195535371355
10022,459.61024369923723
10023,449.09889832401757
10024,494.4014796566575
10025,540.7214748777512
10026,412.25035281117096
10027,382.8703680155826
10028,433.2014961139688
10029,507.69692575288826
10030,447.8086295276605
10031,442.4312477440469
10032,423.6512253979895
10033,428.77225007726787
10034,384.662978482028
10035,457.49802786385607
10036,465.290311643288
10037,477.7355301847322
10038,470.28984174449386
10039,476.5504321439959
10040,394.0518046204704
10041,441.95422555414063
10042,467.0706150128515
10043,490.0458677902219
10044,436.0427051713617
10045,406.5747542880893
10046,476.2266198070023
10047,403.41902996206136
10048,464.79730325588565
10049,421.3692275725518
10050,398.2468298729259
10051,463.3277310051851
10052,380.2336436993501
10053,521.7725272581307
10054,423.62838119149234
10055,350.52222306360375
10056,542.2996608303312
10057,484.43574273845553
10058,407.6934624540356
10059,455.85311366789534
10060,465.7644076437839
10061,491.2062341506062
10062,434.5909198170979
10063,479.0610903029541
10064,426.54549278573074
10065,446.24947085359145
10066,458.3823249464446
10067,436.7406237630784
10068,403.12790155614897
10069,476.729525682287
10070,460.0012236945591
10071,418.95940365121197
10072,429.4415747063646
10073,410.5212272463304
10074,432.0022041569207
10075,437.37437364610946
10076,477.0840120804424
10077,483.3871692648875
10078,464.6612702022944
10079,411.47387839859704
10080,417.0779013844847
10081,486.7821452725747
10082,446.3040411084749
10083,388.714960983394
10084,552.508789256611
10085,470.2742462383628
10086,533.7657739640606
10087,483.6940649740901
10088,376.98892323234423
10089,473.19026118024055
10090,440.36206458221665
10091,418.61821164797806
10092,438.0859955788881
10093,419.03221175950875
10094,402.14103374653286
10095,442.728182898861
10096,483.2249982361231
10097,408.8297683813485
10098,447.93055366741703
10099,405.6403236027444
10100,393.3782406193617
10101,450.78568684534105
10102,439.4652843112465
10103,515.9509290482476
10104,507.30773379185996
10105,461.7182237283527
10106,504.6307962148819
10107,408.9683916079598
10108,443.05319408140423
10109,517.5715789837467
10110,469.02650703447904
10111,402.8459032260716
10112,431.64943813817194
10113,416.41602545293324
10114,484.82162742129844
10115,475.80805160412484
10116,433.18008886355807
10117,402.62643969034826
10118,535.7983188346666
10119,368.7510037406944
10120,487.30156337771757
10121,458.2362782342063
10122,382.7991171776698
10123,444.98154214778634
10124,463.1514647758752
10125,462.1097527896971
10126,417.78189497606803
10127,430.0247028110791
10128,434.35962422891333
10129,422.61829808768385
10130,480.9414962082548
10131,467.8226518958517
10132,479.53380603517826
10133,477.6854326518954
10134,496.35437999221085
10135,351.2071193145979
10136,420.25409182798995
10137,439.28343507250327
10138,362.5997771005643
10139,544.8261837895283
10140,392.5153957494094
10141,438.48886980577424
10142,427.99098516234375
10143,471.6371181480949
10144,440.52178659470013
10145,435.0987377283646
10146,441.6831086229725
10147,520.2670076651762
10148,410.56795798318655
10149,495.4102038430837
10150,469.05087360411994
10151,466.5826737691113
10152,449.32410040940863
10153,485.8983507407256
10154,407.27095781068573
10155,391.3045024182705
10156,427.7650837049973
10157,517.9818765525303
10158,405.91245516259255
10159,424.8269882370188
10160,396.2195972853915
10161,469.82609332625697
10162,399.64439059415014
10163,442.4285867578146
10164,450.97142404483424
10165,435.6805831265555
10166,410.94598328343005
10167,521.7274696072689
10168,395.1955408302347
10169,451.3327175473252
10170,451.92251907022165
10171,369.7380801334929
10172,487.15933680618457
10173,400.3243716071566
10174,436.0880975856636
10175,396.49920234515406
10176,486.2444946853066
10177,422.54831779702397
10178,496.49504207899645
10179,456.34779529259015
10180,473.14055881753853
10181,488.937650117445
10182,428.5116416790449
10183,410.8487016884654
10184,410.23442135397477
10185,397.57587089440153
10186,479.2353028473468
10187,440.58664486616397
10188,418.3623726449037
10189,469.4473464222278
10190,496.4206704246902
10191,462.4286785493322
10192,481.4970501841
10193,371.55793067776597
10194,451.130259572087
10195,398.8126769820463
10196,522.8209948683586
10197,469.97337494647144
10198,487.5547524810347
10199,560.0948513564391
10200,476.63359972722685
10201,468.0450855061317
10202,477.52860763270775
10203,468.9319436332245
10204,512.1665271399213
10205,445.3774408704602
10206,475.5265222237235
10207,511.9168017105741
10208,383.69354710243346
10209,367.1286404084801
10210,435.0611511067002
10211,510.715250520356
10212,485.06290494467436
10213,484.70356617667534
10214,470.37751614708606
10215,485.4658780221396
10216,432.92811367651365
10217,466.60546606182805
10218,447.2952883409993
10219,450.49664498152157
10220,464.152648550531
10221,524.764356168136
10222,403.7050142883355
10223,399.9796576850128
10224,435.0749649161314
10225,417.67698705804304
10226,472.84576173515785
10227,382.88294281738894
10228,451.1141209338247
10229,445.44748450039145
10230,399.4397685612307
10231,495.3063977792644
10232,423.574185186537
10233,497.6989192036111
10234,470.08735682675456
10235,437.26615705409404
10236,484.89792087192023
10237,448.24334424013506
10238,470.18595928000724
10239,459.61407770488546
10240,466.33321734660376
10241,455.92932413560334
10242,442.9025415769675
10243,441.49099374090895
10244,490.5941961443843
10245,443.80665010738386
10246,405.97209511910467
10247,486.4133228894275
10248,478.4423847722726
10249,376.84893162691174
10250,512.0195433028516
10251,440.04728084915325
10252,444.90400122983374
10253,416.53744131044084
10254,470.96169431246074
10255,467.2186799496346
10256,461.6624938297989
10257,429.39568244523446
10258,451.49203178589875
10259,485.3092612471814
10260,489.3833352802027
10261,452.3282828145899
10262,389.21580822065204
10263,391.6003506962843
10264,464.7908495830874
10265,460.06197660130795
10266,440.9142753095774
10267,491.6297127930385
10268,437.8576784815793
10269,403.80814369423524
10270,428.90572175484186
10271,441.37698338722106
10272,441.27698677128643
10273,430.83597001664646
10274,458.51629692346984
10275,446.4420241086184
10276,401.39217653759266
10277,453.3868722082708
10278,395.2843212598664
10279,458.95947669358316
10280,480.2469173396642
10281,433.04276034187643
10282,447.174077694761
10283,486.66271877507984
10284,456.72843462043227
10285,383.0120463478883
10286,474.00488368902586
10287,492.3856164528752
10288,403.01444350140855
10289,473.4248566813654
10290,434.5924698293605
10291,422.9597811573724
10292,431.3029790876735
10293,491.6254930788023
10294,391.8045966932472
10295,450.8485117204468
10296,469.92034506803475
10297,335.15829489236
10298,497.6895551644072
10299,480.7016464281105
10300,456.0688181261132
10301,417.24197712539655
10302,473.9372503610116
10303,443.64148753798537
10304,454.6893665985127
10305,482.6780176256871
10306,458.47797558523456
10307,458.3015160466512
10308,442.3477908657091
10309,452.13087768181555
10310,419.67610353128407
10311,512.1015697069595
10312,440.12103587752944
10313,514.2206396447531
10314,440.605319296305
10315,483.8213454880054
10316,410.33261141724284
10317,439.880112227458
10318,523.266696075544
10319,526.5383035057365
10320,474.04492309965997
10321,523.8965091534621
10322,484.61440786869014
10323,531.5726265878187
10324,471.129897403206
10325,468.7061057334682
10326,439.41182874897544
10327,543.9178965924712
10328,426.70254924454076
10329,368.9704549616362
10330,483.9400352092326
10331,427.4093474691165
10332,392.0108570607131
10333,417.002412414412
10334,420.25138464644596
10335,523.0640760480296
10336,492.0706178322933
10337,501.07906420705336
10338,493.02634173961087
10339,451.8396766332157
10340,428.6413973161726
10341,538.7088125962028
10342,437.731602364139
10343,409.2672802815729
10344,425.60497203416895
10345,439.28438766194546
10346,468.8786224366479
10347,386.26215084280574
10348,431.9283134541629
10349,457.82150189875966
10350,439.93725084975654
10351,461.2472528754531
10352,490.8055131881782
10353,501.918939385102
10354,423.4143905873278
10355,447.35785923673916
10356,516.4700837326124
10357,456.01736935154764
10358,479.5013122118332
10359,501.1338506491562
10360,458.8084879205825
10361,484.8461021932102
10362,506.48323866285364
10363,440.4188711955295
10364,520.0818102474756
10365,464.1127390767187
10366,449.2896276969177
10367,489.775719534106
10368,419.9574910922226
10369,517.9213963745767
10370,477.22106221821196
10371,410.8929325633344
10372,460.90339358725925
10373,425.2507294588576
10374,416.2411911399994
10375,450.5636985082436
10376,412.9764247115202
10377,480.07655829603715
10378,424.03077140807915
10379,464.9274548440471
10380,421.9779864555102
10381,460.6472401080655
10382,391.95472905917705
10383,453.0279295050022
10384,525.207676510193
10385,457.21462494683703
10386,456.4143463391238
10387,490.63447350438526
10388,464.5991038777458
10389,443.05575293796414
10390,478.9137837466695
10391,472.02408979360143
10392,399.2041462771234
10393,477.7758093311147
10394,438.4805127526975
10395,413.2366325619625
10396,517.0805300476089
10397,467.3531619147942
10398,434.42326429201563
10399,393.4194740442629
10400,526.738276465654
10401,508.7159310958467
10402,459.2277307325921
10403,516.3529447755425
10404,446.47829775338573
10405,484.43700227002586
10406,481.89826424502115
10407,378.7013505777136
10408,437.9332713239731
10409,329.8067319382246
10410,484.6318570939533
10411,457.71092963564286
10412,438.5527977045796
10413,469.1052331399538
10414,401.8643054431486
10415,446.1102697961326
10416,478.96349975538004
10417,481.4577386747091
10418,423.4389716989505
10419,442.21415116733203
10420,470.4845095315261
10421,438.3843482444712
10422,417.61435345753057
10423,454.67356372916214
10424,439.7177727616717
10425,476.90063335971865
10426,494.8419948675376
10427,462.6932322158585
10428,449.23961653827564
10429,432.08390111530395
10430,415.2135937267253
10431,463.1083678537359
10432,415.353898979887
10433,435.3509304055697
10434,411.7081155303552
10435,474.90453110677214
10436,403.58160101016097
10437,487.01622608061354
10438,498.04825459490735
10439,382.24086398312903
10440,458.1217052694437
10441,402.229077536392
10442,507.70914127513987
10443,437.7821233378383
10444,465.39385717727185
10445,445.8358647016862
10446,419.890727357926
10447,484.98135259520717
10448,437.5583466846673
10449,480.7818868705975
10450,405.39953286371593
10451,398.7382514771067
10452,442.5772911392386
10453,466.3291677880028
10454,507.3080961165035
10455,542.6527475401803
10456,431.7045460532237
10457,422.5441055660631
10458,514.2611401437786
10459,482.3227674828729
10460,451.17212522114033
10461,405.4711354788404
10462,424.57028609285817
10463,444.46935656901144
10464,469.55433956265193
10465,381.3493484573011
10466,450.8865931763369
10467,430.87874011121215
10468,441.08621778248573
10469,431.5702706443662
10470,416.4493084673416
10471,417.24328757447796
10472,436.6586976822807
10473,476.0365039294536
10474,435.9223237860042
10475,417.31288156690727
10476,468.6154918772226
10477,493.2976657895871
10478,405.7857355478564
10479,409.32245805320434
10480,433.5102796395079
10481,450.4431072757164
10482,462.7809252560163
10483,447.0065650065479
10484,445.1604728792126
10485,416.80363105506734
10486,486.8666662759402
10487,430.1737949389677
10488,559.4373424437613
10489,420.7369011096633
10490,451.71359987283097
10491,460.5783345665089
10492,490.68089850669475
10493,417.8864654838495
10494,533.0223582234639
10495,496.1079268405698
10496,418.7434972805258
10497,445.46173745189725
10498,515.4609362023651
10499,430.4596947112188
10500,432.30634553117625
10501,376.7783041403938
10502,386.37859201909345
10503,413.8678164159093
10504,396.2508148482928
10505,455.73686095071685
10506,495.71074641928755
10507,401.2578448510854
10508,481.1204524666107
10509,428.4984515424261
10510,463.19977238449434
10511,448.6502944800457
10512,431.3105849720993
10513,449.6404900722359
10514,503.25039294729595
10515,381.037064889392
10516,443.89315974912364
10517,443.12373289339956
10518,385.98334458729437
10519,396.6952551784336
10520,473.04399540027856
10521,500.2450193481289
10522,414.72589581461165
10523,412.5124055992468
10524,453.4267588967628
10525,512.1708360308564
10526,482.9254853985486
10527,543.0524878318873
10528,396.9752308963932
10529,518.8991305356159
10530,503.1872497465874
10531,411.1304314566503
10532,481.7004337163547
10533,540.0616652346843
10534,489.0663113969623
10535,510.55033127549615
10536,407.54005104951267
10537,473.36922764774687
10538,421.62562847459157
10539,400.12122717553973
10540,417.2510119880212
10541,478.76953433514393
10542,368.71217306806375
10543,400.6979237313335
10544,439.03673625948375
10545,436.5562604591458
10546,424.78631383954064
10547,477.07267198070724
10548,448.53243083806717
10549,486.6633817253272
10550,469.83708047546577
10551,387.136127797025
10552,413.64879593672936
10553,438.0093161539733
10554,514.4315184626774
10555,425.5917792566172
10556,492.38091561837285
10557,570.5667117603804
10558,423.268393750547
10559,464.9387927119321
10560,427.63745228491223
10561,449.3768801522603
10562,461.5106726953197
10563,454.94463987430987
10564,336.611707522958
10565,364.4864900930044
10566,424.9480809368245
10567,492.18987673779867
10568,488.9174421965577
10569,374.38445205639084
10570,396.29582154284964
10571,402.837695998511
10572,445.91279362840777
10573,451.8283320022757
10574,451.12153971487965
10575,437.63254223950133
10576,403.8686627737308
10577,379.7467285591005
10578,422.439017702136
10579,467.5930685330634
10580,474.9203372026201
10581,408.8664418136374
10582,499.39013186021685
10583,486.5573339233964
10584,396.138469781316
10585,458.34797037597934
10586,484.39078789618185
10587,471.81304158759315
10588,439.5028209833782
10589,489.521134100009
10590,477.1634505653542
10591,438.79293979891355
10592,525.7851285534625
10593,464.94806887039346
10594,419.508306495913
10595,395.1527715392262
10596,575.6136547260319
10597,509.107072180821
10598,543.6670981677435
10599,443.2759005880951
10600,447.0863342364074
10601,389.1290637058041
10602,415.01785529717506
10603,509.31789116121683
10604,419.3711560755044
10605,471.2535277678783
10606,473.58842683998506
10607,460.961463290736
10608,425.30863804369073
10609,455.7614527017776
10610,474.61067198243853
10611,454.8167704120216
10612,481.84122621700067
10613,406.0090780636723
10614,469.6785938002888
10615,505.9987610969045
10616,464.8692971473316
10617,428.1838074499958
10618,456.88255202892407
10619,385.3525687590823
10620,504.7275536971367
10621,464.36972755673787
10622,492.4419000403139
10623,474.85152972804667
10624,480.16781856362974
10625,417.4951214604348
10626,527.0601349744866
10627,519.1865866168911
10628,465.38711461611985
10629,411.87422006489135
10630,491.3782306602609
10631,508.4252265550808
10632,421.2819568163744
10633,470.0650642011381
10634,497.9740999157563
10635,457.0360887804505
10636,469.33679502893875
10637,425.80310188989046
10638,523.6038518027275
10639,431.8182088033677
10640,462.60841623655926
10641,390.554201041028
10642,481.870985456167
10643,465.11522205007327
10644,387.9232139348056
10645,434.0959521914456
10646,455.70714239520544
10647,483.708976739382
10648,400.15787742996923
10649,440.82502352770376
10650,473.3459375886031
10651,483.7913045761849
10652,471.19448435968724
10653,504.3847118533771
10654,368.8152526580957
10655,428.8549799919874
10656,473.82514630338005
10657,388.18257962516196
10658,482.1149569840877
10659,416.26422456485636
10660,456.9836056606362
10661,409.0915803583488
10662,374.695659692798
10663,486.2514420239057
10664,492.1088920370903
10665,441.38949296701844
10666,473.4152667713031
10667,467.8752422498475
10668,466.50386295191953
10669,405.90730730441766
10670,461.77543427437075
10671,382.25188691941696
10672,426.1194127180384
10673,442.38006386744996
10674,524.4926908956945
10675,541.2396685690575
10676,449.3789591125006
10677,522.7889501701069
10678,407.1821184410422
10679,403.4024334200219
10680,451.97887110909704
10681,447.3915000659758
10682,422.33785641581943
10683,463.54553918641204
10684,440.9515921448798
10685,465.13699825137127
10686,451.0104873512268
10687,403.35024596023584
10688,409.81581021805073
10689,525.9819536743603
10690,482.0325565581923
10691,369.93654276941
10692,482.0045968658357
10693,504.3553802534027
10694,449.3561762258583
10695,427.8144250561906
10696,462.35879097025503
10697,467.3867360311063
10698,487.125618710746
10699,504.46889221564146
10700,496.40655231850855
10701,513.2915845920883
10702,447.2035272815838
10703,457.90441454459057
10704,444.762287963409
10705,449.73458362269605
10706,434.25096756351223
10707,490.23283665955137
10708,394.07200516550546
10709,444.6718532409422
10710,446.54945591371467
10711,484.34251964724086
10712,416.2834175139649
10713,502.2772846267061
10714,456.994547625913
10715,465.8353008064401
10716,467.54983436189355
10717,373.0056354287937
10718,400.17121162193274
10719,477.1676985496495
10720,456.76810912637745
10721,469.5176399768275
10722,473.2826636855712
10723,460.27749690144884
10724,396.707581434305
10725,495.3331754643345
10726,460.8037553149614
10727,486.83714350391665
10728,411.4773925220057
10729,452.839242782916
10730,459.98775032834266
10731,478.4671525562787
10732,436.74120133661086
10733,397.89178878963054
10734,430.3681465214377
10735,441.76488756896214
10736,404.82134190670996
10737,445.5556831115667
10738,462.508606208627
10739,451.2508022877973
10740,537.4511560374024
10741,438.5855147922961
10742,518.1981747509035
10743,412.00986661840756
10744,509.9908708447618
10745,457.2825692573525
10746,478.84198620884865
10747,427.8361307745737
10748,408.90912035377295
10749,423.3600906668861
10750,427.37359050637343
10751,536.1138077759226
10752,389.04040140572357
10753,460.3307708372317
10754,417.3904526756767
10755,501.21913849261534
10756,520.0757513926286
10757,428.9896471457651
10758,446.90415230342546
10759,485.58799324663954
10760,399.56830723222504
10761,464.4296515079666
10762,425.3348021054203
10763,413.5472137684423
10764,489.15752122668005
10765,428.9252903616283
10766,428.91756258075446
10767,478.4634700610417
10768,502.91545322126325
10769,481.150962560513
10770,493.6396899295348
10771,453.6629096105592
10772,457.2795323271532
10773,412.2588084135593
10774,404.50271645380764
10775,458.11132433646327
10776,466.1438023451879
10777,486.68883876631855
10778,482.1301795050779
10779,574.7549708778253
10780,467.7884555224065
10781,474.73937504258635
10782,502.86052869569596
10783,407.3647005909198
10784,534.8094090856446
10785,426.0138322991056
10786,369.5190275013062
10787,496.6907678213358
10788,432.7840750822813
10789,437.0279881607849
10790,409.21324439071134
10791,411.5797972580252
10792,379.61786842325904
10793,440.9208981251215
10794,503.7622920172275
10795,451.3658057096781
10796,503.1896537168001
10797,515.7713985204297
10798,490.60745218381106
10799,384.79910330279495
10800,510.40870785764673
10801,449.14276203817985
10802,465.16384793155305
10803,434.7164919314088
10804,439.26592097167344
10805,397.47895699741827
10806,394.6095344743368
10807,454.0485236574447
10808,431.23921842370373
10809,458.78331719597577
10810,466.3142414715366
10811,428.1081380891116
10812,456.5345745969128
10813,492.62286064965934
10814,461.6822858782617
10815,408.9693209419151
10816,454.71664649511155
10817,447.8736350164713
10818,477.64986982962637
10819,451.27020761032395
10820,437.54888445048346
10821,471.9451225348287
10822,513.6021052646311
10823,470.1609281469188
10824,541.5715323128857
10825,481.99895203639744
10826,441.85118120292964
10827,446.81765177699106
10828,472.9568420588273
10829,485.5487778058734
10830,416.9722790229741
10831,499.1336202206051
10832,422.339479956916
10833,500.4762909060595
10834,481.2255550371138
10835,490.090336384585
10836,436.09691560705284
10837,491.5990565779056
10838,422.49023745223957
10839,430.5249238495868
10840,447.3021428622656
10841,484.21637881113946
10842,416.6975656010085
10843,390.7257847711022
10844,479.2390722339932
10845,360.8819613933297
10846,446.4134710415209
10847,464.7665571298684
10848,476.27644243449816
10849,479.95591380239154
10850,473.961099016684
10851,523.8088716371973
10852,377.8889582588882
10853,457.09152801812655
10854,507.85181540760436
10855,397.13091120118474
10856,454.84740151241067
10857,334.5056130834735
10858,469.02121982711674
10859,440.3425218876013
10860,548.7352071615045
10861,467.98582240603224
10862,436.4330045510433
10863,516.7590347096198
10864,431.2002565589933
10865,439.9281977143287
10866,550.7626324038971
10867,430.9209479559184
10868,392.3768563225893
10869,440.3710555690547
10870,456.77785750206453
10871,398.17391387823295
10872,486.84128050564334
10873,446.16081024679136
10874,444.03487096578465
10875,472.91707495359384
10876,507.6721947610059
10877,421.25269035983285
10878,472.3653984599271
10879,386.9638315618327
10880,484.47655595329263
10881,538.4872912619342
10882,480.9358833841512
10883,461.5297750014044
10884,434.8460273881548
10885,456.46442327427656
10886,419.02602315481073
10887,400.3989733853987
10888,453.66761622134123
10889,464.9732441187396
10890,432.02356127096294
10891,423.16757297891917
10892,480.8355103177738
10893,455.45118480711494
10894,396.08195119726645
10895,519.2553836311894
10896,463.5487512210077
10897,467.99814046405544
10898,498.71539505492325
10899,459.82843239376217
10900,401.8030661753678
10901,453.26085140879655
10902,410.0207746306461
10903,484.8960288917095
10904,441.51619445397995
10905,421.94625752289454
10906,464.3814260409157
10907,460.5996687595546
10908,401.82797068045716
10909,433.5097402111098
10910,387.0919581490294
10911,475.0843606102359
10912,433.92262168663547
10913,441.00042268034633
10914,516.0518025723777
10915,487.1334855574186
10916,453.894297515506
10917,412.89367762230705
10918,414.8113526880665
10919,534.7384223540566
10920,365.90188232050093
10921,374.9839381413482
10922,426.56660705368563
10923,445.7233384608916
10924,509.6849180604031
10925,446.4769759470407
10926,359.7192882973813
10927,428.6323939321302
10928,433.4176097749481
10929,459.22441136417507
10930,442.1457008626993
10931,444.1577219579049
10932,410.0122586602401
10933,471.7563315656269
10934,453.66177217396813
10935,401.1751669476243
10936,443.39392396704596
10937,434.0965269413465
10938,443.1234407738025
10939,476.93630788764256
10940,472.538562850621
10941,448.08054362776136
10942,414.3291195070357
10943,402.13281430333507
10944,389.07768133344985
10945,458.4374421804518
10946,379.9735521269212
10947,466.6518275458115
10948,499.7901600875874
10949,451.83461232236306
10950,529.0452212776605
10951,411.9403371471838
10952,424.09221959797276
10953,463.67329121469595
10954,485.74408259621936
10955,450.04650489640096
10956,470.07519653644965
10957,472.1342174698023
10958,492.33668185718324
10959,420.79082658895146
10960,427.2474817446023
10961,431.84726557089107
10962,438.0043095415752
10963,421.9610755795268
10964,486.8509171565914
10965,465.0815550419265
10966,481.47169813862274
10967,462.56803887995767
10968,485.2881493083296
10969,364.3795793926698
10970,499.44539382344146
10971,412.59540712785093
10972,416.94907583186136
10973,466.83595817630743
10974,396.5282438297144
10975,434.3292802215512
10976,509.24271043531803
10977,485.2817962964606
10978,460.0410368874511
10979,474.67801586753643
10980,484.6769143207341
10981,377.61371935208416
10982,412.20747223131514
10983,412.34741418944554
10984,483.37902221144253
10985,466.18753392022853
10986,537.8419479805511
10987,426.61716369540164
10988,486.9885662575852
10989,411.16642714026574
10990,358.79802164746644
10991,432.9882817409137
10992,457.15125575879665
10993,457.7531494562043
10994,475.95877811616043
10995,464.3387963002489
10996,479.1773496048696
10997,393.71058709321585
10998,482.63588298822515
10999,466.361480083294
11000,479.9968789171149
11001,469.73600325388844
11002,488.45456065061245
11003,426.22968846564936
11004,448.0949730836174
11005,466.7718301338344
11006,437.6562187081931
11007,411.41665975238783
11008,453.42572090581416
11009,519.4698672671278
11010,463.9683205268823
11011,501.7931131366102
11012,501.90088628444965
11013,492.4101046856176
11014,410.5820273229496
11015,471.06002254900847
11016,499.7250259131074
11017,462.27031047348544
11018,517.9700489728112
11019,480.1765818903452
11020,542.3693034252991
11021,482.5829029845325
11022,403.13580506128056
11023,441.4571973333498
11024,501.9768087921048
11025,379.0653417751131
11026,384.7684368897663
11027,384.2964719762249
11028,444.9809281290024
11029,334.2923014627048
11030,500.78599282370317
11031,475.851828981352
11032,410.78608831898634
11033,450.2153182579413
11034,498.70547150431594
11035,502.369255611039
11036,389.25139464343914
11037,404.6396235287624
11038,386.6535531340669
11039,441.99302857887204
11040,448.27789890657795
11041,505.10394398600306
11042,397.7568954267863
11043,350.9359969800998
11044,460.1392726346357
11045,460.32842337248815
11046,418.5567174416133
11047,454.13508678402746
11048,419.22605924171376
11049,469.0085573431448
11050,464.4553117562796
11051,439.06133134548503
11052,491.48541530400433
11053,430.529280820694
11054,486.07334355778505
11055,493.31936285337207
11056,384.48697847317897
11057,488.14957771243263
11058,435.47915842027936
11059,448.47729078852916
11060,469.05974130375887
11061,472.3537045345626
11062,438.47456085007144
11063,468.55360750007253
11064,399.172974406889
11065,432.4221542979146
11066,410.356033331326
11067,431.5851824664933
11068,475.2910422448319
11069,474.4276784917445
11070,364.3687789493684
11071,502.9399737219724
11072,418.0022930463718
11073,518.1889924122681
11074,435.1425004168357
11075,450.5953949858566
11076,475.08649402441574
11077,456.67386104632703
11078,407.29558623950066
11079,406.29529818371276
11080,437.6484880690269
11081,446.39080393101625
11082,553.7740728144186
11083,515.3405936163052
11084,399.2381764798341
11085,448.6654254610514
11086,415.4341897333647
11087,444.49622493325376
11088,477.67235518303374
11089,505.72848150522304
11090,433.2796111087542
11091,427.14105948319997
11092,425.61315811755975
11093,485.5925981890571
11094,450.6187418005634
11095,433.9048034467105
11096,416.23271400914786
11097,473.27375383199114
11098,358.11670699876527
11099,366.5087499266418
11100,389.8841754766591
11101,411.6246837546045
11102,453.98170938302474
11103,488.0303865774152
11104,444.5961553555825
11105,452.56413540592337
11106,502.57495949216093
11107,547.6691789000728
11108,436.67886039870893
11109,473.77675188590473
11110,494.4297533180594
11111,402.40864201277253
11112,406.207018619554
11113,412.8112041482586
11114,425.1431922430171
11115,486.5807777453821
11116,442.7000353925301
11117,432.6736624118088
11118,489.05457069385966
11119,356.93558252594914
11120,498.0626447753823
11121,449.8493895780039
11122,448.07574585427517
11123,448.6588568345173
11124,517.1009798730245
11125,500.6568559343329
11126,481.8384139854817
11127,454.8447480407279
11128,460.71203036274744
11129,421.432979316262
11130,472.55108186381983
11131,472.8709405533633
11132,458.94714034400437
11133,474.98534400360325
11134,456.4901575123899
11135,439.52994297232146
11136,448.33925113804395
11137,542.2355273439853
11138,408.863242474837
11139,416.0275708776427
11140,470.12042038029466
11141,522.8455748462513
11142,424.02212339694046
11143,506.7325863099867
11144,492.2042063188796
11145,432.29313685071753
11146,459.21109529651346
11147,427.1507189324453
11148,463.41171947868
11149,402.1588401045588
11150,442.29283653556666
11151,435.74185247725353
11152,435.3489699140405
11153,479.40470020776695
11154,435.7187219853065
11155,443.86504704322755
11156,413.57897316757806
11157,494.97346311938935
11158,465.16229786314017
11159,407.83575750314884
11160,389.6125420618173
11161,373.3751674616443
11162,447.8110904235089
11163,447.0492598917626
11164,452.2838462238982
11165,406.4738329865836
11166,451.9604829763657
11167,483.8937100437503
11168,491.41100547041447
11169,449.32580218817617
11170,475.886495221428
11171,413.73160193773737
11172,429.3133349128932
11173,456.28192131428045
11174,476.1339108675977
11175,502.64967290108837
11176,435.70703371932535
11177,492.637409930092
11178,448.98117997771914
11179,431.96958279204244
11180,477.1713350232904
11181,481.21560005856537
11182,446.87049053785597
11183,380.94907149593877
11184,390.4717523354903
11185,496.8712911611422
11186,445.34496203518654
11187,392.3547941765533
11188,452.34489897746516
11189,467.14000602981196
11190,427.8358780017851
11191,492.22792986205934
11192,462.29166125108867
11193,507.1445134230914
11194,441.15083634956045
11195,407.5006875649362
11196,444.0484045296329
11197,362.87164657532617
11198,502.0077337969601
11199,484.9369395431973
11200,485.8748183355209
11201,417.96850690600644
11202,441.43421665210315
11203,411.02110219580675
11204,452.290371033084
11205,462.78247696078927
11206,416.7949735941043
11207,460.02198441493806
11208,415.04463540846206
11209,424.6968415750241
11210,465.62416743906175
11211,472.0882180990162
11212,427.66493843607486
11213,448.9043832396533
11214,479.051768332214
11215,471.34034417808465
11216,387.0058646928893
11217,426.2100032278054
11218,401.4292973236442
11219,458.5076162898686
11220,454.4535670886784
11221,454.42761272083715
11222,525.2866652954933
11223,425.24585660657795
11224,401.0120177046542
11225,405.7778488800159
11226,393.6686381385112
11227,433.8399213324301
11228,433.8203952400561
11229,417.9886236322374
11230,421.64959188614694
11231,477.62694624930305
11232,497.0506250297525
11233,483.44917689323626
11234,478.88868721201874
11235,520.6594471130282
11236,429.30894338716814
11237,465.2077378355124
11238,441.02736471726445
11239,557.9255411970274
11240,456.3091336571114
11241,472.36516104368354
11242,439.16321837766554
11243,427.1068019033332
11244,434.32854006851545
11245,505.61059995314685
11246,385.0103644419336
11247,440.94225099896477
11248,471.500655264075
11249,461.73905357812845
11250,460.2433448656268
11251,463.0495735029496
11252,465.19730671131043
11253,529.6998020235745
11254,457.8621842246081
11255,508.1114114797705
11256,441.7010720549877
11257,453.9370182875463
11258,435.30738399210236
11259,389.13203167232535
11260,463.93876931229033
11261,469.9357732837719
11262,433.4731034776617
11263,396.2742522097551
11264,443.3995953928799
11265,442.07641137580913
11266,524.5727481865825
11267,480.5229583233955
11268,393.0173619377621
11269,427.5824373434268
11270,524.5106857687144
11271,394.6324606865551
11272,485.14962191984966
11273,482.7626750011982
11274,409.4528633748955
11275,494.1504792433158
11276,461.0922791441891
11277,472.09117138242107
11278,387.91873502824455
11279,410.3794271726157
11280,413.38647365555306
11281,458.23174995036203
11282,473.30489979443286
11283,411.8244371672112
11284,424.4127828850117
11285,471.4841160720988
11286,500.9692708831086
11287,415.40415413406544
11288,425.4629566168171
11289,480.0541855363737
11290,509.5654858734768
11291,422.8741693360433
11292,492.7908848241167
11293,421.39729261865426
11294,396.48202198433546
11295,451.695808544011
11296,469.3635747907286
11297,476.60017356795635
11298,513.1520481974087
11299,451.51031199098605
11300,384.6781651405395
11301,489.9458800196139
11302,451.7516922438599
11303,448.4645580725097
11304,421.8323858874385
11305,413.5185141741447
11306,359.8777750254272
11307,459.7665917198904
11308,444.422970069866
11309,432.76491861092364
11310,436.6069637394798
11311,551.4460863249551
11312,497.93407328574216
11313,478.8781896222024
11314,353.9219108507679
11315,391.71189813128115
11316,484.62914361349425
11317,373.7217621044709
11318,496.5791766516372
11319,472.64100363157695
11320,410.54173233248883
11321,420.2212608317963
11322,478.99495162095457
11323,463.46928229113723
11324,469.90186084785444
11325,406.16854730306414
11326,420.87317631748397
11327,405.28362695002767
11328,485.73672924491717
11329,453.5272900400912
11330,450.30492573123536
11331,428.7826298468394
11332,486.357175907867
11333,359.51264902462236
11334,449.80974376184207
11335,435.17327047498986
11336,455.8627437676309
11337,394.5162830700189
11338,481.67759045046876
11339,505.0123608149879
11340,479.35907350204457
11341,410.56720596431825
11342,479.99334740350105
11343,430.08426826135735
11344,481.19907411587724
11345,526.111493202917
11346,458.7328510506192
11347,415.23464009813756
11348,411.7818959560201
11349,475.0144219284244
11350,476.1041260802102
11351,433.418682796053
11352,482.71498699327776
11353,407.6594105164515
11354,443.1847231350215
11355,421.9338292196649
11356,488.35376177806813
11357,509.264358759556
11358,380.63685797908914
11359,479.0720435520066
11360,462.14267812201916
11361,418.6526036154223
11362,402.03731482460626
11363,408.76089535864986
11364,529.382064091329
11365,416.00446459353043
11366,511.7798049804568
11367,451.31268728493103
11368,514.3750824712629
11369,453.1564658979461
11370,533.685280311581
11371,467.8908242133698
11372,395.8088740434593
11373,409.3614074784899
11374,416.3672954662812
11375,507.8621711163081
11376,406.4549203675298
11377,532.2979782743184
11378,534.204587260678
11379,436.9728006697432
11380,413.4740249621965
11381,436.50357882554215
11382,474.7842942603162
11383,456.30359115714145
11384,424.1642913506368
11385,471.9571630887999
11386,455.8949590633581
11387,479.131930350052
11388,426.2294606828974
11389,403.0020336854748
11390,457.72586980256125
11391,446.78058851947145
11392,451.35687051141
11393,469.04408167988066
11394,414.62496397442
11395,502.9115815575248
11396,403.1803549479982
11397,372.8244697739708
11398,428.19252238877505
11399,416.8879983798083
11400,467.23599519797796
11401,467.7258034902434
11402,418.0597839823488
11403,396.22130152841
11404,464.33853632951343
11405,456.34450097610187
11406,479.39590755010045
11407,405.7227261212613
11408,466.8359870572612
11409,494.8283983760359
11410,455.75125801118645
11411,410.64285555549185
11412,449.1107225068208
11413,486.48876135463183
11414,452.68608705942336
11415,466.6519326531959
11416,397.7213572762525
11417,454.8193057713044
11418,467.64501884711274
11419,529.5475179979666
11420,573.1520855148527
11421,386.8949939318894
11422,401.1012152521298
11423,404.994739998724
11424,453.43696751224394
11425,429.455070486908
11426,439.71643758891895
11427,495.8786145875005
11428,469.5393884464828
11429,445.0843065800931
11430,480.1588676159567
11431,463.1010797259385
11432,456.2253235214839
11433,490.670731216977
11434,448.59535182894837
11435,518.0857034868563
11436,451.3938643866161
11437,457.2213315028274
11438,498.50006377168916
11439,365.402635593695
11440,441.71799774415956
11441,444.3973430089237
11442,506.2347507265208
11443,514.5901575966261
11444,509.7041326330004
11445,501.55000566945336
11446,417.16906238290755
11447,457.1137030709974
11448,423.56845546883903
11449,476.6855876629978
11450,427.80142403626616
11451,478.93240027836964
11452,413.20512168361387
11453,441.60510691489515
11454,423.14140569357903
11455,436.378584126947
11456,398.89825228447967
11457,499.2538718202802
11458,468.3810996091904
11459,492.7452909825841
11460,405.65159115188237
11461,454.13510708743325
11462,344.71392267841264
11463,453.3565614033638
11464,480.40236914408564
11465,477.6029101587408
11466,428.2452148073031
11467,414.83093320510295
11468,492.36519008855566
11469,507.4171037773692
11470,474.85324456561335
11471,504.59159260909104
11472,388.97685596454886
11473,455.33873648446945
11474,449.4361685045539
11475,455.35012099233813
11476,446.7212282308755
11477,455.20654811414744
11478,402.90288287828946
11479,440.9719802130145
11480,446.11880538786414
11481,438.9624603752346
11482,421.6889492705971
11483,510.59408049011756
11484,496.4480947234182
11485,429.2989396998757
11486,411.5911019271825
11487,493.92544044943304
11488,495.30447605720764
11489,525.3894720687546
11490,415.9952808363191
11491,409.04147576102065
11492,559.0376043271075
11493,412.55182181778025
11494,500.0162706204223
11495,486.8801483976572
11496,410.37126993269925
11497,446.45331763189677
11498,449.0257681373113
11499,499.14114899762035
11500,466.6468195462754
11501,460.90941628303113
11502,409.1554682983889
11503,445.49041788446874
11504,462.920700614564
11505,444.3076773218814
11506,411.1565884137364
11507,483.78881695198515
11508,489.9276874879809
11509,431.4456112338635
11510,529.8892215296316
11511,487.60085723486054
11512,426.84701157439906
11513,397.51500537722666
11514,430.51307118121804
11515,449.6705134729579
11516,441.41816182384525
11517,414.0662753521956
11518,371.5026838751253
11519,480.23662536172515
11520,477.7374433775912
11521,550.6223350201738
11522,550.9567489724955
11523,465.6735485319109
11524,414.41198623698835
11525,477.6054125543733
11526,447.2323073277816
11527,436.01689990555315
11528,468.9340445762217
11529,541.8784879191355
11530,420.7454808149196
11531,488.5814266478291
11532,465.85153927951285
11533,472.7805694815853
11534,456.74572637722036
11535,449.32276568084364
11536,371.7457139041725
11537,449.2039036846761
11538,411.61730138952305
11539,455.29614052081723
11540,426.46171479566647
11541,439.66342111305624
11542,439.17671207489644
11543,435.55408756121886
11544,366.11011677958857
11545,462.1791804123494
11546,468.2928083114445
11547,468.79120506189514
11548,459.53305546093947
11549,465.80370869082213
11550,474.79025970175553
11551,496.88433319250237
11552,420.0760343224689
11553,423.63591448669337
11554,422.5361148180668
11555,475.30617598930456
11556,442.89032336649126
11557,465.6778127737106
11558,459.94274097349955
11559,478.8085972696896
11560,495.3270328410277
11561,413.05532725465673
11562,495.1318880493015
11563,483.62126972629216
11564,469.7101263904894
11565,437.7876570625145
11566,552.8648352248043
11567,408.28622701297184
11568,434.5609605869743
11569,442.16201676817434
11570,590.1481349656824
11571,521.2905845567162
11572,358.8783964440473
11573,462.4549041598583
11574,465.3541851412625
11575,445.1671893234624
11576,473.2153636763426
11577,476.94595256422735
11578,471.6028018998944
11579,496.6891934014824
11580,423.73832998317283
11581,469.87251604110855
11582,471.23445490410944
11583,449.03569190581584
11584,479.1201651287933
11585,421.1133170552704
11586,461.16321024863674
11587,450.12029339495535
11588,450.81505795834727
11589,454.3121715911723
11590,395.63953437230015
11591,415.757123033554
11592,440.1301006042223
11593,421.5349293241749
11594,501.5856019513112
11595,450.09002820307586
11596,463.6067756930352
11597,468.1347701670488
11598,464.8972148705716
11599,395.5879652319611
11600,461.47913614141413
11601,418.8839932500779
11602,508.36649016724635
11603,462.39079780089355
11604,469.7430071918155
11605,447.9572145228927
11606,375.5771714457016
11607,478.3731540428456
11608,393.82614795875435
11609,445.92289106547685
11610,472.97826120999184
11611,540.3953350626152
11612,478.37873469034685
11613,429.9703860012114
11614,476.84959638367883
11615,431.60631925301163
11616,404.66757571290185
11617,401.2155602394528
11618,404.28913555840245
11619,459.8061339270885
11620,367.13144288607015
11621,485.5863926190558
11622,424.77027974939386
11623,444.79192591469297
11624,478.0817785186503
11625,448.36777121509874
11626,518.0583497119292
11627,437.5326695975312
11628,465.81224268687924
11629,397.18831741610376
11630,427.44869170076447
11631,503.7036569648643
11632,460.28449349578153
11633,470.4749676532052
11634,371.3594140544312
11635,468.690923651816
11636,415.05828575349636
11637,437.2537426307566
11638,430.7998674366328
11639,456.4409552536506
11640,470.66448684454645
11641,445.65290305821316
11642,453.47454301195614
11643,501.2079174188162
11644,385.76519484088175
11645,481.836461242308
11646,441.1989880328608
11647,432.07779477267206
11648,432.5636875273892
11649,414.43166971609264
11650,409.6574361575296
11651,481.23381085750185
11652,508.9248830629005
11653,428.80481127975503
11654,442.25995972959157
11655,407.0279830346724
11656,426.206297994823
11657,441.03471461406184
11658,444.83614245877976
11659,473.8240621104655
11660,461.4552011349935
11661,399.66734663819295
11662,532.9231809690808
11663,503.1307154667235
11664,409.20047149912324
11665,471.61884939199615
11666,449.72279011860456
11667,413.40843083157574
11668,459.30085248649715
11669,534.3318674315312
11670,443.60580820625785
11671,440.37049535336615
11672,444.3430305552616
11673,466.5537725302393
11674,383.03457519718825
11675,410.1542607505082
11676,528.2326627727598
11677,469.8937048221504
11678,441.23092997203213
11679,444.8615639900446
11680,487.62188233306387
11681,468.0339523758501
11682,445.6761114033195
11683,484.00527210137136
11684,453.41581173366916
11685,458.2976406942889
11686,407.2974038832825
11687,444.0561900707079
11688,431.27788739149224
11689,428.50719192102935
11690,473.73406953228374
11691,463.8390816133124
11692,415.9985123942441
11693,453.4766778179392
11694,453.92522029567374
11695,407.60365255482424
11696,421.0853640472842
11697,427.80125861905344
11698,462.53966503458645
11699,452.6834710503117
11700,534.7761034369892
11701,450.6405760936329
11702,437.4267506164849
11703,457.9607518575558
11704,469.3578879213313
11705,424.0665636609612
11706,426.0011989338749
11707,485.43062618057724
11708,383.0574211745667
11709,440.2062661498477
11710,416.72390685968287
11711,443.5977309203478
11712,443.6430697650964
11713,436.7359434253471
11714,485.1432731060353
11715,499.8316377437938
11716,409.4990604238137
11717,554.0944651948153
11718,441.1712490577449
11719,490.9904757545626
11720,417.8017931863974
11721,433.98995868283515
11722,413.5043672073801
11723,422.5654935110011
11724,472.8017420562755
11725,469.05688927312696
11726,430.63923583820645
11727,453.89942047486466
11728,399.74643581040357
11729,411.5569990630003
11730,467.52869605379
11731,477.35681226581323
11732,531.454254960508
11733,425.1384495155995
11734,473.19885096369313
11735,463.4960531685013
11736,418.6756925379962
11737,438.68629426135783
11738,512.270523479423
11739,470.33400121650436
11740,400.9017909593368
11741,440.20270578444945
11742,394.44063159298554
11743,477.7447975480487
11744,514.3683601393693
11745,432.6488948767594
11746,502.7955857016964
11747,417.6577892371356
11748,422.207087186241
11749,419.8605753312251
11750,460.0531228138008
11751,492.4910202348366
11752,534.3152053894968
11753,478.7734187835759
11754,437.19768170551737
11755,472.6434468075961
11756,452.01803965704227
11757,450.3841673714476
11758,471.1646363720988
11759,481.63909230293297
11760,385.13084221096017
11761,500.952549575539
11762,519.7594929739952
11763,482.9102323823725
11764,506.11282938237343
11765,389.43605646969377
11766,464.10936642502014
11767,437.55813643949193
11768,473.44924052037555
11769,477.73659870741955
11770,460.1151238148881
11771,465.83731846085357
11772,404.7669926085741
11773,525.8725401927818
11774,445.6150007873896
11775,464.410764871427
11776,411.02644358481996
11777,459.4697250153038
11778,415.4643814854787
11779,486.87248205924607
11780,489.3760209682567
11781,515.4596976659534
11782,467.9387617559347
11783,514.7362001522181
11784,495.8866787391674
11785,472.56093624156574
11786,389.04882839158927
11787,504.6385980809011
11788,477.1030740000062
11789,420.68011800519713
11790,425.34643078458095
11791,516.4796007742872
11792,447.6251206622694
11793,385.15364892205207
11794,360.63056153562883
11795,428.43528876850894
11796,414.316541723932
11797,403.694732874697
11798,480.3575115922836
11799,486.91919544090854
11800,525.0708836503997
11801,438.43247399050483
11802,515.1409837403739
11803,437.22577936226304
11804,425.93086145908666
11805,519.9616704047827
11806,481.26304629612235
11807,467.405852917659
11808,500.56078821865674
11809,440.9111276838959
11810,468.4149900765261
11811,461.43683171092584
11812,393.93260543761835
11813,442.1339744880114
11814,453.30605811728543
11815,394.2915061699486
11816,515.3659697083723
11817,462.52430707379017
11818,456.6961941186817
11819,528.0434798219756
11820,439.417672940894
11821,469.80091598771946
11822,405.4805563992008
11823,398.39276506552005
11824,459.62689277743084
11825,405.22717867713476
11826,469.08952876510017
11827,426.4434384561603
11828,467.4218634419338
11829,416.35817812181085
11830,416.0086197541188
11831,519.3011490620316
11832,425.9594173960879
11833,410.56623347991655
11834,374.7311616438729
11835,504.9013759568501
11836,442.8197514472193
11837,390.879051603404
11838,487.3785721705991
11839,464.8173597770136
11840,452.6638852520536
11841,454.4197575730982
11842,428.9926797664983
11843,434.879681517389
11844,474.82990018413614
11845,463.6463092421405
11846,427.8585498205665
11847,486.53670343311745
11848,448.36671158214205
11849,434.501534565271
11850,493.92050670722426
11851,496.0291015522278
11852,456.8270603521659
11853,496.62151186786383
11854,446.4918527522416
11855,429.72901057219804
11856,381.698855492447
11857,483.28625340338783
11858,542.1265868336812
11859,463.95886226992536
11860,415.8781980762558
11861,463.4050966299363
11862,468.0265068692227
11863,459.18453806904455
11864,429.44371615966793
11865,461.9908769673886
11866,495.3993427619398
11867,458.5497359940402
11868,462.9558552980613
11869,384.3248642335977
11870,500.146398226921
11871,492.1445573866931
11872,505.2247238277103
11873,459.86595505751296
11874,439.5521491488508
11875,429.5807907216191
11876,432.2460989285057
11877,523.9877277412219
11878,491.73114939910965
11879,474.00008811984503
11880,483.1760429392992
11881,497.533208768337
11882,484.70005998788787
11883,457.7442938413831
11884,412.9881645050091
11885,427.77386051199113
11886,365.27306203656957
11887,438.75565997195656
11888,364.2705183181425
11889,475.1931890612697
11890,475.1663507064811
11891,417.5519245054408
11892,400.6051473017643
11893,434.5594772750718
11894,537.9311530107408
11895,407.2403289159802
11896,454.21778099483106
11897,437.0291452249164
11898,447.2857202046422
11899,451.0840350842416
11900,510.8181359640543
11901,528.3957098477338
11902,503.2093403896811
11903,429.0681742527965
11904,403.5342201074652
11905,501.8869744104451
11906,447.190826264557
11907,414.3917952756891
11908,443.5836891408017
11909,395.5950024686295
11910,387.1527384597891
11911,488.2811831905075
11912,460.2695251348078
11913,515.6177070734396
11914,444.96667283853037
11915,413.7110117831778
11916,437.1382546839092
11917,452.2154602455128
11918,496.5397969915798
11919,457.22406403858963
11920,460.7977429474494
11921,422.13156403678255
11922,413.3840055299156
11923,484.73878153845186
11924,483.9125235781503
11925,446.7080959796707
11926,492.91089552221405
11927,471.4241745624622
11928,414.94188619983214
11929,463.22225316818987
11930,364.0352263617938
11931,469.56332310861137
11932,484.64194043643226
11933,445.15680854660826
11934,487.87853619721153
11935,481.69703983900337
11936,438.7565042851383
11937,478.3310667136836
11938,491.7067499700029
11939,466.9838522111889
11940,499.44659625576315
11941,456.1413195247581
11942,497.0978815246647
11943,480.5123416221954
11944,432.9367064166517
11945,457.47663653432716
11946,546.0842181914286
11947,467.9525372897526
11948,426.1144106887691
11949,433.71975329426823
11950,493.46098685562515
11951,392.7937631178524
11952,496.86899708384385
11953,440.3443425830804
11954,455.60952829998365
11955,394.93763625602287
11956,444.4964954677485
11957,473.16662556859677
11958,437.6166914853274
11959,428.96566073982893
11960,453.92558950335433
11961,415.92479228501327
11962,432.4373450090911
11963,503.91098256401955
11964,473.2169605975978
11965,461.4875514995777
11966,466.6049417955149
11967,480.5182053849614
11968,446.9475802861204
11969,472.26508610730815
11970,510.2144584401478
11971,491.6930001264667
11972,510.94110837289037
11973,494.91594958538286
11974,480.76131483111004
11975,452.9496057652004
11976,454.6592296251063
11977,528.2890634485079
11978,449.38232793858515
11979,414.4806182065125
11980,413.4993219040289
11981,433.0744823621442
11982,434.20948578081624
11983,469.0931462727202
11984,448.45117706554015
11985,467.2096244847769
11986,372.7326675602516
11987,490.77706957238195
11988,455.77478764527314
11989,432.20151628388936
11990,468.6611166826717
11991,433.91101492280535
11992,431.35068422785923
11993,436.2305001508753
11994,412.59457710991444
11995,416.7184711486329
11996,367.6801178237928
11997,487.06678086920925
11998,464.21273701366584
11999,452.27584160116857
12000,489.207658638108
12001,475.1282089833121
12002,468.8532264540147
12003,431.0463799019055
12004,432.99216955162126
12005,490.0136909364571
12006,476.2065519053359
12007,409.3238214268539
12008,452.17115396700365
12009,494.9443138926573
12010,510.69974689225245
12011,406.58683815558055
12012,522.6018175599127
12013,438.70029098385754
12014,400.445369864787
12015,493.1509639983395
12016,483.50182013955146
12017,491.46133032018884
12018,402.3782897883552
12019,488.0957517120139
12020,454.48835485027405
12021,472.9446561586832
12022,527.9107140270077
12023,390.2979670608424
12024,445.28881961634846
12025,454.516301433837
12026,360.43102088002
12027,388.38534702687076
12028,411.1255543287797
12029,470.88248886641924
12030,520.5091912052901
12031,459.09025685314674
12032,507.789209320908
12033,433.82215406047817
12034,410.1442673957641
12035,434.72568461574343
12036,494.30455902886024
12037,421.8146730837051
12038,449.49431063411663
12039,450.04922391068936
12040,455.5985469017204
12041,464.91445027555875
12042,390.1318514425541
12043,478.0258434492085
12044,499.4769243384796
12045,508.15566695986416
12046,401.7907954004571
12047,465.9356948332166
12048,491.12769193784175
12049,465.0613295341932
12050,475.3123128970897
12051,440.057550511321
12052,474.27947184943525
12053,429.0623405263995
12054,453.58552679224255
12055,433.7099340710139
12056,425.1687641041243
12057,358.06635612250204
12058,438.3578109894908
12059,474.79098060900253
12060,447.9574743506748
12061,400.6425271481296
12062,503.0966274595875
12063,431.4373757377126
12064,521.0985300476868
12065,451.6418360436478
12066,448.8351649622284
12067,512.267845192643
12068,455.13152950517156
12069,539.329836460352
12070,453.6161089522801
12071,421.57246728935144
12072,441.70982976379537
12073,417.9659079152145
12074,443.59593823100073
12075,416.94734886958224
12076,421.80450106122163
12077,416.4121836165941
12078,485.17642998637393
12079,373.71344768204654
12080,498.30678641509604
12081,477.2428070201705
12082,476.44682575124574
12083,409.8339099211789
12084,436.1234300435345
12085,422.46663903774765
12086,439.3473747401807
12087,471.4739427883977
12088,401.3267575747199
12089,433.8534457153463
12090,492.5998461200105
12091,522.3579548105623
12092,475.4361011993938
12093,416.8697869978015
12094,400.333438060116
12095,481.0724897808876
12096,514.1824848638719
12097,410.260030403928
12098,503.5416074131126
12099,438.2872466912294
12100,455.4312426997462
12101,417.7136189897517
12102,435.05257950095785
12103,462.32960571834633
12104,407.98298522891207
12105,439.3156657961192
12106,478.77435229564617
12107,473.67545888774646
12108,448.62050356982104
12109,444.13034997428997
12110,453.09397262498044
12111,505.50579090220083
12112,480.8312399761187
12113,469.93543161591884
12114,480.9218793987691
12115,396.0856982227688
12116,518.7801385443574
12117,509.2079042211226
12118,456.07253612458527
12119,424.5065855492915
12120,519.4366224662579
12121,455.36226133139985
12122,482.4014396897783
12123,461.73434341092695
12124,480.24344412777214
12125,459.3567847896124
12126,476.50685468358097
12127,447.496223619653
12128,455.05576477934545
12129,448.51613001084075
12130,460.1352787514155
12131,445.53908556109144
12132,484.09483652359165
12133,451.79350467415156
12134,522.6328345563295
12135,424.58250193373186
12136,444.9506954913548
12137,456.72711573790775
12138,457.83055452735044
12139,467.0801896784821
12140,473.16341924956066
12141,467.4062485332733
12142,463.3721014169541
12143,507.86391581130187
12144,441.9823760075364
12145,433.3998694818886
12146,464.65411356823273
12147,394.50358783496665
12148,449.14594607839683
12149,422.92951683686346
12150,403.895501071494
12151,428.0404383685764
12152,443.9612600239664
12153,429.1771069385717
12154,471.71856376546333
12155,432.96291977045337
12156,451.3998885625314
12157,434.6702533990782
12158,448.2760470933568
12159,450.58315838210325
12160,388.697864598883
12161,479.2319769159113
12162,497.15500779908524
12163,416.94156240900094
12164,349.1627380967136
12165,437.6258891544568
12166,526.9131094234396
12167,404.9136667142326
12168,374.73689026306863
12169,513.4630213045149
12170,461.5573223764606
12171,478.0365789279608
12172,533.8045748156187
12173,387.201380350267
12174,513.0766280511888
12175,436.5507539403803
12176,454.0390234874284
12177,414.5857869661199
12178,471.03518857552785
12179,436.69075527423445
12180,418.0109686331044
12181,434.49093728320446
12182,484.15520895010377
12183,448.9152318030377
12184,474.3794144367698
12185,434.9334475866086
12186,495.19183811866867
12187,461.9201537281277
12188,452.3572423107339
12189,567.7760457718675
12190,451.12402578392266
12191,474.0245929224533
12192,430.16789066864544
12193,406.88091319587426
12194,435.22557302883206
12195,480.34738842921155
12196,414.7052538984487
12197,497.4562020411146
12198,433.8020264106237
12199,467.36548240747476
12200,491.7139000190196
12201,520.326055720958
12202,453.1437152577452
12203,413.67692801320675
12204,396.5441770870207
12205,490.4710017279741
12206,473.10851653344145
12207,429.8759816298079
12208,402.59696459685955
12209,496.19662648991914
12210,416.70346111847823
12211,414.2827264904304
12212,408.4748017231943
12213,438.6955995457835
12214,447.62309609668785
12215,423.450269675401
12216,470.3847135165151
12217,477.25249131155937
12218,435.73941303089117
12219,380.3438667159269
12220,440.02312435381594
12221,411.914206872203
12222,394.24130907951377
12223,460.9998890794472
12224,448.84016418706295
12225,446.89733575846583
12226,493.07469531708745
12227,485.7352759241521
12228,492.68715340857693
12229,508.7987990326091
12230,456.6904520877235
12231,382.3542582868701
12232,450.60787176577065
12233,410.23642021922706
12234,558.2374928982753
12235,443.16898174467116
12236,461.3353693923662
12237,442.49143960803315
12238,442.9100486552913
12239,490.9452636900718
12240,462.67405994563035
12241,432.3135105714916
12242,395.7109837678605
12243,412.3036874067596
12244,413.7709686240797
12245,458.68542947757953
12246,482.58210800386297
12247,398.65394095464984
12248,473.6673461868562
12249,448.4994548042935
12250,457.5988788710841
12251,453.7105842906875
12252,464.16976816873773
12253,537.5706910968415
12254,474.8828546578376
12255,423.83928764052627
12256,459.0259638551259
12257,448.27494404838274
12258,429.0990070437756
12259,420.54264739740614
12260,471.81209368043096
12261,394.6693673473514
12262,497.0686676350845
12263,460.71842545131653
12264,387.7925677468042
12265,460.4444004012619
12266,474.67640239357695
12267,406.8235544996889
12268,514.8348691548006
12269,472.75071884821807
12270,482.9140392076388
12271,412.3804376976505
12272,451.00542617399475
12273,447.3676448409169
12274,489.9023314913291
12275,419.0926285178217
12276,453.01775001317054
12277,454.0070701930754
12278,476.6124424941534
12279,404.33364975189147
12280,420.2624018062712
12281,429.3176707850199
12282,476.3187303328931
12283,482.2163291717319
12284,476.50559924985737
12285,437.51134642732336
12286,481.354378948928
12287,396.20763148174893
12288,453.427712729395
12289,448.32893237928977
12290,473.2122501088099
12291,445.9333157936039
12292,474.852376336038
12293,421.573750768142
12294,456.3198057276263
12295,436.07540562070426
12296,369.7459789131387
12297,434.78900055623996
12298,483.08293483705137
12299,513.4175325053587
12300,494.7448408550943
12301,486.0299605718624
12302,437.85378896151434
12303,470.7046804985363
12304,464.1585652225855
12305,448.547154586795
12306,506.17795556550436
12307,465.2371311414307
12308,379.92248493539756
12309,421.02743328956313
12310,444.2847937499462
12311,432.99603452071875
12312,447.6265996067459
12313,495.247399607625
12314,499.3765419806567
12315,491.44554088067036
12316,341.2287792487776
12317,472.4967623297382
12318,450.83348734930513
12319,477.0137904441607
12320,458.9147213852211
12321,503.7610743167851
12322,475.9161544893562
12323,434.2999314419386
12324,470.91074164910947
12325,430.42851079344183
12326,381.44341107437543
12327,463.65330843993024
12328,466.1612989341888
12329,445.7873204613707
12330,511.13700254754303
12331,464.2774269384794
12332,401.74523306158403
12333,448.53934798822166
12334,438.2468663680357
12335,425.20764298699703
12336,436.1859176896656
12337,493.1603898907678
12338,456.1327864802849
12339,420.15475098775744
12340,389.617320329112
12341,430.13049263296085
12342,444.26567958563504
12343,450.4875816903321
12344,470.5831131323114
12345,508.1449034947855
12346,422.90634204362857
12347,392.8557830382635
12348,461.6432858611403
12349,495.0831773025789
12350,432.3770281033587
12351,417.6609781877876
12352,396.8399215681026
12353,481.8788200266745
12354,410.0921778799741
12355,397.7867922822391
12356,428.57591203646797
12357,454.00248775636226
12358,518.0972091658298
12359,382.6196136565144
12360,478.1070330715838
12361,473.9619957094804
12362,457.1985648085536
12363,489.10199531856614
12364,485.79188139346
12365,456.8858640952764
12366,436.1203935534038
12367,443.10973568652594
12368,375.41732894463996
12369,481.70631782330065
12370,483.4498372229592
12371,463.74883635882384
12372,419.5946451524601
12373,482.3064993350944
12374,428.3140783333224
12375,437.8309841299138
12376,463.85668828983506
12377,450.0616733750149
12378,457.82032470663023
12379,453.3022012842627
12380,516.8742343832095
12381,445.99253962831057
12382,422.2345352594501
12383,459.06597159231274
12384,465.27931256939183
12385,453.0436222016579
12386,446.7694920925086
12387,470.33631308667907
12388,502.0712278074021
12389,387.7911133068974
12390,516.4888614338729
12391,353.8529792892586
12392,465.1481941004114
12393,472.79819874468467
12394,443.4244514293583
12395,396.2124404470239
12396,431.05681999741074
12397,407.26031733676
12398,452.4098033873449
12399,485.69579137577244
12400,465.96952332888236
12401,434.49384459059723
12402,431.9198097176119
12403,443.47378917500566
12404,463.8383173791446
12405,449.5608754796564
12406,407.30342367603487
12407,457.8024687680462
12408,499.52184845937626
12409,404.34029016842635
12410,518.2203101679761
12411,455.2077144511944
12412,442.93531159319025
12413,445.13801720295044
12414,396.8765545916818
12415,360.19307884016354
12416,483.14115300777144
12417,421.0263919818553
12418,377.5632923369569
12419,411.5709962042185
12420,420.6483328824374
12421,435.44081691586945
12422,513.3477557564414
12423,434.7507195353088
12424,419.2369104690428
12425,447.37739536743686
12426,451.5006506407396
12427,461.23413989004786
12428,431.1361461691769
12429,444.3302740418518
12430,494.6835126717862
12431,488.906483832606
12432,444.0867210562944
12433,378.6368064733457
12434,426.18165053737135
12435,467.71812506674956
12436,440.71408562272376
12437,432.2138068144765
12438,462.7537440580499
12439,497.5421549678799
12440,459.32459980623264
12441,419.6470441193894
12442,432.50484820408985
12443,446.34896151181516
12444,494.28217308602433
12445,372.04965754272445
12446,438.5249192284764
12447,449.8632300648262
12448,411.72715114152555
12449,443.681764357376
12450,485.5028822181526
12451,442.2943993471535
12452,491.3936404896444
12453,409.3755406673505
12454,455.9469650043036
12455,486.50578203219567
12456,457.4742256051821
12457,514.9772065282949
12458,393.4542716951171
12459,539.4205689564036
12460,437.3914730148382
12461,467.88272110017624
12462,452.1245877515349
12463,432.66989115463537
12464,396.1811182887172
12465,466.25990097426273
12466,437.9988530084359
12467,506.7275587175096
12468,523.3144762175651
12469,499.1246375058444
12470,467.0984680456714
12471,533.1187118488328
12472,467.1253751853312
12473,445.0623621158205
12474,373.30341023852765
12475,422.3240380163581
12476,401.36369567024025
12477,453.281332284986
12478,519.4237593578717
12479,394.096792187349
12480,453.4744292334025
12481,408.5149030227954
12482,415.7967065774121
12483,541.4360532212727
12484,386.64302785375634
12485,502.95889101764004
12486,510.8796262452299
12487,412.9789595961987
12488,491.14978548627977
12489,488.4073676425206
12490,453.094438037562
12491,464.5359949381722
12492,427.858838712964
12493,413.1732635282113
12494,429.85969128741624
12495,419.39691797725453
12496,484.6744147965197
12497,461.28372333433384
12498,437.7413202268021
12499,501.6136175070682
12500,481.72654829201366
12501,481.21438433293457
12502,426.538169786945
12503,457.6725035218979
12504,479.80401056587317
12505,428.7312443644589
12506,512.0301877832933
12507,443.15402943456644
12508,408.0156007035478
12509,440.39889502182587
12510,482.78243938838614
12511,437.27770608025645
12512,460.2284618156541
12513,476.93152430338137
12514,407.52282578607173
12515,487.41556904584485
12516,478.7565711425741
12517,411.8925970470373
12518,472.7660166309953
12519,450.6863464071501
12520,412.16315332383215
12521,494.12768104351073
12522,454.48910758786315
12523,493.86877436713024
12524,478.75039582250946
12525,487.89260172504873
12526,398.5547083930818
12527,350.9515163430241
12528,427.09898967220795
12529,506.41198791317623
12530,454.4248580836274
12531,418.0135495438432
12532,425.35709774086047
12533,419.46121682464167
12534,463.48726563201467
12535,459.44403118729673
12536,467.9875617025586
12537,436.09905006704616
12538,455.3107642633107
12539,404.8622538794496
12540,471.33178877049727
12541,436.42512328540414
12542,458.09304402944434
12543,529.7801686638288
12544,524.8816718994916
12545,482.62105570591535
12546,547.5175626593208
12547,478.5598194634943
12548,435.06818900783185
12549,484.531445271601
12550,419.0504978997672
12551,456.4833796755628
12552,382.2643798621888
12553,413.6319238821505
12554,475.6914933254036
12555,414.18310697711115
12556,506.43464678933094
12557,390.37228722361345
12558,488.675052162749
12559,432.5863231626617
12560,404.33285301064006
12561,413.9832465723498
12562,398.5817913935527
12563,411.3284408270771
12564,519.3505047784173
12565,474.3784612366601
12566,434.9993009722878
12567,429.78124319202414
12568,441.31322860793597
12569,487.71534592364065
12570,504.77130767150567
12571,386.33180827077575
12572,461.7357746521696
12573,395.73554708198526
12574,349.6354451641497
12575,451.6683366192945
12576,504.37506485476
12577,464.0167405041103
12578,418.59195350291503
12579,489.1774158060623
12580,427.1185395916116
12581,357.2990924902033
12582,468.85339113776433
12583,469.62104213875887
12584,447.21050340044553
12585,478.6239242255694
12586,493.8056577562359
12587,344.592719870343
12588,448.1420123372165
12589,469.03826900621567
12590,441.8685111350139
12591,408.7659241975971
12592,493.991935690023
12593,376.3851810190435
12594,427.8534448549249
12595,508.0097549963261
12596,501.5299129697268
12597,422.647321998575
12598,455.74940461373427
12599,487.71348601508726
12600,415.5792584567157
12601,439.7813295521915
12602,483.44068432755637
12603,528.858883463815
12604,480.50421679104574
12605,499.86047373446826
12606,429.55429839149
12607,473.24054299084304
12608,412.3034643936851
12609,466.7829796646215
12610,452.5604555402724
12611,427.20964322290575
12612,425.74067171491174
12613,474.92661898494987
12614,423.04044825242636
12615,431.77756115880504
12616,424.18702120553775
12617,439.2830773798891
12618,492.42714324757185
12619,504.0420502004163
12620,478.7141787161604
12621,494.4234564061628
12622,388.41252802632783
12623,416.74726684577877
12624,461.7156016716181
12625,475.0967460471175
12626,416.72973686857125
12627,488.33018577384894
12628,443.20861837843734
12629,498.379708808623
12630,471.70909122030764
12631,452.7038132590812
12632,418.6971683784934
12633,439.67570331612393
12634,395.37005557483076
12635,476.3310082037335
12636,486.4402186041247
12637,440.37251361488495
12638,480.5595847509792
12639,377.04948863967104
12640,415.4461689165733
12641,397.9317936937028
12642,480.92006450416284
12643,409.1346338064708
12644,414.4691413634871
12645,412.1653930014706
12646,475.432429415333
12647,500.2653985489317
12648,448.4366280930377
12649,532.0294187686593
12650,467.7994330053405
12651,444.6870793327671
12652,475.959801609079
12653,499.1902810258558
12654,399.57522340784453
12655,432.7494626552879
12656,446.3952203211678
12657,459.34759217836387
12658,450.4368186742532
12659,453.8244660577148
12660,473.944508686588
12661,412.3881414903826
12662,424.1811618965669
12663,476.1757792470039
12664,427.2710411792356
12665,480.0161476619189
12666,427.01526374103116
12667,482.8210277237867
12668,482.5695835500008
12669,425.191040849061
12670,475.5727914599937
12671,451.57790799880087
12672,427.14780386906796
12673,521.8566049559222
12674,468.572984461415
12675,462.24092740359276
12676,411.13364546680634
12677,528.5181064401374
12678,408.3638859424539
12679,496.1552871963002
12680,425.1082076903262
12681,433.8420264949281
12682,385.88038662923657
12683,483.0389887347108
12684,446.16734554102743
12685,455.8330739664506
12686,470.70993054874475
12687,478.7180816197738
12688,417.9356879508022
12689,445.19678441670686
12690,452.94339177222776
12691,461.24767681588577
12692,457.37482571675247
12693,420.48328556384087
12694,491.78772887878205
12695,424.6071601040358
12696,523.1356252068165
12697,424.63297328292396
12698,533.0969470649063
12699,475.35420340662506
12700,415.72523863844077
12701,448.91452843718514
12702,426.7737312388058
12703,401.35162991035725
12704,494.31751466240183
12705,516.7098925440512
12706,422.99986537097413
12707,455.0859525916947
12708,436.4007525629205
12709,441.29923006116456
12710,464.6498863124675
12711,445.3715240332398
12712,474.0005547929347
12713,492.1289805363346
12714,396.39296656460135
12715,471.9746310489937
12716,473.87185199934964
12717,446.15505608976383
12718,399.8456030785009
12719,460.57682933481806
12720,527.6648581209433
12721,488.4752711821632
12722,435.2240444857991
12723,497.54448669998527
12724,396.0583734531824
12725,568.5821292778792
12726,463.2497748017384
12727,467.7989040392707
12728,474.42295443141336
12729,441.2294579088674
12730,467.33814618299454
12731,498.2379631508694
12732,438.8780356664507
12733,421.1815011243454
12734,358.8581665973403
12735,464.7383186804994
12736,449.0674573583112
12737,529.3963027547079
12738,458.650962661495
12739,479.76078740766263
12740,428.06263738246656
12741,452.61723943023105
12742,461.4351229056341
12743,492.55674191937925
12744,505.72416138184366
12745,465.44045804852976
12746,450.1358187529883
12747,396.18512326494437
12748,461.3186187366943
12749,420.58473195603295
12750,475.88129582387137
12751,466.0741676237558
12752,478.93078834409977
12753,489.6211962126283
12754,411.3071114642979
12755,358.2258690201331
12756,392.49838805344496
12757,455.43923199820523
12758,422.8343776816378
12759,477.9603946321382
12760,450.4494755750228
12761,490.784316906175
12762,469.01455451066533
12763,463.1108612460887
12764,469.41133767892455
12765,443.2715645661739
12766,402.7832372315546
12767,364.7594269807711
12768,425.69570403483596
12769,511.05492257671625
12770,406.5747375229611
12771,523.9875081245888
12772,444.22200398683646
12773,452.19597448587376
12774,465.65477848023835
12775,402.1618996113928
12776,425.4178702195063
12777,450.10910296740576
12778,461.8524136625748
12779,446.9433055545072
12780,463.0904195793209
12781,409.6323307491726
12782,408.96153376916754
12783,436.1678545475591
12784,507.142347217567
12785,492.782800277001
12786,441.76151141973764
12787,472.0916644477666
12788,426.32550242115565
12789,406.93958451252536
12790,490.09532693297615
12791,446.87384138021287
12792,491.7675077050645
12793,436.264563200013
12794,394.5298534489021
12795,454.86663299555215
12796,452.9925302629543
12797,454.64427577751604
12798,534.163461091
12799,450.463499669074
12800,464.81038591979643
12801,497.3304895859354
12802,418.70088961376763
12803,496.87368560156153
12804,514.5785179743149
12805,425.8459544961165
12806,463.73292966983354
12807,512.3259938350957
12808,492.396689074091
12809,442.74349737749765
12810,439.52734932119506
12811,400.80244957866046
12812,489.30484841169357
12813,518.1962522628983
12814,415.7253732723271
12815,458.9624754492163
12816,440.98513989914244
12817,441.5924472622252
12818,467.75609069146736
12819,459.5237789332841
12820,495.24852131472454
12821,440.8450008279464
12822,478.2545115071519
12823,429.2404859333262
12824,480.50792174705254
12825,395.14233137680344
12826,437.20669623089293
12827,409.35688042333226
12828,481.5048567653316
12829,422.5233354053753
12830,482.8269223751374
12831,418.8304886963937
12832,450.8214834847245
12833,481.9608247482377
12834,523.8176935749871
12835,408.9210854233069
12836,455.46085400078476
12837,450.65397032986414
12838,420.38996280597974
12839,434.73094457902977
12840,418.64155215671434
12841,497.67778622902796
12842,357.1984286124697
12843,382.46880050438637
12844,448.4118677488426
12845,465.39410929277057
12846,537.2085152478892
12847,388.3517413773631
12848,451.0773788425218
12849,447.4478930171774
12850,435.0689200609942
12851,477.4976335384918
12852,476.9440055918107
12853,422.96338249628286
12854,477.70053406399313
12855,404.48590210911294
12856,485.87120866254753
12857,458.6065169251764
12858,435.74350436539873
12859,466.00146893306606
12860,444.6618543128081
12861,474.8542180395944
12862,483.8668046879451
12863,430.388426048629
12864,458.6865076653886
12865,471.6566946341233
12866,472.75121506504917
12867,454.73469330762924
12868,468.2583915676178
12869,491.5488478416369
12870,443.1904700293471
12871,466.1735552769613
12872,447.10496163494065
12873,446.4252901536052
12874,360.91078781073867
12875,449.068587688857
12876,510.53782488363794
12877,395.03418439493873
12878,455.23219063136395
12879,483.20049216761106
12880,421.12060264962196
12881,515.5409358710764
12882,378.19042128687033
12883,494.6108703387851
12884,437.44003223904144
12885,416.86302187709623
12886,377.7326364637766
12887,448.81897302508946
12888,478.0364486900442
12889,475.74047323256747
12890,431.99045066705645
12891,453.3122666502249
12892,380.5468586910045
12893,436.82903861557196
12894,424.75390276129406
12895,438.67658051808485
12896,479.20796797020444
12897,437.5532923442453
12898,476.12626923210286
12899,469.80990875214053
12900,487.98912445725796
12901,456.9247002457077
12902,442.8740774062798
12903,437.49767443742843
12904,495.29454025992175
12905,445.4033705574266
12906,467.84758628371856
12907,396.74138843696926
12908,436.83992849208863
12909,449.5587793183553
12910,436.6939354729309
12911,496.2998235517801
12912,394.47971631504447
12913,434.082068351305
12914,448.015564394094
12915,446.7647760154338
12916,451.8733120523466
12917,425.78872762952875
12918,364.5130874502436
12919,470.61536154619876
12920,496.32821764860046
12921,453.07827332934295
12922,410.4872307021989
12923,475.9806568773786
12924,513.6043169862924
12925,485.45697312499703
12926,444.37008388508866
12927,402.66524133877095
12928,449.66306718009014
12929,458.5886293376005
12930,470.13260035381177
12931,492.63033651446153
12932,510.9298876513404
12933,366.69749664031315
12934,391.55618322414
12935,487.69017245553863
12936,407.27487361632717
12937,435.8725469846155
12938,507.7212292762446
12939,421.48459386000116
12940,421.42118165469435
12941,521.6674723892276
12942,478.68506791942326
12943,464.75092238676456
12944,415.9518117261744
12945,364.0497529048974
12946,392.5922648849153
12947,406.8232961339266
12948,420.9477277374366
12949,428.89411272680076
12950,507.33318016891053
12951,492.4526972124824
12952,365.63289946215264
12953,526.4915590043487
12954,388.57717743240227
12955,418.6148295222072
12956,455.45373583548445
12957,450.6475119450912
12958,444.51259914407467
12959,422.1448270118516
12960,428.98192573172963
12961,592.9507102831021
12962,500.2534657487972
12963,447.5460565119692
12964,444.6623178436569
12965,463.9991311177994
12966,422.28741132840855
12967,414.0783505609071
12968,475.33216398817433
12969,457.61157652004096
12970,421.40412345730965
12971,421.2989072109143
12972,442.5252534562907
12973,464.69914361761573
12974,448.4025525585803
12975,405.6316034669316
12976,433.9986064412642
12977,460.62392362783254
12978,447.76199899662095
12979,365.7501163342045
12980,493.86377992819456
12981,549.54805382008
12982,416.374751465312
12983,437.8227228732187
12984,411.620774177779
12985,434.77713249294226
12986,490.1793067565691
12987,411.65132319106476
12988,412.46487882180463
12989,498.6890030786755
12990,454.96014248495754
12991,489.5837277084231
12992,417.4928626885281
12993,424.813089273021
12994,503.2203572700131
12995,435.29170427533916
12996,491.65487442501467
12997,455.8821140116362
12998,407.48126754467296
12999,381.6222297435404
13000,412.7446274214451
13001,412.12458841293414
13002,471.62618633647355
13003,439.67396915052973
13004,448.0219671710296
13005,481.59116790940766
13006,492.38765189407275
13007,425.4612565688178
13008,437.2522641569107
13009,400.06691541684853
13010,513.2164398758937
13011,440.4633670907359
13012,483.6797493215603
13013,379.8636154424994
13014,479.47421189221296
13015,431.18083022748635
13016,492.7441313631183
13017,468.79445005137933
13018,454.01956291526096
13019,491.80349084700526
13020,458.5807759782718
13021,403.69629740051784
13022,424.58515649179986
13023,409.2949043866075
13024,471.4042080344456
13025,492.35204722057284
13026,387.5384530186317
13027,499.4162052959129
13028,396.2249391012899
13029,450.7837757038292
13030,436.2118452554241
13031,519.789946603107
13032,353.02553891522007
13033,419.23956528414004
13034,414.9607448046201
13035,431.0411891738926
13036,443.57214849308644
13037,554.3533572649906
13038,450.43469943728826
13039,424.14531163051475
13040,433.2077453518672
13041,467.64202779265753
13042,569.1269076804363
13043,396.5430645368993
13044,392.4276929078046
13045,433.4385754215505
13046,373.219760457741
13047,504.2256771394242
13048,389.7568517843739
13049,425.04179866741555
13050,429.78330414828037
13051,487.95464416368304
13052,483.716307958994
13053,404.6244454037605
13054,495.2976693669911
13055,418.00297290738473
13056,476.47731124771394
13057,508.0263976712766
13058,475.0587711428021
13059,419.12522721634224
13060,381.21795163316796
13061,528.1066690023412
13062,487.89470251003684
13063,452.96135026013064
13064,468.76328948814006
13065,460.1157163256388
13066,495.6429083746639
13067,485.44289054740494
13068,483.011919541836
13069,422.10608729037614
13070,492.832088343262
13071,405.75509834333525
13072,464.025820987861
13073,467.74401539096215
13074,442.88701619286263
13075,477.7858092361904
13076,463.7580065644606
13077,455.6001924382411
13078,510.5435042923736
13079,433.61406028209035
13080,457.70802766299784
13081,413.61828768822085
13082,466.6281887558878
13083,446.0103531363184
13084,492.39117707380615
13085,437.0271574578836
13086,459.2043936463592
13087,370.6714167679261
13088,443.4084033000305
13089,460.7995151803564
13090,517.9307318703013
13091,432.89288058617853
13092,464.9447768098262
13093,419.97552961565515
13094,396.77293217780345
13095,461.91390364802356
13096,430.476604694881
13097,400.40793613170297
13098,468.088125555229
13099,448.969772797065
13100,491.7828901281949
13101,484.17523253425924
13102,360.540013365131
13103,387.8060242430788
13104,505.7168746013951
13105,358.69029721506536
13106,491.24543314879793
13107,508.0779863419525
13108,447.9625372037875
13109,442.0497061418189
13110,455.8947365018302
13111,440.4895658484064
13112,355.1995813053438
13113,471.4811394756263
13114,444.5703675554339
13115,468.00992273628117
13116,455.42833731742326
13117,450.63735553710325
13118,462.74490089486824
13119,425.7692561176834
13120,412.92631054787716
13121,473.64251695534995
13122,445.196879946231
13123,447.4834214376561
13124,484.38181869785456
13125,540.2963895882185
13126,391.9415106619129
13127,488.4090869869746
13128,415.5590780173331
13129,398.9493589648896
13130,416.2520156232171
13131,479.7111497001885
13132,472.4002422192447
13133,434.115334979352
13134,518.7707904330118
13135,434.70738951328514
13136,453.8703788623565
13137,477.23905278591263
13138,461.60545603611854
13139,383.7257574523724
13140,504.6123809996387
13141,511.0854103518003
13142,434.5439679067654
13143,456.7427824844678
13144,464.7943033794886
13145,471.51859262567496
13146,450.46662342768406
13147,460.28137388091477
13148,430.23738788991835
13149,407.2584846244468
13150,407.4850485681015
13151,442.2955459162351
13152,427.97707063329386
13153,471.75824329100897
13154,470.27529052117484
13155,534.2195658335568
13156,428.1069884226762
13157,447.0603006902249
13158,504.80237248498497
13159,409.34143423551177
13160,475.15728460847487
13161,449.4941416540632
13162,431.1451833403132
13163,450.1434077270662
13164,467.5728440002254
13165,414.93100336743197
13166,502.28627339321457
13167,398.082931992356
13168,453.2442829513352
13169,410.00060918778513
13170,415.4637555897895
13171,388.51308017845435
13172,580.9612656369496
13173,439.06477136666155
13174,411.11369221861065
13175,439.5125987402226
13176,470.28892733757743
13177,505.51275398165905
13178,483.19367313361573
13179,463.0990063333155
13180,482.86840323629553
13181,486.9222664078851
13182,451.96905147454623
13183,426.57343258237586
13184,418.43683453363866
13185,419.6341328027371
13186,351.68211438924624
13187,445.5424521613059
13188,421.2691558347019
13189,432.06675757193153
13190,434.08811688664935
13191,431.15282714297393
13192,466.3193367628047
13193,415.95738076993
13194,401.8012246549429
13195,422.28251246035654
13196,388.6740354003486
13197,502.19257763703337
13198,492.8694990661548
13199,484.4770530600246
13200,440.53064907137804
13201,376.65729970075995
13202,465.33135130103625
13203,511.6253179300341
13204,448.8021075705739
13205,459.0643299298449
13206,452.1762652170841
13207,517.1914366632227
13208,441.30455044953584
13209,519.5276374159511
13210,462.04677551849846
13211,472.29222742063655
13212,471.6542346753783
13213,413.03385226832313
13214,453.7785517531834
13215,500.20715726073234
13216,426.0092611129808
13217,491.85317635318705
13218,460.50147581701367
13219,417.1517948057506
13220,437.93024682280236
13221,433.0629044055849
13222,465.6650616670398
13223,405.7775634714772
13224,465.22652396214556
13225,502.82336766821874
13226,461.7942770407201
13227,427.7965030300775
13228,531.582895400347
13229,435.235189456099
13230,452.01256576442285
13231,396.01864479685725
13232,423.57845775842117
13233,369.91469922666585
13234,435.9028198298682
13235,494.92343980331754
13236,404.66800388117474
13237,412.04603105434086
13238,434.5346690597268
13239,391.46214860338387
13240,461.0636622306521
13241,456.472814245178
13242,447.7890772515155
13243,441.3947153212819
13244,532.859987617496
13245,434.8639798197033
13246,464.8715001780255
13247,473.3579711975051
13248,436.4236887057211
13249,487.56417571629
13250,463.1716462617838
13251,540.0959441955271
13252,421.4757263676862
13253,499.9555927905946
13254,401.749873748541
13255,490.4620075645996
13256,465.0466859202123
13257,490.9441956762736
13258,453.7667759925355
13259,406.95551806857935
13260,465.4070863749095
13261,446.6973571455155
13262,449.88961504273004
13263,358.51282758711517
13264,449.71654254671427
13265,425.01036852909635
13266,461.711448260636
13267,475.6335868875554
13268,400.04320718570386
13269,484.7342065072395
13270,437.4819732608052
13271,416.01532522006664
13272,460.16068325760347
13273,418.80337107936435
13274,448.6139906460065
13275,537.2106661702956
13276,500.9520208277797
13277,516.2242924559038
13278,459.31877918170125
13279,439.1276750771057
13280,479.5774230551466
13281,501.5109505874146
13282,443.6607670571373
13283,486.7328260505379
13284,460.3187366385877
13285,431.7959615983577
13286,389.6794573171628
13287,404.0194218500817
13288,449.4622184720662
13289,485.7138143938139
13290,440.5374829307652
13291,535.7404782895935
13292,399.247446412839
13293,499.25143483179386
13294,435.3083108467955
13295,440.7975948505955
13296,423.2627666825039
13297,422.5694745029535
13298,497.7932936730352
13299,510.739669992971
13300,510.1509146764247
13301,453.4067395595844
13302,458.3507421708971
13303,484.05572206768994
13304,452.9634953179528
13305,459.8177797780958
13306,444.47376914118814
13307,424.47460164877776
13308,480.5713013261716
13309,454.01743748097516
13310,428.7603863614265
13311,511.2541149431313
13312,449.80412826106067
13313,386.715904830859
13314,351.0787765920954
13315,401.68645920960256
13316,445.5503715804833
13317,394.3987730203585
13318,442.04933480830397
13319,470.87910621382224
13320,442.0179695797298
13321,425.6006147800747
13322,402.9260267414763
13323,458.2992641481115
13324,458.1444989363133
13325,452.46453861194647
13326,481.60907769614096
13327,462.1979312525997
13328,427.5061104982651
13329,482.72817005910093
13330,469.5545474633707
13331,473.41556784245813
13332,432.54816445237964
13333,460.1060482123852
13334,465.46387870169673
13335,474.0593501297216
13336,506.25966129424324
13337,384.55006222772283
13338,373.86452565949304
13339,432.2097589201375
13340,474.08755790471093
13341,429.3286823765699
13342,378.23381959640375
13343,498.52483468463447
13344,457.59285631926065
13345,469.4607019987669
13346,510.5499901224763
13347,379.3729206237215
13348,464.08714007416717
13349,534.9413978093303
13350,442.87997874801835
13351,428.4299550645317
13352,494.84860599226306
13353,413.565302155993
13354,436.03339780378707
13355,386.07175449172183
13356,424.80704497017695
13357,491.6700277470292
13358,536.5006020680894
13359,500.50320634646573
13360,527.029259974405
13361,476.42308277382966
13362,460.73680902999945
13363,425.79980967164033
13364,532.4420625823656
13365,380.52824006845776
13366,440.11947099686
13367,419.6658665861068
13368,494.75226724094637
13369,429.26886810207947
13370,501.85584384315246
13371,442.96713762184544
13372,487.80340277401086
13373,481.53178825646495
13374,484.84399819110456
13375,383.65355350171285
13376,398.45902815118984
13377,442.99555697839816
13378,404.20161030216354
13379,526.9154293063389
13380,428.82026488346645
13381,450.48998115915333
13382,371.58046958608287
13383,441.9876537422189
13384,444.9948070433907
13385,486.6009166460246
13386,455.457036158618
13387,496.31516466675265
13388,487.1174459636824
13389,485.0215590481275
13390,432.62653377685024
13391,409.53599826286205
13392,457.7502770933449
13393,446.1286950161727
13394,478.73548484127247
13395,427.57783521456076
13396,466.72157155008136
13397,476.8241997919581
13398,483.4370725925825
13399,454.6000192938328
13400,407.2355766292909
13401,439.14608852952904
13402,515.9705710673109
13403,456.72664990458804
13404,509.409234600539
13405,541.0612046439339
13406,362.13343079387283
13407,478.9994232941305
13408,391.4649700579745
13409,398.03461118822554
13410,482.2322448898495
13411,436.6502458220045
13412,393.2104403736775
13413,535.4905885223434
13414,435.1905674147901
13415,490.3178810996243
13416,379.10754074567814
13417,377.28070652552526
13418,484.26929157775584
13419,385.0527107770001
13420,463.7927261438806
13421,471.13021421373935
13422,465.9691812917625
13423,488.4578069316947
13424,387.9296594026925
13425,436.0478310918652
13426,385.3692078431769
13427,462.62775326066037
13428,457.1385901258251
13429,481.95458197075874
13430,542.6096802613457
13431,485.83318487957735
13432,535.5920842156588
13433,412.0679249540594
13434,473.54161846998505
13435,452.6478861942971
13436,488.42618245820756
13437,390.0672025144259
13438,472.16920693527805
13439,526.5363978484618
13440,438.52810805253665
13441,416.6193184740049
13442,509.94990309224147
13443,468.73475111691846
13444,447.46831412098555
13445,440.0058451605138
13446,495.6348711547533
13447,454.0864019421423
13448,436.69059801529596
13449,421.02074013540374
13450,435.98701134720744
13451,430.7150591888851
13452,410.4346032943333
13453,373.8623407513205
13454,419.10029609190167
13455,416.58066550076677
13456,455.9427201556015
13457,417.59568840172983
13458,476.396964629653
13459,440.1950430155204
13460,407.9521586947504
13461,421.9877940773238
13462,407.1037746773451
13463,488.6326335681015
13464,462.3394282969519
13465,481.9064498530531
13466,421.81108000024864
13467,456.2683841047539
13468,430.02330449228384
13469,443.57359679173317
13470,474.53457125226896
13471,395.75357277505105
13472,391.8488136737356
13473,462.57740143886997
13474,512.9779476879086
13475,467.36022661686286
13476,494.9394584518036
13477,462.85978434528846
13478,443.6085111209169
13479,467.9478710691212
13480,479.8146551481643
13481,481.6610793586192
13482,364.91698491056667
13483,418.2718354955891
13484,525.2680559262321
13485,544.6200451170977
13486,445.63567538689773
13487,525.3075931048577
13488,402.35398483427565
13489,453.87681603112753
13490,441.50500544682956
13491,423.243891899788
13492,510.7976288038892
13493,420.08204972213605
13494,410.4916824832291
13495,493.52167158779764
13496,450.63172465744384
13497,449.00563416395755
13498,446.25951620705905
13499,483.4615021948712
13500,435.66713435303797
13501,408.3789329388874
13502,429.9620064273928
13503,391.6238445939084
13504,473.1025897582087
13505,436.3495706772953
13506,401.8480634292738
13507,477.3510214447311
13508,456.9617879088104
13509,419.718127561968
13510,534.7246456744198
13511,464.4945182914317
13512,461.36361669438224
13513,403.2961822024811
13514,420.61143375871035
13515,473.0441080780161
13516,429.19882712777115
13517,470.0893871899563
13518,432.21791439179526
13519,442.2890717860759
13520,494.8641818862494
13521,442.6085990962396
13522,411.9169710984363
13523,459.0176041568503
13524,535.6406561494379
13525,458.850907240502
13526,530.9495748350176
13527,422.08974247777644
13528,479.51081779835505
13529,457.44882231475384
13530,466.3970017652662
13531,437.6635549938805
13532,392.8914010024026
13533,432.34507429041804
13534,487.3439334443381
13535,458.1636795043983
13536,435.7811585732108
13537,440.7549680847424
13538,496.34656533611167
13539,472.2532016556314
13540,425.903312472649
13541,469.4131616230388
13542,436.9740943221686
13543,462.227516461882
13544,396.4588735829383
13545,445.7882091652715
13546,427.12839275861137
13547,511.23196020576074
13548,478.585740641112
13549,491.83806632564307
13550,456.4467483065595
13551,495.0573278774678
13552,511.7124173210096
13553,402.9768884664921
13554,407.46171821012894
13555,443.8132236968729
13556,469.1022548059819
13557,545.3402829530573
13558,497.19888787896565
13559,401.4605077871849
13560,488.1537305301752
13561,406.5615085838476
13562,460.23638545924865
13563,422.93455071458925
13564,477.1572602750777
13565,341.22590021412003
13566,465.657893566867
13567,349.88452132096353
13568,533.052478481411
13569,449.6063091456265
13570,458.02319995853793
13571,413.6061824779242
13572,373.9820727194763
13573,452.659622763093
13574,448.8609312111573
13575,457.359436598874
13576,428.9339226445505
13577,467.98757790131333
13578,427.7786460584349
13579,478.62730917406174
13580,389.373897028336
13581,359.036938877995
13582,318.3471030900032
13583,462.59254231110754
13584,405.63557774221255
13585,395.20321255084065
13586,440.86667629519104
13587,451.10835275526597
13588,418.09488532278306
13589,474.3439636663028
13590,463.2921288339006
13591,465.04623841320097
13592,424.3647326112666
13593,478.7214027938159
13594,460.28606486443124
13595,409.6835478126766
13596,485.9826203475689
13597,453.5788285444272
13598,517.7091944252664
13599,429.6397286772419
13600,393.42108763094456
13601,460.5271962411721
13602,456.00410638734814
13603,411.1764022536482
13604,397.20161692457657
13605,544.8936689984771
13606,472.2581433331785
13607,426.08317586082865
13608,454.1123614144411
13609,405.3660065744784
13610,435.99241184979684
13611,455.1776738884418
13612,433.2232120982478
13613,495.6482472433189
13614,504.8073974682962
13615,498.6538959053285
13616,466.0501721100588
13617,397.5652496830497
13618,457.09574065088066
13619,395.7114404063085
13620,439.0730820295501
13621,446.6452987466931
13622,384.051928833172
13623,488.83245768843466
13624,413.79151512249126
13625,392.70656004476245
13626,444.7105524513657
13627,447.35842838688967
13628,375.4143627777933
13629,437.43843641988275
13630,379.1288912199467
13631,526.3699330056403
13632,379.8336619086538
13633,416.3550267107962
13634,494.667106820811
13635,428.60851720679386
13636,469.15113685271365
13637,423.6602556605791
13638,355.68717631647417
13639,468.1913791573828
13640,422.7198271683082
13641,499.34459836780684
13642,504.8816522902043
13643,420.9743619862269
13644,482.2435013658808
13645,544.5034895050575
13646,458.5097096286568
13647,448.3177441977358
13648,394.8745336185803
13649,438.2199462879018
13650,493.632152609109
13651,533.1568026995541
13652,439.559824719352
13653,380.36547735195376
13654,436.20204100241705
13655,412.2583826193653
13656,423.3986942698538
13657,418.1115383448201
13658,426.09406836821034
13659,488.42331182275336
13660,419.3702834509399
13661,466.82473715259795
13662,455.1193685539803
13663,450.0028853763587
13664,460.83052689974494
13665,445.3666305564337
13666,455.2148205426995
13667,481.77752400120755
13668,439.29411531425507
13669,453.7191192139903
13670,515.3586628914244
13671,473.7071344073563
13672,449.94391030510064
13673,462.63004710080185
13674,415.2540402332504
13675,462.42417513683387
13676,350.7018686470546
13677,479.8000821649592
13678,432.1138643417117
13679,466.74255148966586
13680,427.9088751604869
13681,450.030443611547
13682,429.3754451495591
13683,443.20619550001845
13684,473.456480201041
13685,423.09964460108165
13686,409.9887515866717
13687,500.66480469734336
13688,488.4183159177383
13689,427.7234375057555
13690,438.53367678985677
13691,495.9366309970526
13692,438.83940798196465
13693,410.1765400565121
13694,371.4336167035901
13695,459.7403007208618
13696,527.6929470243779
13697,554.3101068895601
13698,454.26463623063665
13699,479.16135238335596
13700,448.77360036301167
13701,441.81945437105213
13702,387.23059458110424
13703,423.0304922401352
13704,373.37251727289487
13705,462.39779772295464
13706,444.9392476250541
13707,509.0990240421922
13708,566.7506799485997
13709,508.5043069831392
13710,469.05653581242126
13711,494.95117275943915
13712,488.46956160674455
13713,491.59446945358263
13714,470.7886581856278
13715,418.56800716374283
13716,455.0120354678679
13717,492.2747540233147
13718,415.2436463333464
13719,474.347507249475
13720,417.33276478840094
13721,520.7590397018753
13722,481.43147688364866
13723,440.62256483514847
13724,475.7934534805415
13725,434.1078606142227
13726,471.62053612037863
13727,454.1831200911865
13728,471.62392656389864
13729,434.7189210509161
13730,462.93024165299033
13731,485.8055243396795
13732,476.8623150334316
13733,446.49263641963313
13734,430.4587650968512
13735,445.9215530818707
13736,436.79083420145497
13737,455.50708659391773
13738,424.8266363477394
13739,413.6192964448545
13740,462.081387109351
13741,450.5246920371065
13742,444.6527770750602
13743,483.15941035745834
13744,456.3526651887049
13745,440.07283256264884
13746,465.40966070629685
13747,399.7514550421445
13748,428.3963473188752
13749,396.68601185318573
13750,468.0205070390061
13751,441.3119711136475
13752,472.19793020964784
13753,419.0361142753917
13754,451.78856649618206
13755,420.84652919600575
13756,419.6209503232933
13757,505.05922155409525
13758,464.13932181904846
13759,440.8267277853641
13760,438.36606970066197
13761,475.85973304786546
13762,413.10002121162904
13763,467.85530917584543
13764,475.85942347445075
13765,452.3685817491269
13766,458.7963762078633
13767,462.92237344093354
13768,482.5928332916575
13769,439.018611290564
13770,455.92958673507627
13771,413.92642667469227
13772,469.1731858958179
13773,466.10252080672456
13774,419.79796816882555
13775,501.0618708018892
13776,441.3029303284123
13777,406.56948769890414
13778,459.08487812070877
13779,482.3895757814908
13780,454.64720851051544
13781,416.606566859813
13782,503.889049794792
13783,539.7732777915081
13784,471.3486793437267
13785,420.9467627243996
13786,551.081839461698
13787,492.4949176430477
13788,466.8636188922006
13789,492.0251941434499
13790,451.38568102780147
13791,347.79025057853977
13792,461.65355451841066
13793,406.9082704284243
13794,441.13978283265726
13795,470.4883086741876
13796,429.70778428510215
13797,493.89368875102844
13798,477.5951214567392
13799,501.268005104342
13800,465.12388592573285
13801,460.8105271113012
13802,433.5854853800796
13803,483.898669851062
13804,409.78009662231284
13805,425.3587411013329
13806,495.4015037082054
13807,483.7393503665708
13808,439.59117750859866
13809,447.9318021288097
13810,496.57386013572864
13811,362.01649570582015
13812,390.48811843127874
13813,431.2827136138307
13814,428.78908219915553
13815,442.3550635672664
13816,427.8388950542708
13817,473.1011608710017
13818,454.932772224133
13819,394.51602800718473
13820,486.74692666032996
13821,394.87501829994915
13822,455.8167734255658
13823,393.9056282194496
13824,452.04884183135675
13825,507.3046470906222
13826,441.62750647663574
13827,507.5983908324506
13828,473.6085035701201
13829,459.39458562313325
13830,456.1962877566783
13831,476.76344610057066
13832,428.50754796512314
13833,499.62993858064704
13834,452.07951297446795
13835,416.1568289891359
13836,436.10802851054
13837,454.9485116440111
13838,504.28316603838664
13839,511.77786262718826
13840,365.8123879920591
13841,365.4262951730298
13842,431.63649233361906
13843,421.3052476876574
13844,472.20844410788595
13845,457.775030654155
13846,442.89096673477354
13847,448.0315690347334
13848,464.174936389772
13849,464.8730708998702
13850,428.37196685495866
13851,423.66603218751476
13852,417.94060438531164
13853,411.2167373327106
13854,517.3609013310272
13855,475.3516413107891
13856,407.86085626293
13857,515.0919607149776
13858,489.2341624937366
13859,493.1848237900645
13860,430.6780058508004
13861,472.6344780222534
13862,428.76825255062187
13863,459.0078036402151
13864,388.47055933831126
13865,423.4935447463478
13866,447.21657657062224
13867,425.7087908494168
13868,500.20650801691124
13869,459.4626980910346
13870,479.8036462935603
13871,472.20499495269405
13872,492.3217756774367
13873,462.2903586645123
13874,449.2706479712419
13875,383.26326613974277
13876,434.92781418214827
13877,509.54154536594694
13878,460.1905076494177
13879,445.09996372706644
13880,395.2979028057848
13881,455.76295512721316
13882,419.6692092944323
13883,469.25528652848874
13884,412.5543403243822
13885,463.79270285596084
13886,452.29300810960603
13887,401.4870241982067
13888,413.93386971131565
13889,437.2129934992385
13890,480.1731963568849
13891,489.13181230682153
13892,472.9763048747354
13893,443.9676149335401
13894,346.6069608641479
13895,449.6346562373139
13896,459.91024038377367
13897,525.8257417932049
13898,466.47669449878583
13899,428.9523804449328
13900,441.58473888519194
13901,473.48902027230156
13902,400.372484527619
13903,389.4580550522691
13904,463.7145946382307
13905,418.85001399602703
13906,476.3010306856711
13907,374.3239675826001
13908,439.514898965845
13909,409.22690012892883
13910,469.9094818387818
13911,420.378871138138
13912,358.0471995975161
13913,440.9766768556741
13914,417.1459925466936
13915,476.5642191290631
13916,481.0209576126666
13917,415.75205386586947
13918,429.4846841670228
13919,441.8437423854286
13920,421.2551940335442
13921,456.5616663284566
13922,499.4977528234283
13923,455.83398044510966
13924,404.0795441807794
13925,522.8313364049534
13926,413.8649906617648
13927,437.12371691963597
13928,429.24033037235296
13929,485.0878325053007
13930,417.14032226275356
13931,458.5451297500822
13932,486.36061576366063
13933,462.0759747432985
13934,447.46363469845465
13935,474.89589406439563
13936,485.747346859223
13937,464.52856892839355
13938,400.0670929501076
13939,392.6432038579961
13940,429.99349163246285
13941,449.8175915355166
13942,398.37175093387975
13943,442.55610790368354
13944,436.2396119929071
13945,463.93328544410235
13946,374.8101649811273
13947,427.91290800645356
13948,468.8825968125419
13949,433.06205187015394
13950,470.8669712178758
13951,447.72713820125097
13952,429.89812405998737
13953,453.5679148468887
13954,492.367129521456
13955,463.46807362598787
13956,454.48209766516953
13957,481.35808195936613
13958,494.3958076542113
13959,440.3796382191377
13960,471.43484455810454
13961,414.73481739538585
13962,431.3549578666499
13963,380.6906029074881
13964,448.514550194811
13965,471.3385985657452
13966,444.21075479196804
13967,417.83110293564766
13968,439.3013563129092
13969,438.3293199828794
13970,485.7868524528822
13971,481.977725560456
13972,439.1391160442876
13973,547.583946368581
13974,461.00906594730793
13975,518.1983171164571
13976,510.5843793897611
13977,404.4854983583867
13978,420.87931809742264
13979,440.25607365760027
13980,451.3474356657762
13981,431.40955869232147
13982,458.35203511697756
13983,495.5712924375922
13984,476.89564783837307
13985,483.6911634975174
13986,456.5807996728379
13987,441.9251348522812
13988,482.0539573788801
13989,520.2575160178503
13990,519.149792051413
13991,487.6808013825682
13992,448.120753487398
13993,511.79035036763804
13994,578.8032923774274
13995,475.2140555963444
13996,535.8602548686413
13997,473.3883913992572
13998,400.6985866016445
13999,438.59645648903944
14000,414.05622402940975
14001,513.6923857843396
14002,491.33071248629574
14003,408.52439600173545
14004,452.46325796405506
14005,489.0187311647148
14006,432.6794324397431
14007,436.4482666711126
14008,428.28551659304446
14009,396.5639015430303
14010,460.9793400054966
14011,416.16499071198785
14012,395.5190062096058
14013,529.7854674300554
14014,454.94674145537516
14015,509.5356593390829
14016,451.01872259952205
14017,374.29330940244444
14018,488.63759973554454
14019,378.4540834928429
14020,465.7093750342168
14021,505.91759895500456
14022,467.6273112542314
14023,400.4550238712005
14024,459.35048562075656
14025,441.24863059216636
14026,518.131794215348
14027,532.5182103050674
14028,435.9768949805387
14029,412.6907642507238
14030,457.1638658001564
14031,393.30809247780627
14032,360.00568690576335
14033,488.71262326020224
14034,446.6530466301913
14035,430.3290398243402
14036,450.90258159059755
14037,399.1481706118184
14038,468.35641506765563
14039,471.4447176317331
14040,481.05257598227405
14041,489.8261040868573
14042,459.386432033828
14043,423.158266563432
14044,450.7857850153507
14045,522.1268811206022
14046,387.61167746120447
14047,507.97503673913906
14048,414.9097720305691
14049,371.3803922660606
14050,412.5076101094869
14051,444.8576518283193
14052,450.52286412660646
14053,406.76791161489774
14054,371.52549728105566
14055,395.3198297444513
14056,505.6902831874845
14057,478.4824117667786
14058,510.6370437098301
14059,505.2719812388298
14060,439.32594267456
14061,454.06399020820487
14062,379.3490627396091
14063,488.25843460041096
14064,555.0565231160591
14065,445.3841442759163
14066,445.4891720712436
14067,473.7638937988347
14068,461.6698018346208
14069,446.1556376925725
14070,377.4394530815964
14071,395.9905815373929
14072,421.1605646621146
14073,462.7019916906093
14074,504.75005746365525
14075,415.6428109112781
14076,440.61893391599324
14077,439.24154546946824
14078,471.1954938888104
14079,434.2331846185267
14080,507.49486980994664
14081,506.4562813365343
14082,379.18506164286117
14083,509.7408709325413
14084,492.69578148984937
14085,404.8063213431132
14086,413.637830429532
14087,497.53640792418116
14088,423.5924374278089
14089,459.9072003326515
14090,472.12071302430735
14091,493.62496100117033
14092,440.1803107574719
14093,476.3410459154705
14094,462.75086208482907
14095,379.0297100926296
14096,428.68775055695676
14097,396.8050661579118
14098,434.0441215305521
14099,404.6964055558071
14100,494.1338896299516
14101,431.39171737470184
14102,497.28260893108427
14103,478.4123129523916
14104,402.3753087206344
14105,387.11793356124105
14106,460.65719167292826
14107,481.931283105654
14108,397.7487295728582
14109,447.9657224752652
14110,505.6840444905947
14111,466.24907835013687
14112,406.1316134180921
14113,453.9611097597955
14114,454.49065183683734
14115,504.8629743666193
14116,516.3898700157707
14117,470.0375675724339
14118,478.69486042058793
14119,461.5001170112278
14120,488.58692259840666
14121,507.5167092462239
14122,430.3494349615106
14123,498.82134624109375
14124,458.7328367740849
14125,442.0003397939915
14126,447.68558971072986
14127,511.0537829892719
14128,511.7021450477846
14129,460.88071640929417
14130,435.1423008499365
14131,428.5326428792645
14132,499.2266202197784
14133,440.1710043349064
14134,493.50777252352765
14135,403.7589616662832
14136,511.7646363529138
14137,442.0797145629789
14138,479.3459668605803
14139,389.7234514854946
14140,471.5649824655247
14141,429.52209864155793
14142,391.77787265429504
14143,406.62453218870365
14144,429.40372655078875
14145,488.20301899869605
14146,469.9405525986805
14147,365.6300357589051
14148,429.14450576961207
14149,466.9405523555438
14150,491.52182144320454
14151,442.99318719621675
14152,464.86635055911364
14153,466.2839760733643
14154,439.8677677348724
14155,494.9402138420418
14156,432.1082605552806
14157,492.91658915672576
14158,474.4721024741056
14159,421.60718040908506
14160,401.22753798050536
14161,450.43791151069735
14162,429.3812516153706
14163,450.20286052724475
14164,478.6813786344268
14165,372.6305240704817
14166,492.35286983974026
14167,442.40088912747905
14168,414.5612684700035
14169,524.3914463008982
14170,336.6784060821896
14171,481.86655164746884
14172,439.8358743387724
14173,474.02075950119035
14174,438.59804539149764
14175,488.3175587454558
14176,496.31660456719516
14177,443.5953771593129
14178,404.9008551276297
14179,458.90621285811113
14180,397.23139216628
14181,416.82804522206214
14182,389.79002744208907
14183,395.7454191449195
14184,482.1864013850904
14185,451.50625583163855
14186,490.6289014182288
14187,398.0634646592742
14188,451.0489613928429
14189,479.757975514331
14190,432.48460221210604
14191,398.6781834607463
14192,455.86308954979694
14193,440.9417005500474
14194,460.24704120833104
14195,453.4535951449619
14196,454.1683107656439
14197,467.1487851884965
14198,435.0225642834495
14199,460.1319898363918
14200,471.05492281594456
14201,463.6857600558129
14202,510.7062076179231
14203,470.6081217064155
14204,349.7638148419089
14205,469.11060871940265
14206,458.04867793940474
14207,505.95436674730246
14208,449.9202551171961
14209,512.571267083174
14210,370.90705693975355
14211,524.9664181213767
14212,484.1506401976128
14213,472.65125445011705
14214,475.94008967135125
14215,431.7370195187119
14216,518.7652565775865
14217,441.0845155557566
14218,445.3630886535165
14219,432.41241095813797
14220,464.17064112736017
14221,400.78965081919495
14222,406.4384618665165
14223,430.73363120093927
14224,385.84065290598585
14225,478.66610602380246
14226,501.3584492172048
14227,423.5877532404652
14228,524.576042968215
14229,415.989003630359
14230,449.85917554934485
14231,420.65013021628624
14232,483.33062903260725
14233,460.78453709462974
14234,442.7157206189604
14235,352.1941526999687
14236,426.5455521986279
14237,465.29563926420576
14238,416.65524007923955
14239,529.211238160175
14240,469.6354063182687
14241,452.33173486387705
14242,433.5227329373744
14243,441.5955246130092
14244,501.75911392909666
14245,460.13894571819327
14246,513.9343767842345
14247,410.92366203528474
14248,440.82649015351825
14249,474.87130770989063
14250,495.63463413061606
14251,493.663294095489
14252,409.87863141015083
14253,448.752268906899
14254,494.960559070369
14255,470.3942599966685
14256,453.717928956067
14257,479.5550713223658
14258,430.7020643929782
14259,400.1245025033231
14260,449.7289502732971
14261,416.51778499564944
14262,453.9899615897674
14263,474.63440236990715
14264,496.32030295597525
14265,525.8224059483209
14266,515.2074614802114
14267,373.7281880038793
14268,381.93296903417627
14269,508.7355778543887
14270,445.66040347882296
14271,470.7299070346113
14272,502.37828524902045
14273,496.34441458835414
14274,363.239017303225
14275,409.7421651826224
14276,378.6635715228253
14277,481.2451162442585
14278,495.95498803390353
14279,392.82421455109215
14280,453.0506167799672
14281,464.31318585269486
14282,473.55035193633483
14283,490.98393076058835
14284,462.95808214179135
14285,545.1780899223569
14286,401.70453490156376
14287,529.0870848794901
14288,460.9647571313521
14289,378.4798126035626
14290,484.1648531002472
14291,535.2194711227752
14292,476.4171721580099
14293,502.445268375549
14294,460.14136155006673
14295,504.45347457426425
14296,445.3040465141787
14297,479.66983457039123
14298,397.87797565967827
14299,448.90068805020593
14300,472.20522550182926
14301,440.8430099594705
14302,491.28990688070076
14303,403.2455218349671
14304,452.8922849532754
14305,463.92442633780934
14306,484.10116914961367
14307,433.79325253385826
14308,420.52251982042253
14309,410.66402869973393
14310,465.6969395513693
14311,471.97888578891235
14312,411.2501262179039
14313,418.67966697348055
14314,452.18219815015885
14315,477.47042453777897
14316,448.4570826577986
14317,447.61037261413094
14318,443.64152965001574
14319,469.4545317580485
14320,446.16048011959805
14321,406.24624664715316
14322,464.0722751336797
14323,453.42036678523186
14324,478.168518771144
14325,393.1101957889106
14326,501.5921444926965
14327,420.39038337719177
14328,518.1294529460629
14329,468.4502004081051
14330,434.59796114826935
14331,430.7722095241031
14332,489.73019399200547
14333,445.65357712769656
14334,400.24242525585134
14335,430.47498214246116
14336,489.4440888895963
14337,503.0252020445538
14338,476.6592555842466
14339,428.32399672401283
14340,435.8895407404114
14341,404.47527400417147
14342,411.71245402031735
14343,524.3738958843651
14344,441.45990737119024
14345,492.5683865762834
14346,445.8110865054439
14347,393.5482064753702
14348,542.305540261457
14349,518.3033624511077
14350,471.29488681313967
14351,480.2881131572005
14352,410.5884991916414
14353,536.8225367063087
14354,461.30030702890946
14355,477.54150780807225
14356,435.65275973107487
14357,437.3755028012286
14358,502.78496264629274
14359,463.1105928102377
14360,438.0200613253133
14361,413.14181497573054
14362,460.77532145628317
14363,442.54356455038516
14364,435.20483100358894
14365,521.2255482868242
14366,466.3333935111607
14367,415.39537598077266
14368,422.9483479831375
14369,478.05446619433457
14370,394.30333671509567
14371,411.24243154127197
14372,459.3180291566911
14373,460.2039159131911
14374,429.48327608103216
14375,492.0227066703285
14376,407.3470173189121
14377,486.9803260599421
14378,415.6408755828019
14379,475.943771315501
14380,454.2540632830064
14381,492.0336362578159
14382,362.27595685293215
14383,454.71467001476276
14384,399.7138122088853
14385,473.8435183024216
14386,473.94596623771866
14387,442.737363256495
14388,480.9577165431563
14389,480.671973364245
14390,495.45443832252465
14391,462.5545592966774
14392,459.9623444764373
14393,483.5911072793731
14394,477.4383733877438
14395,448.79992378576793
14396,498.9269914263676
14397,465.01958888342455
14398,392.6510440121509
14399,407.28012825920604
14400,440.2395767405147
14401,422.31699573230026
14402,453.92048647248237
14403,420.6933192199354
14404,442.30506947982474
14405,439.3767543614221
14406,475.45372673661785
14407,457.7194276101325
14408,476.3382898948078
14409,458.72512971226195
14410,461.6120702910936
14411,413.0927096961749
14412,417.47474641727337
14413,355.1115155760195
14414,418.24449017256825
14415,435.4110589095195
14416,476.5957443553095
14417,440.8949612510822
14418,426.62489738493286
14419,407.4276337115927
14420,506.32821043959336
14421,462.587930089705
14422,491.1005937883757
14423,443.9265849752176
14424,505.61928151911206
14425,412.17675464513826
14426,435.50637621471844
14427,445.95928587824636
14428,546.4244335773896
14429,344.4346839576034
14430,485.318791250713
14431,372.2066925998501
14432,504.7379197334834
14433,408.27134148674963
14434,452.99437267524354
14435,473.7099379644876
14436,460.13522951066784
14437,458.08641934009796
14438,509.69948902636486
14439,490.4703198089535
14440,437.75767768593386
14441,456.1422642537617
14442,469.3971366852934
14443,456.3176884793944
14444,419.51236290309515
14445,460.79967550206595
14446,434.57933530088275
14447,484.3987762788481
14448,437.3420610695121
14449,464.963897028503
14450,513.5130381257774
14451,418.18045096296464
14452,458.00283580090223
14453,401.38877199233616
14454,456.6304619556881
14455,457.7960856572766
14456,456.0629280480236
14457,454.10376647340445
14458,416.4935159251292
14459,475.59015566024766
14460,428.28103926756575
14461,442.3494158036163
14462,508.2764067370373
14463,475.79262985180026
14464,425.80721833472
14465,449.92274657535927
14466,459.97999373873347
14467,468.55183086391355
14468,434.38886496029227
14469,489.581035651237
14470,489.03651006355636
14471,432.75088472305976
14472,466.41862824478017
14473,420.9839794222608
14474,423.6658981336919
14475,496.81212133383946
14476,445.8917160686992
14477,381.8558442159536
14478,433.0656641942393
14479,420.07741520978135
14480,485.9652365515446
14481,322.6490317361394
14482,411.01844942629964
14483,451.1016330681947
14484,471.6635414974108
14485,488.1489071126403
14486,352.60569246865003
14487,459.62829009438127
14488,451.2191548076711
14489,461.9583601535458
14490,332.2052787015435
14491,469.8703967771415
14492,497.8481540026384
14493,442.8995175152934
14494,388.9307223397882
14495,461.5322716057583
14496,386.80232037879125
14497,454.6767272864054
14498,463.7932692515759
14499,411.60709065603254
14500,426.25651521233715
14501,462.6748150881473
14502,443.31528250015003
14503,494.8775290429244
14504,451.37396001306917
14505,455.1042217780181
14506,483.5792581727314
14507,412.4668970952568
14508,472.8391151265387
14509,505.54814618057736
14510,487.60928282159364
14511,446.9286501955427
14512,471.41154279674447
14513,439.00286926136675
14514,447.7028268720158
14515,405.1895430407314
14516,463.14135896198775
14517,425.7261004454294
14518,360.7026186480801
14519,480.4401886454403
14520,392.9318025243402
14521,396.28746313757364
14522,459.85641491455743
14523,417.21365653975437
14524,447.80227731741957
14525,417.31528914564774
14526,437.67897311304284
14527,408.27093245264194
14528,419.74892840766034
14529,448.9158267202143
14530,465.48392112756414
14531,486.61183802234257
14532,420.4833620925989
14533,510.7029466878815
14534,440.62348870308296
14535,420.1110320566352
14536,467.3841999741224
14537,447.01827886365146
14538,386.78654551878685
14539,462.2973083536871
14540,459.07669284795566
14541,506.62176515746785
14542,479.9241329006253
14543,466.65441374466747
14544,505.60258374730097
14545,516.865125854756
14546,438.2454334905537
14547,477.6174955939997
14548,439.6058020666091
14549,518.6874342446091
14550,502.2443025980062
14551,512.5551287289659
14552,477.32320447450377
14553,455.24072158719133
14554,434.235078603482
14555,379.81201527053696
14556,412.8926104489294
14557,501.98515576130586
14558,434.9242125145149
14559,467.69918253992915
14560,446.4744078368313
14561,458.6519450185289
14562,437.1790203628837
14563,433.2883360114978
14564,417.63366775170033
14565,450.7625554916663
14566,510.9823166122571
14567,412.0887738347646
14568,499.79971179217625
14569,453.7545231560034
14570,428.9032291854567
14571,404.3003049552029
14572,486.99379791020255
14573,471.22130521020426
14574,419.4090486598757
14575,477.4939582004508
14576,484.36726221552493
14577,404.5764719535575
14578,470.1778045917814
14579,492.9168337128264
14580,444.1688397310325
14581,446.0098584345078
14582,471.26016341785186
14583,477.6534970727215
14584,473.6149977356381
14585,408.2033196167603
14586,430.9879254580411
14587,459.5550653586689
14588,465.8731045067696
14589,425.6746268069511
14590,406.6198086137191
14591,493.8366950801014
14592,512.8376079602534
14593,505.5711691244051
14594,461.2710007349881
14595,466.728414856853
14596,445.3201368186093
14597,449.2666472198846
14598,457.7733975618724
14599,500.79080571189417
14600,490.01737038083564
14601,419.63514069416044
14602,464.70740954199505
14603,520.0671145455713
14604,472.98926384659995
14605,388.0881929444776
14606,439.05987737796994
14607,429.37569261365763
14608,463.4350657365718
14609,454.39366111704766
14610,428.8766403995796
14611,425.79511845548853
14612,548.945733810308
14613,418.92536017226513
14614,430.90352054842253
14615,466.8550888890368
14616,510.70107588887385
14617,417.4841557055335
14618,477.8196087542388
14619,454.3042284471151
14620,475.9786098149281
14621,406.9885792778325
14622,439.47164201659655
14623,523.4620806013123
14624,474.34162411200714
14625,495.99545685718385
14626,486.20636034204813
14627,438.08511617506485
14628,480.46604368984794
14629,486.9907443488248
14630,446.2528144025546
14631,486.84341739638324
14632,477.4094815729224
14633,436.1447703859948
14634,478.9266788118294
14635,445.14502697622424
14636,474.188356380872
14637,485.6961710374031
14638,484.797824865124
14639,418.2307352028516
14640,434.39379362186105
14641,405.91597634039704
14642,510.47093310761375
14643,462.50980218846894
14644,435.1221197361311
14645,456.2425724857603
14646,492.9181224780635
14647,472.19188731285516
14648,515.9599942221087
14649,481.889017538718
14650,502.19341839032126
14651,449.40473232846534
14652,387.82749260719106
14653,462.5457843446481
14654,473.2877717918948
14655,402.1676887919246
14656,476.92061316778455
14657,402.50316867647035
14658,396.5377500483421
14659,404.6643579381904
14660,498.7407493478209
14661,509.39186256082047
14662,531.3603928169686
14663,388.2804080076718
14664,439.1542301986994
14665,455.2889241568778
14666,454.1846901469505
14667,387.9065768311837
14668,481.2935362342843
14669,411.95015586256864
14670,390.9464391955784
14671,453.9339888399341
14672,462.2789869529338
14673,459.8297030953756
14674,413.6151050953519
14675,420.41221388792485
14676,484.4364856476153
14677,410.39985833633204
14678,514.356086566641
14679,429.09567092973197
14680,385.0584656001755
14681,452.10198277994425
14682,462.7872387957051
14683,444.71418286382163
14684,425.78909038288896
14685,405.2400115723909
14686,461.0493906724081
14687,478.6846794715795
14688,393.49848952304785
14689,484.6544651646902
14690,433.6588240683142
14691,502.4867356647396
14692,483.7489859230803
14693,414.07931284400155
14694,449.034406844755
14695,464.1165338515284
14696,451.09030797257844
14697,483.7368711901296
14698,528.4547671935097
14699,426.194810690911
14700,421.17421942679664
14701,444.7974071460364
14702,453.3615610761041
14703,447.7454160270619
14704,409.85116449762444
14705,475.8418557348885
14706,432.89541360152276
14707,459.60389370116366
14708,482.9545798770258
14709,398.63969785767273
14710,456.76938475179793
14711,468.76956839620874
14712,464.75318960200275
14713,454.19159870928524
14714,454.5877729337994
14715,447.88577375865106
14716,377.06037398783195
14717,399.4604431117394
14718,504.0099565398698
14719,436.9877181100595
14720,520.476274219064
14721,456.4962565430105
14722,424.7741397754348
14723,473.05501080609815
14724,410.15664457880354
14725,402.39852311871283
14726,388.5174499925955
14727,387.40788130975307
14728,492.3213503850615
14729,532.939560985711
14730,513.0291696407214
14731,518.3331558235665
14732,473.6224803612278
14733,444.8824248175967
14734,459.26569834306065
14735,529.4958177359009
14736,428.8454727458815
14737,468.51905549684267
14738,461.2711147049261
14739,507.68204038923
14740,475.63396364466433
14741,418.22317677580253
14742,433.96251205154186
14743,526.9857445573741
14744,380.933894356776
14745,423.33851204189546
14746,400.1900100151742
14747,469.14908172812665
14748,413.0417303340996
14749,452.9756765061448
14750,436.2508100835892
14751,426.32204596145255
14752,474.818749993055
14753,427.036214451496
14754,512.8493806178797
14755,410.5591529969357
14756,430.79541093989224
14757,399.59034910372856
14758,443.69445987488535
14759,426.0214314900916
14760,500.95764750497165
14761,456.2618023670606
14762,454.25960283127796
14763,421.9817274456996
14764,468.5257564804213
14765,464.1172619107609
14766,422.2678026844913
14767,405.4368353465995
14768,432.0819063801801
14769,483.442008122138
14770,455.01719229566237
14771,483.91982635555433
14772,457.72771913231617
14773,452.0338377542531
14774,475.3892573561355
14775,415.0295102426379
14776,482.5992140663311
14777,431.18746470459445
14778,465.5611486587279
14779,454.88895803571563
14780,437.4802821293909
14781,468.9204607046059
14782,467.4364509074049
14783,475.0955534109688
14784,441.44599479767385
14785,456.7823083250959
14786,445.7579139005642
14787,450.45842446928856
14788,485.53324882699997
14789,389.95139533793275
14790,433.73346231009504
14791,438.3211932598927
14792,503.93215991021975
14793,348.3178383785084
14794,432.0287444550288
14795,462.5039797376189
14796,421.4143879996223
14797,444.19114380182145
14798,486.29036854288404
14799,353.9630227341813
14800,536.5436436272813
14801,533.1290714165831
14802,473.8766183322019
14803,447.9316248330057
14804,398.7018203140912
14805,509.12211090744705
14806,482.9637816345165
14807,393.98685602870023
14808,453.93808437683447
14809,388.1491445881321
14810,467.15579749178517
14811,489.68814108167226
14812,466.41227691168797
14813,419.522025207469
14814,450.75424427888254
14815,391.0608041545488
14816,416.4822683705926
14817,416.41661440857223
14818,455.5564689493544
14819,474.41925901994676
14820,406.75990716137323
14821,499.6066519465308
14822,426.06072892922816
14823,444.270548528711
14824,451.0013649661927
14825,419.33209925659247
14826,436.04463071438545
14827,450.6202323213476
14828,481.45809965231683
14829,432.2380694054112
14830,421.91258619920654
14831,467.5795797637005
14832,459.7574950155989
14833,438.01987104128204
14834,493.10367434608054
14835,463.8890266352288
14836,397.5349060235831
14837,459.78573446639945
14838,481.070365571571
14839,411.761039422231
14840,422.4493463539581
14841,492.68949420880335
14842,421.2591759868072
14843,370.4336941319736
14844,469.3904558169359
14845,487.2162654318301
14846,375.6911046227856
14847,519.562701757773
14848,431.0259889424786
14849,364.29802908079824
14850,423.29352659117444
14851,352.75401601274297
14852,463.21733469829854
14853,450.3771864571682
14854,454.9682462626339
14855,393.0767542893494
14856,468.81701616256385
14857,452.42453796697174
14858,439.3161507115556
14859,379.9748910999092
14860,406.20212752457206
14861,474.7587216659079
14862,484.4088706155559
14863,432.34512437906506
14864,449.19367186425376
14865,480.9233787972106
14866,447.91584614842503
14867,453.9748449192573
14868,417.1259947639403
14869,460.5643678757752
14870,534.7932359479547
14871,425.6424647458835
14872,523.9765405718131
14873,430.38637299483526
14874,487.59819689863235
14875,444.82403466526097
14876,520.4170047685799
14877,428.86337493680435
14878,545.6386223010543
14879,490.66561577273876
14880,460.2630879537123
14881,476.6436693063726
14882,483.16964469918594
14883,410.0806840655042
14884,500.11362368694813
14885,467.8709970800746
14886,384.2986254698124
14887,476.15026839598136
14888,487.7785724494846
14889,440.53855197852175
14890,354.97642811251603
14891,362.1533852592681
14892,459.3772724075681
14893,450.3205012357283
14894,428.73051829156094
14895,461.277422749574
14896,351.1908864544368
14897,437.0556354798557
14898,382.0211673031979
14899,472.8849710365723
14900,466.7705637159417
14901,398.2691495719392
14902,478.45627421418465
14903,500.0082738586798
14904,421.882456591325
14905,417.67468374990113
14906,434.4468154161151
14907,460.2478186403983
14908,562.2569892958318
14909,454.8037898103203
14910,502.336816388698
14911,493.21672315531885
14912,473.901790398716
14913,498.8548807387329
14914,346.63980496445356
14915,431.112079447548
14916,498.01676610106165
14917,430.96358856917357
14918,459.70261681271137
14919,404.102810473619
14920,420.44635631812235
14921,450.23932181156994
14922,382.05379317219723
14923,415.0706735265027
14924,434.1351988908976
14925,498.9152992963799
14926,509.22609474103933
14927,426.28273071092576
14928,480.72859185124133
14929,505.15631014737403
14930,402.0297237829934
14931,483.64896710251736
14932,461.7488171043096
14933,418.79289686937636
14934,448.36007865579415
14935,423.8039247009491
14936,494.37941499678226
14937,477.9920111446158
14938,470.22915614948573
14939,484.6526326836181
14940,492.8708846227182
14941,465.6458147814788
14942,478.9771126708929
14943,475.98842738053213
14944,452.2455398476734
14945,464.0508649516435
14946,575.9270407084507
14947,450.55364220292216
14948,477.77632418637495
14949,466.17779037035734
14950,427.20016458147455
14951,542.0717205286038
14952,437.5433406469716
14953,497.60506078545774
14954,413.70987404918816
14955,438.95039430471303
14956,451.2064490494581
14957,403.04055522420435
14958,441.1078551281298
14959,420.29714158296997
14960,496.55762217158025
14961,443.25431511095866
14962,441.8213795708226
14963,466.69146712998935
14964,457.9346311151826
14965,348.78666019122124
14966,475.88925810243995
14967,385.29027113381494
14968,403.67985593450726
14969,414.762170168795
14970,491.7528026628484
14971,439.6487300364453
14972,391.2006682568971
14973,455.41678995896063
14974,463.3458182277576
14975,417.0778543055763
14976,462.72677938682983
14977,425.05126530070373
14978,459.3352914540608
14979,458.3306284428229
14980,416.4056220189314
14981,407.7392903038743
14982,494.13286721857236
14983,449.74382932798346
14984,459.9311258177853
14985,429.130711092779
14986,398.28480140125174
14987,491.5480548470533
14988,450.5726535436159
14989,448.50619922075015
14990,407.949632593862
14991,421.9939689350983
14992,388.0936770862276
14993,442.5978609859266
14994,427.8508403840634
14995,478.42913569805705
14996,415.66586455306145
14997,467.6856690419203
14998,508.5605471385342
14999,478.5019839712488
15000,463.4455898750286
15001,454.575513021064
15002,409.8489750758583
15003,446.7664474422535
15004,492.7995558736512
15005,405.86016469496246
15006,438.96248657488195
15007,445.9058453959475
15008,451.8984595698366
15009,491.614022574502
15010,445.46094766416616
15011,331.94141920350853
15012,340.2267958565187
15013,430.8888651963325
15014,496.0537069052547
15015,453.49717847769
15016,490.5866785405633
15017,430.67689697499816
15018,464.70946124391094
15019,515.0902793584797
15020,504.51595232842124
15021,453.0606420324468
15022,491.47124123465545
15023,448.553151373248
15024,460.4589294845672
15025,469.878055908781
15026,426.31391732541607
15027,439.1396544470449
15028,415.0272129729423
15029,454.53330447966664
15030,386.07414876230746
15031,423.752630949787
15032,449.2909520031095
15033,464.36124076630813
15034,477.2370717308659
15035,402.2646942809599
15036,380.26840665893036
15037,467.43953692290654
15038,466.92840540001663
15039,532.0915029394688
15040,479.6938307546824
15041,481.2892325377429
15042,426.2398231973358
15043,431.80936749216687
15044,412.445962346044
15045,405.09372164280535
15046,515.7245342461746
15047,411.6468855412455
15048,450.0656702321247
15049,458.7691489253896
15050,467.12173203208556
15051,458.19415280318765
15052,432.7523426755707
15053,453.5812925601634
15054,380.680357604377
15055,425.2112781164113
15056,421.43083087219316
15057,429.58311425937205
15058,420.62369404936106
15059,411.7317281324227
15060,502.4446086400304
15061,446.7852578598648
15062,364.9367751551817
15063,451.708470293098
15064,443.6744411004109
15065,394.91235013947374
15066,511.1318366274944
15067,418.7442362893789
15068,437.59891292926346
15069,508.1877590487812
15070,448.0485920524126
15071,491.15899174619193
15072,466.7561927745417
15073,398.74570057815964
15074,439.7219660766472
15075,416.0425150256145
15076,347.1378401095679
15077,352.862837242642
15078,450.7676769609255
15079,482.9020582597193
15080,392.159120335351
15081,359.94395045540415
15082,442.0764517520624
15083,440.1861560262923
15084,492.8323419558469
15085,486.2528427693467
15086,405.5481545161819
15087,509.61216213466173
15088,519.1415565367477
15089,435.1094768719029
15090,402.27917630462576
15091,452.18337326536005
15092,512.5210306121303
15093,397.0304731416668
15094,436.40097482755573
15095,446.88256274991807
15096,403.76250141726644
15097,445.6625003063727
15098,454.52063149444916
15099,434.23890751254623
15100,512.8839473192662
15101,500.75912284909475
15102,483.4364450364588
15103,442.64348507743324
15104,464.6176801365349
15105,359.4374453572414
15106,389.787987278623
15107,462.1951425591316
15108,481.7253894828076
15109,479.9399391386652
15110,396.327892515408
15111,408.8970964652852
15112,409.90933658016553
15113,391.71469134505344
15114,514.4255962617914
15115,453.3284986759744
15116,388.82777393927637
15117,411.22766649383095
15118,475.02242756425136
15119,413.86941602170924
15120,437.58599925884283
15121,433.9721115367438
15122,433.53055762300244
15123,459.8576137353582
15124,497.3801146675002
15125,436.10673920192255
15126,524.4361470605457
15127,478.7112907618975
15128,418.8192998347261
15129,452.52073598097076
15130,513.3250467539484
15131,439.2606976592793
15132,464.205177973165
15133,477.30247598707155
15134,384.21478605951046
15135,493.05392817252783
15136,410.23650803447043
15137,430.19253609659233
15138,347.62093370399117
15139,427.35956433362566
15140,411.08121151452383
15141,429.05293180296593
15142,475.86826262051693
15143,461.720913475766
15144,444.5185671111895
15145,446.0188669338586
15146,398.8050592175523
15147,435.82427523988724
15148,411.1966275917309
15149,489.71807586534044
15150,517.9388038651794
15151,488.19433025141154
15152,421.9014587810135
15153,480.0729412726332
15154,362.7508230019809
15155,373.2967457585399
15156,418.2819474823002
15157,462.90521453181776
15158,503.7894410675387
15159,496.46601518959085
15160,424.29699053786163
15161,431.72209533224975
15162,450.5507698269844
15163,467.8726554879006
15164,397.972887428525
15165,470.69915442873815
15166,448.8406311699931
15167,497.50537899369056
15168,414.8255084041379
15169,504.7232907288065
15170,396.72397457505406
15171,370.5732299138262
15172,485.7653711963421
15173,429.7771043299459
15174,462.2572259342345
15175,426.5539901106278
15176,442.8739150749868
15177,483.330818234046
15178,431.6330601977309
15179,496.8752664011943
15180,427.0159199949345
15181,430.13413449291636
15182,491.7350171976391
15183,459.787042442649
15184,470.70286988192504
15185,424.6013783272799
15186,465.5873945527874
15187,360.58889185987744
15188,435.0712599613498
15189,467.7575113372321
15190,394.3250123648306
15191,408.4717127705146
15192,492.7396138393406
15193,542.984971081325
15194,482.885251218412
15195,442.58115279189013
15196,485.2523380608722
15197,415.36999601362317
15198,437.979996321047
15199,420.5203466519472
15200,480.11428722219875
15201,465.0441646328496
15202,400.64236008971875
15203,464.559290165105
15204,463.99714313240406
15205,421.44774586534754
15206,555.5745522031709
15207,447.28920805157094
15208,426.11490626268846
15209,423.4501499259289
15210,477.28222807650576
15211,494.8196645380722
15212,502.5952406786616
15213,505.1625494210209
15214,467.4837266000014
15215,395.2147424214863
15216,455.8523290976116
15217,508.59820211485635
15218,418.29673785877054
15219,425.53353309921107
15220,452.30041860965963
15221,495.1683124209175
15222,443.50214058267767
15223,486.76393756514904
15224,502.83624045869306
15225,508.3684546676758
15226,446.55492229920867
15227,420.94369119767134
15228,460.4985394491472
15229,479.81256447730743
15230,459.03343286692876
15231,455.0054180756019
15232,456.9267409640083
15233,365.7084865488829
15234,505.22721236883984
15235,419.27717499695495
15236,504.7963701005239
15237,420.1556202842808
15238,484.36194172000705
15239,400.66370166807735
15240,379.9114826722862
15241,489.4649369395964
15242,478.31794961367547
15243,383.825707421776
15244,462.87874650220704
15245,420.61246309619526
15246,491.33575508583937
15247,439.1390016438721
15248,458.701127409862
15249,517.9796051241635
15250,451.52690282635933
15251,453.3861005705915
15252,461.11172078313126
15253,402.75717517060605
15254,428.15874508531596
15255,449.4838240005936
15256,441.5847690279377
15257,446.8379269059508
15258,432.47792669638267
15259,445.0236578121197
15260,478.62349777739166
15261,526.9244609894979
15262,386.6800617513136
15263,435.3062530082432
15264,478.7872332637916
15265,540.7182795076889
15266,420.86956640689186
15267,474.0526579337739
15268,419.65204694802077
15269,404.59007642835195
15270,502.2151523246166
15271,456.2653282973581
15272,474.9042217431162
15273,405.44586459661997
15274,410.36127866414057
15275,476.8880060840267
15276,503.39664127780736
15277,453.5780642280213
15278,521.344098217445
15279,511.88760228411707
15280,383.10454859245084
15281,500.3818020191584
15282,485.28421013620965
15283,414.5559629885192
15284,507.1000534142785
15285,426.91800538347496
15286,421.8092547481772
15287,397.88780100687717
15288,459.1524481142869
15289,471.88817505991267
15290,422.3669185430793
15291,445.8853642338252
15292,521.1623094914918
15293,511.93618266974056
15294,481.2561352551515
15295,494.03877224229706
15296,464.44479562691413
15297,450.3816325529563
15298,473.3232318563107
15299,438.5160115695552
15300,446.22475899227175
15301,417.22556719709297
15302,415.14119590419534
15303,452.4394992431195
15304,427.56432282534246
15305,441.04434292798004
15306,471.5142255253338
15307,442.6429227364848
15308,427.11972072214303
15309,565.2903661632548
15310,413.2150755978814
15311,548.0902235051879
15312,453.6784332976552
15313,486.2896696489604
15314,458.563670140305
15315,435.5106299549132
15316,403.9666779257539
15317,502.20832745181315
15318,493.8556846835214
15319,455.87812962622024
15320,485.98812781701656
15321,487.56281964759546
15322,397.45173335066755
15323,417.9456678176406
15324,491.7176263176812
15325,450.3209132807598
15326,522.0706357798673
15327,442.6325234557798
15328,459.0409614138773
15329,431.94761282058397
15330,436.02101637743925
15331,481.19254997241535
15332,426.4856455221877
15333,461.2567167678974
15334,443.96745526676096
15335,417.17182086883446
15336,422.79209237110445
15337,464.54684697146007
15338,439.3455870220639
15339,453.2419557092935
15340,437.99842868169486
15341,401.6045617939847
15342,540.3313336422931
15343,416.38291742283957
15344,460.0341597667021
15345,512.2696283292057
15346,542.9374817092353
15347,445.8676359206713
15348,487.0003900650161
15349,422.6851877366639
15350,425.04544262310264
15351,417.1904266745713
15352,418.28589478803514
15353,443.3326368498331
15354,492.8292569686822
15355,432.7638046562276
15356,514.0593573687287
15357,404.0598585320456
15358,476.4184314888536
15359,478.82985365863175
15360,459.6293385647373
15361,483.18094091305727
15362,399.61665495881647
15363,442.66099203885955
15364,418.06853319951205
15365,514.2029527723894
15366,484.3393202885966
15367,447.3600101443327
15368,497.7809358850532
15369,481.69549061046183
15370,462.0428905830247
15371,420.7301949692571
15372,488.0588591463307
15373,376.413941101955
15374,417.89665111987955
15375,395.65910784039875
15376,409.14119565035793
15377,428.75833985415085
15378,487.96739448260735
15379,480.34052791956367
15380,469.78144565972417
15381,433.486397693728
15382,395.33995776739323
15383,402.7434530795101
15384,421.0467169063153
15385,361.3457782726542
15386,413.8095712910899
15387,472.49449608710086
15388,392.65779587813876
15389,396.0951594163178
15390,544.3357871442233
15391,400.36982040278286
15392,401.4634127914308
15393,459.678687085695
15394,557.688694900597
15395,447.8600948457213
15396,505.2586252776629
15397,436.2332856288496
15398,459.4122340180601
15399,433.4963762437701
15400,441.05844671062374
15401,499.1224704607497
15402,493.607448367542
15403,452.78608985538585
15404,441.3530364451722
15405,466.70082200543555
15406,465.595545150916
15407,482.22013276692724
15408,400.7982339108717
15409,500.1920866031198
15410,474.76513565611987
15411,424.952760928532
15412,443.8659656728159
15413,432.1636988642075
15414,502.97742294135844
15415,475.5001290898436
15416,453.52598926891295
15417,407.3193397820578
15418,484.53173710777367
15419,497.6827613565368
15420,467.15277263242666
15421,448.46458870280907
15422,404.793469891166
15423,442.3909179565515
15424,512.5929199422179
15425,455.01210051161
15426,415.995273869263
15427,498.5837956136507
15428,514.079435113542
15429,419.43394050034135
15430,421.283724627464
15431,487.4117501025826
15432,394.538218493044
15433,434.71562551647213
15434,487.2783772469234
15435,439.98308908342403
15436,424.53916947252367
15437,466.4649227306526
15438,425.59726498824176
15439,455.6894135901413
15440,426.83851106283936
15441,488.9658837982172
15442,483.46698408806196
15443,438.5439426585487
15444,491.16259709855535
15445,449.806368069874
15446,391.45617983666796
15447,443.1865990181512
15448,395.34998034422773
15449,444.40759842903174
15450,520.3127668172411
15451,466.02935349178756
15452,456.9218701271662
15453,451.24160123125745
15454,444.3893369833447
15455,481.32006972099083
15456,440.41315300420433
15457,413.73901065840346
15458,479.80023210786925
15459,409.411915606036
15460,415.62866190297314
15461,489.3983673104623
15462,492.46141349300933
15463,373.2589307619048
15464,459.91533032311514
15465,510.656893516701
15466,362.2451783307862
15467,438.7743799737727
15468,422.94202899341667
15469,441.5791135089828
15470,452.42357476681775
15471,409.0180604242272
15472,474.6267433865908
15473,419.4813607627733
15474,406.0020639655516
15475,479.57468558607144
15476,497.5801922627002
15477,371.1885199954153
15478,393.78178638265786
15479,510.4656953392291
15480,448.8412640064527
15481,383.908502481439
15482,430.74501689925876
15483,462.81213894574194
15484,494.5129862921536
15485,483.278537394313
15486,471.113024818037
15487,476.5034698549017
15488,462.126362429206
15489,490.47717437033947
15490,548.7985543783518
15491,408.38891684185955
15492,460.32112582322605
15493,456.7633926326355
15494,459.2081433298446
15495,447.83770068210447
15496,442.9946138594775
15497,446.52619729254883
15498,423.7342280198747
15499,527.1845883873674
15500,438.7504211076161
15501,430.71416973603266
15502,369.79163413424857
15503,505.5212367085996
15504,435.1334996702621
15505,419.73635853111784
15506,506.84977423361556
15507,484.6640340129257
15508,494.86924072093467
15509,420.22552925868627
15510,438.38037447441707
15511,411.32638534559413
15512,524.1487707456911
15513,475.59615860579237
15514,461.57634666535125
15515,490.6642293843382
15516,420.3030876506473
15517,443.88712338329805
15518,452.92224950765785
15519,427.7779096475391
15520,479.3444220976355
15521,529.9150330316919
15522,453.27138770737304
15523,460.03396782394407
15524,437.46286752473463
15525,487.6721075509568
15526,487.87824164111134
15527,399.59745429266195
15528,500.6830599642721
15529,461.19953046875827
15530,479.34223908471057
15531,436.29572361915814
15532,465.6220864627943
15533,556.4338996864002
15534,424.5948623097958
15535,422.6473689243322
15536,448.51782819915996
15537,453.58909707408145
15538,421.27787453551133
15539,404.1884964085214
15540,476.14124026074876
15541,480.771455193557
15542,473.0962106452619
15543,428.9468972501383
15544,394.80056545932916
15545,421.82081275602957
15546,441.97006884472887
15547,487.27361160973953
15548,424.6910731801238
15549,413.49847933092025
15550,475.76478141011523
15551,431.1697052203113
15552,412.8141295764618
15553,427.34424306069167
15554,396.4603260295207
15555,480.54054365963765
15556,449.0749969470727
15557,435.5012370874289
15558,424.47856599976564
15559,470.16155480297056
15560,423.93388249989346
15561,459.6019685142496
15562,473.71380948208827
15563,454.072117639754
15564,479.32217759102804
15565,504.4833173497804
15566,464.2858358954859
15567,445.43127992554736
15568,472.8639139235695
15569,451.54630406862856
15570,406.476101591113
15571,428.9821951755759
15572,494.20878831553017
15573,507.6784489135621
15574,458.891479599136
15575,451.9094629429347
15576,471.1334327533266
15577,461.44105945884905
15578,411.72943814848566
15579,513.2575386357933
15580,438.89246606661766
15581,464.1269260958074
15582,462.29014866249497
15583,479.93285754944327
15584,412.53270946729134
15585,474.1529602048115
15586,531.5389134944307
15587,519.442805443111
15588,392.61918499605537
15589,473.9237678388176
15590,439.13832785419424
15591,432.84597465244883
15592,476.752729515038
15593,463.9322600373745
15594,495.9507490042622
15595,499.0396613149066
15596,487.7071127120388
15597,502.31510436727126
15598,463.31529829648395
15599,523.7605968387346
15600,480.18713136072654
15601,448.14828782792654
15602,400.6257271172371
15603,476.22279948212656
15604,403.68329381160476
15605,521.8707169339194
15606,479.87191794457
15607,458.96690185310086
15608,506.4310347148304
15609,499.0100108815556
15610,417.2948617839811
15611,457.5313229971173
15612,483.737372823298
15613,425.7486302444531
15614,480.96641569153803
15615,495.6162564607209
15616,437.2805611632956
15617,451.84033450319737
15618,416.05149616481543
15619,438.8389326308547
15620,519.9769631807247
15621,421.9848284746442
15622,454.7199993908083
15623,501.70007035166896
15624,470.51129259545627
15625,354.8456256321807
15626,478.5787597164571
15627,456.66110761243567
15628,507.46234557644493
15629,404.8863963749746
15630,471.76705269123255
15631,485.4956111375847
15632,451.7115635179405
15633,438.4069793091864
15634,478.51136997682744
15635,444.87974175379935
15636,483.987506518667
15637,419.38355251406466
15638,570.4163244501221
15639,498.18295671141357
15640,462.67410201619003
15641,441.6498261130738
15642,477.4433036101127
15643,446.29497180083325
15644,429.5296111069229
15645,429.5801101501488
15646,409.6562649775105
15647,489.9230153558242
15648,481.0521374323723
15649,491.5027628840426
15650,530.2992661983718
15651,501.7415242695863
15652,454.7268308998138
15653,389.9418014660234
15654,452.89268994925175
15655,457.67053252869334
15656,458.6008724932013
15657,440.7046165103141
15658,473.06827028141885
15659,433.29438543670557
15660,435.8566027072563
15661,465.70102522106424
15662,450.0815607709378
15663,473.2024321968599
15664,453.23453716801504
15665,435.3585403590167
15666,442.7512532746417
15667,420.26997820290103
15668,366.65363799066154
15669,488.15323752520214
15670,486.05249599779967
15671,517.694685930694
15672,445.0567927696876
15673,465.2400280019004
15674,485.04668722542635
15675,431.5639167468729
15676,448.26266009822615
15677,399.93412463996077
15678,517.2516138224754
15679,448.96464028166923
15680,413.43825502434544
15681,418.97749139289186
15682,437.03624560778667
15683,462.41162851707276
15684,520.7976106851095
15685,446.53627009849964
15686,421.72096100234745
15687,453.9862157691476
15688,464.94538702895454
15689,446.70625233347914
15690,422.1871283079847
15691,428.1962871901823
15692,431.5330115733886
15693,430.4586537757766
15694,479.8113041792379
15695,377.5833521441251
15696,486.06695808258957
15697,367.6266379440424
15698,384.35797210823864
15699,416.48619377010243
15700,450.9447434185289
15701,465.5472451923466
15702,421.544337662345
15703,430.2858552295538
15704,426.09104351177655
15705,491.2043253885622
15706,484.85474729385487
15707,424.1071477492798
15708,413.428083205637
15709,440.3949155170323
15710,454.7818986702197
15711,423.93489181358274
15712,502.07376452148713
15713,385.48551793848947
15714,494.17798323598487
15715,450.51170818050997
15716,540.5374637928843
15717,409.06252465099396
15718,449.46360592683493
15719,469.9797936419008
15720,393.5494805390019
15721,458.15431669484815
15722,470.42626622778266
15723,507.54961238220693
15724,472.48288865781325
15725,463.1582366738162
15726,509.6883467229791
15727,483.11516925806507
15728,447.7956638762877
15729,512.0587425543774
15730,418.94430991236015
15731,458.08399625168147
15732,448.639256798977
15733,455.57266034998236
15734,439.72679402259854
15735,396.0889294825119
15736,542.0762025736408
15737,404.3315256706238
15738,557.3388944431255
15739,356.13222804035746
15740,424.60390329627944
15741,466.3341959550814
15742,462.49959597988953
15743,431.31388576993163
15744,422.2382678792067
15745,473.8503604791495
15746,409.9183680789586
15747,428.6772881778491
15748,570.5804497458771
15749,510.3384850718505
15750,433.70646841838595
15751,483.7514418382908
15752,444.4951658324463
15753,407.64277163136876
15754,485.04803376624426
15755,477.00920791750207
15756,488.44753667102555
15757,506.2253807260377
15758,465.9966680454958
15759,410.68606508999324
15760,400.772886707656
15761,460.189229487369
15762,450.8643059120044
15763,359.0219874616645
15764,483.04436161934575
15765,470.2120910988315
15766,488.950619688217
15767,416.74255974959374
15768,400.0622818251992
15769,531.3082091137675
15770,472.1202711977398
15771,533.910026517114
15772,482.2005415702195
15773,443.335488245382
15774,511.8106369948533
15775,546.1174797656912
15776,502.35471266667565
15777,454.4274504464953
15778,465.7551297966187
15779,430.2525591426691
15780,441.6081078921169
15781,434.7107269573683
15782,452.17877722247914
15783,464.8346584908405
15784,444.64460390569343
15785,400.1487163701811
15786,398.4876004890299
15787,477.1006595658734
15788,394.4713035183698
15789,468.93750470657136
15790,413.2880844704513
15791,454.42244154363743
15792,468.7213050642609
15793,383.7793306290814
15794,395.09952629625377
15795,500.109240188173
15796,405.38429135095714
15797,440.9720568591718
15798,494.5659050234603
15799,346.79630477266124
15800,472.4075421631225
15801,438.80698723978634
15802,461.04517596558026
15803,419.7874770629303
15804,369.1637436668322
15805,484.0395749439401
15806,473.5538657037387
15807,518.8452324300455
15808,440.8722819165974
15809,387.67996233748653
15810,469.454312651273
15811,516.4240936418679
15812,369.65664678470085
15813,387.34978798942166
15814,363.5728585178294
15815,444.18210332439776
15816,459.85136067507267
15817,486.0216828558902
15818,487.4998449108304
15819,459.90119185087303
15820,518.5670362379718
15821,495.48655753368513
15822,425.44085688003963
15823,406.03106281224905
15824,427.33424666982097
15825,402.5827766473634
15826,463.6181585924425
15827,422.2870876323854
15828,388.1667366524017
15829,425.2333943602812
15830,519.2598957296761
15831,407.8231115071458
15832,494.4200643457696
15833,395.6287656583581
15834,456.8807601732184
15835,481.69654713372887
15836,475.07233997651457
15837,555.7507312723305
15838,425.7224866399913
15839,453.01759045574914
15840,369.0105713654076
15841,447.6640373494031
15842,446.77491224100453
15843,390.77730176996846
15844,499.67930888993686
15845,465.42441854913704
15846,368.33311975861915
15847,483.13247412741146
15848,433.55509710664984
15849,424.96056339017775
15850,470.54471184656825
15851,450.5736885554883
15852,453.1189629350112
15853,444.220914024308
15854,408.3968871067026
15855,444.58755534704824
15856,368.5014022290706
15857,460.7922116748852
15858,489.0152461252745
15859,521.5964115350976
15860,414.54569085343644
15861,514.4935985848755
15862,405.38839771524135
15863,440.4279755341356
15864,532.0717000923665
15865,490.72300030011786
15866,414.31212484993785
15867,412.5043835574351
15868,546.9760699399441
15869,464.9551173165511
15870,445.43959816316647
15871,504.0156086518505
15872,471.82008242350406
15873,413.28370288112814
15874,434.1825100628703
15875,493.2319159766786
15876,450.18403002706594
15877,485.29942191168146
15878,487.215564677982
15879,392.2668397066917
15880,461.69183871634687
15881,447.65081299864113
15882,398.3192770220602
15883,425.3001616315825
15884,411.4185962107905
15885,437.6989711037262
15886,439.053523584879
15887,389.92021608013357
15888,445.1253189333066
15889,431.7484192856488
15890,384.42556766550825
15891,523.8721843228266
15892,412.90372028341716
15893,487.47466064013105
15894,591.7659699069295
15895,433.1517408190223
15896,425.80358023022774
15897,418.57956091909296
15898,470.89911568384014
15899,465.8617774184756
15900,533.4194140500365
15901,535.1011546209129
15902,477.79174963425015
15903,436.56070861391663
15904,380.66570835211894
15905,430.4692664951213
15906,495.4074351565062
15907,546.7590037787808
15908,492.206765695688
15909,497.1069826105787
15910,402.904753911118
15911,445.6215586143012
15912,475.49465279744453
15913,421.97532468215655
15914,586.2033487515332
15915,478.8329443160588
15916,407.23918927605456
15917,431.656895377053
15918,443.55020071286305
15919,539.4195494246995
15920,536.9701588900177
15921,519.8842698588903
15922,441.288032223443
15923,451.10538743362304
15924,449.7179873784709
15925,503.89090845803076
15926,534.7459220680454
15927,410.99005237351713
15928,407.6436227167249
15929,438.93888787185904
15930,460.0645731625693
15931,507.32452636966065
15932,453.49715541915583
15933,402.15127116676143
15934,474.97022921769684
15935,445.6800225575405
15936,490.49082928345695
15937,380.577141282927
15938,401.3825760179768
15939,461.7577148325346
15940,464.1055620841436
15941,332.5117189063807
15942,454.6004749145196
15943,412.60190009288965
15944,467.9299031739966
15945,415.13425392510794
15946,422.563188655431
15947,452.74862189145944
15948,463.6416730232559
15949,448.3371223603606
15950,466.3757937764553
15951,434.7494661113192
15952,463.42008787475334
15953,470.901364407363
15954,477.49274490880975
15955,399.4321258814873
15956,464.93383756074155
15957,413.82945289561917
15958,497.7795092901847
15959,458.30280560349803
15960,444.91770459231253
15961,456.4968294635889
15962,437.5128979747602
15963,426.54508377072864
15964,405.3642249683265
15965,498.94680277283703
15966,406.98080461860974
15967,410.32821890460366
15968,426.511380358169
15969,508.7922652760667
15970,468.92045331004925
15971,405.69735182774764
15972,399.72662887840534
15973,480.5483372949606
15974,488.27442124172404
15975,476.3558002930559
15976,454.6457735781576
15977,474.39275420419494
15978,464.72097626620564
15979,498.8694735991164
15980,449.50749863152083
15981,381.2581942558934
15982,482.7416803588612
15983,496.6358978472187
15984,486.0740724605841
15985,352.3208506307328
15986,467.7041428167569
15987,436.91637508620306
15988,448.6800112868204
15989,447.3519050565793
15990,453.98931102364867
15991,452.04888418246134
15992,499.632735651056
15993,387.22721541963006
15994,473.4040504102682
15995,488.2130706614528
15996,510.96293493188654
15997,542.7951532922644
15998,513.3354218168041
15999,472.9977002380419
16000,418.4829992982493
16001,495.32058346388425
16002,449.4773309933812
16003,455.58056443212905
16004,441.5319676179242
16005,430.58196807624535
16006,505.74131238650375
16007,418.151315047932
16008,445.45590688333476
16009,438.64115874476886
16010,528.313689636441
16011,502.76480260032196
16012,460.2500040957002
16013,478.2621351239812
16014,506.4758474181451
16015,454.84824457238875
16016,422.4162571338848
16017,511.2528201836116
16018,471.3249040958434
16019,448.03565325451694
16020,466.12877624326114
16021,396.9677927155347
16022,416.82331396398564
16023,421.28448842061044
16024,435.3507616918141
16025,434.3770176044454
16026,432.8434178657381
16027,470.36253159216756
16028,455.1990026133618
16029,410.7018756088217
16030,437.7654605149973
16031,464.8135958016125
16032,427.509722134297
16033,531.5818986926034
16034,432.93135914793254
16035,386.6675230790544
16036,431.55281072659943
16037,479.1103534991502
16038,439.0772965279134
16039,417.13837612031756
16040,446.47621106270344
16041,553.5756792791026
16042,423.7777251784792
16043,478.67070049247525
16044,488.85137607019124
16045,376.7501064904795
16046,515.8123082931173
16047,434.7710088810432
16048,433.47134747858945
16049,438.9313213911964
16050,433.1944533895526
16051,453.46323444053894
16052,519.5686053137651
16053,452.68209553026287
16054,517.5424704114397
16055,457.83637962089676
16056,484.1273415575438
16057,457.45702498519006
16058,466.912798645624
16059,418.2841075253199
16060,452.4790552769913
16061,441.07823972229374
16062,466.8990337376798
16063,497.0677394169461
16064,409.85221137169685
16065,434.1231699815941
16066,525.5252523840305
16067,488.3197523214576
16068,419.88494630255286
16069,431.6157436286167
16070,481.8093400467443
16071,393.4435367716031
16072,398.62422275100585
16073,425.81860807637827
16074,406.687694200887
16075,429.27124614399526
16076,473.1652649310466
16077,458.14422050417795
16078,477.3163659948279
16079,437.31300640678523
16080,501.59708144396336
16081,330.6142009108481
16082,473.73727295986833
16083,488.8228621032836
16084,454.77155872027794
16085,424.86018404844026
16086,407.2175027035506
16087,414.8647273289584
16088,464.5481027357376
16089,421.54603934587306
16090,496.31795957397065
16091,480.9321308223794
16092,476.1373914098777
16093,481.4526530228302
16094,477.8297347103536
16095,464.27557211375245
16096,531.8031137203075
16097,425.19819392909653
16098,397.62137731484773
16099,401.85091069233533
16100,426.97656141665016
16101,393.06474113774163
16102,497.01002139760953
16103,458.99667577923725
16104,460.9692821657941
16105,510.16117756571936
16106,423.4847759007196
16107,403.4165499679309
16108,471.5671575438539
16109,477.4268073862707
16110,489.356553014267
16111,453.452556462224
16112,456.9457549805925
16113,407.0818347946768
16114,443.6871659997664
16115,503.7640724171905
16116,467.4923215825275
16117,504.9081813953671
16118,429.85744334311397
16119,449.87145262448956
16120,441.63778595169697
16121,421.1661403584606
16122,438.24283323688513
16123,435.0584236114076
16124,455.37520277471447
16125,369.8353175686146
16126,465.60361128728874
16127,482.11580809893997
16128,505.2512843748376
16129,475.69495179327504
16130,421.91788861202815
16131,417.35407358910345
16132,489.8238686306428
16133,418.4660991929689
16134,518.8982914766708
16135,445.5827695638996
16136,471.89271180464334
16137,421.93335973011204
16138,413.49841122107443
16139,406.4106463818999
16140,415.6915908013919
16141,459.54983795542967
16142,428.0149143120797
16143,526.1961098898129
16144,465.5510644694409
16145,471.0795692564729
16146,460.9296504006815
16147,391.27814697354955
16148,412.48231963887014
16149,487.756418205288
16150,420.15525140955543
16151,414.58371036854874
16152,442.74094788393523
16153,512.9479752418075
16154,470.9136142959737
16155,366.9866771795438
16156,515.6705493827425
16157,389.4217507363796
16158,428.534753570931
16159,417.1947352706316
16160,489.8121785707375
16161,458.74930138917347
16162,495.35858616892057
16163,410.16682092562337
16164,445.71378546850923
16165,487.8847685113362
16166,465.95634403709795
16167,475.7724982532339
16168,432.7429990169037
16169,425.1797338939976
16170,435.4548725719729
16171,367.503182774772
16172,482.2529123114944
16173,355.8158428585613
16174,429.6187757387355
16175,548.6869029148597
16176,451.2193848514917
16177,399.83348829505655
16178,497.3371256382391
16179,450.6200338254445
16180,435.7661957316132
16181,434.721774445605
16182,448.6358106900369
16183,397.085554555637
16184,399.7296929241852
16185,392.4359098804289
16186,472.10368627282435
16187,436.5048032988954
16188,426.70474201702643
16189,444.40000649255427
16190,447.7672267996142
16191,382.38445478089767
16192,477.91486919323677
16193,440.9453286894601
16194,418.6494141126881
16195,454.1987146661374
16196,345.0243151732572
16197,468.56009386279874
16198,390.3844012101966
16199,464.2091151062204
16200,411.6172992399892
16201,495.0480195738751
16202,442.38932233560723
16203,421.0874932102466
16204,434.64240590594477
16205,465.9999650604007
16206,392.3166423185039
16207,412.11357648747844
16208,393.66021107339185
16209,466.1059139770226
16210,490.39211863012537
16211,417.8734477537027
16212,415.35914623836936
16213,540.3272412148493
16214,437.2392181745184
16215,428.5055153640822
16216,419.27184335955235
16217,475.465060329115
16218,392.71375444801794
16219,418.0851522868639
16220,463.65964163979885
16221,386.3797129167537
16222,457.3928299280531
16223,506.90647678652556
16224,505.13195001089287
16225,505.48892752842755
16226,512.6530665565176
16227,423.5829276488764
16228,426.78958092479206
16229,416.16604553764256
16230,429.75437786213695
16231,481.2326784461836
16232,396.66830825271813
16233,519.215391145216
16234,424.57184877112593
16235,472.2328797371468
16236,478.73600233901533
16237,389.4908677765236
16238,389.65651321271497
16239,476.1209698795593
16240,487.8557518463173
16241,440.0735260576271
16242,456.2252126513407
16243,426.5319740428199
16244,411.2781907510789
16245,376.64919237159836
16246,498.3660356851913
16247,388.3151676172311
16248,427.8977797216689
16249,503.3850677193128
16250,507.47954770103905
16251,498.56870298218706
16252,432.3133915591932
16253,417.3317968120699
16254,422.83911671964336
16255,389.90761509271414
16256,490.7773105532536
16257,446.6349489965414
16258,482.5440038342556
16259,435.70294462847534
16260,480.80294605722736
16261,415.9042806614834
16262,505.59862921961593
16263,457.8479178146238
16264,472.248568356579
16265,498.0057189935455
16266,422.8525794155398
16267,526.2508822257373
16268,410.2144752389087
16269,456.0963846344981
16270,465.71624297479616
16271,489.20188305409863
16272,435.3953662373222
16273,463.72596019187677
16274,445.19752254994586
16275,433.2761537187711
16276,433.7981041128763
16277,433.57902749844055
16278,405.8063679321107
16279,379.62275931595667
16280,486.90749119044966
16281,398.8376357442257
16282,441.9534569467999
16283,454.0748513478356
16284,467.6951743772364
16285,480.13928239982147
16286,508.72723400727864
16287,506.26298029551646
16288,516.3135192026962
16289,416.1310701626371
16290,454.0263182880648
16291,448.30437386063693
16292,530.7740691361968
16293,466.13542969544096
16294,472.0916242296897
16295,503.287518328644
16296,476.8521911809865
16297,468.55406125641514
16298,556.7916458715191
16299,543.5166581732475
16300,407.01518976324616
16301,490.7740995778077
16302,432.78471490702765
16303,479.87021198827097
16304,454.26947579392805
16305,400.90669556487643
16306,444.34070981083886
16307,393.1063430809625
16308,458.378194599859
16309,434.2170441241253
16310,421.7455060487319
16311,457.87184105547414
16312,455.55558606449495
16313,446.0054926886756
16314,389.84185073113673
16315,463.12692996553454
16316,483.7085042382448
16317,436.3736227273724
16318,471.09231114698304
16319,440.4962069461478
16320,440.6881246541039
16321,487.3938783718034
16322,477.04436809206095
16323,477.47490487262354
16324,449.10248348425245
16325,468.5179577309897
16326,445.96875636862086
16327,446.4051293657506
16328,448.2553712088795
16329,470.3384179031637
16330,482.14850566611926
16331,447.84901446125053
16332,457.4287704924895
16333,371.21162396545617
16334,487.7493137823462
16335,476.2381370852991
16336,442.7654792846861
16337,488.41362591548653
16338,421.54991922976643
16339,451.336777889637
16340,463.88833204889556
16341,460.0264432021759
16342,447.97922002541645
16343,417.3967085220497
16344,480.83424860010587
16345,422.08418272276987
16346,426.43420797223285
16347,469.99534643135297
16348,441.7961424727771
16349,441.7068861474905
16350,410.46486688601595
16351,479.7633252642224
16352,459.90349340630746
16353,419.3107181562377
16354,499.4426056682373
16355,443.57283924759093
16356,455.2178781193322
16357,431.1286896212684
16358,551.5598130682993
16359,451.77001404061787
16360,430.3978357121909
16361,555.7752468742679
16362,419.3357189020931
16363,493.1645290677829
16364,425.3835749974199
16365,447.6660258165782
16366,471.6054634634056
16367,364.5172206115567
16368,413.0372041027641
16369,477.9389061099078
16370,487.6268597350867
16371,483.6495059186954
16372,456.56537096300474
16373,390.8233057439005
16374,416.6078617129119
16375,456.4478442394298
16376,468.1876212461996
16377,404.0055184949919
16378,465.02073230560603
16379,422.87184682774694
16380,381.13710929934916
16381,513.0841158607886
16382,411.66948113686044
16383,476.8149213727636
16384,426.19414015366783
16385,426.66173929994335
16386,448.81294499768825
16387,448.13175182069807
16388,414.22914823292456
16389,441.7167112785021
16390,450.2476013915261
16391,425.0051186535754
16392,432.8118702892453
16393,413.30678289029265
16394,380.7294920892228
16395,450.43826069317004
16396,461.9871727738501
16397,448.5674620978369
16398,505.1040101234406
16399,437.6177401001072
16400,539.6611695632891
16401,471.9569834472979
16402,437.6460651031579
16403,410.27854623036677
16404,407.03963467718336
16405,572.8946304370957
16406,449.1274353351792
16407,457.2502790496369
16408,421.17544627797866
16409,419.20220113402496
16410,442.10029235988026
16411,415.6484565806141
16412,377.58923104169526
16413,378.8163025772017
16414,391.8597541741685
16415,466.9287496438325
16416,463.2792658301806
16417,431.7590544492998
16418,447.45019528478014
16419,426.26103398264945
16420,491.5632855088626
16421,421.4639795054621
16422,474.2610295850309
16423,417.6726822705157
16424,376.510899427554
16425,412.2291800601098
16426,491.92974339690795
16427,474.46410325822166
16428,500.292595319427
16429,415.7681808610025
16430,474.3091161413166
16431,471.8104737412925
16432,461.2383987615687
16433,442.2340427479527
16434,387.2325523803971
16435,522.6393361064186
16436,513.9449903763266
16437,530.6253747307751
16438,450.8531784772895
16439,473.3833682240563
16440,471.8533128889572
16441,404.4965461616471
16442,436.1356982573186
16443,482.4851029136195
16444,431.32999708242164
16445,460.01660606168787
16446,449.01971861150884
16447,460.3633382342614
16448,429.0905505842692
16449,406.6764901348398
16450,482.15018737693606
16451,445.1290158484015
16452,489.5096186780315
16453,467.7571164195526
16454,469.59347161000204
16455,378.69654226936336
16456,422.80186971119394
16457,478.60552865729915
16458,473.8078710641559
16459,411.0875292156191
16460,372.02247713867484
16461,512.4468264974886
16462,477.01150781218195
16463,582.0791468191026
16464,437.6886203179537
16465,405.1545013042916
16466,444.7493575018642
16467,384.99581304215405
16468,506.3678610842819
16469,333.80118834684333
16470,405.74435303492106
16471,434.5859641486619
16472,371.92920700121226
16473,445.70234308901155
16474,433.4987903596555
16475,513.8963681803615
16476,441.0292006137258
16477,414.7472893533754
16478,395.74147844895356
16479,493.556921255187
16480,467.0482707965108
16481,444.6697758637947
16482,425.85804640735273
16483,514.2265457375956
16484,473.9874752757335
16485,427.4858094664703
16486,429.5189934090648
16487,473.5759108229554
16488,438.44895143444796
16489,406.41264108268956
16490,438.9951177399222
16491,426.00387301547175
16492,445.28522925768914
16493,459.4132203083594
16494,443.43158380493173
16495,445.4936468067689
16496,488.74477356108287
16497,503.79256792182093
16498,491.10809093331187
16499,389.32633594088077
16500,438.34065901888266
16501,477.2334670172166
16502,404.1925737013757
16503,447.5410991883159
16504,436.4135090752577
16505,478.64595732117556
16506,438.0180499001805
16507,509.30181110481607
16508,437.64316670862524
16509,395.8459293727032
16510,463.69063237727056
16511,392.7805302319112
16512,449.2432040948389
16513,442.1128377915598
16514,429.6076775821677
16515,393.35118482585756
16516,456.0572739147185
16517,481.844389836832
16518,448.9974690192012
16519,445.55386168461854
16520,445.67493549262883
16521,441.6334994393295
16522,420.3282020711618
16523,446.4342831095052
16524,488.38069329504737
16525,467.66822915934597
16526,434.68844334415706
16527,464.58742358959825
16528,430.39563555361934
16529,578.4214095849684
16530,491.6483683721185
16531,447.7424844417984
16532,435.9242623812144
16533,418.8870506140479
16534,465.45712841743267
16535,404.0912348498608
16536,479.1917299458764
16537,507.5347665289523
16538,489.6402745034179
16539,442.96854331907315
16540,447.18531168429894
16541,467.8696208773543
16542,476.7590391922582
16543,437.51569717046164
16544,463.1686735461484
16545,472.5621591664696
16546,445.19989289031446
16547,439.1534014341311
16548,494.48784043508954
16549,465.2946776797533
16550,400.37078010855464
16551,465.5252896344191
16552,402.5651656134679
16553,444.37751397204624
16554,426.51436463092045
16555,478.0964231436853
16556,411.49991760188203
16557,448.88705576408574
16558,418.95070328786557
16559,492.52096724934285
16560,433.41569382734946
16561,429.90791603727894
16562,452.3994942186712
16563,535.2136528001678
16564,457.4564494168278
16565,450.1245113323354
16566,443.00418575888216
16567,388.21454050933943
16568,465.56289172872675
16569,382.14115253678665
16570,448.1430968810101
16571,510.3531306565657
16572,494.45169136178856
16573,463.4882805412255
16574,522.1861423715106
16575,524.453762241078
16576,439.05107367604626
16577,463.6834899966497
16578,450.7951602860177
16579,547.1862738166285
16580,458.4972832704336
16581,477.00519679943767
16582,486.9259552808689
16583,419.3816719092096
16584,463.44523320338527
16585,565.547942935731
16586,403.8065181542542
16587,441.8357755693156
16588,447.72188193234547
16589,409.14270135281384
16590,472.0278815102232
16591,438.0481414914809
16592,462.9104663146558
16593,468.4374367846214
16594,444.3945518027486
16595,416.99467755478315
16596,457.73303978512456
16597,469.4403472864913
16598,405.1795376966216
16599,444.38104882615573
16600,479.3918238662948
16601,462.33335553876094
16602,389.6016640656083
16603,466.42579769675314
16604,395.6622495270266
16605,422.02633995632857
16606,423.7389268396488
16607,414.7042667254706
16608,418.2721518575697
16609,346.93398423646767
16610,452.8228428513089
16611,435.4602271475869
16612,482.19653229063164
16613,381.97132105218645
16614,345.9617185181961
16615,468.72267565588083
16616,418.4980712519655
16617,500.142780547195
16618,537.7747236610919
16619,402.9658772073394
16620,428.968672428443
16621,527.8502183500973
16622,494.24306168567335
16623,539.9377991593774
16624,460.89043725574743
16625,407.62971815949936
16626,503.06589557896
16627,478.98559823654176
16628,423.328858968599
16629,457.94242182469065
16630,461.7496406139927
16631,490.4573190430789
16632,469.73019807259004
16633,475.747508719858
16634,423.70282649623493
16635,399.09330213588964
16636,381.99249877596577
16637,449.0446570833534
16638,495.6241056063626
16639,473.9909300486508
16640,420.46768771917164
16641,400.1050149860058
16642,482.59543380414857
16643,446.80493874783855
16644,367.1723351676083
16645,385.6283098985789
16646,465.05043871251394
16647,415.9687412670004
16648,457.7098701694276
16649,520.8992212920061
16650,414.8140335365431
16651,467.7900813025881
16652,414.1614414176835
16653,459.1946267546523
16654,384.26415306473655
16655,442.9182219170442
16656,465.2242521787296
16657,427.4206402487306
16658,535.160835275256
16659,435.4176748176508
16660,411.62564930205866
16661,431.7267651173718
16662,532.3072932807454
16663,420.0534667247746
16664,393.0589032209939
16665,443.7046875514132
16666,433.3109791010279
16667,437.3551910224326
16668,382.6566896479771
16669,499.2684427120422
16670,506.7771007927944
16671,437.6416716274316
16672,414.6457516325447
16673,449.65435692963047
16674,441.09303952666716
16675,440.52523385795746
16676,469.4628398912664
16677,457.03042399881105
16678,436.69774999813256
16679,444.9318824270989
16680,447.6061716680988
16681,494.8789222133105
16682,484.38065961201426
16683,450.5094757021541
16684,497.124986417344
16685,429.61528840603586
16686,479.0174347352692
16687,442.41734981931415
16688,425.72878039663595
16689,379.369553993361
16690,363.269425108221
16691,505.4705440817775
16692,458.8842303934106
16693,440.7150260319432
16694,405.20858094263843
16695,464.562629279142
16696,423.3988269868068
16697,522.3685809986508
16698,498.98978484772664
16699,451.9109339484885
16700,385.20823559435377
16701,431.99777292556115
16702,443.4241819944544
16703,517.4213181239475
16704,574.791132518201
16705,473.93762584755757
16706,491.8831385819262
16707,428.6609912039285
16708,440.58000850661034
16709,535.7824502738849
16710,456.1212780349125
16711,407.7064034139276
16712,448.7873277558805
16713,367.38851603608396
16714,483.8070072789427
16715,473.9727184466103
16716,466.51673365284074
16717,452.1428305364602
16718,420.65805675218786
16719,492.63439400964114
16720,358.00210815343036
16721,490.35086031727974
16722,489.4647597717401
16723,461.88112608890896
16724,462.0520208905882
16725,485.66258438199947
16726,409.15451267883145
16727,481.4795053372008
16728,404.0716557359498
16729,419.1477678831443
16730,461.0936275034214
16731,381.69919508367474
16732,482.4389169631206
16733,432.75932703588774
16734,549.1401776392887
16735,509.7649991914113
16736,443.9698112696342
16737,488.8135009492803
16738,444.21766305720547
16739,492.34590712675947
16740,444.58525074355487
16741,417.3752891692684
16742,397.76422795260095
16743,502.5732452146595
16744,415.89095593891324
16745,447.02126219192996
16746,464.549693900332
16747,485.4731724385998
16748,485.10357799017555
16749,442.2687738854264
16750,469.3802499908232
16751,547.2032206270912
16752,478.299117697187
16753,466.2775329072789
16754,469.2261554199819
16755,508.617154968927
16756,439.80017174193273
16757,427.2052365798644
16758,488.09126817629516
16759,505.15416672556023
16760,447.63650173618134
16761,460.8597302764497
16762,457.81073032124726
16763,452.18431371217537
16764,510.94066709333487
16765,461.1341744724407
16766,432.8959112704644
16767,419.83689455452907
16768,473.0344639244857
16769,481.6459594997789
16770,491.46449756041244
16771,489.05780525509874
16772,448.01218835375585
16773,461.1079235011975
16774,480.8205067191717
16775,457.5256187405764
16776,480.7097267734712
16777,364.5870889158769
16778,499.3332572103479
16779,517.4232369904746
16780,428.82584683041534
16781,469.34765924248546
16782,439.64097340052496
16783,433.356549686323
16784,514.2141753557294
16785,486.3439198767968
16786,478.8556686864999
16787,502.2792781740822
16788,484.5839952651829
16789,466.44149504082037
16790,474.30438735264215
16791,476.1728238414897
16792,441.61226800407263
16793,496.85708191360305
16794,447.3742970194398
16795,438.4697138148596
16796,415.13232326163643
16797,420.10827230297457
16798,422.0239280243708
16799,470.1779512907099
16800,503.5048707162812
16801,542.8404315062239
16802,472.12833914034775
16803,497.480201184798
16804,415.100763334517
16805,457.84669476264673
16806,423.692414319071
16807,441.36665986616583
16808,490.3002682234204
16809,447.2095276542129
16810,560.9770959027734
16811,471.2797731884356
16812,395.2346103510825
16813,458.5145018594068
16814,445.63922989910947
16815,443.001407530358
16816,430.21180892643866
16817,507.8727851202395
16818,447.4275634845848
16819,458.2011446470113
16820,478.5927754800625
16821,424.6938792041969
16822,441.42635234288673
16823,444.2347832600312
16824,423.5771959517692
16825,381.2821781350087
16826,398.82713862354416
16827,461.13389928056904
16828,480.5111610936864
16829,383.4378945844799
16830,472.57449362068104
16831,490.48075258354066
16832,375.2848852634504
16833,486.5831278796665
16834,507.3572530528222
16835,471.133749587257
16836,434.1026332095457
16837,457.28246078401503
16838,471.8995041111881
16839,450.0223936812898
16840,467.2740297129734
16841,423.101479733031
16842,421.80177486891597
16843,456.8149831534238
16844,475.0716547152486
16845,382.1412420141794
16846,517.0227450266406
16847,456.89742022480414
16848,484.0090456651277
16849,454.82238184189083
16850,429.6338518384794
16851,450.2220245476275
16852,437.5651134680186
16853,513.958348906337
16854,405.3752113397924
16855,372.55417295375565
16856,428.2964694677289
16857,450.8852698471716
16858,464.1857045512659
16859,504.17513964651425
16860,399.61680989539104
16861,442.3242214443032
16862,517.9765851973617
16863,460.75189583419
16864,480.99082715313943
16865,531.1493401890825
16866,532.4321074930477
16867,514.5203618971352
16868,437.9980160241923
16869,453.4139479433425
16870,471.4380970918143
16871,468.9835654147612
16872,434.9826194716501
16873,457.9185702610857
16874,412.3300725234821
16875,418.8180928893445
16876,424.3558409174854
16877,454.9901225524137
16878,533.5455692120161
16879,490.9299159360911
16880,537.0042816274317
16881,451.0531596423954
16882,530.2310098644418
16883,440.9793866930419
16884,379.4252829692468
16885,466.37575421726353
16886,424.69836085293844
16887,489.261024333247
16888,458.41277285870507
16889,509.47834942622194
16890,430.198495190713
16891,471.92683775160754
16892,416.4354702996847
16893,466.4199303598963
16894,377.4323093016712
16895,469.65717226433657
16896,481.82691725124135
16897,445.46386850100384
16898,458.8031309291851
16899,391.9843186791383
16900,495.2730606544297
16901,482.0471183216639
16902,432.9138797059055
16903,428.4358372508395
16904,465.36639692311405
16905,485.493952196746
16906,474.28220125092645
16907,449.5841734948537
16908,459.1566861012572
16909,449.5733967099682
16910,417.9155892441165
16911,510.6925042497958
16912,478.29347479445494
16913,521.088735415934
16914,438.10885143043026
16915,447.3125498539583
16916,463.6852651524616
16917,418.81509835433786
16918,444.51577846091516
16919,435.668001632255
16920,514.772464052371
16921,499.2648900930701
16922,480.11823501905883
16923,472.3234662156951
16924,373.41036379716866
16925,434.2508343704261
16926,418.88408735502566
16927,426.5536196059846
16928,377.2522119697142
16929,467.06330923902146
16930,560.2381516166389
16931,421.565024977949
16932,445.1511313514136
16933,470.67978089939004
16934,433.15821633586523
16935,465.09567758047854
16936,508.21458106032645
16937,426.94356992302846
16938,465.0380639579312
16939,474.399840472018
16940,468.4599727776643
16941,449.768241162304
16942,421.89297659721177
16943,485.62658908815223
16944,433.48987192373835
16945,412.4122514479105
16946,490.86124918585415
16947,430.4650500747857
16948,386.01872346695575
16949,521.4141740564281
16950,464.22916739664777
16951,476.8057985598208
16952,467.19723699414874
16953,475.36887618125695
16954,448.2259584998302
16955,458.15796064886837
16956,464.29933380113744
16957,475.11082061538644
16958,445.1887514582158
16959,469.4288674281455
16960,515.11902245428
16961,520.2785811495463
16962,484.22666815526577
16963,499.2927375620809
16964,440.81679268916446
16965,366.0043930201771
16966,458.84192877913443
16967,438.5556221943185
16968,445.9710141070098
16969,425.63607697177844
16970,426.8546084017743
16971,431.78691000029187
16972,500.97447636251354
16973,435.58619252853595
16974,475.3768857357501
16975,445.26759360778055
16976,494.2986205292514
16977,452.15971804052026
16978,489.2396818714004
16979,454.2821710957483
16980,437.95931230962515
16981,455.5113025382858
16982,448.25274678526836
16983,459.5619858830507
16984,431.14536670247895
16985,391.02002095903185
16986,455.5458814207491
16987,422.5263836325843
16988,472.19393071891835
16989,472.11331105514483
16990,395.72226458687976
16991,418.5976155289539
16992,507.6977121153632
16993,454.4752932063716
16994,507.57075046687163
16995,471.45309215146
16996,385.4572291488023
16997,404.90927959096166
16998,473.1538616209517
16999,476.65877753273907
17000,439.43913105681025
17001,433.46475617995003
17002,460.61110004184565
17003,431.3675574665702
17004,410.6503476109902
17005,412.5862498729956
17006,466.5376341347881
17007,425.75843122388443
17008,473.57930044833296
17009,452.96027571542345
17010,521.5532201496322
17011,454.75150988290926
17012,482.7624594899529
17013,386.162959434522
17014,430.9189343807963
17015,497.3869025068607
17016,414.2467568997364
17017,429.7040981196309
17018,462.45510981087256
17019,446.4515188039317
17020,458.3543301710142
17021,472.0686859960596
17022,490.68292783738065
17023,401.02303225225427
17024,499.8908953588314
17025,475.6635691971291
17026,458.1461542617776
17027,463.063549524189
17028,458.9872952610642
17029,453.7960713039408
17030,492.9659678178577
17031,459.0080956339949
17032,510.4927821664825
17033,524.5916492003134
17034,483.8623718617183
17035,497.9476464194931
17036,406.2662942360829
17037,465.02447474283036
17038,433.4803467058015
17039,485.9844001108689
17040,483.8954587528911
17041,413.39167452029756
17042,478.8874286991067
17043,462.96648261335747
17044,416.52497453543657
17045,372.06046263538514
17046,486.34734083005225
17047,414.0743524801709
17048,442.24366640655603
17049,407.6356362329115
17050,425.97710178933147
17051,464.17587510668335
17052,468.9161962946616
17053,386.02616358980333
17054,514.1973875541499
17055,369.63966312946224
17056,414.1674048452475
17057,474.96013455693725
17058,378.2870173694258
17059,449.0953856798431
17060,465.90950729751296
17061,440.95694525920254
17062,322.12691403780934
17063,429.56031873407363
17064,467.2726258411493
17065,435.0843221808065
17066,490.26450419102537
17067,464.4373824725902
17068,410.50619729667386
17069,481.46509757280694
17070,424.0036037170852
17071,361.92555939636077
17072,476.97303422366167
17073,415.50838041770373
17074,418.9344502283895
17075,392.5809771694979
17076,419.53580912169633
17077,407.72956487290645
17078,472.77064531287357
17079,444.7683401721126
17080,469.58289576793226
17081,434.1271794545078
17082,444.4583511181823
17083,423.3509219322892
17084,438.6508501978066
17085,398.72779886873303
17086,431.24825185776893
17087,534.5824850660719
17088,406.9274755170703
17089,436.9269967885786
17090,472.10095268929945
17091,503.98737879066425
17092,451.68626141256834
17093,495.87860782129553
17094,474.403091873973
17095,470.5738482028647
17096,518.3574661439634
17097,410.4958976382715
17098,475.43463673020784
17099,473.768005021011
17100,410.571930244804
17101,394.0643852236732
17102,478.38077794728474
17103,484.1295895246383
17104,485.412950592389
17105,385.0108144206019
17106,460.03692921626805
17107,444.16916380694477
17108,429.1311326327875
17109,393.05561548585246
17110,427.17454515898567
17111,464.8835977719523
17112,469.7747096044431
17113,500.3236400798022
17114,502.56198361909895
17115,424.14841729444447
17116,361.62938810537025
17117,425.8460609912053
17118,424.3883657309575
17119,451.25984978498605
17120,416.6927039031291
17121,408.20437702009684
17122,521.1434281248465
17123,455.12199074865083
17124,402.9670014361474
17125,426.6203601598709
17126,501.4712651560948
17127,441.49616323429785
17128,482.23167627652214
17129,423.6236328753935
17130,458.25728203154694
17131,413.0518871472221
17132,435.350033475349
17133,407.08264877446294
17134,461.96774319079464
17135,445.92118987919264
17136,447.7005140635227
17137,469.38475917419714
17138,476.67003872414637
17139,456.05782526744724
17140,466.77876944185005
17141,443.57249138415784
17142,385.4391920370495
17143,449.95788879938186
17144,475.66613766940725
17145,434.95117063318037
17146,505.08321667101023
17147,434.8257601625782
17148,506.3080165883822
17149,461.88255488276747
17150,469.82946953116425
17151,379.48630637268093
17152,404.5575961679148
17153,494.4211512844729
17154,451.1584597937325
17155,491.9531002939051
17156,339.5030169749233
17157,460.0525964816004
17158,405.8780835963425
17159,509.6866794015817
17160,510.60321712103297
17161,446.43000163661776
17162,469.8181042806626
17163,450.99502735588686
17164,460.0301794581853
17165,464.77663737608583
17166,430.15701477677914
17167,535.8337225343464
17168,399.2091743739444
17169,418.5512851911198
17170,452.16067997938353
17171,410.80522397154067
17172,445.02563139163044
17173,393.7292524209365
17174,456.2703884748289
17175,439.54063591865616
17176,501.8101107038033
17177,465.7178567034163
17178,516.5634824141652
17179,482.14902271888354
17180,466.9669254960661
17181,390.7818475802516
17182,456.5986406121982
17183,493.44348180690656
17184,455.87820105615515
17185,399.70265851280186
17186,490.82700169722403
17187,457.2662732419577
17188,461.78271562363824
17189,350.0540437930659
17190,512.985227463295
17191,464.64364248072826
17192,400.0196219458914
17193,477.1590977871914
17194,355.6983780107234
17195,428.91536933402926
17196,480.79812273856993
17197,514.6896528851454
17198,461.1334087170721
17199,470.21355240280684
17200,405.5432357223305
17201,542.3307795178172
17202,470.89002272027466
17203,496.3292926537016
17204,425.2539274929626
17205,428.69842706382997
17206,487.9656535389596
17207,431.20690130902483
17208,425.14117338281585
17209,496.1093581181722
17210,453.04782052778626
17211,447.1912679528153
17212,483.4883834921086
17213,410.97732524299545
17214,424.05028728367415
17215,409.64889341005465
17216,486.0542580941514
17217,450.8193157062832
17218,501.14940072472194
17219,475.07268192201843
17220,462.10242470358367
17221,462.8811877598072
17222,424.35739079001905
17223,412.2264769003132
17224,501.5122342812222
17225,453.8345626479053
17226,399.59025052972424
17227,531.8216677389815
17228,391.4196760814451
17229,496.1039914424663
17230,482.0325217930992
17231,455.66649482857696
17232,408.1585990806727
17233,409.91086646026343
17234,391.184445983187
17235,407.6388792101535
17236,423.0345221409265
17237,381.67177947242925
17238,531.0887176068123
17239,472.19201044385136
17240,417.994013178088
17241,396.3811550116116
17242,427.279630858374
17243,438.8581244069475
17244,423.8311771567461
17245,478.4615632833548
17246,380.7469455756714
17247,415.72115775137524
17248,440.29199396419176
17249,449.96680115270226
17250,556.2128090431679
17251,446.75090112211177
17252,484.11845136873626
17253,476.59399207590724
17254,467.1385993377153
17255,445.63030264317024
17256,479.3551819805416
17257,402.7942706330067
17258,446.2146029339686
17259,471.1604263963019
17260,479.6647849277325
17261,443.63532030158717
17262,461.2196893406787
17263,472.8841622028197
17264,454.36917132679395
17265,457.81650310047957
17266,395.5936949373377
17267,440.8008079687045
17268,458.3940576381091
17269,441.91115859367915
17270,380.14222170780414
17271,422.23278536525305
17272,412.79724498963935
17273,417.31636209908464
17274,440.99191090948517
17275,478.29939253493126
17276,428.33215764676925
17277,483.76347824166436
17278,477.0396225138546
17279,471.57292640312414
17280,467.84786297428036
17281,465.3888949847892
17282,383.6115546941675
17283,463.943346466177
17284,474.7707003984829
17285,464.96257078276955
17286,374.1909887347961
17287,538.4554941989455
17288,502.63152276256966
17289,474.968023310243
17290,450.6154828487275
17291,455.53928012123794
17292,454.1027104249025
17293,494.6827477408681
17294,443.5109084608536
17295,412.47196905006155
17296,422.9275501115392
17297,499.7503434918247
17298,510.3559139468224
17299,461.18096605085725
17300,439.4645714841738
17301,394.44779812610386
17302,501.1703647428072
17303,435.8922402965349
17304,388.18974636469926
17305,491.932517294801
17306,409.78245535336504
17307,435.2155965654393
17308,543.6135732181139
17309,458.6477116279582
17310,510.1061379334466
17311,430.8958986110393
17312,426.2980547893062
17313,455.5113268848579
17314,454.1608065082363
17315,460.99116452468
17316,458.8156464254814
17317,488.55063961362833
17318,428.57225960796745
17319,441.9236716262818
17320,409.4158007388766
17321,463.65261354180967
17322,451.4980660615912
17323,462.9114475613203
17324,460.5382919657244
17325,464.63829194560674
17326,402.20165236387135
17327,468.3608754149403
17328,477.9287295842516
17329,432.01104340465514
17330,491.26704530021516
17331,478.3605656646209
17332,374.82071913121734
17333,465.47290455563547
17334,462.6048354780724
17335,492.78774402713475
17336,409.89147918433724
17337,451.2988946080203
17338,451.6652942744642
17339,455.4291172962856
17340,489.1189524214242
17341,391.7199735678485
17342,475.31826947206997
17343,520.3826508675844
17344,446.7985799549174
17345,417.26710363543776
17346,425.6167601500093
17347,502.51642967062156
17348,471.7022886339864
17349,433.0688651783197
17350,504.11696538534443
17351,439.6976872946463
17352,483.7998530326246
17353,493.97637101497304
17354,513.4466767575963
17355,483.8761689060974
17356,416.66379158073
17357,376.6503308653991
17358,424.66982536556196
17359,482.205113528348
17360,404.6053279919126
17361,434.0160280815369
17362,420.70077363884445
17363,535.0154559526117
17364,451.01309882473413
17365,440.7595518336975
17366,374.57654294020904
17367,471.871843953872
17368,439.1632183691854
17369,483.5842001944263
17370,384.6175597268049
17371,501.79986504082655
17372,453.6371994151894
17373,492.1905541108394
17374,565.9571393771649
17375,481.8325614026837
17376,495.21000734754307
17377,413.3337792972026
17378,470.28963083947224
17379,523.3063198403548
17380,434.2925521055891
17381,461.64313807807235
17382,499.8694392186134
17383,439.0664081721361
17384,460.8026787878163
17385,429.0081737778755
17386,432.6725356315824
17387,430.50964978075706
17388,496.3022853368139
17389,464.40628738954325
17390,443.27255133610464
17391,462.63084294428734
17392,463.92866361806705
17393,431.64155402902793
17394,461.527795414313
17395,433.27184560977565
17396,444.69834404366765
17397,472.82377362630933
17398,427.9647600601808
17399,432.6067051512969
17400,451.2988924147675
17401,404.6469296599763
17402,473.37663856528576
17403,465.1662912020473
17404,437.5422234944516
17405,395.03650264152947
17406,468.70679112783574
17407,458.44467001980587
17408,435.49332310095156
17409,379.9527109637085
17410,497.85993712637867
17411,459.23489250802913
17412,445.79415887273467
17413,493.32260136946707
17414,472.8252958938306
17415,475.9670931680351
17416,424.3196537442633
17417,479.8238944996508
17418,407.5268115806026
17419,454.8805697423585
17420,340.92785715020887
17421,469.8915066102643
17422,468.69467616048905
17423,471.62625918342127
17424,500.6728056122299
17425,494.9149860811803
17426,441.61924121834016
17427,450.91386896307347
17428,473.26552892734105
17429,545.9241524304116
17430,471.76699114019283
17431,407.7203014722447
17432,476.40344772160864
17433,423.69638868948687
17434,457.2039262933015
17435,483.89462719362854
17436,453.72438116169405
17437,503.418854634019
17438,429.1972483089326
17439,419.3772252836698
17440,505.4377375035572
17441,432.76514921705666
17442,500.2578442322451
17443,536.4883714217839
17444,386.45439390021045
17445,510.187649091934
17446,477.61292301249784
17447,459.85357774736195
17448,487.6677465030672
17449,464.2577045119621
17450,462.26323300425787
17451,405.43307539767835
17452,465.01647226610163
17453,443.53500377856335
17454,479.93147211134686
17455,467.1154412834387
17456,429.11529641170523
17457,403.1773521129958
17458,460.8754813407665
17459,470.0189296824861
17460,462.2091473835364
17461,491.16928620815827
17462,450.92775256260023
17463,446.6839300668331
17464,416.3505386751799
17465,460.9289441823387
17466,436.81521639418577
17467,463.8028927883899
17468,465.5747692624158
17469,518.2313660682513
17470,471.5869717624834
17471,404.6438679101184
17472,448.8561212847041
17473,455.90427031708094
17474,450.1559311890678
17475,437.4934920052811
17476,475.2777554789027
17477,475.49331157242807
17478,443.8950104594964
17479,466.2131499750706
17480,481.343190788352
17481,432.68070145905114
17482,438.28185628126556
17483,413.203949706121
17484,404.4735789868153
17485,462.7046526041385
17486,432.6317567217864
17487,440.36550231408745
17488,414.9831905680605
17489,408.05813732162557
17490,445.32687496721644
17491,383.938824256749
17492,436.2284053474424
17493,451.3111484782858
17494,493.013516518573
17495,432.2392833770531
17496,417.97936798506726
17497,427.0669689317114
17498,451.2293054597753
17499,459.36446405513277
17500,453.860193164737
17501,427.57793604565074
17502,519.9093153042108
17503,406.19324912117537
17504,406.24052206680403
17505,393.12990389360556
17506,367.29357635106487
17507,465.8807426595722
17508,478.09009894398093
17509,456.9480245258125
17510,441.8510254225418
17511,478.0451796405145
17512,477.04595214307193
17513,512.3623507442761
17514,451.3976597839633
17515,440.70055715216586
17516,431.7811193754852
17517,457.502584931545
17518,508.93197321106834
17519,398.0865561400484
17520,434.06640525389156
17521,479.11705534494047
17522,370.7348594106726
17523,500.5632988173795
17524,426.25848695216206
17525,441.15192428710935
17526,458.1651413822546
17527,419.1501848544602
17528,492.5339863048865
17529,376.54243391385205
17530,490.41993492631724
17531,454.0879324309438
17532,428.9114239224152
17533,522.010232775122
17534,443.82465625587065
17535,423.5030905866622
17536,431.4323337178786
17537,453.86707974328687
17538,505.7568715664078
17539,421.87347037794814
17540,431.7449002078115
17541,421.3982236889828
17542,471.95154272439413
17543,437.0495048956544
17544,498.1975993427052
17545,401.1971791951413
17546,480.5064578845202
17547,419.2708546414282
17548,521.183601670346
17549,476.6959747324134
17550,479.90900667427286
17551,398.93237036337734
17552,364.67377460994345
17553,436.6988694356142
17554,424.3770717987344
17555,461.6439810220381
17556,377.32936788370404
17557,442.4473386984202
17558,392.80300662941926
17559,461.17812591304926
17560,534.9850591700953
17561,456.1806301386778
17562,407.528010603497
17563,419.0080883543599
17564,460.9325714806702
17565,459.2733254512699
17566,431.8177301287847
17567,456.3038134197337
17568,504.34185822844677
17569,512.9980635492279
17570,453.41575565233677
17571,485.6307488778537
17572,476.2885100351429
17573,436.0879848584607
17574,422.07518472081387
17575,423.91503223781854
17576,444.3822732818273
17577,439.19647617599753
17578,464.7459653064347
17579,435.73917656672637
17580,478.9604584843455
17581,421.5094219142507
17582,471.07517490637974
17583,468.6596196205018
17584,364.8432594631111
17585,465.0565855056213
17586,440.9395220629844
17587,388.3436248615419
17588,471.98951338073493
17589,527.2364037903053
17590,431.1957047749016
17591,409.09266151623285
17592,471.293247983941
17593,411.59549633606946
17594,469.18195443716223
17595,425.3585897707975
17596,408.1236355205907
17597,459.056118449748
17598,471.9975921996777
17599,398.2890411187381
17600,411.3953479855329
17601,454.7400669575628
17602,403.0286525377999
17603,482.36301715769986
17604,415.73373241427845
17605,461.9592709238555
17606,483.8951516919332
17607,499.1777276579621
17608,440.2836380250515
17609,376.64642382748605
17610,452.49722005187596
17611,437.85177779002754
17612,436.1947409423541
17613,474.71445896352736
17614,456.28159276487565
17615,532.1453723895991
17616,395.64072381111504
17617,413.4457788749538
17618,395.19822233515305
17619,504.05716443679404
17620,419.3885894514631
17621,431.9328844841505
17622,499.52808899436565
17623,434.25735967142043
17624,496.74053363459143
17625,457.6304850588294
17626,433.3269098411369
17627,468.82174893275743
17628,422.0041831906442
17629,509.1916170771654
17630,429.27379748960783
17631,456.63364567822777
17632,444.4920762596433
17633,464.27306866960487
17634,455.23115268453756
17635,426.1593852332128
17636,522.3355418807595
17637,462.3345514248692
17638,462.94658897560225
17639,491.99203026882424
17640,396.90807688307507
17641,451.453146335294
17642,500.944657790181
17643,452.4208015722841
17644,455.0861451166626
17645,464.85639162113193
17646,497.7122848684031
17647,427.8232294435489
17648,461.64156548121395
17649,477.9976450265721
17650,467.8448489194236
17651,437.9825259910969
17652,470.2886566916063
17653,532.2348627398317
17654,421.53739598320396
17655,500.5764143438618
17656,455.9367803153227
17657,496.08044511521007
17658,437.10055029120315
17659,413.9870276235379
17660,429.1416006430066
17661,447.7197464768039
17662,512.9529490420834
17663,462.3731568177499
17664,412.7988991009078
17665,379.8736781235196
17666,458.2431325140872
17667,437.57918676542045
17668,467.60813477840196
17669,491.7991303010915
17670,499.0697480948541
17671,484.8157266685534
17672,417.54621371088643
17673,472.45121935850096
17674,423.3483288453649
17675,457.5849837584773
17676,418.2100647896284
17677,455.1677299962149
17678,452.59639735274857
17679,435.9453932688931
17680,411.5838760845886
17681,452.06844029512837
17682,456.8935481627042
17683,443.0274219488573
17684,492.21265658215776
17685,435.19662146064434
17686,457.21256012782413
17687,429.10176801649004
17688,481.44645513326805
17689,412.67163697991333
17690,505.04535871953885
17691,445.83843588115735
17692,456.6620942340775
17693,443.36797076232216
17694,480.8339290194281
17695,489.54817350792734
17696,361.98428335340435
17697,474.8480756434509
17698,476.38825171994364
17699,440.6199741132898
17700,394.11426176510497
17701,446.404766309503
17702,456.2246569077483
17703,413.8367815368247
17704,456.57980865154497
17705,413.18168174480417
17706,552.3357449725249
17707,442.47709870402906
17708,455.2567885292421
17709,397.0077449206946
17710,460.223208484809
17711,459.9031239802412
17712,411.9983618465245
17713,462.005444457518
17714,414.2913735154749
17715,419.79823034980376
17716,457.0093591958644
17717,418.41089891712517
17718,403.2180585130942
17719,440.15221390471567
17720,457.14147281721915
17721,373.19865475210264
17722,397.92343373860956
17723,415.6490328239935
17724,481.22905004495664
17725,492.90209350081255
17726,402.2534242420335
17727,475.2026882024559
17728,505.82198985442733
17729,396.19546998424823
17730,426.3839054079845
17731,471.17254433990064
17732,392.71797565220214
17733,407.0811516094876
17734,471.7479360723677
17735,517.0070345091323
17736,419.63968382110784
17737,431.414000654665
17738,452.60907042078804
17739,376.91991158679616
17740,508.16462464599675
17741,404.2327346988667
17742,470.28180099826517
17743,467.82575656740437
17744,405.91343177463295
17745,443.74731529930835
17746,451.85514536260695
17747,458.53388143050796
17748,458.4056611983157
17749,446.3426852600188
17750,405.48534612188064
17751,489.3653308735038
17752,457.17884166936375
17753,411.59453266133954
17754,344.5376405621231
17755,452.896655771421
17756,446.52375738963633
17757,434.0954071201081
17758,517.0973806143899
17759,464.2596911561737
17760,420.45698568972927
17761,457.39009729343974
17762,427.04340688570744
17763,428.01040534610564
17764,437.4075497750738
17765,452.5335334486915
17766,460.34149296146717
17767,492.94021248148414
17768,359.03212107189864
17769,423.50806225801114
17770,456.08941333500115
17771,504.6095844558283
17772,432.98703271962927
17773,466.3520978079599
17774,455.47155190625574
17775,522.0473021720791
17776,496.8519484118268
17777,501.8682330806583
17778,462.81584079889166
17779,384.66727851625427
17780,444.9323682939642
17781,466.77393839992317
17782,377.3721592725678
17783,528.6879058299445
17784,505.5539344397037
17785,417.24811958337193
17786,456.42460418933
17787,479.23419386943164
17788,442.9019180498858
17789,412.55178818978226
17790,560.3485136962114
17791,416.87575866029664
17792,407.2718728191563
17793,465.92270984529694
17794,455.3077654728183
17795,449.57869274734435
17796,479.8299427848571
17797,413.31570373659366
17798,464.6988420927959
17799,405.3630042377652
17800,421.34812970110966
17801,472.59588041346586
17802,370.14983765173014
17803,462.78934740349354
17804,525.1459295232762
17805,429.4437128170948
17806,444.1326179849772
17807,380.3781186769508
17808,500.0552886263672
17809,444.82664209483676
17810,477.89745663866387
17811,416.1838035859661
17812,424.03686493017176
17813,487.75086237405026
17814,446.99472128548445
17815,495.1355596930484
17816,490.12418035330785
17817,438.421689908834
17818,431.35447826760935
17819,508.04913505282434
17820,439.93759646362673
17821,468.0611092981224
17822,424.6833325210004
17823,475.5933813842273
17824,469.56602288198667
17825,503.56244142613826
17826,463.9263606237537
17827,423.3791216322518
17828,412.6693477586185
17829,446.28533788595416
17830,449.3544213443377
17831,421.76241323858926
17832,416.81982660398336
17833,502.64389471159086
17834,467.0592648974657
17835,438.19264771619396
17836,442.584566965851
17837,445.91078278620523
17838,361.3475404772669
17839,523.3204304058045
17840,441.5858847893429
17841,399.01591197291583
17842,455.2040333680361
17843,528.3702648762192
17844,447.4274918345075
17845,446.7609611026094
17846,455.5096879826488
17847,489.790548605797
17848,401.5335340111075
17849,465.81126030354835
17850,370.0252098505506
17851,448.09655575442264
17852,415.04158168997054
17853,406.4102030451558
17854,541.156402856245
17855,508.47424143179006
17856,393.0363424000796
17857,430.2075297201471
17858,474.5817858050412
17859,500.75183652909163
17860,467.42842725682283
17861,359.69497453436605
17862,491.7048065593085
17863,469.5691782239407
17864,421.3853234370365
17865,448.49580108624644
17866,448.61724583907636
17867,384.35258457539067
17868,482.17199362221953
17869,543.4595264996102
17870,531.7130945538179
17871,438.05326394612536
17872,380.62503231653244
17873,416.23200476969635
17874,412.21935114759225
17875,535.4530924701415
17876,458.162432119983
17877,440.69668930945704
17878,450.5406312099218
17879,478.06322426629333
17880,465.3310671868644
17881,390.58788100989534
17882,358.334579332657
17883,466.4692213148788
17884,392.4756175985531
17885,431.043356680218
17886,408.55037500868315
17887,372.44500375004833
17888,500.3653654749686
17889,362.1399725240423
17890,432.7777004461164
17891,459.90245711003706
17892,462.54557609189607
17893,464.20487837088945
17894,411.3647494678884
17895,430.3597890985936
17896,440.7888463509716
17897,468.73584301324024
17898,501.60516588485405
17899,438.8488225770352
17900,412.76456727650793
17901,473.56392753526785
17902,452.9104454283046
17903,429.7796558506132
17904,464.9108531704857
17905,526.5371684334041
17906,528.730511108528
17907,431.52731706683966
17908,396.16918939920384
17909,526.3234369975495
17910,476.7826131926648
17911,459.4590500155502
17912,501.26151673086116
17913,464.39369727384855
17914,375.28477396224076
17915,397.59350278346267
17916,447.27502667741487
17917,484.72336628762713
17918,379.6509677711055
17919,403.15867817357076
17920,408.0365581080958
17921,459.4824726064302
17922,419.391362012739
17923,434.6397739739731
17924,451.5697724023668
17925,505.76005858796117
17926,505.4492256257334
17927,386.22454384222567
17928,448.28245794235966
17929,507.49850503798945
17930,431.43506090011573
17931,471.0465914963098
17932,448.6431723700421
17933,399.4283763368288
17934,440.22902488892476
17935,421.27968587922896
17936,481.68421175327336
17937,422.81567423144776
17938,449.10908464459413
17939,442.6518334578795
17940,441.53103253800367
17941,427.39210030406525
17942,505.95103234334744
17943,486.49740557323605
17944,435.72310767466655
17945,423.9460700522013
17946,486.94981715332034
17947,395.4555547093567
17948,442.98993052867877
17949,465.50370588065005
17950,487.38949072488555
17951,384.3318337772343
17952,447.6563256311126
17953,389.07097969121065
17954,463.59550840159966
17955,427.1594874780354
17956,394.5226058493933
17957,439.6401400342726
17958,423.69431796693596
17959,422.3583654934147
17960,478.7593680889368
17961,517.2128934171516
17962,497.08132528150963
17963,441.5984038012422
17964,425.54215518501394
17965,452.6341260351849
17966,452.4122677065068
17967,473.3321425464536
17968,488.88473642846134
17969,382.5882599073625
17970,478.6964772940471
17971,436.256803125805
17972,411.28527306636636
17973,434.1722507802837
17974,410.69775686085427
17975,451.6387865994227
17976,457.2671873107383
17977,477.9228835260705
17978,483.8206371273798
17979,438.7739072999645
17980,472.2637131099896
17981,476.1876218757552
17982,464.22905255154865
17983,393.55196004094176
17984,402.565925849151
17985,491.56222557360394
17986,448.1259322601023
17987,458.55571718318663
17988,491.39539823105133
17989,431.96694460195005
17990,479.23616586856417
17991,344.642710204504
17992,433.02862814147176
17993,436.97085966564697
17994,410.6899555300451
17995,471.55742231353776
17996,410.3321685803572
17997,512.4660887039204
17998,465.9469841231342
17999,425.9633041481697
18000,487.44418744582003
18001,471.2247144536624
18002,440.37496087987904
18003,431.4467997252098
18004,374.4018973718375
18005,355.3887672392548
18006,466.7141523794331
18007,426.692506713802
18008,460.28706820121846
18009,465.6133524779772
18010,480.8132824005537
18011,508.141044931994
18012,424.54624005867873
18013,515.9152871891251
18014,423.9984348504479
18015,436.63104985637983
18016,397.75548215678816
18017,460.92721305968297
18018,436.692254553551
18019,481.1795161653868
18020,461.3772777071997
18021,400.860172727891
18022,421.69261962061785
18023,454.31093688815906
18024,441.4677189442651
18025,447.9560848847866
18026,364.1382513310564
18027,526.4924583419325
18028,506.71528912391835
18029,445.43040368032774
18030,419.1589582623354
18031,437.1322386833328
18032,400.5383749856992
18033,495.41134744247995
18034,508.47711404249947
18035,422.2584903683159
18036,494.536413527702
18037,474.63360893522133
18038,478.8910511990357
18039,500.7345758028236
18040,384.46926226138663
18041,443.82486259483096
18042,483.4244468624572
18043,439.78928333456156
18044,402.3711056023409
18045,421.288256419556
18046,432.7719872929194
18047,551.484529795833
18048,502.6831300554887
18049,552.7549914535913
18050,451.3977760862014
18051,466.87527192115397
18052,339.59801389720235
18053,431.8563806058525
18054,428.934349050777
18055,488.1522556705408
18056,509.2439487865792
18057,425.06220774280405
18058,469.3885651793537
18059,500.5756539088136
18060,417.07252642195374
18061,535.1805645889285
18062,523.8356839007839
18063,492.4085534510047
18064,480.8978968283165
18065,480.17008749859497
18066,425.03807608356203
18067,470.8515968382392
18068,430.0711262704096
18069,451.68614438268963
18070,437.12137282809454
18071,451.5673287777524
18072,405.67212890801534
18073,477.1007994773504
18074,482.9658050585027
18075,422.1928168769037
18076,437.6642724806396
18077,465.35896073320873
18078,377.15534735798605
18079,429.6625194542896
18080,453.53709968029426
18081,432.3012047892155
18082,408.76460004708713
18083,484.28588447356805
18084,458.3395000719164
18085,493.18781057944574
18086,445.77331036076896
18087,449.87302114726435
18088,415.0196300604357
18089,486.0075840315149
18090,529.730045793115
18091,461.2087868194348
18092,524.2267946580699
18093,400.93785838059534
18094,483.118178661772
18095,478.5439626068305
18096,471.9854407593184
18097,453.9520731575513
18098,463.59294148464664
18099,409.89103410741666
18100,466.9417439290678
18101,454.42992826755307
18102,437.2312164625191
18103,409.8845908972997
18104,415.9793903420646
18105,430.4623663638282
18106,409.9141950389441
18107,478.51262981033466
18108,378.2282330410141
18109,439.6239858778931
18110,448.6033173507182
18111,430.0342055428028
18112,414.56308896009455
18113,472.3063250921003
18114,491.8831377236925
18115,521.5753648084373
18116,419.99484731387753
18117,428.11432184683866
18118,463.6124056007493
18119,463.4449440325197
18120,464.99744668092086
18121,401.441680331108
18122,458.26537354516273
18123,395.80805523923175
18124,483.14192079982706
18125,448.1830347849741
18126,429.46229002515923
18127,430.7197738553141
18128,435.2497789209011
18129,456.7101128446278
18130,522.4372376789188
18131,484.8191464617278
18132,409.4560679429328
18133,493.34325922135343
18134,480.46523505221114
18135,371.94979788161294
18136,473.08528181083483
18137,405.6030104958484
18138,399.8596862840241
18139,424.08397508306797
18140,427.52341489790274
18141,450.107149271346
18142,478.5829389862651
18143,447.29970016058303
18144,415.9625335478206
18145,407.2724524333591
18146,488.8271986785478
18147,492.08515224318535
18148,476.45437455441197
18149,417.7770335832813
18150,532.2711728703287
18151,547.0323361920645
18152,399.0116657741563
18153,388.8469302639098
18154,488.0269283594539
18155,474.360631718829
18156,461.93359510817123
18157,463.0892746295839
18158,455.27118370692097
18159,377.1857980357221
18160,417.821038708657
18161,485.30993837319954
18162,436.6501011880793
18163,427.84682486703696
18164,516.8248409676947
18165,549.5343591991492
18166,464.3686561490344
18167,468.9047036560727
18168,507.23064493546696
18169,484.69817451910086
18170,394.0713387098946
18171,528.6499529253111
18172,476.534267489896
18173,414.2700737790484
18174,377.0034315114592
18175,407.10693950301146
18176,450.036200377795
18177,467.61022530003333
18178,460.8531597518079
18179,441.5151768144055
18180,574.4192634952182
18181,467.98618619386156
18182,472.6215110261249
18183,499.966535999087
18184,525.3757212832621
18185,439.7459386532949
18186,432.31425541076874
18187,425.57497224200813
18188,418.8201081605672
18189,458.0574706072944
18190,491.9825888230293
18191,482.6604577081415
18192,457.3326515070112
18193,381.81502253114064
18194,464.4430622360401
18195,436.50772678553903
18196,442.05517440517724
18197,454.5434558294933
18198,465.7111123970884
18199,404.9429138825208
18200,501.9784288103469
18201,496.05265528544135
18202,544.3618870484637
18203,487.5866098747597
18204,429.1580422487095
18205,408.3928921806692
18206,493.13483549357346
18207,472.23301580905434
18208,430.6200657765991
18209,481.42197635479977
18210,511.57960601645135
18211,452.16541603783014
18212,470.0427934963853
18213,460.43485505989
18214,457.2989349169224
18215,419.632277929981
18216,438.20523140237225
18217,346.0718432698681
18218,502.12265907770075
18219,473.5777378398462
18220,451.2729300549808
18221,470.8307052936736
18222,488.77531700245345
18223,359.60457444542976
18224,404.72288587068437
18225,385.099056335192
18226,447.5145577889715
18227,475.95159153051253
18228,425.567217364864
18229,467.94779852034577
18230,477.1385670878823
18231,447.0008460428294
18232,469.91300170450506
18233,487.5238844402741
18234,432.6196541469796
18235,491.68019875502665
18236,401.2468263481923
18237,462.75770198783755
18238,502.8937664820019
18239,525.9886970320282
18240,411.5980720849687
18241,428.90315674332544
18242,418.8839768125929
18243,483.57040771696086
18244,467.7996423379338
18245,443.7610930445851
18246,446.0493649444424
18247,393.1523345697362
18248,478.0545193262266
18249,394.7277633260381
18250,389.5076917910979
18251,522.2525684034041
18252,452.1437301184355
18253,458.5661503071676
18254,463.998950456172
18255,457.76421234292746
18256,452.43895507200756
18257,387.5147926160044
18258,450.02387500006006
18259,476.18740253241157
18260,466.72534525613645
18261,473.2093044512943
18262,506.1800177642058
18263,467.915053275472
18264,468.1843713688945
18265,511.04593456446236
18266,419.01945862411606
18267,435.88478260944527
18268,391.40168128945766
18269,519.2848731940445
18270,431.1092182380352
18271,506.16406878058984
18272,396.5557478670954
18273,392.97789372604996
18274,461.5845494793124
18275,405.9205227236161
18276,438.56119741400994
18277,461.188499836442
18278,428.1567465290042
18279,453.6837361273786
18280,426.48495824258515
18281,400.14204724593924
18282,466.55634762096173
18283,465.33203205029736
18284,485.41558393277637
18285,483.41639908780684
18286,411.9225703308793
18287,400.4857291082407
18288,440.97671776263223
18289,456.30197897014364
18290,484.91545577354066
18291,484.8503901042797
18292,426.77329807848054
18293,417.1267099725898
18294,506.0875201854549
18295,472.9568002665125
18296,447.78310300848176
18297,459.25401328459964
18298,455.09448752794316
18299,339.8762505627257
18300,520.7962901438207
18301,450.1321472524447
18302,486.4992819479178
18303,535.2268775273608
18304,383.443846359382
18305,521.5254009377883
18306,450.03915521958703
18307,446.34537113479007
18308,477.3868114184061
18309,419.80003573902644
18310,505.1609424703281
18311,498.7417571928399
18312,509.5401504219945
18313,504.81768236058656
18314,485.1673954067609
18315,375.553843692556
18316,399.8769071812102
18317,461.56583770071046
18318,457.5216648608022
18319,412.14481071793165
18320,488.6983935424863
18321,463.956764144826
18322,463.4352672818522
18323,477.59247866786484
18324,454.85708171167676
18325,459.5174666989954
18326,527.3668168204408
18327,458.47973835083224
18328,359.9838867211363
18329,433.04733165971885
18330,521.8273251581265
18331,415.95763224413713
18332,488.54034960507255
18333,432.39292816334944
18334,454.36495652834964
18335,506.6120934656553
18336,356.9331593554179
18337,437.2901252151908
18338,518.2432970445988
18339,432.11800180319847
18340,447.37306272223486
18341,418.18518914598974
18342,409.72983454173306
18343,490.6427899328923
18344,430.97196130344804
18345,470.22768649872415
18346,450.2779206359928
18347,514.2858650014123
18348,471.3188956539342
18349,485.49233978154416
18350,493.5110594864957
18351,507.9754871813301
18352,420.38128036224737
18353,419.42354216877055
18354,364.0575257513287
18355,504.9027651344928
18356,432.85620926398616
18357,442.8916878203838
18358,448.59229095203557
18359,388.1528306587763
18360,387.17373761615886
18361,477.57357092835855
18362,466.16331621857245
18363,444.4565841531273
18364,465.19836884219137
18365,364.7471860468957
18366,448.4687596188643
18367,415.52190941774313
18368,430.21473498035294
18369,425.63960715572125
18370,445.2571587998213
18371,382.8474459165946
18372,469.60907885363196
18373,448.9907657977814
18374,455.31738520283466
18375,406.4892353497365
18376,491.17798921810646
18377,527.6844186486435
18378,476.3998491640544
18379,516.2715385121745
18380,432.41003557227816
18381,519.7280789993716
18382,454.9997748009905
18383,501.436340845365
18384,447.16212780333217
18385,433.13840225528605
18386,475.1908023244977
18387,420.89256710303636
18388,453.690730670805
18389,428.52888819887187
18390,478.2271506759207
18391,434.31084431310103
18392,465.8175351697593
18393,550.0447975428341
18394,432.11679842971176
18395,512.691499644117
18396,415.9108610496244
18397,522.3018080194806
18398,434.8260090054647
18399,412.8476853521263
18400,402.81250879340615
18401,426.3878547797115
18402,452.1337149536396
18403,442.0216241268714
18404,487.7284380496264
18405,418.2141933613167
18406,476.6837388385657
18407,486.36611456499753
18408,440.91173219797884
18409,413.83279232956545
18410,468.94082186745726
18411,406.78575700216857
18412,461.0927897040797
18413,463.2641306059565
18414,447.606743508168
18415,444.8593309935011
18416,551.0191358786798
18417,369.45114061512317
18418,414.05187236504855
18419,497.13350018470834
18420,508.01812124586286
18421,506.79063607032157
18422,517.677327744921
18423,477.27246326066387
18424,420.1010163046118
18425,512.0766869312324
18426,463.4943799884441
18427,449.35133305593627
18428,465.24271000264395
18429,459.4660503998875
18430,413.08298878857624
18431,453.161945230877
18432,420.17043651958465
18433,391.0926736319331
18434,496.2848882425175
18435,439.26321262310023
18436,466.96304778194417
18437,414.3574793878021
18438,463.43118100026686
18439,498.647175225878
18440,448.5304912695563
18441,445.9828208963031
18442,425.51798227698765
18443,432.659652662858
18444,416.23042989524464
18445,452.38804164729584
18446,463.0711555265599
18447,473.00565819776546
18448,399.9368712185395
18449,450.9659632736857
18450,472.12038894570844
18451,408.5731685201923
18452,492.5612198830856
18453,514.1961824660888
18454,372.1103119197258
18455,429.8591092384778
18456,336.3889701171406
18457,440.76352426660725
18458,434.2805646736833
18459,536.1213404154091
18460,483.5048574221295
18461,456.9067322240001
18462,542.1021828606598
18463,419.6999272865925
18464,430.5832370351565
18465,390.78178931947565
18466,447.533236401237
18467,459.9044522809346
18468,514.43614430365
18469,425.9758806539669
18470,476.38148403695067
18471,437.37161742635857
18472,468.8585961843002
18473,507.43284101019725
18474,501.1275926816959
18475,423.26618550285747
18476,383.9894249045708
18477,427.5425764242141
18478,383.5790385985309
18479,506.9017995916544
18480,477.6751195029294
18481,468.2889515156994
18482,394.8839329562147
18483,429.0576378041273
18484,468.66374199752033
18485,531.9764568055376
18486,461.4347852335232
18487,416.9093856817008
18488,470.6599002196267
18489,544.5530524822361
18490,492.056843627084
18491,426.3680016184018
18492,443.22029435927976
18493,429.329188652433
18494,458.08655324134196
18495,464.2163673391075
18496,466.6999794497655
18497,475.6526379276709
18498,438.38805457274015
18499,445.9823751951936
18500,500.6604417630759
18501,471.3477598354191
18502,490.5196961380182
18503,393.83331612727727
18504,437.8198102367114
18505,467.6747128563861
18506,348.61706785305256
18507,402.92803886593805
18508,439.8787679327481
18509,454.9555267273426
18510,452.8047425556585
18511,475.73337821989475
18512,443.1763278923404
18513,467.62793741826147
18514,418.7234571715449
18515,496.2548663210824
18516,482.5994279405427
18517,405.89354955811916
18518,453.69567383175917
18519,437.26478590155733
18520,474.6264086374946
18521,414.29436841689454
18522,513.2600439331616
18523,431.7843836873645
18524,467.9168121489543
18525,549.8441101457241
18526,415.4216019728565
18527,519.2025262107353
18528,462.4934373786932
18529,383.21291770617836
18530,374.04725062497755
18531,453.7591946911151
18532,402.88468331604116
18533,460.8773046943957
18534,428.6683366513659
18535,410.75518545700265
18536,444.599740209766
18537,428.9427406626051
18538,429.6907217957789
18539,456.09523281269736
18540,457.0876100123903
18541,510.5500146342613
18542,421.63414461658977
18543,429.9681932679624
18544,479.0640728519319
18545,466.6745512728612
18546,398.75201234884173
18547,469.48838223255234
18548,408.70359657260195
18549,392.6620449061266
18550,506.05621754689497
18551,421.03876985905885
18552,382.5820419080458
18553,453.75012604348336
18554,494.65858309039936
18555,415.4928577900969
18556,460.5984388555901
18557,450.6979578118683
18558,502.3874782211664
18559,460.0568658079221
18560,499.9656012313105
18561,527.6185468160705
18562,490.743296520721
18563,517.8023742862747
18564,437.0854701722332
18565,460.0733039616829
18566,513.9596509227202
18567,450.7793141561018
18568,401.0683248942269
18569,402.89743350460407
18570,469.66464381009234
18571,426.1126150450162
18572,450.1348006359964
18573,437.2643086214282
18574,438.72076208417656
18575,552.3064711437794
18576,410.7640474777488
18577,501.20570149512565
18578,432.09571194738663
18579,477.8243885650146
18580,345.0562425046603
18581,408.5376468895586
18582,392.8799037582027
18583,418.7615993549951
18584,457.7579323674893
18585,381.84011540871694
18586,453.6079860888292
18587,452.78007045092295
18588,364.6132289524424
18589,435.7746668812462
18590,456.8865522547583
18591,448.65985117503567
18592,424.3376311719551
18593,399.08247011688303
18594,432.61525387683093
18595,451.3562650201593
18596,416.5642791339588
18597,437.3919208406016
18598,433.50045040355354
18599,479.6649864353343
18600,432.6204859242303
18601,454.4948958724468
18602,392.30814540719064
18603,479.00967022164514
18604,499.4502422093026
18605,501.7070742684867
18606,444.967479881197
18607,470.0868255648291
18608,449.8405562974767
18609,499.3278394775466
18610,398.2762093274187
18611,363.1312572439918
18612,446.63105268980104
18613,378.91871433753295
18614,455.71070560377876
18615,462.459974173322
18616,441.7885098667895
18617,427.135345278157
18618,426.67071832369083
18619,508.38575375323586
18620,366.8543304047759
18621,470.22527968814785
18622,428.2274163353212
18623,380.2088550083146
18624,500.89088808745635
18625,452.60258289750067
18626,417.1092507800182
18627,431.9182876283977
18628,411.5642248061901
18629,432.8296954881197
18630,459.4256689800051
18631,443.58039817320105
18632,518.4126807467242
18633,470.47760955218786
18634,500.76509658002857
18635,530.9155335673943
18636,474.95377317781606
18637,446.00220409380296
18638,479.6835498091882
18639,429.7195258522094
18640,414.6882910715804
18641,406.36946266535574
18642,407.9125707924624
18643,495.6590568179746
18644,386.06650919545626
18645,362.14280378118394
18646,471.74751133259974
18647,447.45329097612694
18648,464.5137586668387
18649,464.5647725757446
18650,399.1817163952337
18651,457.6464360900562
18652,446.7026134392967
18653,414.7280896934994
18654,386.94776054564164
18655,456.42538434381987
18656,447.3446337391395
18657,478.0578430971655
18658,489.00712853174366
18659,383.3164141227486
18660,424.9196671993234
18661,451.584763749758
18662,410.60584966573805
18663,364.51812673842056
18664,418.74984327515153
18665,404.40993651246174
18666,476.5203415877044
18667,454.1927933091405
18668,457.2391293501135
18669,489.4330679381546
18670,451.0137104485319
18671,439.59603710541563
18672,446.05380726883425
18673,494.44106395975945
18674,486.76847543867365
18675,469.4904599544654
18676,495.8513483250476
18677,432.778134327206
18678,416.01251159559126
18679,427.0960953164006
18680,470.50668286992453
18681,445.47883316804297
18682,447.8594087811237
18683,471.12948823625
18684,420.4278328778708
18685,440.56293521117135
18686,445.69799314620883
18687,451.7764733080968
18688,496.450219821474
18689,440.9900783617717
18690,454.1043983860782
18691,443.97531287079084
18692,489.7705087161501
18693,478.6679646775846
18694,435.30576776160274
18695,427.96903143651735
18696,456.4853419416263
18697,497.8986084924725
18698,462.8755432951244
18699,449.42992222129163
18700,447.28257753588736
18701,426.1273805606317
18702,431.95724836728283
18703,448.71354363214436
18704,414.46518325171024
18705,469.5374837606714
18706,476.13248004094424
18707,465.5108380327371
18708,401.6814331409234
18709,426.1041725590906
18710,479.01365075195207
18711,477.0226070170991
18712,476.5411369695837
18713,430.4951217858172
18714,487.84278480576614
18715,448.2979576496228
18716,384.69121926218185
18717,454.16013045082474
18718,437.9465745803355
18719,439.5239266273237
18720,491.2396059944761
18721,443.42237323685265
18722,451.44160874938166
18723,458.1785868674884
18724,414.34874836802146
18725,422.2472770644312
18726,406.6069863883042
18727,529.1147622242896
18728,408.74070444931783
18729,543.6848960605242
18730,396.4911636425418
18731,493.849432134015
18732,350.8965087532747
18733,350.8129908630816
18734,495.25547967466974
18735,386.8072049694907
18736,428.14564339179736
18737,481.67671121446506
18738,481.310767904967
18739,468.74716043543174
18740,438.95206677070456
18741,496.9388163948836
18742,489.0952197331029
18743,521.8183947776093
18744,457.9406938816229
18745,434.17251276354835
18746,450.43940271508836
18747,423.39222709107923
18748,404.0330657784493
18749,505.4938177387017
18750,432.44303795794116
18751,462.69174459083484
18752,480.76568142996547
18753,469.9784570040134
18754,453.5367653746462
18755,492.8348569089701
18756,404.62139216892894
18757,442.0008096812885
18758,380.955071280417
18759,472.42294251036463
18760,467.8547111599446
18761,424.15016504529206
18762,409.15285433326034
18763,438.96183938201466
18764,466.8803604031681
18765,399.1217118539025
18766,435.545768604214
18767,504.61341733944874
18768,460.90266573054146
18769,361.5495007243582
18770,463.92553027256656
18771,469.2291484235159
18772,383.1673519375609
18773,450.10744863289244
18774,416.6452846426146
18775,490.1327258694023
18776,477.5281064199925
18777,477.4275491747643
18778,485.00084948968174
18779,492.7132071488176
18780,446.4605793246981
18781,454.4584726555735
18782,416.2673111144932
18783,437.3962267809496
18784,451.4792118344148
18785,491.22415953887224
18786,466.56717812920755
18787,475.8418963592575
18788,459.67421484680887
18789,475.9794850151168
18790,432.6520323971552
18791,382.8235059562499
18792,430.89193848213404
18793,477.65922821681494
18794,525.363851216504
18795,429.48351163652217
18796,526.5600230771064
18797,471.5938364725121
18798,516.541736826365
18799,454.12856412247265
18800,495.89484459051806
18801,489.69000657407804
18802,495.27384026698945
18803,427.31708399909235
18804,431.15430794756537
18805,432.85711332654193
18806,454.9880602960784
18807,503.37616697664805
18808,409.8882195433755
18809,467.4015917551324
18810,443.1527774373664
18811,380.9475671376968
18812,482.92346774366445
18813,399.2966305618319
18814,466.8507913487795
18815,456.45284029334255
18816,396.28374374618124
18817,398.9012244960766
18818,471.38617080411075
18819,429.0822948416656
18820,450.3196144052921
18821,396.15549968295136
18822,494.81541322359055
18823,463.8918670239498
18824,386.58724893470617
18825,518.2942034834803
18826,445.15718183985774
18827,380.45989555172974
18828,453.78677042013436
18829,495.10179360831734
18830,521.4956298327361
18831,382.0967942709683
18832,455.813622133177
18833,480.83582199819915
18834,464.6762506632454
18835,487.09265365116863
18836,480.805489343917
18837,457.2289734205286
18838,476.54088010888876
18839,421.12757181137783
18840,433.2457705789526
18841,441.0720693256543
18842,416.1039341417845
18843,519.5500165405003
18844,451.53947879093715
18845,460.27211315289406
18846,397.9859745474506
18847,387.18692519881745
18848,451.7809594698668
18849,444.0461853352736
18850,450.9674279718264
18851,430.48609742883343
18852,462.98038315345724
18853,542.8917824668964
18854,473.0830582193222
18855,425.793868447434
18856,462.62149865653134
18857,484.5160248494017
18858,490.7977232094645
18859,377.13326164446426
18860,413.3517820493118
18861,449.03835492838533
18862,462.2378865618666
18863,526.2163376580818
18864,504.70708702614303
18865,474.4992814801566
18866,469.63205148109097
18867,427.12356877244457
18868,474.1866443074645
18869,422.5504436133909
18870,397.92441460993933
18871,527.3542176492688
18872,436.9669390721249
18873,441.01112377206033
18874,510.45182207644365
18875,460.87234448395185
18876,472.0540869311179
18877,442.19970100679916
18878,512.841218614245
18879,413.25174689130444
18880,450.74794395684097
18881,431.3448843372793
18882,425.56595685130117
18883,452.4153095488033
18884,456.91487151817057
18885,375.2867763212414
18886,427.9389901189921
18887,467.28255675906377
18888,392.2367182273209
18889,482.03722078205885
18890,442.08357607624
18891,434.15571337089534
18892,451.64679210460287
18893,494.069784042753
18894,446.7586491578701
18895,446.31457705181674
18896,403.89975509032587
18897,384.04728459159577
18898,420.0018607863273
18899,366.5654741445021
18900,440.9548046355571
18901,479.327662259959
18902,452.5669064254068
18903,467.732082173812
18904,378.6900473526957
18905,492.9747202115982
18906,371.77667644518874
18907,468.0767757621726
18908,419.33494878652743
18909,487.80121145976767
18910,431.725203788468
18911,462.41710725437883
18912,391.170910864053
18913,434.36866903837335
18914,454.7952125372919
18915,446.44682278797785
18916,406.76203643971627
18917,420.03657369633197
18918,499.79953301702915
18919,458.2382468178177
18920,419.21316934446685
18921,452.67464802111897
18922,461.99595510660833
18923,446.13325357688734
18924,435.0868689470333
18925,467.86621417988647
18926,483.54028474666774
18927,469.14739354112334
18928,477.9420597207911
18929,468.21507136214
18930,388.99400931793366
18931,419.19420944352555
18932,484.52691431165806
18933,432.67111006949153
18934,556.3884417714795
18935,496.6941367043423
18936,433.8051685027477
18937,446.17661475644354
18938,497.993346839949
18939,473.9379716928457
18940,410.06343731749195
18941,421.8129205635662
18942,521.5444025070824
18943,370.28028801126294
18944,436.18331462640526
18945,534.0551285095393
18946,441.25655797834014
18947,457.68380731587337
18948,426.1316705110879
18949,382.30851812046814
18950,518.1974143908255
18951,454.61373563541844
18952,357.90532399988786
18953,499.07407599478745
18954,375.4197434321886
18955,470.0638816242053
18956,432.01732635905296
18957,400.8775229402172
18958,486.8692971661225
18959,429.24549767457574
18960,454.0327593169402
18961,497.12755619016946
18962,459.34586191428394
18963,465.3401495490933
18964,392.21981235867287
18965,416.71484346157604
18966,492.61837734515944
18967,444.3225012480539
18968,457.07159715800424
18969,378.2381886159802
18970,444.78970888505694
18971,450.2771964807983
18972,421.95811185378284
18973,411.33490225409076
18974,461.1355318383917
18975,421.83896488968475
18976,509.1927133586909
18977,422.2539016468121
18978,489.3122455175117
18979,471.9094048460398
18980,453.3830290839636
18981,459.0018268008348
18982,307.8366348789985
18983,433.726527858374
18984,429.1900025966913
18985,441.20818146339093
18986,464.514885615291
18987,487.4659988814877
18988,419.2306842470501
18989,518.0979244713415
18990,361.96674393895034
18991,430.05561560327874
18992,440.5248698799401
18993,471.8631330808561
18994,474.69537743609703
18995,432.19152720125027
18996,408.14823894403986
18997,508.1981430470525
18998,444.8066260360218
18999,491.49674711313776
19000,496.49217712027314
19001,405.1793906413302
19002,498.53914997360175
19003,460.29519941411263
19004,449.51210249998843
19005,499.8398236140564
19006,466.1567985376788
19007,446.67913693153366
19008,491.76676066104056
19009,410.82204912883503
19010,416.84647681022227
19011,352.0724954928116
19012,473.0729996147699
19013,440.543930417924
19014,476.01042960294177
19015,498.4112095622586
19016,474.63934516016184
19017,361.94777615596547
19018,460.3750567367211
19019,444.81809142606033
19020,487.4740156961429
19021,558.0831077355152
19022,433.6926158632643
19023,419.20999442933737
19024,436.5888419899904
19025,421.64187109621537
19026,411.5105013915156
19027,430.77818520854487
19028,397.79234267823614
19029,423.28485812084915
19030,496.4734299085528
19031,427.97022683901355
19032,472.36677393030527
19033,402.9371835133961
19034,392.1678191842988
19035,467.64487967827864
19036,451.4654578181293
19037,420.89189727552815
19038,434.0291908241455
19039,456.25483089164925
19040,498.54771653908887
19041,492.3030776285531
19042,432.39591450460796
19043,504.41840726390683
19044,437.7767208153822
19045,466.50312117636304
19046,388.98875115554193
19047,442.1368981708461
19048,396.05660603788624
19049,376.5153060764347
19050,472.93504392511755
19051,498.0092182580536
19052,467.28512517163887
19053,487.26665809505107
19054,436.7863980612099
19055,441.02353671729287
19056,456.8673671490533
19057,448.5398915316713
19058,473.72666543462236
19059,371.8357781356105
19060,459.320862997748
19061,523.0773365162868
19062,505.97174111323596
19063,514.8742288594863
19064,402.05955957437925
19065,476.68223039025963
19066,519.2774175151634
19067,405.69749293045453
19068,433.96581083212857
19069,439.458720088762
19070,490.7009206422806
19071,498.013854406844
19072,441.98921609353465
19073,368.205077892486
19074,366.7407103283586
19075,542.7931369395377
19076,495.80325828128247
19077,432.9709449136883
19078,468.51452887072287
19079,459.2510219654234
19080,460.18000859368004
19081,414.4227919335335
19082,432.07589390993996
19083,472.28328492266
19084,391.8860624956399
19085,428.68651332038064
19086,462.9897626233904
19087,436.731712340336
19088,416.15758119215957
19089,442.44486847413316
19090,434.10793472553394
19091,451.4040795907918
19092,447.51103691426084
19093,404.97461322210506
19094,404.51112100051853
19095,450.3752328818681
19096,397.6416321781815
19097,483.54053876790005
19098,438.8214371481331
19099,410.5891176247981
19100,461.17135116247016
19101,446.5072988264388
19102,456.55606508708513
19103,425.50815175007415
19104,412.79316069918275
19105,425.0780348432591
19106,475.25929139145404
19107,459.7524714484093
19108,486.88499609801363
19109,462.3787854103662
19110,512.4421592924057
19111,410.15303435322136
19112,470.2654410942488
19113,401.08742394459495
19114,503.5994987907313
19115,475.90400071208325
19116,379.9372370766648
19117,457.5860021993102
19118,431.0596119031314
19119,356.7580706156961
19120,461.27178924339637
19121,530.5852048823576
19122,411.8967822327336
19123,473.0218358742709
19124,408.01676586467073
19125,418.2210512977356
19126,448.3636386054288
19127,467.99986407517804
19128,454.0293729913404
19129,485.92235825279835
19130,458.71200070942325
19131,426.3462628978488
19132,454.0646327829353
19133,414.2942481873213
19134,416.2345350561147
19135,507.42541123139364
19136,498.5696434464535
19137,453.0152713985588
19138,464.5873891137995
19139,460.5912725354852
19140,507.0925345649048
19141,384.3820673156546
19142,439.0289637045937
19143,417.5486851969572
19144,422.7637716045987
19145,451.2661072912142
19146,527.3320910216326
19147,429.3927646847337
19148,462.87947086928335
19149,415.01692133406965
19150,449.8721918659018
19151,458.01748621204894
19152,448.06445162238055
19153,411.9748998565696
19154,392.4100314378429
19155,444.76672505152027
19156,416.9950913729912
19157,463.88433473179384
19158,495.8375594558466
19159,518.6880039730194
19160,473.39837506944536
19161,479.92247806100556
19162,460.6801518414759
19163,430.85023220043627
19164,413.59230819884203
19165,413.08063055848174
19166,473.505848578396
19167,458.39052808848993
19168,463.2425188626663
19169,484.8584800280731
19170,429.8179492994789
19171,487.86297174465784
19172,449.2122397849074
19173,465.3101830677002
19174,530.755684034101
19175,465.3919566785529
19176,479.7879447141398
19177,492.1641342252953
19178,393.17895900540145
19179,320.5678609143926
19180,479.36391960186126
19181,515.8212515079465
19182,466.5949500236591
19183,434.49449625796973
19184,462.9297869371895
19185,494.0583527678845
19186,384.95087126608246
19187,522.1747891043567
19188,465.7852553206734
19189,531.0682698015632
19190,407.4925036197028
19191,508.2097271419385
19192,461.23594779068475
19193,490.3959495690729
19194,550.4389215545478
19195,444.46432224633435
19196,460.4996485027242
19197,450.63188886447836
19198,543.5938479416267
19199,428.7620790436471
19200,476.09735239658033
19201,496.7507569883669
19202,489.917858586567
19203,479.33537168847596
19204,458.4423027332725
19205,442.4063283723732
19206,459.40866694824115
19207,503.56316146013353
19208,427.3247523914832
19209,390.38196807535417
19210,455.49480060329444
19211,405.7314623472852
19212,437.41288487487526
19213,477.7449171687045
19214,367.41979350152354
19215,423.42102977187244
19216,451.9084206955892
19217,384.3387965785496
19218,474.6396169883349
19219,363.4916859465242
19220,366.5415112156552
19221,496.7638093157322
19222,484.7384994750226
19223,410.2235628105336
19224,502.5235015070812
19225,458.03203700998944
19226,393.1491669513642
19227,397.8266251028393
19228,411.9568493692996
19229,460.6881641117244
19230,554.9780683141759
19231,501.0684462659597
19232,448.8376108937275
19233,384.0851167816371
19234,443.8714203700322
19235,459.7323954258718
19236,486.7833973414411
19237,432.6710482905974
19238,407.2897483540566
19239,468.20217473845935
19240,444.76785849138156
19241,410.5039512319243
19242,488.4968427093504
19243,439.70723986595857
19244,460.5006620911702
19245,462.38807546215713
19246,418.83119527604885
19247,400.02533726312674
19248,439.49625093855894
19249,447.7544577228306
19250,411.5076766192674
19251,487.97564000505105
19252,467.74676508881396
19253,410.1617806793195
19254,410.50518302323366
19255,442.9605309925146
19256,498.5430051795209
19257,401.68989151124714
19258,408.57696967823335
19259,408.2897021947502
19260,462.08433914400314
19261,472.11159906587363
19262,457.12650873735413
19263,451.5100716450525
19264,550.4066337063335
19265,470.85340645732526
19266,410.66645330526103
19267,464.86718627990916
19268,539.5627633833585
19269,411.8559039790671
19270,389.50899151826303
19271,434.05108994143336
19272,420.1291562104926
19273,421.7159097883926
19274,477.35525380703876
19275,476.3627801482812
19276,534.4286409801041
19277,467.63647596580586
19278,430.03318412292657
19279,433.7234948457199
19280,384.02561057559257
19281,419.85198172324596
19282,504.7147897672007
19283,396.03221973231604
19284,414.7706825365585
19285,390.12644409094185
19286,438.2039046468783
19287,462.2199456170424
19288,503.8573579427529
19289,388.17331677002295
19290,451.43721412435707
19291,565.134791705859
19292,435.94141618654703
19293,397.38496935459636
19294,391.4958133088573
19295,472.77721439731033
19296,457.7180616135265
19297,445.5478100739556
19298,469.78020496656796
19299,468.19311867567694
19300,397.4533589442607
19301,475.76444743408643
19302,385.1390700010311
19303,497.9221426615686
19304,407.3286867054314
19305,456.7679150564499
19306,467.7408234445886
19307,457.1835214826715
19308,470.6998870039708
19309,408.2381019222734
19310,444.9135264545039
19311,410.2581026304866
19312,406.3995689990716
19313,403.47172467252665
19314,497.5654348098259
19315,447.9296326363943
19316,489.7032150311228
19317,462.3802304342476
19318,460.24371597877206
19319,413.22463806931836
19320,435.04261233292107
19321,455.3917752567929
19322,433.06880812804377
19323,435.7484445544582
19324,446.29758822291484
19325,437.6797072121104
19326,424.37456741900365
19327,482.8359902406733
19328,444.58751546345974
19329,427.29316803246917
19330,435.9853788271628
19331,409.003478072217
19332,509.7262170639771
19333,419.7059230331251
19334,353.5006401788266
19335,529.5626786094311
19336,454.1719413069083
19337,443.9511492378166
19338,460.9125559921305
19339,465.0041903822373
19340,456.83984181098054
19341,415.2958300759123
19342,413.09356323317826
19343,442.2629911679743
19344,483.42465766716
19345,420.8922341131459
19346,329.1760540117147
19347,500.23276688548975
19348,406.9235327381487
19349,397.91840956044905
19350,536.6380257868227
19351,391.3326894583233
19352,505.1670946054308
19353,470.9144225036653
19354,465.4658273449096
19355,418.9565789898225
19356,455.6079208218365
19357,441.535466944997
19358,450.78283328961913
19359,444.61317022776615
19360,528.3534322459743
19361,459.1321953234774
19362,494.7774642210493
19363,483.3389806204416
19364,477.9250337553939
19365,465.1896370209231
19366,439.98554226165396
19367,479.13613827360854
19368,483.6293926723527
19369,445.9788763572752
19370,453.5368293005014
19371,462.9679881106656
19372,499.4878742234496
19373,459.0408046945362
19374,537.731835818909
19375,419.2932275240867
19376,474.8466894398741
19377,424.19503931529874
19378,457.4301952429806
19379,393.8440637891732
19380,437.02660478405886
19381,426.6703798442011
19382,476.2272392989918
19383,508.6448821631833
19384,478.37964132567265
19385,480.13181559533854
19386,492.8449975434005
19387,428.6318884264975
19388,445.79330331015524
19389,417.6382781416462
19390,449.3550214992412
19391,409.236559662265
19392,536.0686538403666
19393,451.7208882300436
19394,460.2479464575583
19395,399.9666768289626
19396,508.8157086983148
19397,468.18002796838726
19398,488.1073614355959
19399,407.52511028751456
19400,500.91714483484196
19401,456.73157707029895
19402,428.81420142228984
19403,483.7795035458476
19404,468.1851872413764
19405,477.84732988417693
19406,422.4920992395698
19407,438.5834339876172
19408,444.4802152254097
19409,412.32914468542725
19410,527.6373179959035
19411,443.898660084897
19412,431.87059721168737
19413,461.599965764171
19414,449.3239984979967
19415,519.3001420373054
19416,406.87783944739635
19417,525.9298118949573
19418,469.8265857828298
19419,470.03870082887516
19420,448.022845475738
19421,442.892690550065
19422,460.9724001509146
19423,474.5078821463599
19424,417.97293907818954
19425,462.05463149865074
19426,512.4483000583723
19427,460.3976011577523
19428,482.40840488697734
19429,441.6442679080397
19430,436.0798918972767
19431,517.6447274656375
19432,492.3926450170883
19433,442.80482257312104
19434,460.0942018342167
19435,441.38066768209404
19436,428.6987108560313
19437,366.86157995893876
19438,379.3875822502635
19439,452.16531020839693
19440,478.37808075515363
19441,410.45152810156685
19442,498.19240708607566
19443,461.287459769397
19444,473.3687237643747
19445,519.561763524994
19446,464.59871348875055
19447,439.61548725286036
19448,426.70997868874315
19449,499.9143518467419
19450,489.7079968450729
19451,495.4424354618002
19452,478.1844916374846
19453,444.5862325862287
19454,462.68902976998845
19455,451.7589069553682
19456,424.8126216551542
19457,426.4222729752819
19458,410.0936329958779
19459,474.8170674071787
19460,438.039534953759
19461,450.5831304194188
19462,445.5125778645315
19463,424.77360118771645
19464,453.9737280211178
19465,453.0515969999622
19466,482.5935948920852
19467,424.3742944797014
19468,459.1243764940739
19469,509.55397628428886
19470,440.392252258582
19471,458.46128780573866
19472,478.4912483810508
19473,491.54484418362165
19474,363.0097374153004
19475,483.1341473143202
19476,417.5609979461412
19477,531.5145484314785
19478,443.6955773155698
19479,492.3631582344569
19480,490.56670936208764
19481,416.46861188663894
19482,460.0062765362295
19483,453.81547030158805
19484,434.57088074189596
19485,442.36712130959245
19486,481.26344191775814
19487,465.37141961419763
19488,436.725742522274
19489,453.3830528984712
19490,484.12944188418095
19491,452.4621942411809
19492,448.4423244014522
19493,483.98338699031996
19494,461.41066410563576
19495,464.09196483455395
19496,488.9102281173463
19497,426.65001819117055
19498,409.0784638095461
19499,490.836784677423
19500,439.3334357571886
19501,457.144506946249
19502,465.3551414879975
19503,466.2133681858252
19504,455.2295982364461
19505,523.6179113432255
19506,456.98075670238586
19507,456.947501657177
19508,452.9028342205263
19509,450.29235736278486
19510,515.3012539100364
19511,432.39504798456716
19512,440.03980335675254
19513,496.85063303203725
19514,433.9142158327944
19515,405.9352622467251
19516,419.6048252176797
19517,418.14041340295114
19518,483.24477477223144
19519,416.5270087057471
19520,466.64094108100437
19521,461.82707567517696
19522,462.38931116944303
19523,474.87007169357724
19524,492.2821468363727
19525,477.0446069223937
19526,366.58514828293534
19527,440.27238217475633
19528,462.5526751747181
19529,467.19838673181516
19530,464.2799959282484
19531,523.6024839136537
19532,491.2561694356949
19533,423.2306964837078
19534,462.9812009694353
19535,412.84722547067787
19536,517.0498117326199
19537,359.1607636024288
19538,457.15935737138886
19539,491.7592254379241
19540,523.135761931343
19541,526.7088279802359
19542,453.0211068666727
19543,403.7683500531527
19544,468.6664515648613
19545,462.1206655366163
19546,487.488717158428
19547,419.69797022299576
19548,447.0256117432832
19549,455.62649392489425
19550,443.4780320343861
19551,479.2318081233619
19552,467.66177707792195
19553,363.53724676091304
19554,463.68390786163224
19555,406.0411497492919
19556,475.0003351295581
19557,448.51934694335404
19558,511.6979220156273
19559,461.52738321565414
19560,487.52366236097265
19561,493.07840405006965
19562,433.4070161637996
19563,355.72239653153474
19564,494.2754466755445
19565,470.49885572489336
19566,447.73822759845785
19567,461.00938403860874
19568,488.8239290229821
19569,454.6992672748788
19570,423.12345639015325
19571,479.0780451690612
19572,365.7478258995967
19573,439.39279098157687
19574,407.3344851862506
19575,427.99215772438
19576,451.9772418381702
19577,450.1445620351081
19578,442.7209686664368
19579,413.5651653545553
19580,424.7329099005986
19581,430.46606468472515
19582,402.924783052118
19583,482.2330884867585
19584,415.80847840995864
19585,542.0535516639866
19586,463.496995915354
19587,527.6651777325111
19588,433.97110350905774
19589,426.8207722123921
19590,399.4268822048575
19591,433.57577974450345
19592,466.14815737843713
19593,398.8547270798975
19594,451.3186877816732
19595,349.35034903821906
19596,523.0802081781748
19597,478.2208362305108
19598,479.6118757111996
19599,446.421442426986
19600,392.6914458025262
19601,518.6349676665587
19602,521.4949365957264
19603,461.5207585873105
19604,421.00398982983404
19605,461.4415003299282
19606,442.73430306970056
19607,534.917892279993
19608,416.77237939868644
19609,418.3698881762241
19610,413.9311328756868
19611,393.68268222010124
19612,414.0667154285981
19613,406.90199837789794
19614,404.03435820425085
19615,439.54545482038463
19616,491.8658216419774
19617,451.1112945360621
19618,444.82221118614405
19619,447.23296055283566
19620,478.5625553148591
19621,436.29189289960857
19622,484.8316222928695
19623,459.20716280705795
19624,433.90771779326025
19625,427.57721666998094
19626,391.14703137328087
19627,388.2266678859788
19628,457.01748171786704
19629,464.7487704548677
19630,471.1880103232023
19631,479.5207580010588
19632,441.01458395202366
19633,417.3311202062955
19634,572.2279785254739
19635,496.4946312483116
19636,460.9749295755909
19637,437.15616489183657
19638,446.2742592409162
19639,475.9069706084549
19640,433.889763386458
19641,444.08917264904295
19642,433.00743120795147
19643,460.37601790150364
19644,505.930680576921
19645,430.57723922881934
19646,407.3840273644748
19647,361.9546720609696
19648,452.809824558238
19649,452.435018652184
19650,503.1764802037667
19651,420.2844603464999
19652,448.52694228333854
19653,403.3697256636197
19654,441.82884064150346
19655,455.5865363668104
19656,456.27962856493093
19657,436.6890175271459
19658,368.75680521680323
19659,428.1273247699377
19660,440.0930011698472
19661,418.21800093179627
19662,378.89675284500214
19663,414.93974622152354
19664,459.26512427719086
19665,435.2002755851062
19666,485.5672106246681
19667,405.2244029857821
19668,454.6812364948457
19669,408.326631633429
19670,427.8549414345719
19671,453.12912230066524
19672,455.31147644185404
19673,519.5929791056681
19674,483.2211865691232
19675,454.66218745611167
19676,399.45786312418784
19677,527.2441030320429
19678,378.64714334214017
19679,462.42370013852224
19680,364.1761925302444
19681,354.1297980910371
19682,413.26084554457395
19683,436.84823069827985
19684,479.62529506176924
19685,491.91722130521157
19686,452.07753834013886
19687,407.44854463845775
19688,445.2596584320561
19689,435.76359308488225
19690,452.70478726604864
19691,465.8722448135283
19692,457.8334728354555
19693,520.7307125059874
19694,418.0595749512574
19695,391.5647110480806
19696,456.0283349828114
19697,381.36979670267283
19698,497.7603152144221
19699,501.7119322859524
19700,437.7006739114978
19701,391.31635634528556
19702,530.5811191246956
19703,503.0978731690623
19704,469.77204737801964
19705,444.79568499722654
19706,479.18740363337776
19707,421.76237966778456
19708,397.0318147313194
19709,450.46630354860974
19710,453.1491689369104
19711,481.6404768989007
19712,406.79535603431555
19713,493.51871221240015
19714,474.0905524506965
19715,469.65566009853666
19716,375.3685085660221
19717,447.2549741764016
19718,462.3924174411116
19719,462.0987987083938
19720,465.1276193093907
19721,429.9301257347852
19722,442.7726947448125
19723,424.6645716086435
19724,536.3510480393447
19725,427.6077710155218
19726,457.9903041038831
19727,464.41659712103035
19728,443.3050758234669
19729,351.92559082880666
19730,463.80442594883795
19731,491.64790400091636
19732,468.35221331767593
19733,436.9354065057224
19734,416.4093649192459
19735,380.61518482361345
19736,436.46499167289613
19737,474.05678466218717
19738,459.6501400412325
19739,439.3411611117406
19740,382.8497011131888
19741,462.4220885098333
19742,481.7157289301141
19743,464.7372717585944
19744,394.28330894411357
19745,389.34697508712486
19746,445.35638240163354
19747,458.13289111179927
19748,480.6323955827317
19749,391.07232736737166
19750,483.17127024948053
19751,430.3298087134515
19752,407.71158187160927
19753,416.30683774822904
19754,491.38459543394873
19755,406.69998918016694
19756,379.0301314368092
19757,533.7555408816933
19758,407.2233512213643
19759,363.9141999709528
19760,463.61591498037546
19761,440.46815845993257
19762,433.27052535210817
19763,463.57445059072967
19764,441.0931891609391
19765,463.39592146241904
19766,480.3079412696485
19767,442.051012183517
19768,463.7311598073311
19769,484.21605525739176
19770,478.14078106981054
19771,485.5722205090789
19772,473.9342211170805
19773,491.1755787001364
19774,503.30528237126595
19775,489.0031929675611
19776,441.39496145289127
19777,437.6880401393276
19778,486.3210662453856
19779,460.62638066316566
19780,488.3810304312695
19781,438.56142244171014
19782,410.44062187076133
19783,443.45139120433373
19784,489.78074641341567
19785,461.6440053688674
19786,473.4786750719229
19787,491.15725970641336
19788,445.4324530097604
19789,436.80044266683086
19790,485.1761744903988
19791,395.03134767308444
19792,436.956287349397
19793,465.28486137452387
19794,411.58872657925986
19795,479.14851708563975
19796,428.5608791824496
19797,376.5251843467004
19798,470.4389931387007
19799,497.859258119104
19800,496.70228532425153
19801,503.8764986353254
19802,446.5228251259259
19803,409.6358480884152
19804,410.1148275261957
19805,501.53847673938816
19806,441.11538910347264
19807,467.4858016699988
19808,518.9269479768152
19809,435.3217943917518
19810,479.79054718080783
19811,480.41651997352494
19812,426.57318284754314
19813,522.5739615729906
19814,399.37574560833383
19815,465.2637661607058
19816,462.7490891659058
19817,481.9701814237344
19818,468.8342612479383
19819,434.3057316410948
19820,523.1359718949526
19821,415.4288326601761
19822,417.8332399451034
19823,368.07100695165764
19824,468.274383629254
19825,446.4387175025258
19826,423.61135626946987
19827,473.0166257842984
19828,474.19642589890395
19829,415.38595166352934
19830,379.3027022643116
19831,468.984544735665
19832,478.24395344789536
19833,475.41614330327997
19834,468.58991117488364
19835,468.81973254210357
19836,431.8935965717535
19837,432.6076624370454
19838,411.23708852464495
19839,387.13811707597915
19840,481.9132061603619
19841,439.8579759194066
19842,492.41077631640877
19843,507.58042772970697
19844,420.8297278067304
19845,345.9053515978423
19846,440.4484881381274
19847,426.8104675743938
19848,424.11525256266367
19849,463.0027013138454
19850,470.4309710192236
19851,395.9036261278299
19852,456.86778047040696
19853,462.8544538616537
19854,463.077042998772
19855,405.52067104261704
19856,496.50169192329093
19857,471.44673221774866
19858,451.00543545485374
19859,487.77961507087196
19860,415.5693025226204
19861,481.4780354304226
19862,474.40343589678366
19863,464.61803347464905
19864,395.5087344865834
19865,428.62757582138477
19866,402.8026887302355
19867,549.1820604943163
19868,414.98245847103516
19869,459.6201231836073
19870,483.24260815527884
19871,493.64358617277856
19872,568.1189660093819
19873,417.75901853182324
19874,418.19765878166663
19875,459.34534856371675
19876,361.21574257352086
19877,432.399210032416
19878,484.8987440057916
19879,507.39814730628615
19880,482.15285862833764
19881,417.42385237644197
19882,441.0653893450459
19883,430.67167776096085
19884,396.70495867324314
19885,363.52590377685
19886,461.7447278279677
19887,496.4950697640809
19888,434.00249097530144
19889,459.03150776062654
19890,421.0967318256904
19891,471.89918020006075
19892,391.9060507683215
19893,420.9083877933557
19894,474.951077245578
19895,474.81635871924243
19896,462.43876358100556
19897,439.4307357663864
19898,432.6770673813639
19899,460.98088081864313
19900,457.0747502618831
19901,387.9532153369478
19902,443.3589248685044
19903,461.58414328997725
19904,465.1094705933858
19905,506.0978779956077
19906,460.4335094291337
19907,461.76205922273533
19908,473.88604874040595
19909,461.02373190498696
19910,427.85674753521533
19911,469.7174916296708
19912,445.7241325117271
19913,440.3417646722413
19914,507.63148186823565
19915,476.2680017951732
19916,454.75922506318847
19917,390.4308815348546
19918,397.9999189204584
19919,460.23533530241275
19920,457.67687224311646
19921,453.15146235505637
19922,448.9594771848973
19923,479.0433457451465
19924,392.949755365682
19925,393.1279210535783
19926,491.4134372790175
19927,441.8594491040443
19928,506.3960095440791
19929,476.25015090825985
19930,505.87403440755384
19931,485.26738261520086
19932,395.0056291374993
19933,424.09136131093584
19934,475.77980234575494
19935,492.9158764826735
19936,495.0253405101455
19937,426.5937979364642
19938,437.71919031433305
19939,428.94720341671956
19940,438.37324684010156
19941,415.4007779148795
19942,389.0952720667072
19943,443.47616189307286
19944,520.0114188845754
19945,415.6170103319858
19946,430.5692772001563
19947,473.82229177612095
19948,517.7148152089561
19949,471.8125319200475
19950,529.3356383855502
19951,443.4726591125504
19952,389.1833799742971
19953,394.4329863293176
19954,447.28639763621214
19955,432.9354669831891
19956,421.9425243053855
19957,455.4679804550274
19958,546.401782689005
19959,430.0861265546464
19960,438.6942379316868
19961,443.99192479191987
19962,444.4954922786467
19963,468.0139916775938
19964,438.1925081429402
19965,447.4175332461631
19966,441.04793343846205
19967,498.88447070129695
19968,431.3541744215637
19969,493.6429613532564
19970,482.4159251307934
19971,516.7136245389228
19972,454.8993536312297
19973,506.3055969293207
19974,400.8579626359559
19975,416.3712441916889
19976,459.49322341603596
19977,527.4332264660413
19978,456.60465794664606
19979,411.73191354081206
19980,457.4612610966102
19981,439.70563738665203
19982,435.2045112015847
19983,384.7822332887032
19984,473.21957388763957
19985,479.9048690134016
19986,381.5210570639206
19987,452.0554186206394
19988,444.5244829813657
19989,468.3257273811384
19990,415.9868026997258
19991,469.47319010594924
19992,453.8829077629301
19993,494.41083861223456
19994,436.8081686042509
19995,435.5307749821627
19996,495.129264615566
19997,441.48021243068723
19998,460.6287678338428
19999,482.5996743773009
20000,488.58928873993483
20001,455.76856138706063
20002,498.8523891396308
20003,477.51705997560225
20004,450.6338045656376
20005,454.69624393151923
20006,458.4233487704848
20007,488.2405167933824
20008,436.369976355347
20009,451.31571870326417
20010,482.88160761837884
20011,448.8485603778571
20012,448.12571553732806
20013,404.7124195871223
20014,474.20227971796464
20015,412.37239835199614
20016,469.6019345599277
20017,476.87746843930086
20018,418.5168780911913
20019,498.80785449532556
20020,447.4886480625368
20021,369.16171143115207
20022,442.4616189027088
20023,437.7581610566439
20024,489.67834048422003
20025,421.3018932648848
20026,464.6450095476706
20027,318.0621930308515
20028,461.37602314007955
20029,509.6844286315496
20030,437.27143986152197
20031,453.5304836874697
20032,484.5356276766963
20033,452.03599030902694
20034,452.0622832338537
20035,515.2135707662691
20036,446.2610876780475
20037,345.8816000269616
20038,439.75979312143096
20039,478.63518472515625
20040,409.9202985935636
20041,478.38325730109364
20042,408.4805848864233
20043,475.59969273725426
20044,474.0465228885105
20045,413.8293526656202
20046,416.68091990756886
20047,434.4046210459524
20048,446.4706859669389
20049,466.8066428291579
20050,364.92749136065817
20051,484.3076167690232
20052,451.79934049220793
20053,476.8500093539827
20054,475.26018385034104
20055,451.5861271237257
20056,428.50666568202456
20057,446.23321923269776
20058,466.14107314305244
20059,439.941400475609
20060,379.89679323879574
20061,459.31383637701066
20062,439.8965352218423
20063,461.1657669437586
20064,418.611936812066
20065,426.3575367368462
20066,434.2626944384577
20067,442.14783464389586
20068,408.9574882918705
20069,468.3723844967743
20070,425.7423298514088
20071,486.0733826365258
20072,549.0659973993256
20073,425.79181444667705
20074,437.20899602351426
20075,411.877509513845
20076,403.8145720030595
20077,453.2221737847774
20078,422.49501711526034
20079,479.6617367423143
20080,512.6129652574645
20081,426.5308620994245
20082,389.96921795075735
20083,403.7565737472151
20084,433.9759560054728
20085,325.57950720970325
20086,474.2037577324488
20087,456.00982821582306
20088,414.10360303131813
20089,497.09006992839903
20090,424.85320378453054
20091,455.85959103248985
20092,409.763573041103
20093,512.1820479940119
20094,476.53671069030145
20095,510.1554591721744
20096,443.5625952976799
20097,410.51742895233326
20098,440.21831756828396
20099,464.31395524291224
20100,396.34372775389966
20101,471.7522543367892
20102,491.43505155909276
20103,426.236846726689
20104,507.7004939993492
20105,459.56470014276215
20106,438.572182098667
20107,542.601452802321
20108,461.12690216027585
20109,418.85790269688846
20110,502.96418188735345
20111,450.3916886990112
20112,487.3704284638969
20113,493.41076782931225
20114,433.1926631934077
20115,475.2829104887286
20116,495.36437184391707
20117,432.16657725606194
20118,408.919105452811
20119,383.6556796694259
20120,411.0099515735851
20121,462.8401842650696
20122,475.6102314113889
20123,502.28276463439147
20124,440.4969401802704
20125,518.9628317317016
20126,446.3699601128654
20127,469.40672527167635
20128,420.0618271942956
20129,404.1200175316869
20130,444.38191555315547
20131,458.2105957462963
20132,469.6963072454968
20133,441.3357429857142
20134,395.0897200389415
20135,382.50395309104107
20136,530.0199748937516
20137,433.8687601254392
20138,420.01252943508433
20139,515.7065058639148
20140,494.0172001770073
20141,487.6453876228967
20142,535.6266193723745
20143,507.6280541334136
20144,473.86869983969666
20145,387.36838098774666
20146,430.8269771850464
20147,462.3542029510789
20148,495.4770650459833
20149,381.82630364163396
20150,461.6420175003456
20151,462.86183817866373
20152,445.0888533768663
20153,418.896985838067
20154,434.8960799044619
20155,499.142874707065
20156,425.4792612838049
20157,498.957269314119
20158,498.14712181964205
20159,425.8383923534783
20160,435.3604782452297
20161,473.1012266231187
20162,474.4010705156092
20163,481.1658518926161
20164,427.53744899044176
20165,460.994391532262
20166,465.32640313722374
20167,446.27856357995
20168,494.26061849175244
20169,407.24604087070566
20170,416.27867964555765
20171,464.20493190743485
20172,467.87792128730695
20173,415.68977602006447
20174,448.08618117483286
20175,571.6093857553354
20176,388.48523832781376
20177,372.42134691517464
20178,406.0689286011681
20179,458.31514687823756
20180,450.9742384761153
20181,420.1548872539761
20182,499.6112986833539
20183,521.3255294565342
20184,445.3129773613048
20185,499.67496540918773
20186,405.13122991783894
20187,443.29889838803484
20188,433.57183555667854
20189,431.42447397305466
20190,488.8734545566435
20191,393.8923159150364
20192,430.48635638176296
20193,496.68316593330263
20194,429.54105002497477
20195,474.7047152533567
20196,478.4997434398692
20197,392.9152373214496
20198,435.48930030628765
20199,391.4710998476455
20200,447.24448127347324
20201,386.503299902603
20202,410.1760108388567
20203,487.3558551794707
20204,415.9231162194953
20205,459.57796039488653
20206,485.86118768604064
20207,454.44422925286204
20208,380.04820242673884
20209,354.04109729121484
20210,437.5603333587055
20211,410.66902971880523
20212,397.95014231381
20213,412.7351686656507
20214,499.95471332738396
20215,437.3129595990178
20216,405.16624395829194
20217,370.7654797423105
20218,475.65791476331657
20219,433.437160427172
20220,527.5259112100429
20221,384.0760965034513
20222,410.23857263377425
20223,447.9956139851113
20224,452.314907252444
20225,443.82964671486036
20226,348.67925444234254
20227,386.7383787469808
20228,441.778469096497
20229,378.1998586476328
20230,428.5035393275784
20231,412.9335827982
20232,479.7890648580748
20233,435.75566508917814
20234,467.78301198751865
20235,443.140739826315
20236,383.9033770030838
20237,411.7526080705003
20238,417.40818019447846
20239,429.8635060867158
20240,440.7132420767686
20241,500.2756269919839
20242,416.0232658096933
20243,527.8859555490574
20244,466.76372241195133
20245,461.7869335684296
20246,514.2484217733567
20247,458.9420850781519
20248,419.93907268799956
20249,458.207410017655
20250,467.4063223778887
20251,418.40120419530933
20252,503.90124042478976
20253,422.16613737137146
20254,468.956197069944
20255,466.76704819760965
20256,432.86641648762844
20257,393.14774394508754
20258,537.3286613298931
20259,452.6302071218107
20260,447.9477274556832
20261,526.7948416197189
20262,441.8549463739135
20263,547.6804318840159
20264,423.9209253147399
20265,507.0803399104233
20266,482.53867500577235
20267,428.8453770991616
20268,511.1243229577276
20269,423.7858426449637
20270,547.2429485017432
20271,409.1514741599604
20272,510.770668164795
20273,383.8067852323422
20274,419.83117406218145
20275,368.4165646625857
20276,523.8574072186568
20277,435.9779413641839
20278,464.6383760620735
20279,448.81621451352106
20280,448.3929731011663
20281,485.9638559207171
20282,487.1356485566174
20283,432.1981348436842
20284,422.28207083107685
20285,390.2573205529368
20286,478.04377579595086
20287,440.90710077426775
20288,514.057180879348
20289,446.40659183106936
20290,462.67100406972077
20291,472.50606949954727
20292,500.66294377913545
20293,514.6968920700816
20294,368.7721861521974
20295,478.0991713635596
20296,464.8608527476153
20297,389.76269014673375
20298,455.4140821412111
20299,412.0615770858942
20300,497.8391325023992
20301,440.03353038098487
20302,466.2752415550743
20303,438.45326363874983
20304,433.85552630618406
20305,438.21921868732244
20306,378.97104046165134
20307,408.77637052365037
20308,511.97691984111293
20309,497.2988258417045
20310,470.96733581469067
20311,466.0482493504165
20312,441.7557485884277
20313,430.47435755490375
20314,421.04505175578197
20315,421.46017884555044
20316,435.22489531804723
20317,422.82485427335365
20318,536.1030878519705
20319,458.7564795395335
20320,444.23609157400506
20321,450.0121106666767
20322,418.2529856220133
20323,496.76753214824606
20324,460.0541733727193
20325,420.06046253838156
20326,525.4950362681801
20327,419.47782775686454
20328,441.1903298925413
20329,538.4884566346111
20330,482.79083363577564
20331,485.272057237597
20332,421.2479567687107
20333,437.3572391200431
20334,460.98190868225043
20335,582.3033150350957
20336,454.10545914863656
20337,491.96265535415
20338,469.0306560520018
20339,450.43742282974154
20340,434.93431127062297
20341,507.8644097539859
20342,492.9805634630407
20343,468.12240117585526
20344,455.44343024270086
20345,446.09110055800545
20346,433.0462177097132
20347,379.24052410227637
20348,381.4132771201455
20349,387.6615738100962
20350,527.1130670710198
20351,494.1074555797124
20352,415.1020229232417
20353,434.13664913647926
20354,371.94162859866566
20355,482.83479011498616
20356,365.98842912995707
20357,500.07467863727055
20358,445.1993672006285
20359,446.50584803632097
20360,421.58331405624426
20361,462.39463508845967
20362,488.25265002898925
20363,427.76666400370044
20364,441.9964291127499
20365,482.390251805792
20366,411.1684563321786
20367,441.8310744038709
20368,486.09178712973073
20369,411.34010521645195
20370,419.6506607657188
20371,506.2788779045546
20372,399.15580852655154
20373,431.51828012470054
20374,464.4080476334492
20375,463.4561293552678
20376,454.04087170217923
20377,466.09007963971254
20378,519.8520291834682
20379,442.5525109904546
20380,458.41212778093626
20381,448.4374846380179
20382,385.1804963228852
20383,413.762057236565
20384,509.8849981520903
20385,441.32607468427665
20386,407.1430759270677
20387,515.7886019275417
20388,554.5052727832986
20389,440.86494334129543
20390,391.64299261602554
20391,432.64417243739547
20392,440.02447551416617
20393,368.171246915626
20394,445.91000942186855
20395,438.9522897511553
20396,458.8757973521947
20397,367.90193945386665
20398,429.50191701511073
20399,469.906877214097
20400,473.56941905047114
20401,501.3416045138328
20402,467.1405107563784
20403,449.77608651506364
20404,446.3807469154128
20405,490.9731773005863
20406,446.16813083738936
20407,377.1210565261098
20408,438.0294667460389
20409,477.51523529261436
20410,493.3172147344239
20411,453.3152470862034
20412,446.6416743123475
20413,437.0519168139762
20414,515.6786115706375
20415,520.2260435655234
20416,455.63990162065033
20417,485.39065177651247
20418,548.4210926169253
20419,398.55734803814585
20420,409.4357558178409
20421,442.8329981144803
20422,414.4695478048601
20423,436.9542489186206
20424,519.7780093645925
20425,376.9072452044821
20426,412.88006360448975
20427,529.4556676854035
20428,438.3451506979332
20429,435.7969553493869
20430,455.0013355617384
20431,419.6279617685194
20432,529.8615051001382
20433,391.7571841865203
20434,456.51297816739606
20435,415.49643152173763
20436,506.9159479927318
20437,452.98135241795853
20438,454.7444037792898
20439,481.49118601285664
20440,437.98461998312706
20441,521.334442187761
20442,424.93844680672726
20443,459.3833799750626
20444,448.9520297886262
20445,430.6249032792874
20446,445.63079363470354
20447,442.79715099836335
20448,436.6005996161358
20449,452.90217658302737
20450,472.8903298373013
20451,524.7206748864946
20452,410.35363438998127
20453,498.0990366642182
20454,462.63557532869515
20455,432.0270808323224
20456,413.3505981827764
20457,537.224474473303
20458,465.8532765977141
20459,436.85996114752066
20460,526.5753875579431
20461,437.4112117619796
20462,482.54223392791835
20463,406.8483584550708
20464,462.27744729908153
20465,452.9907673713746
20466,457.043828297981
20467,502.29586050541093
20468,528.3763392386617
20469,498.457954422149
20470,496.61691572509505
20471,436.5398909099347
20472,467.40655307013327
20473,447.43771656692024
20474,472.33353746344864
20475,497.07666656766
20476,519.791022039671
20477,412.92910536955605
20478,472.4187814335392
20479,490.07686987244114
20480,395.57775334327465
20481,415.97028536217994
20482,433.8029487198512
20483,455.81556484689924
20484,456.0788445090797
20485,426.87356527173733
20486,492.17014662086797
20487,447.22857504767484
20488,377.61698586786105
20489,442.505167934594
20490,474.94869876591787
20491,387.9318754080245
20492,445.7669288436037
20493,435.72769246988264
20494,518.1520321678134
20495,488.31940009459424
20496,440.82173966535566
20497,441.6542637084207
20498,472.7698971094041
20499,491.5861221710275
20500,404.0413322894631
20501,408.73771025587524
20502,405.2146167143743
20503,414.6726972601068
20504,447.4585176971387
20505,370.7977920973089
20506,459.89093578482266
20507,499.78249184575014
20508,409.2785684952207
20509,437.6329738116868
20510,474.93283578814754
20511,470.3635371675135
20512,456.42945173083314
20513,429.35654710856005
20514,525.8600770558633
20515,409.767026825775
20516,435.60398562223037
20517,499.7531058089518
20518,465.66751157458003
20519,475.51071298629944
20520,498.2233836469013
20521,437.8420970813118
20522,448.36089079636565
20523,435.16703830859274
20524,374.68998330123503
20525,452.77760834620483
20526,453.5273671723979
20527,464.8109852836054
20528,487.7654260872724
20529,452.0485011536703
20530,465.451956778221
20531,413.190477148432
20532,573.5610869660587
20533,474.4008828809751
20534,478.9234380200741
20535,460.9661956355483
20536,430.59832010999986
20537,436.047308168096
20538,521.7085032264808
20539,372.4526220538137
20540,501.1626801218161
20541,405.1573531598332
20542,407.03570697397123
20543,372.26600886865674
20544,446.17955342484294
20545,423.0354915776232
20546,422.6863640970697
20547,428.4578640638255
20548,395.1062578249067
20549,472.51896611800646
20550,457.71382577906957
20551,393.77378939217857
20552,364.28918262064053
20553,461.92003014466434
20554,398.6381112013979
20555,420.8117227637236
20556,480.7339951966827
20557,404.5957547452569
20558,421.3368632368816
20559,445.3107285399933
20560,483.7826736969682
20561,475.0673887056274
20562,436.9499491719458
20563,463.7469441135408
20564,340.7318262817759
20565,518.5564851307826
20566,452.04117489975073
20567,423.4104183648513
20568,406.54542729716906
20569,497.8378605902819
20570,481.8560520653259
20571,456.78593646425986
20572,499.9474200047722
20573,440.5171292260244
20574,349.2759189998553
20575,382.09207603497975
20576,477.75040948542613
20577,461.35827708847535
20578,475.5203127955879
20579,496.24001148976913
20580,379.1900246774315
20581,428.59862090174994
20582,427.8901008937411
20583,391.7591886480986
20584,491.38146993035923
20585,411.1360168863452
20586,515.0178328586557
20587,473.95421163636763
20588,514.5745210415679
20589,449.5477048908894
20590,486.41407748210327
20591,491.1314726691301
20592,446.9703980874416
20593,490.2585323609939
20594,432.26478740453194
20595,509.1389715998839
20596,396.11906366810996
20597,473.3506671693559
20598,518.9649670172151
20599,485.6172036764923
20600,509.2151069966991
20601,450.88306414560867
20602,471.49099771837825
20603,388.2409969553941
20604,450.88742146846175
20605,511.4128242241859
20606,451.1015235428022
20607,488.52743734746355
20608,396.2669703764381
20609,425.7957654665568
20610,415.5641781827551
20611,481.39553292158917
20612,452.20291608517437
20613,472.090330784364
20614,435.13451218700936
20615,450.0340699274343
20616,442.5900682640758
20617,436.8375283010485
20618,414.3012194818997
20619,393.5298321264193
20620,460.47198585446125
20621,462.3532293565425
20622,428.7731525789577
20623,454.95179904460065
20624,465.18144227215834
20625,430.1679294428837
20626,459.26919220413697
20627,413.6787807704199
20628,509.7066750235549
20629,427.9823801174702
20630,452.8618321423945
20631,458.3419948651109
20632,433.3650105279122
20633,410.9299911792995
20634,452.8892678873627
20635,457.97881877693476
20636,416.83774638723276
20637,488.92631608244875
20638,504.4121721850884
20639,541.0390040339062
20640,497.24478688044337
20641,514.6179875966694
20642,455.0556560026126
20643,495.4372400027612
20644,411.29008455694805
20645,424.53125599724086
20646,488.2902469335584
20647,479.971601351344
20648,452.30163525041405
20649,407.52592770512683
20650,391.37485401952284
20651,433.0787967373053
20652,408.4331727278757
20653,430.5803062039772
20654,421.5225545399105
20655,435.47745096808603
20656,480.8743974081646
20657,399.2052791880526
20658,452.8235504655684
20659,496.3575258176525
20660,451.3993253889617
20661,464.9070194009296
20662,452.30715607525093
20663,447.36344930519067
20664,449.8381483548925
20665,398.56007223876946
20666,463.3851925041023
20667,556.8677565536733
20668,435.8038385765696
20669,400.47091201605036
20670,436.6749074216407
20671,513.8516602572278
20672,494.1239624834834
20673,451.48464519565624
20674,397.1041979334086
20675,516.4340861654373
20676,457.9372263973883
20677,474.70318806330556
20678,522.3097185585149
20679,505.3841831767626
20680,476.0124206188347
20681,376.43604480448477
20682,414.7097590536216
20683,445.88424252142715
20684,485.87427223833214
20685,450.5086124118265
20686,326.8280537804119
20687,433.4119120454364
20688,470.79786618375755
20689,439.29280574876475
20690,491.899016290044
20691,463.58186363684587
20692,465.2844853516337
20693,443.57233260569717
20694,407.5675830827999
20695,446.56814592327856
20696,344.67382032669815
20697,431.9906016821747
20698,480.40242293139283
20699,489.5722111490435
20700,422.13620250724586
20701,485.42919683050076
20702,447.50733855140993
20703,468.24009995939673
20704,478.29444512621086
20705,419.1970386186171
20706,444.4995349755207
20707,400.212470140169
20708,526.393178695708
20709,363.6370465937079
20710,408.4361084574171
20711,446.45254260806263
20712,421.16457040459215
20713,376.12070336706586
20714,486.7895050840745
20715,461.2887377408189
20716,468.12539731695426
20717,519.4073727552882
20718,486.2665404084168
20719,431.902941413837
20720,418.64411867156537
20721,531.6742963865925
20722,483.528992567332
20723,471.23031485670634
20724,429.67218663526177
20725,509.4782880227162
20726,470.47481034553124
20727,364.32056380506907
20728,407.6412658903975
20729,390.9183468566433
20730,481.6239703664811
20731,430.4491631044074
20732,442.4759732732871
20733,471.8634626400955
20734,421.3248623867975
20735,423.9599259392417
20736,337.96447594586806
20737,471.3104567009067
20738,515.7960663230989
20739,439.13243031034983
20740,400.60040310466724
20741,473.64361394781776
20742,480.73607406529226
20743,486.6601106998094
20744,479.95545972196845
20745,468.0350832287824
20746,447.64356305139387
20747,467.37762447795114
20748,430.7812130273132
20749,441.4740590000552
20750,341.17807490226255
20751,484.0740507107916
20752,485.8331357028942
20753,441.5761443943705
20754,457.9329446763945
20755,457.6227129875064
20756,319.4807646571217
20757,447.9222209987399
20758,455.81188633795233
20759,368.2593161204495
20760,528.0497046331825
20761,437.3416590121865
20762,456.78126671712226
20763,463.1115332911903
20764,498.6014091799419
20765,479.2840982321975
20766,432.16232543681036
20767,391.5848706545731
20768,437.65375448053703
20769,486.63250951852166
20770,398.5700098882262
20771,485.43299685381214
20772,429.98932471808865
20773,437.47742592117265
20774,475.2508697415395
20775,442.17163348677764
20776,432.6613397390986
20777,430.50084737523133
20778,513.8137623682568
20779,392.7392175295084
20780,467.70647968250734
20781,432.3874130355917
20782,430.1995053535952
20783,473.0588530933109
20784,456.8286041432549
20785,444.810673911763
20786,518.1455746047172
20787,484.52357286956504
20788,435.80343833929106
20789,453.70471728399525
20790,412.077035738596
20791,489.5189334375151
20792,446.45223426929874
20793,425.0254265510288
20794,434.86190974026397
20795,430.2591760404091
20796,517.9438510656828
20797,440.2064473211864
20798,447.1249957336589
20799,417.7181840808173
20800,478.27601929865665
20801,480.54529402457604
20802,427.57751124688144
20803,375.33927753695684
20804,440.4316980744112
20805,472.13919644590027
20806,455.4800556103316
20807,467.53221067436704
20808,519.2112908554882
20809,459.40448539593973
20810,428.1452200636277
20811,410.04789322905174
20812,495.5984865895614
20813,403.9913060515483
20814,458.4238579480924
20815,380.6439965766315
20816,482.32165799891936
20817,448.57732228607017
20818,485.61306668867155
20819,512.5723502474174
20820,448.2476771337812
20821,378.8262640633918
20822,447.54404548232424
20823,415.59758818079524
20824,441.83397672305205
20825,445.8101946497916
20826,452.5510911138989
20827,394.5616112105524
20828,488.57852522357365
20829,425.76458739800034
20830,483.9313436257635
20831,416.35233339044834
20832,408.65343549874143
20833,479.32052423988756
20834,418.06304841284026
20835,436.02273576167966
20836,450.09829918014844
20837,423.9387910880519
20838,460.45716090611063
20839,461.10657127008153
20840,402.2458505731751
20841,513.6464436617828
20842,497.9267356535927
20843,404.60204060226863
20844,358.0614757292265
20845,499.41404729224024
20846,402.09554972941953
20847,429.24667842778905
20848,421.9094641875524
20849,433.7413032855596
20850,396.08214875637765
20851,469.33155267198
20852,420.50168275283374
20853,480.46221655055314
20854,466.79495662858125
20855,440.7158970918344
20856,479.8291257647537
20857,486.0696379667984
20858,445.6583270082648
20859,414.64306323939877
20860,436.7543661528161
20861,393.35393485302524
20862,407.34984354381817
20863,443.0680929311915
20864,501.32673191264035
20865,459.9099242909445
20866,358.341769867419
20867,450.16396404426877
20868,514.7406493781673
20869,470.8892561005347
20870,381.45240026669956
20871,470.96393206725577
20872,507.17841080772104
20873,444.0720635534731
20874,516.7071636226949
20875,446.86936789593966
20876,446.80183481499256
20877,560.907603492142
20878,444.60873161582754
20879,475.26585078983175
20880,414.7852818342762
20881,417.1112594915726
20882,453.81253956033845
20883,484.7202130610067
20884,480.56978602802354
20885,452.7645199782022
20886,451.22291906902035
20887,480.77986220839387
20888,531.8864466495551
20889,396.81007643854116
20890,425.2223456714292
20891,517.9572084251214
20892,445.8265601407409
20893,418.5430168928868
20894,456.63116745374504
20895,455.5724759829225
20896,442.99026586347156
20897,484.6574254721893
20898,441.7781384697353
20899,465.15342371582005
20900,484.8315962287474
20901,405.25821740255685
20902,384.70899684105154
20903,453.3438398831205
20904,546.863920342026
20905,427.44970825915965
20906,439.3954333709154
20907,424.3588467516614
20908,473.1610357307521
20909,381.88891014872024
20910,401.26259404900645
20911,419.3058369020162
20912,449.9136993756376
20913,488.22837745384265
20914,490.61605498020333
20915,487.68199502935977
20916,426.41609497829546
20917,435.1307110288001
20918,482.5139194133695
20919,462.6735530702226
20920,449.3468736704408
20921,445.83643311345804
20922,464.75058118287757
20923,453.479566011622
20924,429.3352026748283
20925,431.68804789224095
20926,425.3221446936516
20927,549.304638142327
20928,471.6495748212205
20929,496.4865262171657
20930,431.0558555826637
20931,457.2847891917217
20932,533.7477819453203
20933,430.0071048324996
20934,449.0710125213578
20935,441.34648835961065
20936,455.5544025150749
20937,411.5204396813782
20938,496.3595502117435
20939,449.9982235384607
20940,507.53183702369614
20941,453.1473171704476
20942,508.7730994392501
20943,433.94005594845623
20944,436.03840708389015
20945,463.1408543430711
20946,482.0110550315791
20947,450.1554414752185
20948,474.5700461268776
20949,451.24334540116877
20950,422.2550751499346
20951,365.1330494825404
20952,427.26416839351526
20953,408.362056352032
20954,416.75456579021824
20955,460.9163605648556
20956,368.7225245342796
20957,420.10259101984866
20958,425.5700021495268
20959,591.6237997344791
20960,467.732241841395
20961,471.1058120527461
20962,451.6144347209821
20963,423.1703578851743
20964,420.4541442267944
20965,465.606817727884
20966,459.2742976372565
20967,440.753714839935
20968,479.5797662453465
20969,451.1816664458884
20970,468.86626951875525
20971,417.3729237825305
20972,436.60842564820376
20973,424.45126762808246
20974,443.15607088037814
20975,487.34017854287214
20976,477.6388531102739
20977,489.11071417035913
20978,408.7475285965813
20979,475.2542125380054
20980,406.9192208072758
20981,427.3923435313368
20982,432.93864466452146
20983,404.1098299173554
20984,446.1911156534108
20985,449.82502627136677
20986,432.56051548499363
20987,411.4986842692411
20988,442.51379030151
20989,447.1663027358574
20990,451.7766606846738
20991,416.2843402527882
20992,446.16543371775606
20993,362.57010986384745
20994,422.5826623855227
20995,388.7947742964883
20996,424.1014376133562
20997,537.9466113803734
20998,426.7006306259401
20999,322.80495973813066
21000,431.4456385686519
21001,494.9380377502676
21002,408.2655076140132
21003,405.40429643476034
21004,529.2640974304646
21005,419.88584830728246
21006,472.31888275463956
21007,418.03525916423155
21008,458.49724306325385
21009,430.92523792039066
21010,562.0194693511139
21011,455.58131605202095
21012,434.0627049897152
21013,321.8319824172405
21014,495.2026862342276
21015,482.1980525126146
21016,478.9952815391888
21017,460.4124231958604
21018,511.45164846407306
21019,504.6979804630343
21020,454.65216855979173
21021,432.5342464486895
21022,435.42962656799835
21023,470.5351080662508
21024,426.3247275524827
21025,455.6870669621703
21026,508.64665508728564
21027,485.19314192404
21028,443.64711920117355
21029,419.6312259888392
21030,438.4623430753152
21031,444.39414185578977
21032,444.35504552903575
21033,511.8232443655305
21034,445.3061331819868
21035,500.4643254718586
21036,426.42328941266663
21037,498.5729430579704
21038,462.94550849825555
21039,452.5775718248127
21040,476.30197775893265
21041,423.7998051495801
21042,447.7629873537497
21043,403.79895078188287
21044,404.6008526041948
21045,429.21459138813753
21046,424.7386472142283
21047,430.41975829952094
21048,415.608344236677
21049,469.9336979813968
21050,479.6246891046132
21051,403.77498369865845
21052,447.9300307372516
21053,499.81117430018253
21054,439.32161584782654
21055,414.02467997400583
21056,415.8534791711965
21057,421.11024339401774
21058,372.73913286647803
21059,428.6147468587771
21060,538.3122101666106
21061,530.9236200845829
21062,464.8116620771452
21063,413.5920967470206
21064,409.4547414465724
21065,469.0434062521905
21066,498.96730128376157
21067,426.6107156153163
21068,371.33833691540974
21069,489.0840759489917
21070,485.6367734745312
21071,447.7027722824554
21072,418.516845599937
21073,408.7038272041552
21074,487.5098066763594
21075,407.65251821485356
21076,467.7401615812196
21077,418.67971981304635
21078,364.4391669529358
21079,422.51119676850743
21080,415.4676759970189
21081,404.5931266493682
21082,357.41566305655823
21083,489.0140813661289
21084,398.03561055622055
21085,470.4084312092722
21086,440.53584354940364
21087,471.2957552627265
21088,506.877064760702
21089,443.934966013436
21090,449.9103784803471
21091,368.4750062778611
21092,456.90292846343516
21093,468.09445322209984
21094,391.7050896142532
21095,460.27440646413487
21096,449.1419925481516
21097,497.06900661617357
21098,440.28350773003245
21099,458.2544451764908
21100,405.15871038878447
21101,472.09276557144017
21102,448.3735160979459
21103,526.3468959362459
21104,437.82235913495805
21105,374.1096797560322
21106,398.72990713690143
21107,460.6146578789858
21108,480.83261232442044
21109,383.24161854346926
21110,431.8859892599888
21111,445.9009862293634
21112,390.22008909782966
21113,472.4694178372064
21114,482.60800402860104
21115,458.5794165606771
21116,464.64843615096265
21117,410.85948653439715
21118,429.9168139277352
21119,487.881992835584
21120,416.60345786034253
21121,457.9328517140973
21122,506.9769669873268
21123,441.3486419061924
21124,451.4306619733805
21125,425.9989034974575
21126,460.32242930176903
21127,401.21546211382076
21128,499.30834264048934
21129,405.8400960061497
21130,454.3980877907527
21131,477.8408504748713
21132,482.94439134123155
21133,368.707944594014
21134,429.9474647521271
21135,456.61729612839287
21136,453.91419040720524
21137,445.13291356502174
21138,414.26284670573057
21139,476.90798888926736
21140,458.1888833283611
21141,466.34365010053676
21142,485.78979846907424
21143,499.5390599740506
21144,402.2156168979021
21145,408.7637798060721
21146,462.8068793975047
21147,415.3356689634317
21148,460.0367031428464
21149,487.7516336269781
21150,413.36057619069345
21151,444.49467665409713
21152,467.58487055606196
21153,477.25614050560995
21154,458.86686579078423
21155,392.63505400251836
21156,399.9987600160557
21157,457.8922007259727
21158,404.5812681364803
21159,426.41239672393857
21160,490.45299393792675
21161,452.31870210418003
21162,463.7045131176206
21163,495.9714846048994
21164,451.27309327356875
21165,438.66807874477644
21166,435.28137355581936
21167,471.25019692179364
21168,420.5268374599397
21169,440.23838683682214
21170,365.6238061468986
21171,471.90460688751637
21172,446.69022763921873
21173,432.4527769577633
21174,416.9873556142636
21175,455.75114005277527
21176,460.53049249154714
21177,408.4415890621012
21178,482.0637102235505
21179,469.67379223122936
21180,418.3955429750779
21181,419.2256116217806
21182,422.6677834441685
21183,496.18070664898465
21184,453.86608612724
21185,488.3046981057011
21186,389.2589631896739
21187,449.4339837510657
21188,433.4940585435443
21189,472.5488148150048
21190,464.98677200541954
21191,454.8890015890922
21192,438.71652448816263
21193,416.08945189104924
21194,441.6095712249897
21195,455.1282830755757
21196,453.0198527304338
21197,421.9884377381045
21198,474.7245534492524
21199,482.7503435063987
21200,388.9431886925637
21201,538.2083816352782
21202,403.6693152225993
21203,429.7689592560623
21204,464.8695617095915
21205,453.4405887212403
21206,447.33863479869353
21207,405.154007320543
21208,422.25443819926335
21209,373.25189804388185
21210,508.2286369347372
21211,484.4385827372478
21212,497.8511199816373
21213,398.2974899144363
21214,396.6444981957234
21215,515.8470284333774
21216,471.66749561953463
21217,476.17226110506465
21218,405.7247192379471
21219,415.776993152661
21220,454.16068569772017
21221,443.1824495355979
21222,481.3930572144957
21223,442.31950508367606
21224,450.1923211432413
21225,438.5119876504142
21226,502.907422426108
21227,526.4821056820297
21228,365.13805540418997
21229,485.0047890774997
21230,459.2677099115757
21231,454.8111484039709
21232,421.92456408886693
21233,488.84927178832817
21234,393.14285130110625
21235,440.00684781689506
21236,441.16548369168135
21237,416.7813882503814
21238,470.76353760297553
21239,460.8688654553748
21240,495.4433493551019
21241,477.9089580944858
21242,478.3038320625036
21243,470.528360336776
21244,340.6709549625162
21245,489.6144144140665
21246,509.7667087495403
21247,534.7445656035705
21248,427.6158819451407
21249,541.6884923725896
21250,397.42876747635137
21251,466.9408929919006
21252,446.18903071088573
21253,454.9626482186851
21254,439.92218311296665
21255,492.62896308298986
21256,487.7747235569289
21257,446.08337672297176
21258,358.24602759925034
21259,465.0775227896369
21260,456.28679308108235
21261,465.6396380546199
21262,436.9279662186762
21263,452.0599612052434
21264,455.10780695278623
21265,442.32733543301913
21266,497.07716464783056
21267,444.6303163674636
21268,452.02577417502374
21269,491.69623598494934
21270,413.98725552807804
21271,439.3594130890613
21272,456.12542744303477
21273,478.5985347054663
21274,483.80051178727615
21275,440.9049707444457
21276,409.6115632475665
21277,415.61281241961365
21278,427.94160340796236
21279,424.0291243361895
21280,488.87936106784565
21281,460.0043586259679
21282,434.6285692821231
21283,450.52562132477107
21284,458.4242623902482
21285,444.79483294861217
21286,432.3185647691276
21287,488.3514062718675
21288,462.8815299446136
21289,439.8818256649435
21290,466.37328522277244
21291,424.2544865534681
21292,435.8813476213175
21293,467.021003152126
21294,480.63650185595435
21295,374.27064033211707
21296,450.43095837528455
21297,423.2542848597858
21298,458.2267989388193
21299,455.84750790821795
21300,480.3153215666819
21301,463.8931071921851
21302,425.0317706956196
21303,478.40234388982384
21304,440.47258652293897
21305,494.5293005510418
21306,404.4558081996052
21307,440.8502549577965
21308,477.2582577549323
21309,375.7106339190177
21310,416.9581060199835
21311,390.82423129427815
21312,484.55403404989977
21313,442.2154790032984
21314,512.4722500025102
21315,407.73912831511603
21316,406.71296547894076
21317,458.57644248977385
21318,403.11117397043256
21319,470.9265518380755
21320,463.5183550542614
21321,365.78328197314073
21322,427.7788490984419
21323,482.1481612667708
21324,514.3857096294298
21325,465.4550674612275
21326,327.22411430569906
21327,463.59451422949945
21328,437.68638718053137
21329,470.33650670220896
21330,414.92301792473137
21331,426.1979985851613
21332,425.3949887909765
21333,450.72001532995887
21334,451.04833839752666
21335,438.00407051013417
21336,418.09315386537776
21337,454.503783719773
21338,399.15552643727506
21339,428.5611986542991
21340,423.55124362857515
21341,420.2377974268903
21342,412.8910211483497
21343,467.71680096071697
21344,406.8885783959663
21345,500.35314216444067
21346,431.93296878854386
21347,457.0843814811385
21348,502.5531684849161
21349,390.83146695369703
21350,468.1255079013064
21351,426.3892006696817
21352,448.9526189247177
21353,408.7860005045162
21354,533.5449285469001
21355,414.31639758227465
21356,443.7159480651354
21357,481.79623008514955
21358,466.84751099673224
21359,401.03984031938455
21360,471.96955303639794
21361,404.43320600902007
21362,477.85064320950266
21363,431.32617489406414
21364,466.4269590497616
21365,420.9722453203365
21366,470.2386893588443
21367,501.9568410808952
21368,413.8557103075921
21369,431.0077776032698
21370,425.1052612187147
21371,425.1869992396972
21372,422.38122115214503
21373,382.8901566103704
21374,398.63296215682004
21375,418.54012844886086
21376,472.1254488339763
21377,334.646764622595
21378,455.67436912144274
21379,460.27374019885355
21380,426.12285096079984
21381,405.6821708386236
21382,410.243641953165
21383,448.3432280564008
21384,460.51179787292074
21385,401.02241393661006
21386,438.4735119865474
21387,514.2564916648981
21388,454.6039897805457
21389,457.2705112888976
21390,451.1959423214639
21391,400.7923519709626
21392,467.4293554194208
21393,448.08650350072213
21394,415.5844655435022
21395,447.7113822840518
21396,448.6709630463969
21397,480.0363438046833
21398,426.08229286588664
21399,490.8713810051282
21400,516.0993293411661
21401,471.47167970862563
21402,446.80211563232814
21403,434.4321195968371
21404,448.3235030126639
21405,485.7509086937426
21406,406.9822039158632
21407,406.53411095212044
21408,441.2638030528739
21409,417.22403586073045
21410,479.2634008290047
21411,419.89432727999076
21412,513.8280612067598
21413,471.1693827296353
21414,459.21176040618127
21415,442.10908488917136
21416,399.1637145403168
21417,399.9387504916576
21418,413.8774568609444
21419,516.848349030249
21420,440.2750496599072
21421,486.6750782567202
21422,460.031996441679
21423,419.30681513823026
21424,482.5952058495575
21425,436.6525811919839
21426,458.0064446566894
21427,448.82268551642665
21428,407.83175342332004
21429,399.99596029150337
21430,501.0443254878783
21431,490.29749396752254
21432,500.3231284915786
21433,430.7778605847737
21434,431.09759065063434
21435,451.8668619485642
21436,544.4125746301072
21437,442.26128878210574
21438,501.5461941334966
21439,477.8416246315725
21440,443.8451044319959
21441,498.4141560583162
21442,492.78145468538673
21443,373.8424579445389
21444,466.7184578036818
21445,459.84815248643287
21446,488.38033477000056
21447,422.4243412487405
21448,412.49214149194455
21449,493.3306340802642
21450,445.38431694283696
21451,393.46066783710177
21452,455.00051034846695
21453,448.90812529733284
21454,424.63745892805565
21455,467.6829994176341
21456,462.76362714875506
21457,447.8467631948521
21458,397.19653069423885
21459,456.2072619163104
21460,438.8711217157673
21461,435.65957221437867
21462,454.06666598183483
21463,494.90227756628246
21464,435.6153417174295
21465,451.88182660258934
21466,381.41186595818544
21467,419.9631421967749
21468,482.500319151914
21469,406.8344851431839
21470,451.4117898968722
21471,446.91497178022917
21472,466.1395250648341
21473,442.5198343942712
21474,408.47094999175107
21475,416.89945126352046
21476,472.74090881221673
21477,460.11036638583306
21478,430.0063470947611
21479,432.02236322085935
21480,430.2105368410055
21481,580.5755418857531
21482,471.5951415044467
21483,506.86794767422634
21484,405.43182635443156
21485,535.6199009383964
21486,382.367301218855
21487,565.9176948680788
21488,446.27042021601716
21489,371.8779052742139
21490,474.31480960528194
21491,472.9478660381082
21492,480.6845891608789
21493,479.57105395705094
21494,428.716032393661
21495,444.1701198938665
21496,498.1493296555701
21497,454.9731807569607
21498,497.33629712838916
21499,471.6519629852886
21500,432.4944234969079
21501,470.7432641598684
21502,450.5342595709199
21503,477.96710364351054
21504,438.5138654082469
21505,424.4336107999011
21506,425.5234266209722
21507,394.21559710231986
21508,490.72875918238094
21509,402.7365080413223
21510,465.00708993570265
21511,410.06361086489
21512,467.47638081514737
21513,458.08184962122067
21514,471.1752460210693
21515,454.85319376676307
21516,469.54955964052346
21517,470.01242997414795
21518,494.0506411112927
21519,433.44649979288687
21520,418.3657997159289
21521,484.41050848970133
21522,486.3920787074091
21523,442.8780728528123
21524,475.87317202254724
21525,470.62538053145556
21526,478.92611207767703
21527,426.22571592691554
21528,382.56328722370205
21529,476.1650038623373
21530,394.6620329926493
21531,407.0448795329825
21532,467.13624957046983
21533,452.73431305182754
21534,413.84228103465597
21535,412.0607995148126
21536,458.9308841138556
21537,481.27767323160555
21538,441.31005658483855
21539,448.5512557387101
21540,422.8297494593073
21541,479.2208709769888
21542,437.0066467420503
21543,386.61164950489757
21544,509.38689745946067
21545,472.5550711786702
21546,496.73320823381323
21547,451.7313276456786
21548,489.84073570922914
21549,467.2248413997248
21550,443.83007330367906
21551,378.2330322140797
21552,457.30666564463604
21553,433.4220088844706
21554,434.04299607132657
21555,436.0505871433234
21556,463.09816223966396
21557,449.5374703153346
21558,407.30321701034853
21559,485.38643202541317
21560,382.5162976571357
21561,472.5376585897354
21562,455.5380584877105
21563,496.8507459008117
21564,443.5778916603118
21565,382.96490432116
21566,450.97597658475775
21567,496.1926614055247
21568,475.66054580428175
21569,430.4641793056363
21570,490.69106520846555
21571,496.31751561476085
21572,447.41585898370545
21573,436.27490280404777
21574,362.2028667892214
21575,463.6772119653537
21576,425.0537916440156
21577,511.99566531282085
21578,496.54526598456863
21579,551.8557700927215
21580,452.0886082767627
21581,368.383048133086
21582,436.5195529325314
21583,467.52017612467176
21584,523.2818278954823
21585,464.1413463800739
21586,465.06244381849285
21587,498.6223939302192
21588,534.9686060110466
21589,452.39762615673413
21590,484.16980754287397
21591,435.6952590516734
21592,437.82418877136445
21593,401.39711815804907
21594,466.6211210641121
21595,483.20480653412034
21596,437.3483961510566
21597,430.6818147860984
21598,447.1594024673066
21599,454.2485506262327
21600,489.87208742700454
21601,468.96579019918636
21602,449.0532344272408
21603,445.57274436645383
21604,444.5646215172196
21605,454.74382638478033
21606,361.7235787209892
21607,483.45987633904394
21608,468.5331756726769
21609,498.45989912558343
21610,427.8226568155589
21611,453.64904122476844
21612,465.1555625154271
21613,370.0508572176334
21614,456.77534926696757
21615,480.0893925867704
21616,435.95300357608437
21617,481.75018357299075
21618,412.75897077557386
21619,502.2797054311482
21620,392.6326290899059
21621,450.8503210202018
21622,381.6762047282336
21623,425.29016587330153
21624,490.18100702303525
21625,417.254220904966
21626,505.21205167023317
21627,395.19476540519264
21628,385.1658325730552
21629,448.4333858668225
21630,396.96265528072183
21631,409.2072062298594
21632,463.8049040623878
21633,456.92002338745334
21634,466.9105314275698
21635,508.6577600442589
21636,461.6388041592794
21637,445.8535858744499
21638,473.8838458825785
21639,461.128151295825
21640,360.4908783295665
21641,410.0533841295788
21642,508.62503564325596
21643,476.576751352878
21644,540.0535429786572
21645,469.57288287845915
21646,403.5480820341482
21647,496.61254783053647
21648,442.3095728955123
21649,402.19994725159813
21650,424.296877098313
21651,418.10575711807905
21652,462.1424772249904
21653,477.958484843621
21654,459.8112032905564
21655,436.8774831453308
21656,461.2321765817966
21657,492.65810958579146
21658,425.08208683864206
21659,385.5088263326916
21660,429.4972799812817
21661,478.28021996040206
21662,431.2947436784655
21663,362.00542531019283
21664,481.8658839979482
21665,472.350553128235
21666,438.63195612872687
21667,492.7798026995634
21668,427.58102996639064
21669,473.7853990266427
21670,480.68025133432224
21671,462.77633634921114
21672,476.640082934639
21673,488.1982125627914
21674,430.96659276897213
21675,459.3520969691947
21676,438.939640765075
21677,445.26090000905265
21678,474.6479219703982
21679,493.8537457281968
21680,421.0714732756798
21681,351.1353053821124
21682,405.22832331695383
21683,431.00994525307306
21684,425.6800818577846
21685,440.44352312293904
21686,462.38216441564197
21687,535.7250866643375
21688,409.153382836713
21689,501.96532529914043
21690,510.84351390933597
21691,405.5489797331169
21692,471.3212187664976
21693,447.9805716693348
21694,445.65724551449864
21695,455.00778182392435
21696,490.0088222627015
21697,450.7391944939722
21698,496.0073020554198
21699,487.47609564365865
21700,486.9438515509215
21701,444.14611242659026
21702,457.402582977783
21703,440.3312345671701
21704,443.4921951757127
21705,406.15045222461043
21706,390.13087412934595
21707,459.41064366347626
21708,554.7399287911708
21709,490.4801164380249
21710,460.5113147054721
21711,387.25317314211554
21712,442.51411201597347
21713,420.83942032174286
21714,480.4152069615512
21715,460.7233098996762
21716,403.04643637505546
21717,511.3757375567301
21718,430.8634144719343
21719,497.88091898431463
21720,401.55120833031583
21721,486.1376639781895
21722,491.59830260688136
21723,415.01732347218365
21724,456.81398429300896
21725,460.7196295060361
21726,454.3167482420178
21727,442.68313710841846
21728,527.8023251251575
21729,500.66347299232626
21730,496.9888227187729
21731,512.6075165918911
21732,467.87649247618015
21733,485.53547773291774
21734,421.1106375250758
21735,438.05135471546015
21736,457.6184160035897
21737,492.82433356788647
21738,453.5780061601573
21739,413.75366395424396
21740,416.65694369953223
21741,472.7656862074349
21742,566.3108010457069
21743,415.8005189454296
21744,449.53010995503377
21745,498.31677033804283
21746,420.37109550165684
21747,497.8144436715491
21748,478.74327560839833
21749,453.02807157934734
21750,452.1178254473246
21751,492.0416954930076
21752,422.74219176960884
21753,444.5416946847027
21754,452.7660993355735
21755,390.265006415453
21756,426.54470368809945
21757,462.8933431728653
21758,433.2858777509963
21759,434.7807745883999
21760,478.9411252919796
21761,419.0680286663924
21762,560.9509549252107
21763,413.28486261185094
21764,452.32468232546057
21765,505.024452198583
21766,372.1641886956807
21767,427.67471451140415
21768,454.47061725104567
21769,431.0362896983534
21770,429.5060052307772
21771,417.3220382061553
21772,505.21372828580644
21773,417.42061491382293
21774,461.31263329190153
21775,375.29724494869225
21776,434.4664497956
21777,417.08638105541183
21778,506.7237743392276
21779,426.7576797998007
21780,479.5434948443488
21781,403.26342476308105
21782,513.6549154701761
21783,481.5941278601038
21784,423.0755187061162
21785,495.75008836986194
21786,486.98611125663894
21787,501.7717393641989
21788,485.1378796957238
21789,400.0969627919735
21790,460.74015187962203
21791,474.7561612783792
21792,366.6586944341121
21793,437.09476985110734
21794,412.548309697971
21795,521.096872677966
21796,419.2276832902956
21797,435.6070538538241
21798,448.2741576289036
21799,478.26593095320516
21800,422.767065640191
21801,463.66009575390484
21802,406.7997492075244
21803,445.211955055088
21804,455.75023035670097
21805,483.5640570004334
21806,465.4596762872604
21807,389.9825435434691
21808,510.4855507879613
21809,462.09728617016833
21810,432.72826882855645
21811,449.3309719460782
21812,414.08494660171465
21813,456.67013610149013
21814,516.0374193743994
21815,439.5769469971088
21816,524.3495389403827
21817,409.5827901122448
21818,409.2371608092531
21819,502.0375380636816
21820,388.50195787349634
21821,450.36219628525885
21822,463.6400396529581
21823,455.0685974325698
21824,443.737781575504
21825,400.6717112443206
21826,514.0231245160905
21827,433.305100094979
21828,465.61855734822456
21829,423.51679309053713
21830,433.1712977075331
21831,394.84836323325106
21832,434.566776953667
21833,410.29046261858343
21834,504.38498805765425
21835,459.99450821980724
21836,456.00589743850253
21837,484.66732138395525
21838,415.6462293925065
21839,554.7069695421883
21840,451.0440385300376
21841,459.98796395386944
21842,440.42959540729174
21843,439.6642145152187
21844,451.25625949564113
21845,481.40030845046243
21846,453.4301764814125
21847,432.7769893997721
21848,396.9710433485643
21849,442.481855805401
21850,432.7006593823476
21851,495.66048125667174
21852,514.8278134391486
21853,461.80064980644164
21854,452.8444590867577
21855,466.4725650953195
21856,450.241191531858
21857,443.69325578822196
21858,407.584993897824
21859,445.2727306715865
21860,440.9141520623736
21861,395.41143179115096
21862,433.1868201803396
21863,456.676937258469
21864,470.6572373011052
21865,417.9217014326629
21866,437.07263442536214
21867,469.5812210687982
21868,503.8674446899969
21869,435.27338312804784
21870,481.155283959756
21871,469.93238254773394
21872,451.98528849124415
21873,430.2554219732126
21874,380.82284193511646
21875,494.66699834198073
21876,448.3136592333046
21877,431.5015344205889
21878,402.0043773824467
21879,394.03875272517973
21880,479.929593503518
21881,344.3321581042785
21882,473.21801526333155
21883,431.64361603141907
21884,545.3564607144243
21885,376.0158186486131
21886,483.92177958437634
21887,412.5405649289579
21888,494.5048543061369
21889,539.3837190403841
21890,451.6637557351451
21891,477.0334457477642
21892,403.41318428434147
21893,487.7914184444175
21894,473.96843373191336
21895,508.8349243924495
21896,460.2230434369749
21897,410.4285151837395
21898,458.6941778678376
21899,512.5325477662436
21900,449.76101639806467
21901,420.2157844073539
21902,437.3677455645254
21903,440.8869776036752
21904,423.7334479537261
21905,444.5396581700762
21906,394.36148739209114
21907,441.56582699942993
21908,477.20870305747235
21909,451.57686133712986
21910,417.4702635716814
21911,421.8625424129808
21912,512.1959856462876
21913,420.94468560011666
21914,435.2151649223455
21915,432.14701706390304
21916,435.597064706211
21917,484.4374991879033
21918,407.10149558187675
21919,444.4215813720056
21920,399.6488990811201
21921,524.3516186199441
21922,452.41564763001327
21923,514.8365053964274
21924,399.1710620873143
21925,436.20603372939024
21926,441.264988333755
21927,462.0386971780956
21928,450.8784140291285
21929,515.1930260495194
21930,387.7912366951462
21931,436.6820698345721
21932,382.58796520543626
21933,482.67005705692225
21934,455.3705011197093
21935,421.72653863078216
21936,445.3433908945891
21937,460.0789380294916
21938,453.4815749282087
21939,467.92559743106546
21940,465.603971704946
21941,472.8055356324558
21942,451.21968481942713
21943,453.02967259889607
21944,448.2892551100344
21945,449.4596037585764
21946,466.512526847118
21947,438.45965445030913
21948,441.527647120002
21949,363.4009078998664
21950,411.0342784141193
21951,426.232961630125
21952,529.1317837638748
21953,494.2038418174604
21954,424.4416699989445
21955,440.1914421029354
21956,454.7860621911271
21957,443.0775432839841
21958,465.95266248828983
21959,516.2819364899315
21960,417.18638952978415
21961,422.4828128470793
21962,489.8868154324171
21963,492.11486532931013
21964,453.9822777250776
21965,484.37133128700805
21966,471.2189183620982
21967,433.52000863320876
21968,494.34600799348635
21969,405.0865661798599
21970,476.94575487166935
21971,491.9979570411809
21972,466.43173316810106
21973,478.73227612309364
21974,524.9802986142741
21975,393.25866496306236
21976,485.6661180247369
21977,423.640287906106
21978,517.7819348444149
21979,462.4388981584419
21980,429.9710680126109
21981,471.59262383646285
21982,490.1612983219274
21983,476.84123933862213
21984,448.4043604353071
21985,416.3532049442355
21986,430.1699331450622
21987,488.38553632191247
21988,523.7297951297115
21989,483.98307246596084
21990,430.49744059183655
21991,428.5308162348652
21992,471.655971720014
21993,447.42243648018086
21994,491.93015349244405
21995,418.33642092790836
21996,460.97520623014515
21997,514.938743220011
21998,453.0562778958851
21999,438.27215559343773
22000,421.88394182894245
22001,467.77884339348805
22002,456.5450503187831
22003,392.3260865061293
22004,440.32810829892986
22005,494.7974407929131
22006,390.3044795094381
22007,439.67936989924823
22008,527.3865775695834
22009,419.97426573271844
22010,458.0859906724237
22011,519.3620595887811
22012,471.52986712420704
22013,454.26349829890256
22014,372.66765524866514
22015,457.0919958703336
22016,432.29061651891203
22017,422.53194404712605
22018,475.3942084368651
22019,473.30004405648964
22020,442.2573976932551
22021,458.01400008985206
22022,330.95343278240534
22023,400.94703821058243
22024,499.6850536619978
22025,436.293580125043
22026,491.57326687133985
22027,405.1067054385276
22028,437.40094710938547
22029,449.8695578728311
22030,504.04643723947146
22031,403.3836908699003
22032,429.8985558044409
22033,414.71456758566404
22034,488.8305787653295
22035,392.0962101282785
22036,424.79413974331726
22037,539.5200475025072
22038,470.3231241786941
22039,476.70557456803067
22040,471.4671957722596
22041,495.5761314918013
22042,467.8600368137241
22043,414.88547250580945
22044,481.7292558960405
22045,483.9383189862205
22046,457.4145960265329
22047,416.30706037808415
22048,437.72735539462076
22049,454.88814141576034
22050,463.64831118651296
22051,496.90649195024616
22052,426.96892352214024
22053,487.39687806375406
22054,500.81311557568904
22055,475.9499334656849
22056,460.25036352728245
22057,319.64340794285283
22058,496.57618829322644
22059,485.1026682254101
22060,438.7950576738217
22061,374.45092449182914
22062,396.3804916716
22063,446.9368923369777
22064,442.622229512367
22065,454.5783665303371
22066,474.62195488400766
22067,391.9677278273162
22068,421.68851762057903
22069,414.91094788317395
22070,356.5747777155559
22071,409.2843717921722
22072,410.23228409144474
22073,479.02830182447286
22074,351.7528236291758
22075,493.82194164695454
22076,470.56150514475644
22077,367.29902889760086
22078,462.8246259189815
22079,394.78419896404654
22080,415.3737286383633
22081,394.923222445418
22082,480.01025504524756
22083,419.263318624766
22084,416.7671844640884
22085,443.51656997965404
22086,382.23449979520603
22087,366.9291079308165
22088,437.2842134644468
22089,411.3403943762969
22090,494.1864816304387
22091,432.6271188331557
22092,417.6952551610084
22093,386.80514835847356
22094,471.85730772500966
22095,395.383290662466
22096,430.1437328805852
22097,455.6734333703516
22098,413.05519301346754
22099,426.8302193978162
22100,402.3401879907159
22101,491.5837327895291
22102,459.62492369840703
22103,386.9447399368223
22104,416.06789575700367
22105,416.97970094978007
22106,464.18097996481487
22107,401.56409381167083
22108,498.02537178738277
22109,423.8773128497643
22110,430.9478655296834
22111,437.84771785579375
22112,495.15366357697593
22113,481.7021156702003
22114,466.96193288238055
22115,437.21522652349717
22116,427.630218259558
22117,502.50996996022343
22118,523.4499190484357
22119,457.3277363416863
22120,393.3720318537008
22121,449.12796813723634
22122,424.0604112244845
22123,426.4167311687753
22124,381.1115328377159
22125,491.4692787375464
22126,476.4209217162279
22127,427.82163860390153
22128,473.8960439828368
22129,478.6122413493787
22130,426.1541166607653
22131,441.4615509560549
22132,458.2835769407303
22133,369.79199337004036
22134,417.5692968504807
22135,422.7496764808143
22136,430.1561132755942
22137,440.37059364527494
22138,457.6484480155909
22139,501.7303987008276
22140,447.03889425375405
22141,462.839535457057
22142,466.15298730958636
22143,482.7654154978815
22144,519.8829768451482
22145,397.1792972503648
22146,436.35923055985063
22147,441.3059256230898
22148,454.193066588104
22149,458.4520840488398
22150,482.89160602182915
22151,507.5179048435773
22152,428.41489391131796
22153,415.7069247704195
22154,435.63476376653944
22155,444.68266255577583
22156,523.6554195096793
22157,482.9270214562814
22158,491.5403875526185
22159,467.03912995023137
22160,465.9635713258183
22161,518.8534666960809
22162,492.67284069088583
22163,488.6970759856754
22164,567.4732392095052
22165,458.00871597028885
22166,453.2136148657955
22167,449.7714453821516
22168,422.305278462987
22169,445.8943403237718
22170,412.91403930104707
22171,452.5591870580813
22172,465.72071045261623
22173,459.48209668883914
22174,521.4024277993615
22175,432.70968191641475
22176,475.2879836477062
22177,455.9221305432475
22178,462.57848066748414
22179,367.3611483608711
22180,391.4538300624273
22181,427.6872611372999
22182,436.2030870729475
22183,500.2883005551361
22184,507.2669577772832
22185,478.8329349642061
22186,381.70931233494565
22187,517.7979122643312
22188,461.2049753510308
22189,399.06368563687175
22190,454.0465067718521
22191,462.2981219026602
22192,425.67669074697807
22193,507.5674124260013
22194,449.1658674841501
22195,459.2144285733865
22196,391.382968368013
22197,452.48615691389153
22198,420.344882005709
22199,447.12525876584766
22200,412.2687825763583
22201,391.98020809571756
22202,528.4606938485902
22203,360.2146560747942
22204,425.7645937365006
22205,496.4570911325766
22206,396.1427076505127
22207,415.4574288734108
22208,511.7157850900055
22209,443.9575352887048
22210,510.77052811635446
22211,402.42239156226174
22212,522.7870452702787
22213,506.89124331361404
22214,437.78026164422414
22215,439.8743817507872
22216,526.1777809431796
22217,395.9576597291763
22218,452.2116606118323
22219,444.62552646227283
22220,437.9480872949086
22221,428.44842540589366
22222,390.0138059667469
22223,450.8839090950461
22224,484.56153933493687
22225,457.5849077609092
22226,543.5707106235046
22227,403.5302678400704
22228,467.9341326298864
22229,465.3473948032349
22230,523.4910072248086
22231,483.9082907977108
22232,506.8897350095622
22233,464.366584744632
22234,443.3821787220806
22235,451.17196823360905
22236,411.9518629526283
22237,481.5831176843925
22238,498.8951227681205
22239,458.38251020527116
22240,479.54332202262856
22241,419.8514256966436
22242,443.0741012964328
22243,423.0512959018972
22244,415.88053832972736
22245,389.41532339235977
22246,437.5524586450344
22247,384.0034119927609
22248,455.60059852711737
22249,427.02638974057055
22250,486.8958126925273
22251,438.3139492605245
22252,433.7654094433183
22253,484.0901270981348
22254,429.14724231769856
22255,499.8390178399385
22256,447.8338953461565
22257,437.32742858532646
22258,437.9356421555407
22259,438.159523914842
22260,407.0067629142998
22261,520.1382877465777
22262,436.3475390982077
22263,460.5087234349854
22264,492.05933411099
22265,439.29024638578437
22266,453.1248125862703
22267,463.5098528855491
22268,451.28273202003777
22269,478.32222857878173
22270,464.160612688183
22271,425.65930541282216
22272,415.16334376277126
22273,469.05472333243284
22274,390.11657442615353
22275,451.83173048928995
22276,389.54749286854565
22277,434.816794201634
22278,415.5230815026892
22279,472.0905623214157
22280,501.893589194891
22281,438.49814541563956
22282,447.1298846198011
22283,407.59501111033256
22284,466.7413989011044
22285,446.3690620873522
22286,433.778454482767
22287,435.7415178321866
22288,465.4538696929234
22289,523.7361511043398
22290,520.3716968625276
22291,456.3154264497997
22292,463.0670870940977
22293,447.9512505254874
22294,475.99638103371547
22295,473.39183824104066
22296,514.4257369704794
22297,475.6737266616047
22298,437.9970494925048
22299,436.30239859965366
22300,312.191329185233
22301,457.9849786417504
22302,463.15454171551846
22303,454.29147106552216
22304,430.25825925115083
22305,445.14097912361416
22306,491.1544065609167
22307,474.8668714656815
22308,480.83672231214376
22309,507.52093719162036
22310,448.1890166847425
22311,404.90045883646195
22312,428.82288657659393
22313,426.1273776242316
22314,460.68539960916326
22315,361.6013561583484
22316,510.0679344698568
22317,441.40853851237495
22318,511.002956549225
22319,389.447420599878
22320,479.31252984861504
22321,467.9633950564249
22322,443.7276411162992
22323,469.0186782442053
22324,408.69294946957126
22325,393.31748812774725
22326,481.16313876184927
22327,476.5985937734987
22328,363.1266065030468
22329,417.1599971906274
22330,420.5148826657818
22331,467.06011464279607
22332,474.062477014895
22333,430.12248609057247
22334,473.2706995344937
22335,439.9897051473609
22336,457.5754026532805
22337,413.34303213763064
22338,527.2653013304586
22339,427.1560581826391
22340,508.8372567362318
22341,411.8123448241072
22342,512.3586430819928
22343,470.40523308455516
22344,445.26868797363426
22345,503.98053092625315
22346,427.22609176091333
22347,399.42455786764947
22348,391.2009333697418
22349,483.14195383118374
22350,492.99574471860956
22351,404.2153542925492
22352,475.29262424328545
22353,497.62773686416494
22354,456.47087052678035
22355,462.94618083082355
22356,450.55186672270605
22357,454.4684895905398
22358,461.6618741721472
22359,476.43251605405794
22360,455.4049524718326
22361,473.999144778446
22362,390.3654560626909
22363,451.5514363700002
22364,431.30078946671904
22365,417.5128695497239
22366,419.12120648978566
22367,413.0142936997251
22368,426.59131119941117
22369,428.03546316176545
22370,465.6887398607779
22371,433.00045519155464
22372,448.72365743883626
22373,362.06190169810895
22374,462.789440612929
22375,464.26559466041266
22376,378.53977083492725
22377,459.8745717545351
22378,515.781554475578
22379,489.34617079546274
22380,459.44698520610876
22381,441.14037342537273
22382,435.3337122657521
22383,453.2349866745504
22384,493.47572917752467
22385,438.72070936419874
22386,512.0738467733115
22387,412.9289153473062
22388,433.20595709538986
22389,443.3754688532696
22390,492.18288272511535
22391,440.7242095722493
22392,482.31239378929587
22393,411.35785131424757
22394,397.93649605374753
22395,558.7948686358033
22396,444.29735071051215
22397,464.93518407036476
22398,454.71274319065265
22399,484.1458512033227
22400,416.5075709699439
22401,453.9203992269103
22402,375.7595933371336
22403,419.18263181913716
22404,458.7624680453562
22405,410.22692502017173
22406,482.9065599073205
22407,471.6591929939308
22408,467.68184317174143
22409,412.53714166169874
22410,486.03907359324853
22411,440.29715466878724
22412,482.1430079372504
22413,412.52867967443626
22414,424.85755892115435
22415,375.44829161135004
22416,484.0195546920663
22417,435.2028902633464
22418,496.8056957841435
22419,414.3460718497356
22420,411.96114692413244
22421,487.49730363466296
22422,393.52990432259
22423,335.6862897107856
22424,456.3309060636651
22425,472.0978501210077
22426,442.24629834099886
22427,423.7111094287422
22428,457.73791472195234
22429,442.50490145334584
22430,464.15858848361887
22431,517.782564677221
22432,417.19189880758563
22433,491.63420921467207
22434,420.58045960498487
22435,446.060620564886
22436,467.8411794317774
22437,391.5508080770209
22438,477.4583131809611
22439,485.91336210835976
22440,472.23425508358633
22441,440.58121954941385
22442,494.77922724444886
22443,472.17242751704583
22444,480.72823564023145
22445,484.02649380995706
22446,416.248012341587
22447,482.39883829483193
22448,472.10079632858174
22449,481.4640517928959
22450,504.23993343667087
22451,427.1208532478961
22452,422.95626812004093
22453,409.8634174772816
22454,381.97577335698765
22455,469.2623881620343
22456,414.1204209564047
22457,544.8709899544143
22458,485.86659413779364
22459,371.6939155834744
22460,461.03958521466654
22461,427.39733847307895
22462,437.6613927518948
22463,467.5956693010755
22464,458.296012901764
22465,407.4382495509737
22466,438.7883600060451
22467,450.63285955345134
22468,398.79019145491844
22469,436.40058379727367
22470,466.8634465001029
22471,420.6761644249429
22472,411.03024079063164
22473,413.5129128309377
22474,476.57357155016916
22475,378.1945304277572
22476,362.73242149205095
22477,425.5432935272297
22478,484.7091960481633
22479,405.05120056888404
22480,470.1578284503267
22481,450.2041270918
22482,401.6984407603769
22483,415.9011218332073
22484,454.5617303665225
22485,524.1009518059907
22486,466.44378945450893
22487,496.2867639174697
22488,448.5813427786836
22489,399.13396726271367
22490,473.923152188205
22491,446.39322773456456
22492,439.4395161701256
22493,430.1690453731728
22494,417.0896897799092
22495,510.2708032600069
22496,354.82279247846657
22497,466.81575862832096
22498,404.30777297742975
22499,445.2617794785349
22500,506.20180481577484
22501,472.01416772240395
22502,450.82845632104863
22503,492.09881394586995
22504,456.03003915567507
22505,441.49521215515045
22506,384.92016950334335
22507,477.27685242646925
22508,414.65857095408296
22509,481.15941698910547
22510,449.48819174228663
22511,371.5949272700457
22512,464.12300854103484
22513,468.7841155652277
22514,508.8956569878011
22515,463.7715895824004
22516,462.00011644763276
22517,433.7226599802568
22518,443.4624464981256
22519,510.17117646206907
22520,517.4030929898211
22521,402.96743589907146
22522,441.3260004996507
22523,446.20336743724937
22524,482.9253214598295
22525,431.1279708548266
22526,444.28392441505764
22527,426.1520421894047
22528,420.5857061163485
22529,406.8913873079059
22530,409.8400586459197
22531,426.1243420141581
22532,416.1989242419289
22533,383.1178901945162
22534,407.509950918788
22535,454.0022087662855
22536,387.51183143712393
22537,432.03658488281155
22538,407.88599340650364
22539,494.3323520616878
22540,436.80815725268235
22541,504.0021444129798
22542,436.50860573259354
22543,401.71524018175893
22544,433.4681627639077
22545,477.14349152294494
22546,492.8334357968994
22547,470.9811815581029
22548,494.67908165964496
22549,457.4722934251428
22550,436.3910807336218
22551,493.50936818936947
22552,420.15698568222285
22553,465.81881259877383
22554,458.5834381661517
22555,448.4463980970674
22556,424.30841425821995
22557,442.83906734458554
22558,514.7481439541074
22559,403.43225254353206
22560,465.7947886529331
22561,459.2629474024275
22562,416.15459235226035
22563,455.5339713591028
22564,385.36115708943606
22565,423.22414526651283
22566,489.02024321966445
22567,447.1105012476126
22568,493.5488694712002
22569,495.1719630059168
22570,493.0591980397703
22571,436.32711310192934
22572,380.01215647060485
22573,408.54064308456805
22574,451.9115081747895
22575,449.6315096882279
22576,495.18174095596453
22577,460.9975842015491
22578,480.9741338835977
22579,471.8581351779251
22580,420.3294862004276
22581,456.10655521979436
22582,513.1824692600613
22583,482.1573455591973
22584,516.9878226673009
22585,422.0981554925916
22586,465.69740692291083
22587,499.7156879815125
22588,450.0109480683539
22589,404.72000372297435
22590,486.81268245378317
22591,522.3665844491288
22592,452.8998852532947
22593,410.92856084769676
22594,444.31058248474994
22595,398.03808829430994
22596,457.7820106001813
22597,441.472357151603
22598,431.24593953731215
22599,409.53242973243005
22600,482.1572691162313
22601,455.26566886619605
22602,511.4856691706676
22603,414.7191811721374
22604,566.915416022892
22605,497.87842429763253
22606,423.9447806930148
22607,499.1695477945906
22608,453.34370678747547
22609,477.6814894635853
22610,422.48618497903396
22611,470.5969670902647
22612,463.9704681279933
22613,408.3216508956367
22614,488.17840618453704
22615,530.8819512625098
22616,488.36721689132736
22617,371.0824609862884
22618,450.0393240619334
22619,466.4012401723907
22620,489.47115312313025
22621,404.7435806731443
22622,512.1051215860743
22623,397.79336864483315
22624,444.59416106442734
22625,394.7097586832242
22626,418.72075191335836
22627,515.9515689980665
22628,458.03529923917284
22629,433.2896741971382
22630,458.7420182004999
22631,409.11095358212486
22632,412.52802678356545
22633,438.3116437417341
22634,470.17255623139073
22635,432.0683377303417
22636,380.31212602028876
22637,450.02415726162343
22638,381.0827842357459
22639,461.84589230397586
22640,451.54518568435344
22641,420.83237519675237
22642,464.7388032747274
22643,465.27958655064987
22644,439.2844007874833
22645,491.1907176970522
22646,435.82583642521865
22647,475.07901236375955
22648,383.37311549238433
22649,449.1432242815227
22650,491.5650651641307
22651,419.35030810072703
22652,476.7316266803153
22653,439.9031845905145
22654,415.48776761192926
22655,385.20912533857853
22656,429.11972981853637
22657,472.61234085797616
22658,443.1234381887906
22659,484.28490477757487
22660,515.0078714682411
22661,436.75325497342754
22662,405.7460834412535
22663,446.40478969710165
22664,403.41741950224326
22665,475.04010760127204
22666,451.0963413466667
22667,482.94422080632023
22668,452.10287934270417
22669,430.5893836818676
22670,445.73361881063556
22671,396.23643824371646
22672,434.977228053315
22673,359.94802817126396
22674,477.1860296143757
22675,522.3792975874804
22676,510.15839431617053
22677,445.560985628194
22678,392.71158890474834
22679,466.3445096593689
22680,430.1336568507162
22681,412.7792886716899
22682,515.5683306749626
22683,446.5113099589206
22684,499.46293683940956
22685,489.4218749950599
22686,420.1527328090206
22687,446.2010641842306
22688,430.0323159056036
22689,478.14365641147583
22690,495.013428170869
22691,492.83220986121916
22692,435.521231039356
22693,451.09642163046067
22694,427.346616204721
22695,422.2024573368635
22696,443.8120423559914
22697,447.5323053291479
22698,483.0257512073031
22699,359.16012350150527
22700,521.6650480666289
22701,436.5508969080249
22702,443.4750416773114
22703,360.8302212032905
22704,482.50073416904917
22705,401.74819623753035
22706,475.4390652623797
22707,491.0861757731406
22708,485.9443098079312
22709,531.5479105052618
22710,490.27716764663154
22711,485.8688870811614
22712,433.5036872310896
22713,443.0446768407733
22714,481.6988090660969
22715,346.7920495604703
22716,472.1465739809938
22717,390.6888460498866
22718,412.8868778715338
22719,466.79647837614755
22720,426.396437487288
22721,440.8329421880521
22722,414.23784729578233
22723,432.1119314441488
22724,483.19905623790174
22725,455.71643868769246
22726,432.7549759446805
22727,415.9008478771343
22728,468.3044423790735
22729,378.0726695881844
22730,446.75450733352676
22731,512.2200396124615
22732,436.01416458424137
22733,446.64320557621625
22734,450.7512522024211
22735,476.0823156332843
22736,436.9807395265007
22737,448.9702010545703
22738,441.0256645809086
22739,452.0990301626462
22740,471.1225577734917
22741,485.2899939681543
22742,419.80227950553603
22743,410.71240132503624
22744,415.9809400616303
22745,420.4378062686919
22746,388.08969483686747
22747,400.32350658537865
22748,431.99286275836397
22749,480.7219269485044
22750,433.4359644957183
22751,500.49017811253543
22752,505.1010177104702
22753,444.44782510962955
22754,486.5922727539056
22755,460.53034984091715
22756,478.93273242850466
22757,384.4497291470995
22758,471.8001086482193
22759,552.5056364567187
22760,421.2648587076398
22761,434.407559593552
22762,470.09307208180024
22763,450.93466368056585
22764,350.0660716264381
22765,392.7963156658098
22766,459.87668020921495
22767,380.2357660494774
22768,434.0885481571305
22769,421.57906026051967
22770,362.4813146934655
22771,443.60367415512655
22772,482.41824178133425
22773,464.71476046819583
22774,463.34275459810976
22775,455.3448913496791
22776,512.1371776110791
22777,484.7341362514409
22778,475.5735762278104
22779,444.93882715459745
22780,465.7378520210242
22781,355.5533465214711
22782,491.61330286523133
22783,460.78872536341356
22784,409.12813844292685
22785,412.89932323610776
22786,484.98738142788704
22787,399.55129677871986
22788,403.6221165949088
22789,449.50012162015616
22790,507.3711634116694
22791,482.5541281610451
22792,423.9642013698165
22793,506.39737619666806
22794,426.8293126253349
22795,484.0569761642222
22796,397.0753011172057
22797,455.1359376522394
22798,452.69793550432956
22799,421.921084097176
22800,479.8969093380581
22801,461.4403161047088
22802,467.0763870319668
22803,403.7917237879223
22804,403.5750774124444
22805,426.9245269908014
22806,456.2980672850309
22807,494.28074512366214
22808,428.0673423493718
22809,402.4435990340345
22810,497.99458622928626
22811,473.8966327611384
22812,357.05472837443966
22813,481.6595042215524
22814,452.77069490790535
22815,443.4276055832712
22816,433.72748366201404
22817,440.9317084672983
22818,426.774064472331
22819,478.61515737576224
22820,454.88232715664935
22821,511.71519425527106
22822,438.86917924959573
22823,531.2999231742214
22824,401.68701927888037
22825,532.558045737387
22826,408.5532860410074
22827,457.2429471076904
22828,399.54189409160483
22829,475.2367232044617
22830,460.7326901435121
22831,478.1523531003765
22832,342.2323694158829
22833,509.73207142145463
22834,455.39353358686344
22835,430.5297900161747
22836,507.12409350810753
22837,501.129484840121
22838,441.36415474820654
22839,477.57893868118833
22840,528.8538418098633
22841,420.3090283365207
22842,421.5180609163958
22843,453.48005230458966
22844,415.23960272730477
22845,499.35722908140167
22846,514.6691303833308
22847,487.11485702253475
22848,443.53696309510303
22849,430.94123922208655
22850,414.36518395694225
22851,529.7178541521807
22852,393.6285111155173
22853,517.2530414323746
22854,395.0799898095153
22855,468.4042471184273
22856,497.3981349193222
22857,478.51227226066453
22858,520.8734917566685
22859,445.50467685080434
22860,377.27175009435604
22861,431.0006778428311
22862,418.3880398521015
22863,429.5544050652911
22864,431.62187254148
22865,433.99346914748713
22866,464.75561674735536
22867,454.9332408443405
22868,529.5659729967222
22869,380.10763724531785
22870,422.5799223246879
22871,447.74854900287767
22872,433.4111895689585
22873,467.7575797201213
22874,446.2503546046294
22875,485.7460649388463
22876,410.81122241198347
22877,438.91886680898494
22878,449.59057585705847
22879,442.547463621801
22880,504.1443800882508
22881,455.18066444354287
22882,431.6625464706619
22883,476.6585062077421
22884,494.4542756278484
22885,401.83391569672693
22886,422.3325030429096
22887,465.22388740519835
22888,475.19517414426764
22889,461.1859687952186
22890,462.52118077586243
22891,455.9156859019635
22892,477.9405402124426
22893,421.0868362204317
22894,501.70232776163743
22895,426.74132759763654
22896,454.5322896108764
22897,408.41896816534086
22898,441.5827753073146
22899,451.6986089809374
22900,440.18795176642647
22901,436.12037981076764
22902,504.4560755843897
22903,449.76599733490247
22904,320.0474808593097
22905,433.2257949069306
22906,411.6770495504068
22907,418.26650596630594
22908,492.7786529163299
22909,449.8204866667682
22910,478.0994553760673
22911,498.9400309813107
22912,433.54386425877084
22913,391.1495212743001
22914,372.8404923265773
22915,427.34489255485965
22916,515.1820324665747
22917,463.02803493440877
22918,402.89062715364764
22919,461.4437340607021
22920,407.50630444534943
22921,550.6504676403952
22922,449.32565628505137
22923,376.29471028148447
22924,400.1650060879346
22925,471.6756515615676
22926,417.4265780353222
22927,450.9126383134623
22928,421.0713107097178
22929,458.8238003263894
22930,456.0038343610544
22931,454.0379523018044
22932,500.3720754206207
22933,462.3022363550037
22934,464.51493683158014
22935,447.89822995271464
22936,465.0991354389023
22937,496.0195532208503
22938,473.9244571989422
22939,418.4849607122312
22940,448.5728069414869
22941,443.43220011813946
22942,463.3485938616901
22943,466.5519772503318
22944,417.31549949746153
22945,474.462886224104
22946,439.37897813455464
22947,499.5976945930774
22948,395.8975717292899
22949,457.395832692576
22950,475.4156969745925
22951,469.8554713444978
22952,464.6645153501816
22953,452.44210894530875
22954,440.77652953709867
22955,439.61764634742843
22956,445.06894852462386
22957,490.03950667619597
22958,495.0334417728346
22959,410.30459854182715
22960,428.83735243546545
22961,500.07292269366764
22962,393.7815076487896
22963,462.46223532511203
22964,431.53990766669466
22965,480.66634836845554
22966,497.26230410926365
22967,430.7089399465778
22968,475.0359313800997
22969,453.13254905229815
22970,534.3514595104178
22971,458.6068540697385
22972,378.5686484131486
22973,472.41941748326036
22974,449.5654995749807
22975,477.9472319379546
22976,389.52221929846837
22977,476.2979176426006
22978,427.77716885958614
22979,507.38882753298856
22980,394.5963802267125
22981,473.3351044243998
22982,452.3292810465917
22983,401.491962151422
22984,458.7532072871954
22985,451.86827184419724
22986,455.1761204736507
22987,451.82001098296337
22988,461.5009585794638
22989,366.70047539718234
22990,439.71099663225965
22991,543.9520239299387
22992,495.81091510975597
22993,501.59853388652584
22994,451.4850459487291
22995,514.443622906541
22996,491.02304992570504
22997,455.8729273329675
22998,431.3494402905721
22999,384.21410439583434
23000,449.984977043016
23001,487.34257150231815
23002,455.92190229005763
23003,356.41687006861247
23004,510.9515166726055
23005,463.44092119194755
23006,465.9846379662256
23007,527.8398628946727
23008,494.84268204992696
23009,521.5737302896182
23010,414.7697378264224
23011,452.87141860148466
23012,416.10404918926304
23013,400.6783841953092
23014,457.1215133864964
23015,464.89959069296964
23016,537.7123816241698
23017,479.67170920440924
23018,488.8184383085075
23019,355.99977836850354
23020,470.613566486056
23021,448.19447334272724
23022,452.90961411510386
23023,375.1204226053408
23024,395.40444245263893
23025,490.3632599353612
23026,408.31020991900976
23027,457.42437262849336
23028,514.7124381514521
23029,502.43710553490166
23030,516.9692907231217
23031,432.7771678625688
23032,420.4524930105629
23033,469.37006953178684
23034,418.9500885779348
23035,404.0619233819594
23036,384.94480480931793
23037,487.8873930509304
23038,565.5142763103262
23039,385.0843066933993
23040,483.9351831809999
23041,426.5195053599507
23042,404.0061849090645
23043,434.46350250136527
23044,429.93801131825757
23045,433.85781898827554
23046,510.2264107040851
23047,486.1213908994355
23048,415.7255477530792
23049,508.9829057846594
23050,466.11787666357253
23051,443.7716877367666
23052,405.19467977052363
23053,393.53617345702327
23054,456.91151829491383
23055,480.9597902608918
23056,483.52708923246615
23057,417.1361906708724
23058,498.8879739171395
23059,417.26570425547055
23060,433.64474682260993
23061,389.3685303501408
23062,410.8336643208526
23063,517.7208965601119
23064,482.2906163819132
23065,454.1904726214298
23066,552.6138719030768
23067,432.6070238080473
23068,464.8199954503656
23069,502.69007957249806
23070,392.49180345586615
23071,377.2246176572946
23072,372.65747661621793
23073,435.2216627051636
23074,481.1486753481152
23075,494.30038247292254
23076,443.14288068786175
23077,442.21441061525985
23078,566.2037917071489
23079,420.2610731344216
23080,428.68245900893066
23081,466.9039562184829
23082,452.0313180788151
23083,443.1613246522018
23084,450.12119322216483
23085,371.5280293502418
23086,376.78085435450873
23087,407.6989053536205
23088,519.4954392958704
23089,413.3481820977674
23090,457.0789754567455
23091,485.7227713170228
23092,452.9670377108671
23093,485.8434690150748
23094,400.7595756547464
23095,460.6710877674305
23096,508.12759822487794
23097,411.36012876693235
23098,503.6608130683432
23099,415.354974975877
23100,374.0625375130396
23101,487.83493364285823
23102,525.7318012192508
23103,446.1374487139265
23104,486.4395087706955
23105,492.1346413818257
23106,428.0059694638127
23107,471.7646883441424
23108,314.5649609426998
23109,472.12485400056204
23110,382.7124848794805
23111,403.98430738821526
23112,434.302247190935
23113,508.58982096551216
23114,458.75920084109674
23115,448.52007192249516
23116,407.97079674548183
23117,444.6830918274789
23118,417.4398027379046
23119,412.4260443856634
23120,478.60190831716005
23121,468.6936721077389
23122,352.65596711508374
23123,470.82176311236134
23124,499.7659331443843
23125,472.5666040342989
23126,484.0958254751388
23127,492.7777913922347
23128,417.7419948199276
23129,523.9636918097283
23130,438.75167171964995
23131,362.6589149842063
23132,404.0981132628272
23133,430.372536911753
23134,419.7182155703165
23135,423.93159024982606
23136,405.9271666812232
23137,437.86739677283725
23138,435.76941438221667
23139,457.7968478075609
23140,475.65352943101965
23141,454.80733440520487
23142,453.23448248716386
23143,449.8133712558512
23144,507.86537406931666
23145,441.8082944663713
23146,530.2306937824201
23147,495.77431549953775
23148,444.4645160061503
23149,414.62166362106643
23150,458.77471210471253
23151,398.0871153003789
23152,461.7235335170098
23153,471.29982922087663
23154,497.0293373913612
23155,440.9978351740908
23156,413.3349193584812
23157,544.4998305121109
23158,501.4467600024924
23159,469.65608079583865
23160,448.1600954893933
23161,445.25945672302106
23162,461.4656915762896
23163,554.2698602571429
23164,467.3056409804824
23165,530.0215234566766
23166,517.0111931791381
23167,505.2861655399923
23168,476.18333113016195
23169,483.2436739889596
23170,429.31630766187715
23171,389.5134227256417
23172,457.08029022768403
23173,513.4032246811786
23174,410.06219718687214
23175,384.9220390290034
23176,428.0151910708578
23177,444.18687622323165
23178,470.9934832004032
23179,391.918632660426
23180,434.63901944878364
23181,471.4447931383848
23182,391.09991491155404
23183,510.39305385495624
23184,537.9968356831773
23185,455.89133713858877
23186,496.02077122039185
23187,397.0111215816224
23188,474.16716611349784
23189,433.2906167466988
23190,471.5624395193812
23191,394.40832539329926
23192,440.98665264099515
23193,444.34878748781273
23194,500.2645278188462
23195,423.4708239362032
23196,409.2316310276594
23197,430.3032480171332
23198,396.5602538204491
23199,374.9538899880743
23200,469.9383304301262
23201,483.8652869981218
23202,503.6033023869772
23203,469.0252468188676
23204,469.7864475331764
23205,462.8004572408563
23206,407.6834272294911
23207,469.4258454886111
23208,465.5351857083531
23209,407.3002106885584
23210,498.1246797904298
23211,455.1332927902848
23212,452.0376271877119
23213,410.2103799379468
23214,460.0094352094842
23215,402.752660013366
23216,474.8018478416608
23217,351.72162267578693
23218,412.39410703942855
23219,380.4353662702258
23220,428.67032664257204
23221,412.70209933137687
23222,443.19208119726824
23223,506.9105087321455
23224,503.50942645863944
23225,513.3099658146259
23226,407.5270260774532
23227,450.4203696879625
23228,411.0792074125673
23229,466.11575259507254
23230,467.38308746394574
23231,440.16017085250024
23232,428.7525514275112
23233,494.36351564014126
23234,456.14204109751904
23235,411.64921877177164
23236,499.295495732192
23237,520.5522712504987
23238,506.18211100504027
23239,445.19139112040386
23240,421.75711705824426
23241,422.152122678095
23242,462.7193438448013
23243,469.2447142149164
23244,452.28566867089745
23245,474.06799735412164
23246,412.3142451022057
23247,467.2370119130482
23248,480.8007597241423
23249,454.1395142737952
23250,449.96854011578307
23251,505.12125213089746
23252,494.3844967421357
23253,483.85530019376756
23254,470.6328078876638
23255,370.9696822170933
23256,488.0090481449177
23257,463.5236893603239
23258,467.62906248987804
23259,439.72549179349465
23260,471.22254653618893
23261,399.0961655437735
23262,422.50187038181815
23263,510.2050609954381
23264,490.3939219706606
23265,436.80566437531013
23266,462.8797391888748
23267,524.5852697346822
23268,444.29731393973213
23269,420.456711084269
23270,429.5271395932153
23271,438.2649791797274
23272,420.1590059662936
23273,405.7707118361338
23274,441.8975729326851
23275,428.89638199867875
23276,516.9713178250041
23277,418.566435190192
23278,474.1815763418965
23279,383.8415778754459
23280,497.05692118686346
23281,414.94745933035256
23282,367.89801847389856
23283,391.26718501754834
23284,501.8449255079654
23285,520.7266669440862
23286,461.28905057123757
23287,462.60069654115284
23288,476.18531833522826
23289,513.1130976967805
23290,397.22754394689645
23291,366.2060484495466
23292,393.08546346325267
23293,499.188518234022
23294,419.29100584875715
23295,460.09539092917043
23296,456.09492381626796
23297,481.9956490130748
23298,402.6716959270389
23299,442.9498983907616
23300,466.2652863467294
23301,424.68512818631604
23302,416.3215728007007
23303,415.05069759996877
23304,384.0404949836877
23305,454.35995653180186
23306,439.69569866765215
23307,445.556510222308
23308,419.777870723999
23309,418.08366080457904
23310,398.0595613566322
23311,439.88118784370573
23312,420.4141802527114
23313,425.8890189414926
23314,453.8020142946665
23315,429.6779735197162
23316,483.86123107033865
23317,468.6844198429338
23318,473.4047321017311
23319,412.9119852056483
23320,403.7757568939761
23321,380.2280104676144
23322,454.4742025971039
23323,488.1946362177777
23324,445.06718126535014
23325,419.7089686430532
23326,401.54550595379686
23327,458.6309197513497
23328,420.8642886992125
23329,474.75317366331365
23330,436.5757440854059
23331,443.6153319728083
23332,448.750620376922
