LOCAL_IDENTIFIER,CORRUCYSTIC_DENSITY
0,393.6057
1,420.07037
2,511.53433
3,426.13794
4,431.61746
5,508.59937
6,427.20132
7,490.31226
8,445.9659
9,437.13303
10,397.62137
11,489.83362
12,471.44904
13,463.0574
14,476.69363
15,511.15643
16,506.25806
17,544.04834
18,485.41824
19,473.5984
20,417.43268
21,459.81952
22,408.98117
23,428.124
24,397.04614
25,405.24344
26,409.6279
27,418.13885
28,444.3116
29,450.48386
30,443.54932
31,512.6777
32,431.30435
33,465.9794
34,445.08136
35,441.92896
36,407.83328
37,506.6979
38,412.86142
39,466.30148
40,500.5532
41,466.73703
42,456.72348
43,484.45258
44,455.9
45,505.07663
46,503.4195
47,462.12424
48,492.26218
49,494.28836
50,408.28674
51,445.20474
52,466.36942
53,394.14984
54,532.6297
55,507.80588
56,392.0273
57,470.03085
58,375.4911
59,498.65335
60,408.0814
61,434.54764
62,447.3266
63,371.62164
64,485.97845
65,543.62354
66,453.3766
67,412.13022
68,422.56296
69,496.93802
70,422.54163
71,414.48618
72,418.3654
73,478.7168
74,492.7795
75,510.79974
76,502.3843
77,348.5478
78,437.2128
79,446.3086
80,374.40692
81,441.60858
82,412.1825
83,456.00266
84,438.54794
85,429.26764
86,467.59583
87,419.04514
88,462.59085
89,408.94006
90,476.72015
91,469.67374
92,434.41428
93,451.156
94,500.11053
95,446.6102
96,336.44553
97,500.507
98,490.5077
99,474.09637
100,455.93237
101,483.90225
102,408.5928
103,477.58597
104,478.8953
105,521.06085
106,488.5169
107,509.1076
108,408.09467
109,495.49893
110,478.2978
111,429.74017
112,464.33795
113,497.72314
114,491.13116
115,503.56137
116,521.11334
117,405.624
118,381.0467
119,380.13068
120,526.4777
121,409.80963
122,419.13028
123,395.13052
124,556.77246
125,460.30334
126,390.2525
127,456.13547
128,446.8109
129,498.99182
130,445.6316
131,504.9006
132,392.81226
133,385.5965
134,448.59924
135,487.85306
136,352.8752
137,422.75455
138,339.6259
139,512.1945
140,429.36896
141,423.6513
142,362.34958
143,526.0952
144,447.26257
145,499.12204
146,437.44556
147,499.91428
148,436.72473
149,404.87354
150,480.81232
151,440.60678
152,474.7286
153,433.94827
154,483.14917
155,468.6191
156,461.63028
157,403.49854
158,426.41544
159,462.3272
160,403.20755
161,425.93512
162,495.1745
163,445.42838
164,393.98193
165,463.38663
166,391.04193
167,449.4915
168,472.32672
169,418.7574
170,350.9624
171,384.25745
172,499.78848
173,433.0031
174,436.2432
175,477.9714
176,448.09653
177,414.7685
178,474.21945
179,508.55508
180,495.19693
181,455.4357
182,462.80188
183,392.42783
184,429.72473
185,494.53363
186,479.96143
187,598.06885
188,447.44843
189,435.98187
190,425.74426
191,497.93164
192,445.5781
193,495.96738
194,525.0102
195,498.4626
196,391.5583
197,461.45422
198,408.39868
199,366.33878
200,401.43884
201,433.16537
202,465.58777
203,438.2139
204,492.24667
205,494.49374
206,370.9677
207,410.7564
208,475.91476
209,365.1743
210,492.9922
211,444.04456
212,470.9195
213,471.32312
214,445.4207
215,387.4378
216,454.98038
217,383.67413
218,412.27502
219,399.73282
220,427.60638
221,477.32343
222,382.034
223,430.591
224,427.9477
225,487.1341
226,472.24652
227,411.14175
228,463.20078
229,371.54462
230,509.99686
231,463.46246
232,455.42273
233,389.67587
234,405.09467
235,424.6156
236,389.36862
237,499.657
238,383.2012
239,446.40335
240,483.90176
241,451.52838
242,452.2979
243,520.4452
244,500.5724
245,397.80344
246,471.8428
247,413.52933
248,489.8714
249,405.4673
250,512.9715
251,404.6221
252,491.4822
253,467.43118
254,463.8092
255,365.8021
256,466.26752
257,510.01364
258,416.24033
259,442.97498
260,477.73447
261,497.5474
262,431.64822
263,475.5539
264,442.19724
265,509.82974
266,536.3519
267,400.99536
268,520.1016
269,495.98047
270,461.84802
271,419.44284
272,489.7032
273,465.3906
274,425.6494
275,426.67236
276,478.14697
277,508.1631
278,506.45746
279,359.63696
280,467.3565
281,455.70163
282,404.17307
283,411.79718
284,443.04074
285,534.02167
286,404.99246
287,443.30457
288,469.0017
289,481.54266
290,366.96622
291,455.95197
292,500.08115
293,399.91803
294,487.95352
295,417.9201
296,466.2989
297,515.90234
298,401.6445
299,503.8005
300,428.23703
301,390.6338
302,429.48
303,426.24716
304,401.7013
305,476.00726
306,369.35355
307,441.65622
308,419.84122
309,439.50018
310,404.768
311,381.44043
312,512.94086
313,467.03336
314,411.4343
315,443.49808
316,469.91132
317,407.94412
318,391.10873
319,414.79532
320,447.55386
321,449.68146
322,516.04126
323,421.2003
324,480.04233
325,396.79456
326,473.44943
327,425.84744
328,475.80203
329,460.83084
330,381.94315
331,510.53247
332,444.9621
333,447.49255
334,495.08676
335,484.43665
336,368.44858
337,457.30844
338,422.08032
339,452.9686
340,452.46335
341,399.17212
342,371.99194
343,397.26312
344,455.7154
345,468.07422
346,462.28867
347,478.67178
348,450.03568
349,432.87863
350,413.01135
351,460.77228
352,554.4994
353,416.47537
354,498.91763
355,481.43094
356,517.031
357,490.21576
358,484.8087
359,397.01868
360,524.2504
361,495.58798
362,514.1407
363,358.18283
364,461.25366
365,405.16583
366,443.3647
367,315.65192
368,430.595
369,462.9845
370,444.1191
371,446.7942
372,504.88742
373,511.38065
374,410.32294
375,507.7014
376,428.60068
377,394.9684
378,445.08856
379,505.6431
380,466.67056
381,394.93652
382,400.2313
383,537.1053
384,398.4252
385,437.0656
386,527.10724
387,418.3392
388,480.72513
389,423.9334
390,450.98865
391,439.48505
392,438.5209
393,408.23053
394,464.12073
395,441.4014
396,373.66583
397,453.92465
398,456.9215
399,451.1312
400,515.4706
401,485.1065
402,455.17642
403,499.71686
404,395.14102
405,480.50705
406,436.8666
407,457.16748
408,490.21814
409,508.3446
410,468.57147
411,454.49948
412,514.07007
413,515.92316
414,521.9017
415,516.751
416,459.5735
417,490.70517
418,405.64426
419,497.40155
420,378.70932
421,424.82364
422,469.01147
423,501.12314
424,353.08435
425,375.80533
426,426.20782
427,447.1827
428,440.75208
429,500.25208
430,458.33246
431,492.64844
432,332.93475
433,448.82224
434,411.61462
435,433.86313
436,362.41098
437,357.1623
438,408.10376
439,474.1134
440,396.56567
441,461.82184
442,462.06845
443,429.27036
444,417.8912
445,446.64194
446,464.15112
447,474.57416
448,479.0982
449,363.65567
450,493.15427
451,466.41238
452,454.75494
453,477.34222
454,385.803
455,454.35443
456,416.77264
457,472.89804
458,396.02698
459,458.09995
460,392.64697
461,455.50406
462,432.09567
463,403.34204
464,351.2348
465,506.2858
466,438.05878
467,508.58438
468,433.77856
469,453.5089
470,462.80338
471,436.30966
472,488.1273
473,415.62152
474,407.52023
475,468.73422
476,480.75748
477,520.7163
478,417.12637
479,408.79105
480,454.10977
481,431.76297
482,489.83914
483,559.9454
484,408.34805
485,382.1433
486,478.08252
487,421.63922
488,474.4197
489,469.89084
490,463.7734
491,506.38055
492,463.2972
493,410.8534
494,455.87448
495,502.68903
496,504.6971
497,412.81998
498,406.813
499,450.38367
500,430.98962
501,417.18356
502,445.3473
503,469.76788
504,459.60315
505,443.28418
506,389.25757
507,482.97116
508,359.2485
509,444.7989
510,553.16956
511,476.69403
512,382.2005
513,465.75964
514,369.13486
515,423.6337
516,435.83444
517,415.7182
518,476.44662
519,434.09964
520,485.79224
521,424.54324
522,436.22604
523,533.93884
524,435.2068
525,406.7525
526,485.04053
527,385.2476
528,491.43594
529,402.61188
530,428.25827
531,486.12363
532,371.8856
533,426.19623
534,370.82098
535,423.88272
536,431.07913
537,464.92966
538,502.17755
539,473.5288
540,450.17947
541,457.7963
542,430.24615
543,397.1686
544,483.22687
545,543.44104
546,459.95825
547,454.2555
548,418.48523
549,475.86395
550,507.29276
551,525.66144
552,462.89587
553,450.86972
554,463.2841
555,530.5222
556,429.9956
557,453.37143
558,479.84723
559,413.5125
560,411.041
561,441.3926
562,431.32608
563,519.25055
564,462.06268
565,449.04556
566,492.65533
567,449.1278
568,461.35422
569,453.44705
570,540.93555
571,494.44812
572,415.2997
573,403.5715
574,509.44946
575,555.4093
576,496.5692
577,421.93192
578,475.88895
579,489.49756
580,513.01245
581,419.88135
582,443.36307
583,464.17923
584,476.81516
585,420.37622
586,409.0945
587,471.48663
588,529.27386
589,600.1047
590,506.5035
591,414.03867
592,422.2074
593,313.1963
594,425.78284
595,481.13885
596,448.09265
597,459.953
598,501.0752
599,451.7823
600,417.16483
601,356.46634
602,481.9507
603,490.65225
604,414.0616
605,393.90332
606,462.3105
607,416.8154
608,446.37543
609,391.113
610,467.30136
611,424.08923
612,396.20255
613,473.5052
614,514.43353
615,451.75433
616,453.11285
617,418.32635
618,405.5527
619,465.04764
620,505.73874
621,471.0016
622,456.60214
623,469.45486
624,472.17236
625,447.99146
626,439.18448
627,435.846
628,433.74255
629,425.11444
630,490.8722
631,518.2115
632,451.72815
633,437.823
634,563.63605
635,486.2592
636,432.53305
637,442.96225
638,415.46674
639,487.44812
640,436.72037
641,417.21747
642,530.4183
643,481.85413
644,407.8317
645,401.51727
646,482.57077
647,440.78815
648,501.2602
649,489.306
650,456.3575
651,474.91953
652,515.8828
653,430.80463
654,449.79065
655,368.86047
656,463.8132
657,384.56348
658,476.9926
659,444.90137
660,422.9889
661,451.5484
662,415.37338
663,444.4571
664,494.03964
665,444.01657
666,484.3325
667,461.31332
668,387.96707
669,444.60104
670,428.38663
671,458.8501
672,430.8034
673,423.63226
674,410.27365
675,396.09378
676,421.88007
677,437.50546
678,359.67896
679,412.29007
680,486.07437
681,380.86957
682,423.7304
683,366.70425
684,515.0495
685,452.08585
686,477.30554
687,447.10318
688,434.11285
689,459.29544
690,403.13477
691,449.20175
692,473.01224
693,417.64227
694,417.23065
695,415.04022
696,458.40982
697,445.6016
698,499.67496
699,404.23108
700,506.72958
701,492.4748
702,438.56903
703,464.8445
704,520.7531
705,379.14838
706,521.86096
707,423.89868
708,414.614
709,475.11197
710,463.1248
711,350.79642
712,462.87668
713,433.30823
714,384.38785
715,531.8553
716,471.63452
717,457.21448
718,406.6095
719,593.2495
720,457.9149
721,464.24426
722,483.0808
723,513.0325
724,406.85336
725,388.43817
726,447.229
727,482.34485
728,487.0925
729,483.9567
730,450.10727
731,444.0057
732,401.55298
733,415.74933
734,562.2507
735,392.89905
736,469.36893
737,424.2972
738,485.63956
739,412.2904
740,461.70816
741,450.05203
742,554.35626
743,469.04156
744,410.84998
745,406.30872
746,487.4805
747,479.91272
748,401.81772
749,493.63498
750,450.85477
751,496.90375
752,419.77313
753,479.48813
754,469.29645
755,380.02502
756,425.76956
757,453.0596
758,459.789
759,467.15564
760,392.47852
761,390.6546
762,411.73026
763,484.06177
764,508.00986
765,531.7613
766,500.18747
767,469.98447
768,389.27094
769,441.6561
770,406.71786
771,409.2786
772,321.87933
773,448.74155
774,461.53958
775,382.02325
776,442.2879
777,453.3341
778,409.5636
779,522.0132
780,560.8084
781,396.52255
782,492.38364
783,456.96738
784,441.90738
785,403.68854
786,417.01135
787,511.94543
788,405.1487
789,553.763
790,373.67905
791,483.83936
792,462.03967
793,426.41367
794,391.59235
795,398.45203
796,445.04544
797,351.64163
798,487.80167
799,399.00906
800,400.4132
801,438.59277
802,361.00845
803,482.31198
804,438.12094
805,435.88904
806,462.96494
807,444.7148
808,485.7689
809,433.79892
810,503.75494
811,433.82385
812,442.92313
813,418.74954
814,397.76074
815,424.6061
816,450.88828
817,479.6135
818,433.94794
819,486.91974
820,434.2094
821,488.2002
822,480.27444
823,470.12582
824,447.60742
825,499.09384
826,459.6532
827,458.24142
828,426.51462
829,473.97647
830,457.10596
831,418.52274
832,502.87204
833,400.9449
834,453.71368
835,471.71268
836,500.32654
837,491.7331
838,440.3947
839,444.1736
840,475.49387
841,413.94794
842,438.53027
843,402.98413
844,387.38437
845,397.92575
846,497.493
847,513.1167
848,398.72397
849,495.5645
850,442.7096
851,500.86188
852,438.80087
853,491.81577
854,439.86166
855,310.60376
856,531.88654
857,476.136
858,498.9898
859,408.07455
860,453.6496
861,434.33716
862,488.1977
863,467.4567
864,381.08438
865,450.50635
866,450.96536
867,439.09262
868,472.72195
869,379.1823
870,426.88678
871,412.99915
872,404.6549
873,415.3604
874,447.1478
875,449.84946
876,445.79297
877,438.47684
878,472.48648
879,464.6329
880,470.8955
881,469.64664
882,406.49826
883,432.18744
884,506.26517
885,386.83676
886,448.16824
887,474.32764
888,388.02625
889,509.8768
890,421.14954
891,444.16895
892,437.97888
893,523.1864
894,397.62347
895,401.70325
896,429.92773
897,388.12616
898,493.7393
899,334.03427
900,355.73077
901,464.0698
902,474.90076
903,427.12204
904,432.35034
905,421.497
906,414.8463
907,543.7279
908,402.19168
909,463.534
910,456.38254
911,409.3898
912,502.73083
913,496.45224
914,450.60788
915,494.83783
916,429.91226
917,461.61694
918,486.29224
919,515.2465
920,444.52707
921,427.99414
922,451.2985
923,438.66116
924,480.1025
925,395.49115
926,456.68784
927,464.68378
928,350.3354
929,437.79077
930,448.00522
931,491.50867
932,480.14822
933,413.2632
934,423.77246
935,410.54565
936,441.25864
937,500.3198
938,398.74496
939,451.84634
940,458.16998
941,406.7664
942,439.55478
943,515.36554
944,429.88605
945,444.7494
946,535.3604
947,450.59222
948,463.19122
949,440.18652
950,462.42188
951,310.52756
952,495.5421
953,434.1391
954,384.76358
955,479.34802
956,413.89618
957,368.76505
958,559.5716
959,408.00366
960,350.0085
961,507.03177
962,497.25095
963,518.10895
964,379.33804
965,402.25287
966,440.78552
967,435.90915
968,374.6273
969,419.02548
970,454.0366
971,451.744
972,445.7121
973,488.28693
974,447.00317
975,493.72287
976,505.58554
977,428.16568
978,426.74658
979,471.8429
980,519.0821
981,466.1799
982,458.71912
983,403.1099
984,468.37262
985,502.1156
986,406.51147
987,398.2509
988,452.52405
989,420.84723
990,430.2335
991,359.47235
992,464.43045
993,389.984
994,456.95493
995,459.70175
996,464.6461
997,460.1189
998,467.08603
999,529.7575
1000,501.13318
1001,454.47168
1002,400.36517
1003,409.25742
1004,395.50082
1005,390.51013
1006,364.50604
1007,341.20847
1008,392.74158
1009,426.42484
1010,487.17944
1011,511.67447
1012,465.5546
1013,421.7235
1014,505.32443
1015,461.67523
1016,480.35547
1017,401.32675
1018,463.50665
1019,518.32214
1020,406.51147
1021,447.20792
1022,478.0216
1023,490.76068
1024,617.91095
1025,490.88892
1026,397.09808
1027,461.73523
1028,438.98264
1029,449.28796
1030,429.07056
1031,485.20715
1032,368.0104
1033,467.30304
1034,330.1018
1035,429.40765
1036,508.138
1037,471.4807
1038,410.65848
1039,430.56964
1040,521.70654
1041,365.07834
1042,458.99472
1043,472.0615
1044,469.5526
1045,434.5914
1046,459.87134
1047,489.46085
1048,422.52585
1049,459.75275
1050,561.73395
1051,503.31714
1052,475.88156
1053,377.07272
1054,444.61276
1055,488.47162
1056,502.14444
1057,372.87695
1058,407.3764
1059,445.39102
1060,436.136
1061,566.1135
1062,467.6087
1063,455.09158
1064,517.94104
1065,466.64685
1066,480.48407
1067,546.21826
1068,488.84424
1069,414.04782
1070,497.3075
1071,435.6143
1072,452.74802
1073,450.8258
1074,480.05692
1075,480.64926
1076,482.91412
1077,507.14914
1078,454.54044
1079,446.75574
1080,425.56277
1081,390.94308
1082,465.5966
1083,551.8998
1084,526.9256
1085,408.12906
1086,401.5975
1087,454.05612
1088,449.16156
1089,458.06628
1090,473.3077
1091,552.3989
1092,426.23016
1093,416.32626
1094,478.51645
1095,517.0813
1096,432.00867
1097,466.25998
1098,405.25793
1099,540.97034
1100,440.37906
1101,478.45468
1102,492.18854
1103,449.58505
1104,508.14713
1105,468.19086
1106,483.37354
1107,485.50272
1108,428.41147
1109,414.28772
1110,380.32675
1111,427.0855
1112,528.738
1113,417.87485
1114,410.2923
1115,387.27017
1116,460.15903
1117,447.89038
1118,452.87863
1119,442.68076
1120,408.7651
1121,468.60437
1122,505.36304
1123,340.73407
1124,406.58435
1125,404.06195
1126,472.68283
1127,468.29803
1128,545.1519
1129,496.44363
1130,505.19638
1131,356.12134
1132,526.244
1133,452.89746
1134,465.05447
1135,408.89792
1136,396.21106
1137,494.48846
1138,419.37775
1139,455.31033
1140,371.70343
1141,409.3567
1142,416.7395
1143,460.2231
1144,403.53864
1145,499.28665
1146,418.124
1147,496.7212
1148,470.687
1149,500.63812
1150,465.37677
1151,428.93997
1152,393.89948
1153,431.89838
1154,538.6147
1155,464.968
1156,377.46826
1157,465.75058
1158,510.41644
1159,436.0408
1160,407.6482
1161,414.03336
1162,515.7318
1163,369.32916
1164,484.9839
1165,407.59885
1166,454.3631
1167,431.4697
1168,464.9108
1169,410.49585
1170,442.5879
1171,486.2773
1172,383.34305
1173,493.73553
1174,398.64404
1175,464.45773
1176,399.99603
1177,442.42136
1178,433.09464
1179,422.3601
1180,402.42233
1181,380.40762
1182,441.9652
1183,451.27634
1184,473.6227
1185,437.24686
1186,506.19724
1187,472.63364
1188,403.30112
1189,434.40283
1190,445.74316
1191,448.1812
1192,430.9445
1193,436.6526
1194,430.55038
1195,438.97928
1196,432.1904
1197,429.20773
1198,555.0306
1199,527.02924
1200,462.102
1201,457.029
1202,464.66937
1203,498.7281
1204,438.73334
1205,323.3611
1206,512.1347
1207,357.5199
1208,518.4766
1209,497.6836
1210,424.01306
1211,446.47162
1212,498.94873
1213,407.621
1214,482.81885
1215,398.81448
1216,450.12402
1217,358.49988
1218,455.79858
1219,438.19705
1220,420.85068
1221,472.65958
1222,475.0857
1223,438.19705
1224,468.74353
1225,456.74472
1226,390.5674
1227,459.69907
1228,442.32983
1229,441.26215
1230,479.9095
1231,487.68073
1232,424.15234
1233,497.60043
1234,494.19598
1235,525.3967
1236,478.5105
1237,409.05862
1238,481.9049
1239,443.7248
1240,522.90234
1241,378.30273
1242,525.15344
1243,490.59445
1244,451.6203
1245,524.3385
1246,433.01303
1247,429.25687
1248,442.65002
1249,448.92432
1250,385.53677
1251,539.1202
1252,465.43362
1253,480.36377
1254,531.8478
1255,467.4173
1256,444.40802
1257,450.64148
1258,499.1245
1259,484.98642
1260,468.22864
1261,501.751
1262,492.93912
1263,423.01266
1264,447.52414
1265,401.70258
1266,440.23016
1267,371.7347
1268,365.6955
1269,432.64456
1270,524.7879
1271,473.45123
1272,405.60294
1273,430.86206
1274,558.49945
1275,491.32077
1276,522.85425
1277,472.4031
1278,450.9287
1279,537.5371
1280,389.02155
1281,413.93137
1282,525.33636
1283,503.76114
1284,409.47784
1285,458.46735
1286,390.78873
1287,464.43854
1288,518.522
1289,353.35602
1290,430.2311
1291,400.16498
1292,388.94678
1293,482.93015
1294,455.92487
1295,466.8527
1296,393.34644
1297,440.09982
1298,470.44897
1299,480.06876
1300,431.99088
1301,452.9009
1302,466.93787
1303,440.90533
1304,390.44247
1305,351.03955
1306,454.02673
1307,455.6131
1308,460.6092
1309,450.45834
1310,464.45767
1311,509.32806
1312,457.31552
1313,526.6414
1314,363.05045
1315,433.21118
1316,462.38782
1317,423.32104
1318,430.39456
1319,439.35245
1320,458.4744
1321,439.77173
1322,492.09335
1323,494.8862
1324,425.32126
1325,446.78735
1326,452.7652
1327,443.16275
1328,374.44812
1329,417.83682
1330,340.2141
1331,438.16193
1332,462.61606
1333,428.49673
1334,428.95517
1335,458.75632
1336,434.92566
1337,451.69977
1338,431.27386
1339,436.3585
1340,403.13885
1341,415.18423
1342,437.93195
1343,454.60645
1344,489.18365
1345,411.3586
1346,447.39053
1347,479.01068
1348,479.67365
1349,442.8349
1350,553.24506
1351,454.37967
1352,436.0179
1353,402.2714
1354,401.29675
1355,500.5833
1356,489.25153
1357,465.83295
1358,457.95352
1359,476.21472
1360,365.9887
1361,432.8466
1362,448.9716
1363,448.66296
1364,397.16434
1365,402.31567
1366,471.97955
1367,474.58008
1368,471.94684
1369,437.15363
1370,402.3671
1371,404.33063
1372,352.32602
1373,466.26144
1374,406.4268
1375,504.97958
1376,480.7875
1377,399.4884
1378,501.9322
1379,454.18335
1380,437.24673
1381,452.76358
1382,479.2969
1383,373.36237
1384,521.4725
1385,423.9631
1386,402.00558
1387,405.40103
1388,433.28696
1389,449.94574
1390,400.67844
1391,483.8781
1392,468.43713
1393,446.09995
1394,469.00247
1395,465.18942
1396,412.98135
1397,526.1966
1398,509.44827
1399,499.00705
1400,431.2524
1401,456.74435
1402,454.8015
1403,496.02472
1404,488.64795
1405,474.28146
1406,528.5872
1407,417.9255
1408,469.4561
1409,458.57626
1410,436.89307
1411,513.6161
1412,516.12085
1413,414.62006
1414,388.12164
1415,463.6964
1416,467.43713
1417,534.98444
1418,462.97098
1419,400.41977
1420,539.258
1421,420.35684
1422,454.3071
1423,479.6883
1424,470.68277
1425,513.7206
1426,420.7283
1427,506.51672
1428,416.7169
1429,455.8409
1430,422.4908
1431,469.0048
1432,483.8554
1433,475.1191
1434,526.4827
1435,455.0592
1436,390.83942
1437,536.0671
1438,360.94022
1439,398.77704
1440,436.7912
1441,457.72098
1442,419.48367
1443,391.3696
1444,509.882
1445,390.0734
1446,470.93643
1447,448.794
1448,499.8813
1449,430.72147
1450,451.87305
1451,516.6434
1452,441.3102
1453,494.0944
1454,467.02753
1455,372.20096
1456,395.4904
1457,475.9556
1458,416.4085
1459,413.83868
1460,411.4792
1461,415.67688
1462,369.2333
1463,475.25192
1464,461.6457
1465,436.4986
1466,421.4767
1467,501.6279
1468,379.47495
1469,517.75476
1470,378.43973
1471,414.66046
1472,459.1156
1473,459.03177
1474,425.33527
1475,478.94315
1476,434.47424
1477,427.45905
1478,456.2786
1479,401.54794
1480,470.8351
1481,395.59302
1482,414.15863
1483,453.07642
1484,470.3136
1485,420.62125
1486,508.31064
1487,459.98325
1488,532.2375
1489,450.3576
1490,414.68826
1491,442.39322
1492,432.9853
1493,460.54688
1494,407.81134
1495,380.65366
1496,432.19785
1497,435.62134
1498,544.0843
1499,446.71973
1500,464.93542
1501,466.6461
1502,425.94547
1503,420.04718
1504,509.4581
1505,433.2262
1506,459.14563
1507,516.4185
1508,390.04828
1509,469.7359
1510,471.61996
1511,410.53848
1512,476.16696
1513,463.6033
1514,443.75308
1515,441.78622
1516,405.19583
1517,374.7897
1518,501.9275
1519,390.21982
1520,438.84937
1521,475.6532
1522,406.5671
1523,365.85236
1524,505.62842
1525,512.7478
1526,456.93417
1527,450.79538
1528,458.96533
1529,473.34912
1530,458.52863
1531,457.26306
1532,471.55588
1533,526.16516
1534,419.89832
1535,429.2922
1536,440.13147
1537,476.77853
1538,449.5786
1539,452.33615
1540,491.734
1541,418.9498
1542,448.66467
1543,419.06543
1544,533.5608
1545,419.94745
1546,455.23575
1547,472.04153
1548,477.11142
1549,427.69757
1550,486.12738
1551,332.40253
1552,431.2323
1553,511.03445
1554,486.5507
1555,442.67548
1556,466.11453
1557,474.64844
1558,446.4177
1559,479.9523
1560,432.54285
1561,403.61624
1562,471.4397
1563,457.75754
1564,505.5589
1565,423.82175
1566,434.50818
1567,475.93317
1568,467.0699
1569,436.43723
1570,401.55695
1571,394.3774
1572,502.01593
1573,545.67596
1574,422.80212
1575,462.88354
1576,474.84506
1577,459.7091
1578,473.95715
1579,476.95392
1580,391.06815
1581,398.14676
1582,357.96262
1583,481.25928
1584,536.96826
1585,449.74286
1586,475.6341
1587,501.5791
1588,430.30972
1589,563.95984
1590,425.57462
1591,477.8933
1592,453.92322
1593,490.77997
1594,414.0197
1595,462.674
1596,437.82654
1597,467.82175
1598,561.908
1599,435.77286
1600,424.64398
1601,476.40326
1602,383.92023
1603,497.12247
1604,485.2968
1605,416.3852
1606,487.31314
1607,374.9067
1608,519.5294
1609,394.3767
1610,394.44894
1611,471.67566
1612,473.1814
1613,444.8844
1614,587.0999
1615,429.16833
1616,434.94165
1617,443.2809
1618,460.2695
1619,526.0832
1620,507.83997
1621,442.17926
1622,385.43094
1623,413.92117
1624,453.10052
1625,498.5581
1626,511.646
1627,439.6845
1628,504.50598
1629,477.1733
1630,371.72647
1631,455.61368
1632,440.49026
1633,446.40436
1634,456.0504
1635,460.41443
1636,437.22046
1637,522.5105
1638,470.04053
1639,416.05338
1640,423.00888
1641,446.41357
1642,403.72452
1643,492.11435
1644,444.06384
1645,416.09674
1646,433.9107
1647,447.25336
1648,505.84882
1649,432.24643
1650,419.1132
1651,489.2921
1652,434.19806
1653,420.59384
1654,605.06836
1655,387.59586
1656,456.92926
1657,452.99588
1658,464.60477
1659,490.85477
1660,436.55405
1661,424.53754
1662,440.37323
1663,538.68585
1664,361.10126
1665,524.9051
1666,446.4155
1667,438.54486
1668,402.50543
1669,479.43393
1670,484.16165
1671,470.95123
1672,438.6527
1673,498.635
1674,409.06116
1675,456.11456
1676,487.6209
1677,364.22974
1678,419.35788
1679,479.4813
1680,392.7333
1681,490.02634
1682,440.52008
1683,445.95612
1684,436.2002
1685,493.90927
1686,466.73196
1687,498.30164
1688,401.80356
1689,424.07867
1690,428.36667
1691,447.05472
1692,476.53094
1693,458.62567
1694,510.05157
1695,488.51627
1696,388.91837
1697,460.37167
1698,420.75705
1699,476.42236
1700,406.8729
1701,412.5042
1702,433.99063
1703,458.48953
1704,516.95447
1705,493.3269
1706,464.30994
1707,460.52197
1708,470.71463
1709,468.35794
1710,466.76028
1711,402.65533
1712,460.2263
1713,333.2215
1714,382.73517
1715,425.97302
1716,475.13617
1717,503.93964
1718,404.3284
1719,371.19827
1720,461.30292
1721,422.72836
1722,474.02365
1723,524.4356
1724,419.17712
1725,424.4555
1726,413.2901
1727,422.59592
1728,405.46603
1729,405.92877
1730,539.11163
1731,459.63214
1732,355.64508
1733,467.18005
1734,425.09024
1735,493.8259
1736,391.107
1737,372.94693
1738,439.28558
1739,490.35223
1740,483.74948
1741,423.70355
1742,470.08014
1743,483.22275
1744,492.76135
1745,526.4264
1746,549.16565
1747,391.46393
1748,453.9101
1749,435.3881
1750,382.2566
1751,528.21106
1752,470.5292
1753,393.1324
1754,474.7708
1755,459.63635
1756,562.75037
1757,472.98178
1758,474.61868
1759,442.2047
1760,473.56787
1761,376.83926
1762,454.2892
1763,460.88162
1764,478.8746
1765,545.8813
1766,420.90677
1767,432.35428
1768,545.0835
1769,454.44696
1770,473.68146
1771,468.95538
1772,434.88373
1773,470.42175
1774,426.96765
1775,468.7535
1776,478.22025
1777,484.42645
1778,507.21454
1779,442.1876
1780,504.61163
1781,504.80643
1782,458.93466
1783,479.08014
1784,450.6779
1785,415.77573
1786,428.2578
1787,488.93344
1788,464.59378
1789,421.1037
1790,480.16437
1791,475.8612
1792,376.67615
1793,414.512
1794,490.6642
1795,429.89914
1796,455.95358
1797,439.58597
1798,473.69418
1799,419.01404
1800,498.16318
1801,428.65918
1802,521.35376
1803,473.72604
1804,444.2207
1805,467.14502
1806,501.70978
1807,432.5727
1808,444.99423
1809,472.6031
1810,450.3226
1811,384.09464
1812,495.14087
1813,428.18423
1814,422.97372
1815,477.0745
1816,376.18558
1817,418.29266
1818,545.0614
1819,386.10284
1820,503.67603
1821,544.6197
1822,446.15445
1823,409.63895
1824,455.51245
1825,531.9356
1826,419.40314
1827,509.17307
1828,449.87595
1829,487.86584
1830,400.74722
1831,473.4757
1832,442.21463
1833,476.22784
1834,438.2979
1835,432.02948
1836,422.228
1837,369.82147
1838,451.37683
1839,459.69965
1840,491.20316
1841,426.11774
1842,481.40323
1843,407.8964
1844,331.55734
1845,391.81573
1846,472.92267
1847,537.3209
1848,446.60788
1849,516.9108
1850,526.73584
1851,410.6214
1852,419.74982
1853,492.1295
1854,504.71606
1855,423.55478
1856,503.18994
1857,339.65875
1858,461.47937
1859,434.14316
1860,468.997
1861,380.37073
1862,451.85165
1863,453.09268
1864,492.59045
1865,324.12277
1866,474.4831
1867,412.72287
1868,454.5299
1869,471.98895
1870,455.7954
1871,398.78464
1872,469.6274
1873,499.8839
1874,423.85593
1875,479.08643
1876,433.44254
1877,518.9833
1878,512.43024
1879,576.01715
1880,474.73312
1881,454.60263
1882,428.31116
1883,438.92148
1884,447.526
1885,486.86615
1886,396.484
1887,410.70132
1888,410.6625
1889,396.32184
1890,325.52267
1891,480.8845
1892,467.05743
1893,438.2853
1894,380.8039
1895,442.79373
1896,442.97638
1897,401.4723
1898,479.81918
1899,466.37878
1900,435.4035
1901,360.66922
1902,372.01898
1903,454.28494
1904,417.0801
1905,469.08118
1906,472.59882
1907,456.37213
1908,514.47797
1909,447.56714
1910,458.51184
1911,422.18475
1912,535.56915
1913,469.5519
1914,394.18134
1915,468.52716
1916,417.41278
1917,451.70026
1918,407.6386
1919,524.17633
1920,475.14816
1921,510.84247
1922,449.75842
1923,381.0062
1924,477.53433
1925,466.39618
1926,400.91092
1927,425.12762
1928,457.84222
1929,499.84595
1930,533.9321
1931,395.59702
1932,410.0383
1933,491.9107
1934,527.9693
1935,473.50082
1936,453.9404
1937,439.71155
1938,465.2805
1939,479.64774
1940,514.1663
1941,437.411
1942,532.7677
1943,448.30615
1944,475.6035
1945,374.2229
1946,466.71564
1947,402.92355
1948,553.517
1949,407.62775
1950,397.21368
1951,476.05392
1952,488.66376
1953,422.99652
1954,429.45557
1955,452.68073
1956,471.11124
1957,499.83743
1958,503.66278
1959,398.77942
1960,453.6242
1961,430.72183
1962,373.14484
1963,502.4598
1964,518.2305
1965,437.0501
1966,382.00363
1967,324.51764
1968,382.79654
1969,558.8203
1970,336.9317
1971,457.19324
1972,379.52322
1973,416.1814
1974,411.48248
1975,427.4504
1976,442.50986
1977,509.715
1978,459.29468
1979,423.84677
1980,357.79132
1981,504.0368
1982,422.72867
1983,436.67398
1984,472.7999
1985,505.7418
1986,505.5948
1987,440.16824
1988,463.57278
1989,382.00198
1990,488.87103
1991,431.386
1992,469.8268
1993,459.92685
1994,490.67633
1995,371.6267
1996,550.01166
1997,554.8115
1998,448.73077
1999,435.74286
2000,406.61438
2001,441.60757
2002,514.9679
2003,436.15088
2004,451.7151
2005,455.90216
2006,469.122
2007,454.3749
2008,383.59882
2009,458.70358
2010,455.97968
2011,503.343
2012,507.97073
2013,486.2114
2014,426.14917
2015,454.34033
2016,455.07806
2017,429.00644
2018,426.4884
2019,472.4458
2020,476.95105
2021,429.69235
2022,464.58658
2023,425.9785
2024,532.24664
2025,372.95978
2026,397.62372
2027,468.33047
2028,424.64062
2029,495.21738
2030,483.4848
2031,465.08456
2032,473.2851
2033,502.16364
2034,458.41907
2035,414.9251
2036,541.7822
2037,394.97382
2038,447.79745
2039,430.3479
2040,391.22702
2041,479.7628
2042,450.70108
2043,422.02133
2044,471.32687
2045,447.51254
2046,401.31067
2047,501.4922
2048,475.8879
2049,418.2968
2050,468.89795
2051,386.7856
2052,531.2497
2053,495.5349
2054,500.7216
2055,486.56607
2056,490.32104
2057,461.8884
2058,472.52585
2059,467.21884
2060,430.11786
2061,526.74
2062,429.13593
2063,471.69357
2064,437.46228
2065,543.12976
2066,486.5279
2067,371.38724
2068,476.01508
2069,420.4842
2070,500.165
2071,521.1633
2072,427.26468
2073,491.9367
2074,421.50046
2075,506.60663
2076,411.97827
2077,433.18808
2078,463.0643
2079,407.3711
2080,353.3544
2081,459.03445
2082,391.3036
2083,484.46448
2084,432.79034
2085,460.1339
2086,440.96506
2087,521.4294
2088,475.59036
2089,474.2464
2090,485.45724
2091,432.72382
2092,469.1653
2093,466.44888
2094,461.64584
2095,474.6102
2096,423.37375
2097,520.62445
2098,407.95294
2099,461.88297
2100,431.31906
2101,461.34082
2102,396.4531
2103,393.20285
2104,467.40613
2105,481.3294
2106,388.2861
2107,446.81454
2108,495.4542
2109,508.67606
2110,502.24182
2111,535.97504
2112,441.7166
2113,405.3111
2114,486.37897
2115,434.10886
2116,439.01794
2117,473.0842
2118,417.69177
2119,455.634
2120,485.3831
2121,451.2535
2122,388.88412
2123,515.6288
2124,469.4154
2125,577.6258
2126,455.45605
2127,449.0498
2128,436.50464
2129,489.49268
2130,434.93982
2131,465.46408
2132,387.01593
2133,449.5294
2134,467.70016
2135,507.07596
2136,485.4063
2137,444.40646
2138,514.5847
2139,350.66183
2140,377.51706
2141,517.4565
2142,484.36548
2143,450.74933
2144,457.75995
2145,500.05182
2146,389.12778
2147,414.2741
2148,401.06577
2149,452.92862
2150,466.7111
2151,448.4302
2152,478.95868
2153,377.89453
2154,437.3424
2155,412.54056
2156,505.61182
2157,378.22485
2158,400.4381
2159,542.2821
2160,453.6194
2161,437.665
2162,457.2358
2163,407.08325
2164,434.27463
2165,486.62753
2166,407.0892
2167,395.47855
2168,459.152
2169,448.77963
2170,470.81366
2171,478.00494
2172,403.72702
2173,424.17444
2174,405.88452
2175,436.7897
2176,469.41052
2177,453.44162
2178,450.63928
2179,393.39548
2180,397.97537
2181,448.11218
2182,476.3284
2183,386.38113
2184,421.05167
2185,415.20694
2186,411.76056
2187,448.18628
2188,464.7767
2189,407.89642
2190,444.85736
2191,425.01056
2192,370.37622
2193,417.90933
2194,430.10986
2195,350.09567
2196,481.06183
2197,452.60815
2198,505.1475
2199,436.05038
2200,406.7159
2201,475.3508
2202,451.69125
2203,462.58908
2204,492.63684
2205,493.3328
2206,435.55536
2207,492.01865
2208,405.67166
2209,478.8809
2210,478.39877
2211,425.1081
2212,399.86136
2213,428.74567
2214,464.13876
2215,453.30377
2216,423.36374
2217,510.0142
2218,468.08374
2219,442.69583
2220,453.2051
2221,340.66153
2222,465.3769
2223,515.68414
2224,435.4489
2225,440.52298
2226,396.60834
2227,526.7897
2228,443.38956
2229,443.29874
2230,491.90973
2231,442.82764
2232,433.3093
2233,425.51157
2234,437.64764
2235,431.7601
2236,450.23776
2237,516.5808
2238,498.54156
2239,425.19684
2240,488.07822
2241,390.40033
2242,439.67944
2243,405.43878
2244,422.53275
2245,424.96216
2246,441.53503
2247,465.9394
2248,373.4853
2249,368.39493
2250,452.38824
2251,427.67596
2252,397.6801
2253,406.08997
2254,504.26816
2255,472.96667
2256,486.27243
2257,386.11835
2258,441.46295
2259,460.19333
2260,477.23505
2261,367.00317
2262,419.2961
2263,465.59122
2264,483.9983
2265,428.3703
2266,410.26767
2267,432.4102
2268,494.59094
2269,457.99976
2270,395.6093
2271,492.22623
2272,487.98685
2273,519.9357
2274,439.54477
2275,435.53632
2276,445.74677
2277,448.42633
2278,393.50787
2279,403.42715
2280,439.34964
2281,444.34387
2282,459.95163
2283,433.75955
2284,391.29236
2285,365.62515
2286,465.03912
2287,454.53586
2288,510.63266
2289,459.3531
2290,451.27405
2291,482.11615
2292,432.2251
2293,469.36765
2294,469.05573
2295,423.67773
2296,431.16965
2297,434.436
2298,439.59457
2299,532.8091
2300,455.3262
2301,429.4487
2302,463.80978
2303,430.0204
2304,513.2663
2305,437.18207
2306,418.34665
2307,429.82166
2308,434.13483
2309,387.22495
2310,514.27234
2311,398.46378
2312,447.02753
2313,515.3726
2314,459.96033
2315,480.9287
2316,448.7018
2317,494.7856
2318,375.37408
2319,487.7393
2320,495.77432
2321,478.56775
2322,435.72818
2323,448.18365
2324,532.00037
2325,400.55594
2326,526.3024
2327,482.7199
2328,516.5555
2329,429.28055
2330,505.00916
2331,445.07245
2332,433.8228
2333,483.91504
2334,434.6891
2335,483.98264
2336,486.45572
2337,396.53384
2338,477.2024
2339,425.35635
2340,503.4413
2341,402.49442
2342,482.02213
2343,507.72427
2344,441.88864
2345,435.55063
2346,392.85306
2347,435.1671
2348,566.98474
2349,361.6968
2350,432.899
2351,433.46405
2352,344.4919
2353,460.6576
2354,413.53732
2355,418.33832
2356,466.87778
2357,492.0043
2358,506.47147
2359,470.66718
2360,452.60004
2361,461.15482
2362,450.8225
2363,385.75
2364,491.3588
2365,447.94284
2366,533.4026
2367,445.10318
2368,434.93176
2369,380.0924
2370,460.60382
2371,462.1664
2372,464.5797
2373,433.8588
2374,418.62555
2375,462.51764
2376,534.41223
2377,474.6952
2378,482.70428
2379,454.8699
2380,442.84122
2381,410.05942
2382,472.54004
2383,420.2478
2384,367.71432
2385,459.40326
2386,419.56992
2387,484.42572
2388,463.7244
2389,437.4305
2390,448.67267
2391,382.05692
2392,520.4428
2393,393.6881
2394,409.12048
2395,465.13153
2396,451.94336
2397,473.3559
2398,479.0003
2399,520.43097
2400,423.04785
2401,431.50574
2402,473.59436
2403,386.67194
2404,448.60358
2405,450.2895
2406,395.67322
2407,488.98975
2408,501.72925
2409,468.70654
2410,451.44122
2411,370.14838
2412,397.18378
2413,418.79416
2414,496.8585
2415,450.77582
2416,481.66708
2417,433.22635
2418,457.86124
2419,480.9528
2420,444.11545
2421,429.68536
2422,450.07617
2423,413.9461
2424,360.4803
2425,407.5973
2426,499.5383
2427,472.79852
2428,473.831
2429,441.32632
2430,445.69162
2431,486.16278
2432,484.84253
2433,464.22372
2434,472.0841
2435,434.7565
2436,383.17163
2437,409.5124
2438,511.6894
2439,483.1883
2440,449.49725
2441,491.0039
2442,439.33606
2443,470.27365
2444,456.07083
2445,413.24945
2446,424.14136
2447,494.96326
2448,482.91595
2449,416.74393
2450,492.4816
2451,449.4083
2452,489.89362
2453,428.66873
2454,423.83435
2455,439.87198
2456,497.51746
2457,441.08124
2458,481.31705
2459,461.93225
2460,419.01462
2461,474.38995
2462,504.39462
2463,442.06235
2464,438.34375
2465,441.50955
2466,474.0459
2467,426.44818
2468,450.36185
2469,439.5431
2470,475.27728
2471,424.39664
2472,490.11536
2473,409.13654
2474,438.92688
2475,382.78076
2476,430.99524
2477,481.59937
2478,392.72293
2479,445.63812
2480,551.37213
2481,398.67334
2482,427.54532
2483,399.27774
2484,501.92145
2485,457.74368
2486,504.63312
2487,369.6588
2488,502.26797
2489,389.75235
2490,388.53336
2491,448.15958
2492,437.28287
2493,484.22345
2494,495.23044
2495,495.08255
2496,475.00183
2497,415.94217
2498,499.2512
2499,405.43597
2500,502.4672
2501,429.6073
2502,453.3184
2503,565.25
2504,473.32297
2505,374.8244
2506,353.27823
2507,438.63165
2508,404.99695
2509,502.6904
2510,518.0364
2511,399.94034
2512,454.8212
2513,436.7776
2514,468.32233
2515,499.21136
2516,444.69446
2517,494.3568
2518,439.2495
2519,508.11783
2520,383.3031
2521,430.12012
2522,498.70712
2523,387.94266
2524,460.02368
2525,536.18
2526,407.29694
2527,490.1717
2528,465.40573
2529,449.39267
2530,478.32983
2531,439.67047
2532,474.75467
2533,469.79147
2534,449.63147
2535,508.88297
2536,452.78174
2537,491.43237
2538,474.98486
2539,526.7241
2540,468.53986
2541,489.419
2542,408.26447
2543,461.0806
2544,466.3133
2545,407.5507
2546,419.10846
2547,400.99457
2548,539.68427
2549,362.61554
2550,389.31906
2551,392.89902
2552,528.3398
2553,482.97476
2554,451.83517
2555,395.3606
2556,405.66492
2557,464.43948
2558,446.24017
2559,421.61365
2560,528.85626
2561,453.23154
2562,388.98816
2563,482.10773
2564,515.3114
2565,395.9056
2566,509.46454
2567,487.16666
2568,446.61078
2569,397.84592
2570,412.61517
2571,440.79187
2572,452.71588
2573,433.07135
2574,416.5651
2575,481.0056
2576,470.37747
2577,442.17426
2578,448.69766
2579,441.21344
2580,459.54395
2581,379.68094
2582,449.23184
2583,387.52048
2584,487.523
2585,527.5796
2586,452.92682
2587,463.36057
2588,362.82507
2589,421.82727
2590,570.777
2591,494.97507
2592,469.43842
2593,412.84183
2594,429.2096
2595,482.11642
2596,410.15234
2597,488.7196
2598,398.00192
2599,481.94742
2600,462.6418
2601,431.82162
2602,415.33212
2603,523.9773
2604,429.67047
2605,504.8282
2606,440.81036
2607,394.91187
2608,493.34348
2609,461.57248
2610,450.78723
2611,541.89075
2612,487.68948
2613,440.13763
2614,427.41882
2615,445.7549
2616,492.09665
2617,533.2488
2618,408.05014
2619,502.6925
2620,483.51022
2621,400.60742
2622,371.31006
2623,430.852
2624,429.46713
2625,502.47546
2626,457.81757
2627,381.22195
2628,418.39304
2629,459.27316
2630,429.83746
2631,403.65912
2632,390.98148
2633,529.8666
2634,424.33987
2635,526.85236
2636,518.87683
2637,404.86557
2638,423.39465
2639,504.93716
2640,473.525
2641,537.2864
2642,477.9434
2643,346.76672
2644,475.68613
2645,520.2756
2646,461.239
2647,430.6501
2648,467.10245
2649,452.70853
2650,515.18634
2651,460.13614
2652,459.06616
2653,420.2039
2654,451.9605
2655,390.51666
2656,476.5333
2657,493.57867
2658,483.64297
2659,456.84283
2660,482.84705
2661,473.9049
2662,492.50934
2663,439.57758
2664,480.74478
2665,539.6913
2666,501.5642
2667,458.0906
2668,394.17142
2669,429.7274
2670,527.87646
2671,447.50516
2672,423.1
2673,328.2991
2674,432.97583
2675,404.84705
2676,495.66577
2677,496.10562
2678,464.89822
2679,483.97827
2680,471.97253
2681,458.69647
2682,428.03445
2683,498.35635
2684,515.16327
2685,483.54745
2686,445.30994
2687,496.73352
2688,444.35297
2689,499.238
2690,493.09622
2691,419.4151
2692,367.94333
2693,387.269
2694,409.00244
2695,502.70544
2696,447.92477
2697,477.28473
2698,462.49075
2699,434.41507
2700,470.13846
2701,457.11026
2702,395.63956
2703,429.06555
2704,447.99496
2705,482.50394
2706,419.76233
2707,416.24368
2708,410.94827
2709,375.7661
2710,469.21567
2711,514.5432
2712,455.97122
2713,407.87845
2714,508.04565
2715,415.10144
2716,435.84897
2717,553.0872
2718,473.0831
2719,422.00305
2720,440.46063
2721,409.68805
2722,455.70386
2723,493.2869
2724,428.9196
2725,451.0521
2726,456.29907
2727,462.1755
2728,441.35934
2729,383.04782
2730,395.7545
2731,465.07715
2732,440.83127
2733,411.8343
2734,466.90213
2735,421.51865
2736,411.62344
2737,443.93134
2738,436.6626
2739,442.55972
2740,439.17197
2741,491.35068
2742,406.71515
2743,390.34897
2744,513.0222
2745,374.0704
2746,530.0116
2747,424.90894
2748,458.32465
2749,468.33707
2750,455.45496
2751,459.37424
2752,422.42868
2753,451.40704
2754,414.83286
2755,437.10114
2756,439.5643
2757,478.35632
2758,421.55014
2759,458.39905
2760,546.1924
2761,410.75378
2762,472.91016
2763,481.9791
2764,485.4337
2765,487.01968
2766,534.649
2767,533.07355
2768,431.88477
2769,471.0279
2770,367.31387
2771,430.8936
2772,486.89816
2773,535.28076
2774,446.5639
2775,482.76852
2776,529.27313
2777,441.08783
2778,408.63953
2779,483.53046
2780,467.80466
2781,353.6765
2782,431.09113
2783,471.54868
2784,487.56714
2785,486.22186
2786,454.50327
2787,486.39322
2788,399.87314
2789,299.3137
2790,485.62924
2791,462.88916
2792,519.6035
2793,447.26694
2794,513.3127
2795,437.6766
2796,439.9866
2797,414.54132
2798,523.5951
2799,427.28946
2800,434.32312
2801,479.60123
2802,377.03928
2803,418.3022
2804,443.19928
2805,481.20947
2806,499.52466
2807,571.5621
2808,486.8111
2809,490.12457
2810,393.1402
2811,504.78717
2812,419.47736
2813,468.0127
2814,436.95325
2815,432.96387
2816,433.31876
2817,365.49643
2818,347.42642
2819,466.56693
2820,453.86105
2821,503.5192
2822,369.66342
2823,463.99622
2824,409.10345
2825,424.29028
2826,444.37616
2827,420.87692
2828,517.2945
2829,487.75647
2830,464.47437
2831,487.0255
2832,398.16498
2833,446.85303
2834,488.14923
2835,404.4477
2836,386.7349
2837,468.7188
2838,398.7441
2839,469.4949
2840,545.4221
2841,479.9033
2842,412.2915
2843,457.56726
2844,460.81403
2845,447.89444
2846,352.71716
2847,461.76904
2848,373.03928
2849,493.43637
2850,452.95868
2851,395.98767
2852,416.3949
2853,369.97318
2854,371.638
2855,447.21103
2856,422.83228
2857,464.923
2858,474.06927
2859,402.87997
2860,504.6308
2861,415.28918
2862,397.51288
2863,416.12317
2864,367.39316
2865,450.8596
2866,405.89008
2867,367.17822
2868,557.79193
2869,509.40518
2870,520.16425
2871,438.44757
2872,452.9217
2873,495.7564
2874,422.84543
2875,426.08832
2876,436.25656
2877,466.3386
2878,545.3773
2879,408.8428
2880,465.58698
2881,464.08456
2882,444.22525
2883,445.77463
2884,422.90994
2885,508.99826
2886,468.5522
2887,436.13095
2888,388.76212
2889,427.28677
2890,511.7286
2891,462.26212
2892,476.0252
2893,417.1053
2894,399.70233
2895,396.2531
2896,496.6136
2897,364.3716
2898,423.7562
2899,455.96924
2900,367.59726
2901,441.5634
2902,479.00235
2903,571.1966
2904,400.16202
2905,385.30594
2906,383.36423
2907,483.19757
2908,422.79773
2909,499.1911
2910,474.82495
2911,490.55756
2912,470.58707
2913,512.47345
2914,409.67172
2915,377.7121
2916,435.28543
2917,436.63937
2918,527.5168
2919,455.36765
2920,508.1084
2921,457.58368
2922,510.90863
2923,388.8709
2924,496.54446
2925,472.92105
2926,401.27353
2927,434.44165
2928,494.1771
2929,427.4542
2930,459.91095
2931,514.09796
2932,476.33157
2933,511.31668
2934,388.8984
2935,436.27316
2936,470.23502
2937,448.37384
2938,452.57773
2939,451.2521
2940,468.21066
2941,444.72034
2942,475.2329
2943,460.2241
2944,457.69125
2945,402.4456
2946,417.32983
2947,443.5768
2948,466.45172
2949,515.0185
2950,465.43747
2951,510.93167
2952,455.91672
2953,440.60602
2954,482.68704
2955,376.63696
2956,455.80035
2957,394.53687
2958,507.9859
2959,430.6398
2960,469.19498
2961,495.1944
2962,401.68182
2963,484.3551
2964,387.6594
2965,405.35703
2966,425.0397
2967,444.18835
2968,485.7099
2969,448.48685
2970,470.13943
2971,424.80182
2972,488.34464
2973,384.57547
2974,457.49478
2975,404.39432
2976,461.6196
2977,475.17502
2978,430.8183
2979,479.4259
2980,349.8032
2981,450.74908
2982,464.56897
2983,516.57056
2984,472.96127
2985,402.1334
2986,460.54742
2987,472.48108
2988,442.51675
2989,499.06955
2990,467.96988
2991,451.5987
2992,440.30353
2993,427.5553
2994,507.18964
2995,477.51358
2996,435.93588
2997,444.73273
2998,448.22427
2999,473.28635
3000,432.90625
3001,483.0119
3002,444.26065
3003,403.15253
3004,456.27484
3005,452.88184
3006,424.03333
3007,424.94962
3008,454.30606
3009,522.6646
3010,474.2293
3011,513.68365
3012,510.11426
3013,437.0191
3014,448.0205
3015,408.74728
3016,458.1427
3017,407.78293
3018,365.03625
3019,406.24088
3020,472.6361
3021,425.36246
3022,418.4312
3023,426.9751
3024,418.896
3025,438.44528
3026,386.74667
3027,474.99017
3028,388.92072
3029,474.16617
3030,346.21918
3031,419.788
3032,467.4875
3033,430.75903
3034,477.70343
3035,407.62527
3036,476.14157
3037,317.37573
3038,413.1566
3039,420.6984
3040,462.91373
3041,485.94617
3042,472.194
3043,395.83102
3044,470.10983
3045,467.29327
3046,406.37167
3047,450.78406
3048,466.07422
3049,434.1507
3050,429.96793
3051,469.0971
3052,440.06537
3053,390.41504
3054,546.22546
3055,452.34897
3056,421.68207
3057,428.99033
3058,483.41882
3059,433.06317
3060,456.03464
3061,515.8206
3062,475.32562
3063,538.9076
3064,431.51358
3065,436.56155
3066,424.94632
3067,470.42242
3068,401.2239
3069,356.28708
3070,453.88065
3071,460.3945
3072,419.40646
3073,485.21887
3074,507.336
3075,469.33508
3076,464.73734
3077,429.0015
3078,386.67862
3079,474.0438
3080,454.59705
3081,480.0605
3082,432.38693
3083,524.0636
3084,466.02554
3085,359.76846
3086,454.29816
3087,386.13776
3088,362.1777
3089,456.7482
3090,466.70905
3091,449.6177
3092,490.34464
3093,467.60327
3094,442.93243
3095,545.21686
3096,423.74667
3097,421.03125
3098,403.00803
3099,405.71347
3100,417.68155
3101,412.57767
3102,435.7557
3103,390.67267
3104,355.57074
3105,429.0789
3106,431.3928
3107,457.00537
3108,483.04114
3109,435.45764
3110,440.48303
3111,500.77185
3112,409.78204
3113,440.2121
3114,431.0426
3115,515.02203
3116,481.29843
3117,474.29565
3118,419.32413
3119,391.1997
3120,396.27228
3121,422.74176
3122,410.0884
3123,387.09296
3124,494.76764
3125,467.4981
3126,400.08435
3127,451.26938
3128,428.90637
3129,490.50037
3130,443.11475
3131,462.1737
3132,429.89172
3133,434.62817
3134,431.12408
3135,445.31927
3136,458.39053
3137,558.08636
3138,465.5095
3139,454.85376
3140,414.79492
3141,482.3917
3142,472.93704
3143,382.97586
3144,519.8879
3145,469.6388
3146,394.13818
3147,426.0281
3148,495.83643
3149,467.43
3150,447.7234
3151,441.75317
3152,445.988
3153,412.25473
3154,529.9687
3155,432.36917
3156,461.692
3157,400.47787
3158,422.2319
3159,395.376
3160,568.5213
3161,516.21796
3162,447.2127
3163,451.71234
3164,454.13162
3165,441.90286
3166,433.02225
3167,470.97775
3168,462.0014
3169,453.57626
3170,521.4435
3171,447.85178
3172,454.99164
3173,465.5435
3174,351.43454
3175,498.66122
3176,454.5365
3177,441.40704
3178,472.94687
3179,495.84998
3180,442.2553
3181,479.87183
3182,364.513
3183,446.62714
3184,395.61984
3185,443.1169
3186,431.69775
3187,502.2491
3188,435.40356
3189,497.73795
3190,352.23892
3191,410.79126
3192,451.92847
3193,411.7956
3194,533.1814
3195,462.4227
3196,452.69318
3197,442.54956
3198,450.28708
3199,461.5442
3200,485.98944
3201,439.78943
3202,491.52963
3203,444.59244
3204,474.90762
3205,470.6887
3206,436.39578
3207,457.2756
3208,393.6394
3209,416.06985
3210,443.3889
3211,450.21317
3212,566.9187
3213,462.03357
3214,451.91827
3215,558.80853
3216,538.2778
3217,474.51657
3218,351.13004
3219,505.84482
3220,383.07205
3221,474.29657
3222,463.2166
3223,489.55484
3224,478.24826
3225,414.0157
3226,488.143
3227,459.36166
3228,479.00848
3229,411.11392
3230,448.1908
3231,394.1394
3232,502.15158
3233,411.631
3234,508.31314
3235,472.36557
3236,483.63995
3237,472.60056
3238,479.93695
3239,493.5691
3240,389.15918
3241,524.59485
3242,523.7919
3243,450.03772
3244,595.8357
3245,411.26587
3246,440.4708
3247,455.29874
3248,359.7749
3249,422.56494
3250,513.10767
3251,466.37073
3252,494.94247
3253,574.52527
3254,370.0026
3255,470.82013
3256,448.40732
3257,443.38095
3258,420.46536
3259,530.1032
3260,476.34805
3261,401.35782
3262,482.90048
3263,435.72092
3264,420.3306
3265,449.9501
3266,398.9025
3267,469.96268
3268,448.1263
3269,469.2855
3270,395.17224
3271,490.42444
3272,430.8949
3273,464.85904
3274,428.22797
3275,421.5701
3276,444.8447
3277,526.41565
3278,417.39288
3279,430.89728
3280,533.00525
3281,478.89523
3282,446.21582
3283,374.04895
3284,436.51907
3285,421.31995
3286,409.95297
3287,451.68497
3288,433.77518
3289,482.33844
3290,435.51263
3291,500.2946
3292,414.0651
3293,480.92734
3294,491.5089
3295,356.57867
3296,447.7717
3297,428.65347
3298,369.6687
3299,479.71
3300,463.32526
3301,534.2457
3302,434.30145
3303,390.25275
3304,471.26794
3305,474.51404
3306,454.2976
3307,435.19186
3308,501.40826
3309,536.24677
3310,492.09747
3311,443.14682
3312,422.967
3313,453.759
3314,488.3551
3315,401.4923
3316,502.70047
3317,467.8384
3318,529.73285
3319,410.8287
3320,475.55548
3321,402.12173
3322,417.29883
3323,450.8044
3324,424.0251
3325,399.1796
3326,503.78336
3327,459.0246
3328,456.1228
3329,461.46512
3330,478.59503
3331,480.63345
3332,399.41946
3333,449.12585
3334,372.73087
3335,508.8218
3336,456.54144
3337,404.8974
3338,435.8842
3339,472.8582
3340,469.38995
3341,466.19098
3342,419.62143
3343,432.17056
3344,388.07407
3345,446.3448
3346,510.16925
3347,388.5438
3348,432.22382
3349,499.39966
3350,397.28372
3351,491.4867
3352,462.66592
3353,465.3916
3354,441.5467
3355,415.74063
3356,457.99997
3357,450.11038
3358,459.41373
3359,454.39044
3360,430.89142
3361,417.6959
3362,485.61362
3363,524.7883
3364,511.3802
3365,424.38336
3366,462.3023
3367,485.61865
3368,507.52966
3369,407.94806
3370,458.64352
3371,379.93762
3372,403.1362
3373,455.78983
3374,477.64673
3375,384.4081
3376,457.50116
3377,462.89603
3378,477.26083
3379,388.49026
3380,442.3585
3381,465.43808
3382,464.42365
3383,401.42932
3384,411.73373
3385,416.17648
3386,479.23312
3387,464.24948
3388,471.33698
3389,561.85486
3390,499.8265
3391,355.34512
3392,460.29166
3393,452.47623
3394,443.99207
3395,438.57114
3396,498.45322
3397,426.7645
3398,388.9846
3399,486.40945
3400,454.6876
3401,522.84467
3402,424.75766
3403,498.15106
3404,484.1141
3405,447.9891
3406,400.45654
3407,448.6982
3408,397.52127
3409,498.2752
3410,408.0371
3411,445.64383
3412,496.0738
3413,389.13977
3414,482.3158
3415,436.83258
3416,415.97113
3417,484.39862
3418,456.3215
3419,326.0702
3420,463.34177
3421,412.31955
3422,471.79483
3423,385.7878
3424,384.90298
3425,417.18646
3426,447.32025
3427,485.30795
3428,441.12726
3429,453.06555
3430,410.64392
3431,426.66913
3432,374.871
3433,385.79492
3434,425.65762
3435,502.1865
3436,442.0113
3437,405.47174
3438,471.4666
3439,541.99426
3440,409.05078
3441,505.13132
3442,530.9397
3443,376.49075
3444,508.14813
3445,413.2172
3446,485.00726
3447,535.0579
3448,417.2115
3449,373.079
3450,452.95856
3451,524.65027
3452,446.40598
3453,497.9041
3454,490.80966
3455,440.0925
3456,502.35825
3457,418.36597
3458,442.1104
3459,458.79706
3460,406.15277
3461,413.91284
3462,529.2198
3463,345.14224
3464,446.61853
3465,455.61984
3466,415.62207
3467,481.0102
3468,408.58813
3469,485.35416
3470,427.222
3471,466.95554
3472,413.91608
3473,466.30792
3474,406.21793
3475,486.99307
3476,431.11407
3477,484.49704
3478,417.60654
3479,494.85406
3480,510.93237
3481,449.8937
3482,341.52054
3483,383.66812
3484,502.36118
3485,465.04037
3486,446.36615
3487,416.56564
3488,430.37418
3489,461.35214
3490,592.4932
3491,437.19373
3492,403.29355
3493,427.44547
3494,465.00003
3495,435.57025
3496,463.07733
3497,418.72787
3498,449.36307
3499,432.00107
3500,418.54037
3501,474.72247
3502,405.8283
3503,492.0598
3504,423.9121
3505,408.8108
3506,509.9581
3507,437.31625
3508,477.19675
3509,454.64026
3510,416.70593
3511,421.72568
3512,467.5603
3513,455.31586
3514,416.36157
3515,435.39548
3516,558.588
3517,425.88205
3518,391.8051
3519,582.72174
3520,429.06363
3521,382.11148
3522,445.92386
3523,470.67328
3524,500.43176
3525,485.10544
3526,432.12955
3527,453.07013
3528,454.52344
3529,533.98663
3530,475.902
3531,447.52356
3532,455.87646
3533,446.91565
3534,508.28397
3535,389.73245
3536,410.68802
3537,430.19077
3538,430.63333
3539,583.1816
3540,361.1136
3541,376.24985
3542,424.1625
3543,371.23578
3544,396.9675
3545,442.4203
3546,513.8912
3547,488.8861
3548,428.61118
3549,368.89658
3550,461.48145
3551,446.68835
3552,486.47516
3553,412.53455
3554,432.1437
3555,445.20285
3556,469.68365
3557,449.25836
3558,464.34772
3559,375.69772
3560,489.95148
3561,445.70236
3562,481.4299
3563,367.32812
3564,511.36337
3565,416.99258
3566,403.43796
3567,419.78143
3568,423.31012
3569,377.64966
3570,477.09305
3571,478.24384
3572,389.77615
3573,386.21857
3574,484.43597
3575,448.34058
3576,432.1317
3577,506.13287
3578,384.94208
3579,447.89194
3580,424.1561
3581,530.173
3582,469.0106
3583,397.26514
3584,401.913
3585,375.87903
3586,423.4458
3587,456.59225
3588,432.2971
3589,398.85812
3590,415.85092
3591,478.62674
3592,462.2944
3593,423.37115
3594,408.961
3595,467.84506
3596,425.38223
3597,451.5113
3598,401.9218
3599,499.65872
3600,469.86633
3601,487.04904
3602,402.05255
3603,445.48938
3604,453.0407
3605,541.89655
3606,447.02914
3607,450.3164
3608,483.57367
3609,390.9147
3610,386.57135
3611,438.69757
3612,438.0117
3613,431.60367
3614,484.3167
3615,437.40985
3616,489.2932
3617,448.51093
3618,389.9314
3619,440.9802
3620,447.46454
3621,480.58344
3622,467.96582
3623,428.61087
3624,468.4825
3625,444.23526
3626,422.94086
3627,483.10712
3628,486.21683
3629,410.38882
3630,425.26172
3631,407.78558
3632,433.3883
3633,408.90668
3634,465.94843
3635,476.2745
3636,474.87012
3637,477.5298
3638,503.82077
3639,503.43906
3640,425.906
3641,418.1001
3642,490.40048
3643,458.71487
3644,324.60138
3645,381.90207
3646,548.0197
3647,436.0259
3648,463.37018
3649,479.6586
3650,444.87048
3651,478.81622
3652,436.72968
3653,465.416
3654,375.97867
3655,459.56076
3656,455.62207
3657,445.33124
3658,422.0532
3659,431.47256
3660,473.56
3661,501.9528
3662,516.5759
3663,386.54092
3664,397.08115
3665,503.22543
3666,448.5209
3667,515.41956
3668,455.6252
3669,443.53067
3670,486.73575
3671,453.01776
3672,482.12027
3673,414.88327
3674,522.8061
3675,467.82428
3676,503.4315
3677,404.8799
3678,348.02112
3679,446.30048
3680,444.85013
3681,402.6789
3682,482.18613
3683,400.24512
3684,391.70145
3685,366.55673
3686,496.2549
3687,523.3289
3688,464.76877
3689,526.3764
3690,528.42773
3691,560.3627
3692,417.77585
3693,407.0707
3694,454.10773
3695,520.4465
3696,465.07822
3697,481.4315
3698,401.80087
3699,475.61865
3700,460.56094
3701,394.42865
3702,466.72855
3703,386.07507
3704,460.78583
3705,410.0953
3706,422.77286
3707,530.0866
3708,398.2269
3709,415.61453
3710,430.5467
3711,380.176
3712,453.58505
3713,371.96097
3714,505.3157
3715,455.0073
3716,466.36987
3717,483.46918
3718,353.2267
3719,409.1801
3720,487.0659
3721,408.6941
3722,459.07562
3723,471.16257
3724,469.36606
3725,482.30927
3726,415.21622
3727,496.29388
3728,421.9995
3729,447.80536
3730,530.0937
3731,429.8321
3732,454.93945
3733,394.15424
3734,447.87317
3735,539.4302
3736,449.12857
3737,451.47284
3738,456.04434
3739,515.7272
3740,482.04672
3741,435.88394
3742,451.3971
3743,419.28793
3744,414.99078
3745,455.2092
3746,461.60428
3747,414.40262
3748,408.27618
3749,437.49622
3750,519.2554
3751,443.7194
3752,481.57758
3753,430.58875
3754,426.57034
3755,444.09253
3756,464.8686
3757,423.70236
3758,478.53766
3759,470.17773
3760,444.65585
3761,457.6313
3762,467.377
3763,476.96933
3764,394.80188
3765,428.41525
3766,495.13934
3767,439.11337
3768,521.27466
3769,477.78064
3770,475.2114
3771,468.55707
3772,388.97513
3773,347.64423
3774,484.1601
3775,434.21042
3776,483.29044
3777,415.81253
3778,565.0572
3779,375.8731
3780,463.14267
3781,443.43573
3782,399.09647
3783,415.2108
3784,425.19827
3785,407.88394
3786,382.75763
3787,482.30502
3788,473.6403
3789,490.8564
3790,388.38562
3791,444.08298
3792,538.2903
3793,436.85165
3794,439.06265
3795,418.48492
3796,469.0243
3797,440.08072
3798,480.1441
3799,473.58664
3800,411.02823
3801,389.64328
3802,486.14178
3803,420.9901
3804,442.73474
3805,446.40314
3806,421.69028
3807,449.5559
3808,487.659
3809,471.84708
3810,397.9758
3811,408.9382
3812,423.39563
3813,438.96283
3814,488.32956
3815,471.23303
3816,473.44827
3817,432.40817
3818,483.39905
3819,495.8435
3820,446.00565
3821,399.57184
3822,387.14325
3823,367.47693
3824,361.67706
3825,493.34616
3826,449.07462
3827,451.7648
3828,466.5003
3829,436.41382
3830,443.93515
3831,445.03375
3832,378.9318
3833,474.0928
3834,424.17004
3835,481.83075
3836,413.24966
3837,462.99316
3838,415.35562
3839,535.5849
3840,420.19308
3841,387.35666
3842,524.439
3843,455.8743
3844,480.75674
3845,503.94107
3846,457.52176
3847,435.53845
3848,450.24908
3849,367.71344
3850,456.12622
3851,495.22525
3852,471.02008
3853,437.5884
3854,429.25775
3855,393.2878
3856,467.70355
3857,436.76294
3858,508.82413
3859,488.02286
3860,436.7975
3861,495.41638
3862,420.4549
3863,477.66522
3864,465.28247
3865,400.06067
3866,495.29318
3867,367.6218
3868,485.66757
3869,414.60574
3870,429.37045
3871,452.67282
3872,393.86362
3873,446.1765
3874,513.43976
3875,516.4896
3876,440.4608
3877,499.89505
3878,440.80045
3879,358.06808
3880,440.46597
3881,448.27655
3882,483.38168
3883,377.50095
3884,480.18448
3885,509.38834
3886,406.74493
3887,509.86374
3888,381.44073
3889,463.06207
3890,533.17456
3891,463.989
3892,415.2823
3893,463.5933
3894,418.73346
3895,510.0587
3896,475.66858
3897,415.3526
3898,452.54462
3899,475.9109
3900,451.21893
3901,461.5917
3902,424.86133
3903,412.22076
3904,420.99365
3905,462.40244
3906,435.04373
3907,421.45602
3908,465.3987
3909,483.35672
3910,370.86258
3911,414.65112
3912,424.1635
3913,364.20673
3914,517.4853
3915,397.874
3916,382.3865
3917,498.32306
3918,455.66336
3919,505.08362
3920,416.153
3921,442.95728
3922,468.91998
3923,352.5776
3924,383.00256
3925,464.961
3926,489.03107
3927,432.61417
3928,457.61102
3929,534.2648
3930,409.8034
3931,484.52798
3932,435.98083
3933,430.41907
3934,489.66226
3935,495.31693
3936,510.53427
3937,467.038
3938,481.372
3939,396.99258
3940,424.31757
3941,446.26913
3942,454.29926
3943,422.11774
3944,450.29678
3945,458.5764
3946,453.75046
3947,410.057
3948,459.54318
3949,468.1669
3950,469.2511
3951,458.14893
3952,451.12317
3953,406.87894
3954,437.01898
3955,472.47723
3956,418.3793
3957,461.3698
3958,617.7716
3959,407.91092
3960,412.92474
3961,487.32788
3962,465.37537
3963,475.53052
3964,473.4877
3965,384.78198
3966,438.2643
3967,502.54688
3968,454.14355
3969,436.72888
3970,427.81778
3971,418.33694
3972,474.7576
3973,444.0695
3974,498.34537
3975,485.27734
3976,468.87885
3977,489.5783
3978,377.46194
3979,429.64536
3980,434.02542
3981,411.35745
3982,421.85938
3983,503.63077
3984,451.9547
3985,404.2016
3986,419.76703
3987,478.62125
3988,443.0248
3989,517.6113
3990,465.29556
3991,464.7841
3992,444.2319
3993,445.72745
3994,465.0609
3995,470.7639
3996,531.13495
3997,471.88138
3998,406.86478
3999,490.37372
4000,431.31155
4001,463.22397
4002,404.98834
4003,474.68497
4004,482.95352
4005,497.06326
4006,464.50732
4007,464.22113
4008,420.73877
4009,506.92386
4010,470.9541
4011,451.81345
4012,414.45706
4013,419.42987
4014,462.05795
4015,427.93445
4016,433.63312
4017,518.8087
4018,489.50598
4019,431.911
4020,436.45853
4021,349.18494
4022,442.85068
4023,451.10355
4024,401.7631
4025,434.6048
4026,398.129
4027,487.4824
4028,343.77728
4029,406.1427
4030,427.60373
4031,457.16702
4032,486.88318
4033,435.6292
4034,461.83896
4035,401.20078
4036,437.4491
4037,442.57996
4038,462.15042
4039,481.35223
4040,441.78143
4041,408.30783
4042,448.15106
4043,448.1987
4044,440.4544
4045,517.03326
4046,431.75665
4047,465.452
4048,417.64932
4049,490.04004
4050,362.07565
4051,511.39294
4052,533.8418
4053,514.6716
4054,456.54898
4055,522.36816
4056,469.94067
4057,468.88803
4058,474.68228
4059,363.998
4060,429.4487
4061,464.40646
4062,460.64758
4063,496.82315
4064,402.84894
4065,412.8637
4066,464.6391
4067,458.61945
4068,455.66467
4069,430.12784
4070,419.66107
4071,440.29083
4072,428.1385
4073,460.46423
4074,437.8105
4075,435.08688
4076,445.93665
4077,463.29007
4078,477.21054
4079,486.9787
4080,495.6235
4081,462.34528
4082,432.16992
4083,521.2417
4084,486.65906
4085,433.7464
4086,347.16205
4087,477.4603
4088,510.7665
4089,450.3174
4090,449.02756
4091,515.8853
4092,497.1388
4093,439.17548
4094,485.87393
4095,377.83478
4096,464.84314
4097,416.10648
4098,470.49564
4099,429.18707
4100,509.78516
4101,446.89932
4102,462.5404
4103,454.24097
4104,453.62344
4105,492.47433
4106,452.42593
4107,442.99295
4108,360.75504
4109,483.48837
4110,438.85205
4111,480.242
4112,508.47076
4113,422.79593
4114,486.01517
4115,526.9317
4116,397.69904
4117,433.05856
4118,486.8053
4119,481.3955
4120,395.83685
4121,406.02246
4122,506.8031
4123,385.01443
4124,528.7528
4125,403.203
4126,411.53516
4127,437.92093
4128,485.42065
4129,490.04868
4130,407.35406
4131,419.97128
4132,427.05762
4133,482.49643
4134,428.9033
4135,354.51462
4136,434.09232
4137,491.9886
4138,553.7617
4139,415.57797
4140,433.9367
4141,513.06134
4142,418.55408
4143,476.92273
4144,434.65823
4145,367.8337
4146,383.75513
4147,481.42172
4148,403.74698
4149,534.3402
4150,444.25888
4151,498.3751
4152,477.91644
4153,446.07373
4154,399.75742
4155,514.43524
4156,428.04617
4157,413.7161
4158,530.81067
4159,451.13065
4160,444.50412
4161,485.5377
4162,415.748
4163,529.75726
4164,567.17896
4165,400.92657
4166,442.0717
4167,497.60037
4168,458.88684
4169,448.72256
4170,436.49213
4171,450.12506
4172,439.7916
4173,418.9813
4174,421.27472
4175,478.3769
4176,506.25357
4177,424.68793
4178,468.20798
4179,433.6747
4180,490.40964
4181,502.27667
4182,582.80206
4183,428.0229
4184,453.21753
4185,384.08932
4186,428.52005
4187,490.58923
4188,453.3424
4189,457.35385
4190,544.7091
4191,481.05643
4192,404.12198
4193,425.01837
4194,449.9786
4195,468.48706
4196,441.55423
4197,373.03156
4198,442.78046
4199,395.1542
4200,521.37506
4201,429.9317
4202,455.18256
4203,496.87466
4204,502.58047
4205,515.3023
4206,450.1759
4207,454.66507
4208,459.96
4209,442.5445
4210,385.4526
4211,418.4396
4212,419.427
4213,465.1372
4214,407.77206
4215,405.81555
4216,418.13205
4217,485.7425
4218,463.10413
4219,368.41907
4220,476.7197
4221,475.81165
4222,479.5552
4223,525.611
4224,406.2603
4225,337.81732
4226,544.03864
4227,485.24576
4228,457.81207
4229,396.98953
4230,424.63724
4231,504.48645
4232,379.10898
4233,433.3646
4234,448.36166
4235,393.4532
4236,541.3123
4237,406.36856
4238,502.5801
4239,479.69763
4240,462.95374
4241,440.09875
4242,394.3395
4243,458.4424
4244,437.24307
4245,382.18286
4246,467.85327
4247,384.9207
4248,506.32568
4249,323.89862
4250,431.4121
4251,416.9593
4252,463.47607
4253,463.6258
4254,414.6239
4255,445.04565
4256,428.61276
4257,457.92487
4258,460.52808
4259,469.4581
4260,472.9023
4261,447.43787
4262,456.72534
4263,378.1415
4264,486.9853
4265,492.491
4266,395.22046
4267,430.8171
4268,509.1807
4269,512.9477
4270,450.23627
4271,384.93805
4272,411.5655
4273,505.98883
4274,479.77368
4275,450.4841
4276,384.9025
4277,383.12247
4278,365.83957
4279,482.43448
4280,468.74997
4281,469.1666
4282,462.95773
4283,432.86642
4284,449.07126
4285,448.58813
4286,422.82266
4287,419.71097
4288,453.50232
4289,454.6614
4290,407.75275
4291,409.06525
4292,483.43332
4293,455.36664
4294,452.32123
4295,487.8341
4296,406.46957
4297,491.54468
4298,386.45544
4299,409.46048
4300,464.76154
4301,418.92288
4302,422.66364
4303,343.7789
4304,441.9904
4305,437.37332
4306,401.03415
4307,495.3802
4308,270.2434
4309,472.34402
4310,409.4068
4311,467.2902
4312,440.26813
4313,432.2147
4314,584.11774
4315,445.9641
4316,514.99164
4317,466.45468
4318,480.8087
4319,346.341
4320,367.7358
4321,577.04236
4322,379.21072
4323,492.14413
4324,546.8499
4325,550.0484
4326,454.88647
4327,461.41696
4328,369.3907
4329,374.29587
4330,474.6183
4331,501.51776
4332,408.01865
4333,416.8846
4334,489.88657
4335,418.74026
4336,406.95786
4337,428.6503
4338,428.65628
4339,407.26468
4340,452.87534
4341,441.76712
4342,427.65952
4343,451.78467
4344,429.58395
4345,450.66663
4346,441.36316
4347,506.4174
4348,463.0449
4349,415.39166
4350,443.97006
4351,463.8329
4352,497.84048
4353,458.98468
4354,452.7297
4355,428.85208
4356,400.9554
4357,479.2994
4358,414.42044
4359,458.6512
4360,494.96127
4361,444.86438
4362,477.81854
4363,461.1967
4364,483.03976
4365,419.06122
4366,513.72736
4367,437.87634
4368,495.3541
4369,457.14862
4370,399.30823
4371,543.08295
4372,439.34305
4373,461.2271
4374,481.0403
4375,377.6073
4376,404.84784
4377,445.74243
4378,440.64346
4379,469.7756
4380,385.41486
4381,347.0318
4382,407.4003
4383,448.57474
4384,415.10425
4385,479.437
4386,455.82965
4387,434.047
4388,532.68976
4389,405.53314
4390,342.2777
4391,458.3006
4392,461.0357
4393,452.82758
4394,437.1938
4395,413.0453
4396,472.96524
4397,367.52676
4398,393.5088
4399,412.2986
4400,469.8786
4401,498.77988
4402,388.57993
4403,426.25592
4404,429.73154
4405,430.03647
4406,440.95303
4407,442.75864
4408,442.0481
4409,383.2353
4410,491.93268
4411,481.9921
4412,470.58817
4413,425.94296
4414,448.06152
4415,413.1826
4416,413.54584
4417,434.1747
4418,551.91595
4419,411.4711
4420,458.35367
4421,420.1112
4422,394.15247
4423,370.6881
4424,469.29477
4425,518.69586
4426,459.4734
4427,520.3073
4428,446.9483
4429,457.42682
4430,466.28226
4431,461.74918
4432,451.64194
4433,438.91025
4434,371.19876
4435,423.0292
4436,401.45193
4437,459.0025
4438,496.53018
4439,373.7363
4440,460.36685
4441,454.95877
4442,410.939
4443,422.12875
4444,449.11182
4445,497.9018
4446,439.6456
4447,474.18317
4448,427.12357
4449,446.57388
4450,476.26837
4451,408.61316
4452,524.2859
4453,397.6089
4454,449.99893
4455,375.74176
4456,408.6589
4457,405.06964
4458,470.25378
4459,408.09152
4460,458.30905
4461,420.18918
4462,485.18228
4463,444.4446
4464,454.27097
4465,443.31284
4466,475.81985
4467,460.0982
4468,397.74518
4469,385.23276
4470,468.18082
4471,546.31824
4472,522.5134
4473,389.0142
4474,414.49005
4475,438.2798
4476,551.82544
4477,395.54987
4478,441.87155
4479,388.46085
4480,391.91656
4481,517.61145
4482,435.25107
4483,477.20938
4484,423.6353
4485,421.86755
4486,428.34286
4487,404.7887
4488,389.9933
4489,549.63477
4490,452.40417
4491,480.14374
4492,537.2008
4493,407.9203
4494,431.21893
4495,467.4987
4496,449.8098
4497,355.47797
4498,495.93918
4499,459.99408
4500,423.279
4501,481.07013
4502,461.01688
4503,505.8271
4504,526.3978
4505,459.84995
4506,406.45248
4507,471.4433
4508,415.27847
4509,488.80878
4510,507.86914
4511,443.02246
4512,397.32846
4513,463.65216
4514,456.05365
4515,462.86075
4516,456.599
4517,399.957
4518,427.5799
4519,374.13504
4520,478.89902
4521,427.45645
4522,461.6333
4523,484.32178
4524,395.56955
4525,412.05823
4526,452.6438
4527,403.25537
4528,449.06567
4529,494.146
4530,453.92038
4531,414.50574
4532,468.99207
4533,424.36295
4534,493.4939
4535,383.72003
4536,500.71225
4537,417.6795
4538,499.93066
4539,387.46695
4540,367.53854
4541,450.07022
4542,457.14926
4543,403.43323
4544,447.63147
4545,483.12027
4546,511.74878
4547,462.89227
4548,442.82733
4549,446.5104
4550,429.30557
4551,409.24323
4552,469.18524
4553,495.4182
4554,472.08817
4555,438.58664
4556,416.8708
4557,424.67996
4558,507.09995
4559,418.37717
4560,510.15308
4561,428.23425
4562,445.4966
4563,368.8645
4564,441.79446
4565,489.8633
4566,417.28528
4567,422.27216
4568,449.4547
4569,547.8472
4570,508.53345
4571,502.0259
4572,353.68228
4573,452.1145
4574,441.9005
4575,420.97952
4576,506.28192
4577,396.85107
4578,410.62814
4579,390.91776
4580,482.2335
4581,425.99997
4582,441.41507
4583,438.6592
4584,335.9512
4585,399.1193
4586,515.2522
4587,489.50323
4588,385.49817
4589,453.62927
4590,468.33017
4591,424.95596
4592,432.30707
4593,408.0729
4594,407.9264
4595,484.58414
4596,489.3794
4597,402.59348
4598,436.9068
4599,446.55215
4600,451.1872
4601,466.82556
4602,405.90253
4603,435.1084
4604,426.19293
4605,484.4768
4606,467.6998
4607,400.21252
4608,448.4282
4609,502.4383
4610,441.08127
4611,502.1998
4612,466.91632
4613,469.89188
4614,429.04602
4615,458.3246
4616,487.2374
4617,451.83713
4618,374.35654
4619,395.88776
4620,385.03268
4621,411.8486
4622,412.9418
4623,475.34314
4624,503.27808
4625,446.79605
4626,454.0555
4627,482.95676
4628,441.92047
4629,362.17563
4630,361.40613
4631,450.2915
4632,437.1957
4633,390.64807
4634,375.48206
4635,443.55994
4636,480.34583
4637,414.42105
4638,417.31165
4639,413.82047
4640,427.80347
4641,380.96887
4642,474.4583
4643,421.5323
4644,464.96164
4645,540.0933
4646,409.52292
4647,434.44928
4648,464.57434
4649,508.50043
4650,370.71033
4651,447.82944
4652,493.56155
4653,461.4964
4654,486.98773
4655,390.2084
4656,440.62302
4657,479.5769
4658,491.2102
4659,441.43063
4660,449.87646
4661,408.41794
4662,374.68542
4663,526.66925
4664,468.42834
4665,518.17566
4666,435.37274
4667,486.74728
4668,538.25604
4669,417.86337
4670,476.89725
4671,440.55396
4672,462.35098
4673,485.3388
4674,414.75156
4675,451.38068
4676,422.93884
4677,476.69455
4678,465.1696
4679,422.36188
4680,391.05862
4681,495.3602
4682,510.1901
4683,470.82935
4684,391.99738
4685,433.7189
4686,496.56982
4687,426.18655
4688,516.1454
4689,492.36807
4690,447.23004
4691,414.04675
4692,414.3941
4693,401.15527
4694,441.76514
4695,444.92795
4696,417.59525
4697,444.84735
4698,523.9816
4699,437.38477
4700,443.9376
4701,470.88834
4702,482.46545
4703,284.42996
4704,482.75253
4705,418.69653
4706,493.8042
4707,531.5075
4708,587.39105
4709,442.47696
4710,466.8849
4711,466.16727
4712,467.51154
4713,487.91513
4714,456.9157
4715,461.73248
4716,551.1149
4717,460.69464
4718,425.631
4719,462.91376
4720,519.9725
4721,433.85394
4722,341.27698
4723,463.30685
4724,459.9706
4725,535.2777
4726,467.31744
4727,490.8528
4728,431.86584
4729,425.9065
4730,421.11435
4731,513.12384
4732,527.78357
4733,345.8293
4734,490.5335
4735,395.26147
4736,495.24765
4737,441.1136
4738,464.43008
4739,481.53268
4740,508.63034
4741,447.70233
4742,457.82352
4743,377.91013
4744,413.99884
4745,430.62918
4746,521.153
4747,447.7324
4748,483.73273
4749,528.5501
4750,405.3946
4751,490.7128
4752,500.25146
4753,470.47147
4754,509.47617
4755,457.46024
4756,445.35983
4757,425.638
4758,434.78812
4759,458.19104
4760,440.77655
4761,479.37186
4762,435.37564
4763,499.5539
4764,495.9675
4765,451.5619
4766,473.94385
4767,422.59592
4768,419.77362
4769,514.7258
4770,389.00467
4771,426.49673
4772,456.6955
4773,429.99063
4774,425.92587
4775,479.3438
4776,457.4461
4777,429.71558
4778,449.2559
4779,439.92688
4780,446.02997
4781,431.30313
4782,419.5869
4783,529.53064
4784,474.91644
4785,432.59875
4786,430.20734
4787,431.3284
4788,465.40292
4789,358.00922
4790,417.89725
4791,415.15997
4792,487.47537
4793,406.4702
4794,439.07193
4795,490.06784
4796,395.14743
4797,457.92566
4798,430.196
4799,462.56467
4800,469.5554
4801,460.89496
4802,507.2435
4803,488.2539
4804,464.56027
4805,507.03748
4806,372.0035
4807,478.12164
4808,441.95853
4809,380.54343
4810,478.25638
4811,448.30884
4812,381.03827
4813,521.1588
4814,451.89273
4815,483.80804
4816,438.81903
4817,415.85214
4818,349.5613
4819,417.62228
4820,447.65988
4821,439.91888
4822,467.0262
4823,458.91876
4824,426.55194
4825,540.5798
4826,468.31165
4827,433.30176
4828,421.79575
4829,491.17645
4830,474.4204
4831,473.05252
4832,461.37494
4833,400.9656
4834,453.0003
4835,394.8212
4836,366.23642
4837,422.15482
4838,430.3742
4839,487.13718
4840,385.3706
4841,482.4092
4842,438.24115
4843,465.78546
4844,447.1343
4845,416.17932
4846,407.4743
4847,431.09885
4848,413.42
4849,411.00885
4850,461.03107
4851,391.89865
4852,464.68716
4853,463.2407
4854,383.3177
4855,422.36365
4856,508.5654
4857,492.57758
4858,426.59995
4859,387.2477
4860,376.43176
4861,485.71588
4862,479.29227
4863,476.43765
4864,478.23178
4865,464.83093
4866,471.84238
4867,571.5371
4868,536.74524
4869,431.866
4870,438.73096
4871,421.17618
4872,473.4248
4873,529.8833
4874,516.2291
4875,459.14584
4876,448.01782
4877,466.89923
4878,473.59283
4879,440.3921
4880,467.67966
4881,452.93088
4882,407.8488
4883,438.0863
4884,472.80405
4885,383.975
4886,395.9297
4887,404.77658
4888,450.97223
4889,459.8448
4890,456.46118
4891,495.3551
4892,518.34546
4893,514.75635
4894,447.24963
4895,434.10046
4896,467.7034
4897,482.3656
4898,436.78983
4899,433.44083
4900,512.0633
4901,465.333
4902,418.92648
4903,437.0419
4904,481.76346
4905,380.2503
4906,447.8019
4907,461.3307
4908,393.4445
4909,455.3712
4910,465.29803
4911,475.71182
4912,463.22958
4913,422.17447
4914,459.4209
4915,496.51337
4916,496.05426
4917,522.63654
4918,456.208
4919,395.35382
4920,483.21188
4921,516.47534
4922,441.6059
4923,436.09134
4924,489.90805
4925,429.11526
4926,470.9193
4927,462.12045
4928,434.98767
4929,515.359
4930,430.89493
4931,464.23608
4932,555.2555
4933,459.39178
4934,498.6165
4935,461.60916
4936,491.34018
4937,399.32712
4938,453.83386
4939,433.72562
4940,515.9465
4941,523.8555
4942,474.88275
4943,437.50223
4944,488.07022
4945,418.94455
4946,426.46478
4947,398.59982
4948,441.3278
4949,463.57224
4950,392.87036
4951,475.8026
4952,441.04874
4953,486.651
4954,462.13947
4955,431.55515
4956,418.91528
4957,432.62894
4958,420.7734
4959,444.8877
4960,494.2632
4961,574.6182
4962,392.43854
4963,560.54724
4964,413.2113
4965,433.60043
4966,391.09113
4967,424.0832
4968,505.10626
4969,421.8101
4970,380.02066
4971,512.2629
4972,383.55356
4973,486.9978
4974,446.41534
4975,425.50192
4976,519.9508
4977,504.10992
4978,400.79703
4979,448.23837
4980,406.60248
4981,489.98248
4982,428.61572
4983,425.44254
4984,402.13022
4985,472.536
4986,443.5786
4987,435.64487
4988,411.92886
4989,445.20844
4990,416.8856
4991,403.88867
4992,395.1202
4993,473.70416
4994,413.61523
4995,480.6058
4996,486.45193
4997,537.4526
4998,467.07462
4999,435.22195
5000,472.34335
5001,485.80942
5002,440.50424
5003,436.2792
5004,491.518
5005,440.70258
5006,349.3901
5007,368.2375
5008,465.45355
5009,477.03574
5010,469.5061
5011,535.094
5012,479.42792
5013,428.48605
5014,491.68497
5015,471.59424
5016,399.62314
5017,430.96936
5018,365.3194
5019,440.00397
5020,398.35007
5021,363.83075
5022,398.2591
5023,398.4639
5024,362.7077
5025,486.61353
5026,449.45654
5027,493.20715
5028,447.61337
5029,472.82056
5030,498.2734
5031,472.5189
5032,489.76205
5033,451.45047
5034,525.14044
5035,504.443
5036,469.5638
5037,454.76413
5038,451.21472
5039,429.6155
5040,459.81003
5041,481.4433
5042,434.2614
5043,445.9693
5044,429.183
5045,384.53915
5046,480.66235
5047,519.47546
5048,487.01904
5049,393.32303
5050,442.60144
5051,419.824
5052,476.11096
5053,446.19455
5054,490.22885
5055,389.47327
5056,496.4696
5057,421.57397
5058,510.30298
5059,400.83667
5060,504.83426
5061,449.3702
5062,563.2263
5063,340.5247
5064,401.55518
5065,467.04135
5066,385.3903
5067,458.53287
5068,411.93866
5069,423.40134
5070,484.5782
5071,403.62738
5072,426.65
5073,459.66086
5074,436.4916
5075,405.9244
5076,520.9144
5077,458.31824
5078,504.9116
5079,454.73312
5080,431.1553
5081,474.03122
5082,468.83118
5083,508.41882
5084,431.4329
5085,411.43472
5086,451.94223
5087,459.11255
5088,339.68362
5089,399.71255
5090,468.82022
5091,423.39032
5092,378.2367
5093,494.90082
5094,399.71225
5095,432.72836
5096,450.22928
5097,519.86505
5098,521.9155
5099,426.1401
5100,522.7624
5101,454.81955
5102,477.7663
5103,490.97803
5104,409.25787
5105,446.99414
5106,428.73886
5107,515.998
5108,447.22882
5109,480.83633
5110,381.5782
5111,450.24045
5112,488.33487
5113,304.71356
5114,422.4899
5115,396.7829
5116,453.49094
5117,570.6312
5118,448.63638
5119,409.85028
5120,427.6838
5121,453.6256
5122,485.9046
5123,460.71588
5124,447.14697
5125,436.91766
5126,476.62772
5127,472.59848
5128,442.6512
5129,420.848
5130,402.49835
5131,417.55954
5132,538.3172
5133,512.6704
5134,463.61807
5135,405.2365
5136,426.14392
5137,480.4379
5138,436.1238
5139,512.1075
5140,453.81924
5141,508.45367
5142,445.10934
5143,430.51062
5144,504.6396
5145,426.0148
5146,464.6985
5147,487.74454
5148,417.6026
5149,451.0257
5150,427.63382
5151,368.9607
5152,465.5103
5153,469.8917
5154,442.05658
5155,484.24515
5156,473.56937
5157,439.75415
5158,481.51526
5159,486.21936
5160,439.90164
5161,422.0174
5162,475.36105
5163,471.5117
5164,448.39597
5165,418.04492
5166,498.8076
5167,503.96692
5168,477.8805
5169,442.54202
5170,446.38107
5171,398.7909
5172,418.07428
5173,487.4192
5174,358.42084
5175,392.22787
5176,492.39185
5177,433.63385
5178,479.2576
5179,426.29575
5180,467.62332
5181,432.97452
5182,493.16663
5183,513.3798
5184,439.06564
5185,458.38635
5186,486.61746
5187,412.00858
5188,458.88818
5189,451.59073
5190,423.02985
5191,455.52466
5192,455.76144
5193,528.96576
5194,456.10895
5195,526.9195
5196,442.1884
5197,415.65732
5198,553.7967
5199,460.60025
5200,466.33975
5201,461.63184
5202,480.54785
5203,442.47916
5204,450.59824
5205,381.78665
5206,454.77295
5207,456.1456
5208,470.9644
5209,422.13327
5210,460.40762
5211,445.11325
5212,467.30637
5213,394.6565
5214,457.6739
5215,491.582
5216,401.82156
5217,368.53577
5218,354.19376
5219,425.4283
5220,506.5122
5221,408.24707
5222,447.79016
5223,478.46863
5224,408.02383
5225,482.0896
5226,471.82758
5227,393.49356
5228,513.2136
5229,487.59238
5230,503.0469
5231,503.82138
5232,446.43643
5233,510.7556
5234,449.683
5235,462.0104
5236,485.28162
5237,411.16388
5238,439.91196
5239,475.06003
5240,529.20593
5241,395.44345
5242,462.33957
5243,411.4656
5244,422.75626
5245,475.60712
5246,472.73453
5247,411.9779
5248,449.7208
5249,451.22934
5250,473.81186
5251,461.85242
5252,479.62097
5253,445.96915
5254,471.30197
5255,460.26587
5256,418.5434
5257,500.4166
5258,461.8031
5259,492.78635
5260,483.26
5261,458.94498
5262,427.4112
5263,470.2047
5264,469.591
5265,467.63498
5266,373.70068
5267,489.6598
5268,501.79926
5269,448.96744
5270,488.74728
5271,445.94052
5272,455.52917
5273,439.58856
5274,442.55655
5275,362.11636
5276,445.6549
5277,486.54333
5278,453.9032
5279,450.86453
5280,429.94775
5281,447.59467
5282,478.3988
5283,468.99933
5284,441.52554
5285,386.1515
5286,430.80142
5287,379.99307
5288,423.86548
5289,449.1711
5290,477.42346
5291,454.55182
5292,420.37402
5293,396.9069
5294,483.48254
5295,454.84732
5296,446.8314
5297,467.23563
5298,456.2868
5299,432.20844
5300,428.97223
5301,575.35016
5302,443.43823
5303,397.80182
5304,398.96393
5305,442.2293
5306,466.56976
5307,468.17517
5308,397.33057
5309,439.03754
5310,499.77008
5311,437.93167
5312,436.03232
5313,455.93
5314,493.50763
5315,509.43085
5316,472.69086
5317,515.4941
5318,464.28265
5319,476.31644
5320,490.52982
5321,482.31244
5322,559.01624
5323,504.5368
5324,422.11823
5325,468.6965
5326,464.60153
5327,416.62134
5328,472.72137
5329,422.68668
5330,452.50095
5331,409.58978
5332,458.82278
5333,430.76688
5334,501.41464
5335,443.6812
5336,481.73584
5337,452.88004
5338,448.9243
5339,428.76086
5340,426.86365
5341,442.73257
5342,456.2411
5343,427.2955
5344,437.99478
5345,424.20914
5346,405.86087
5347,468.72272
5348,449.9031
5349,497.08582
5350,462.64832
5351,484.62317
5352,442.0111
5353,413.42773
5354,429.8234
5355,419.3459
5356,502.44705
5357,389.63028
5358,514.7738
5359,454.28458
5360,458.64877
5361,413.44925
5362,372.4143
5363,407.71368
5364,422.01126
5365,450.45966
5366,467.21805
5367,438.75482
5368,365.9965
5369,463.182
5370,485.84726
5371,466.20767
5372,418.61606
5373,439.1847
5374,482.99948
5375,442.55096
5376,460.65662
5377,513.0551
5378,534.4262
5379,460.96753
5380,436.67587
5381,476.07745
5382,509.3732
5383,496.60577
5384,477.9189
5385,398.59985
5386,530.18274
5387,536.64606
5388,455.20132
5389,463.3998
5390,451.09476
5391,500.49838
5392,487.4354
5393,376.51947
5394,470.58923
5395,421.12268
5396,362.28183
5397,464.67456
5398,426.81827
5399,353.66806
5400,467.20322
5401,391.44797
5402,447.22574
5403,461.4659
5404,381.2714
5405,391.43802
5406,415.6514
5407,470.7022
5408,417.24448
5409,402.7522
5410,444.2746
5411,371.56445
5412,445.64093
5413,465.60077
5414,471.2829
5415,376.48032
5416,502.3509
5417,440.0239
5418,453.03122
5419,490.45386
5420,392.60425
5421,456.8818
5422,414.90735
5423,427.20294
5424,509.55286
5425,409.23657
5426,393.08005
5427,480.31946
5428,438.61456
5429,463.33746
5430,476.78934
5431,409.36078
5432,420.3742
5433,364.19443
5434,410.4908
5435,449.7834
5436,499.3709
5437,528.4658
5438,457.1641
5439,496.9401
5440,486.88977
5441,419.0726
5442,472.05038
5443,460.8026
5444,407.8905
5445,529.78094
5446,391.4799
5447,427.26974
5448,402.88297
5449,467.86197
5450,419.6755
5451,449.6487
5452,440.44794
5453,419.39212
5454,358.7519
5455,419.2924
5456,467.02322
5457,470.63812
5458,420.48376
5459,410.04752
5460,480.47195
5461,507.92227
5462,458.81454
5463,369.9671
5464,469.81537
5465,464.66638
5466,420.70676
5467,517.71655
5468,482.7998
5469,425.4868
5470,537.7057
5471,462.32227
5472,458.81854
5473,446.88565
5474,465.14896
5475,447.26843
5476,442.62207
5477,394.75897
5478,438.46426
5479,419.06076
5480,499.052
5481,399.8078
5482,429.1327
5483,491.5177
5484,455.43048
5485,440.69336
5486,407.4235
5487,516.5289
5488,462.96664
5489,516.50604
5490,620.5148
5491,390.18723
5492,419.79443
5493,439.45773
5494,510.3647
5495,504.988
5496,506.83774
5497,457.4033
5498,482.7552
5499,543.4289
5500,393.68585
5501,441.41833
5502,435.17218
5503,478.96384
5504,534.39276
5505,476.7668
5506,374.22177
5507,503.72885
5508,498.904
5509,506.30435
5510,439.4374
5511,463.3262
5512,493.9053
5513,443.41202
5514,459.82593
5515,460.8382
5516,376.26456
5517,486.608
5518,462.6951
5519,436.86685
5520,449.15002
5521,435.69632
5522,441.62082
5523,405.26718
5524,455.38406
5525,460.9179
5526,497.7943
5527,429.33707
5528,413.9454
5529,442.08777
5530,479.6513
5531,463.42554
5532,396.65814
5533,463.18674
5534,432.51038
5535,436.11954
5536,360.6683
5537,508.863
5538,447.13022
5539,468.78647
5540,436.68857
5541,471.4709
5542,521.2018
5543,361.38593
5544,436.78568
5545,466.26297
5546,508.6955
5547,483.52203
5548,494.8793
5549,480.91226
5550,346.66003
5551,434.3877
5552,472.39624
5553,396.64444
5554,460.28577
5555,451.24622
5556,525.46545
5557,374.56967
5558,448.52573
5559,409.41803
5560,462.71155
5561,459.41656
5562,435.23486
5563,442.0128
5564,492.09497
5565,448.47348
5566,450.68094
5567,486.82367
5568,451.00558
5569,509.6903
5570,502.1593
5571,476.52045
5572,461.61795
5573,434.76666
5574,461.40286
5575,431.17007
5576,437.33664
5577,482.565
5578,460.99106
5579,364.9028
5580,419.38806
5581,456.22903
5582,450.05374
5583,466.27902
5584,475.6259
5585,442.64676
5586,444.16885
5587,541.1345
5588,445.26953
5589,477.15918
5590,349.31418
5591,469.19562
5592,468.722
5593,511.91638
5594,455.24448
5595,502.353
5596,450.70447
5597,519.8594
5598,485.14163
5599,477.27493
5600,397.11404
5601,438.5062
5602,430.99646
5603,410.04654
5604,486.83875
5605,473.46353
5606,438.64618
5607,390.84296
5608,429.26572
5609,421.5898
5610,533.45953
5611,388.23566
5612,455.44363
5613,448.75766
5614,437.97717
5615,415.27734
5616,419.92902
5617,502.39423
5618,493.6353
5619,528.39874
5620,531.2518
5621,521.9066
5622,482.58084
5623,449.0249
5624,434.71542
5625,397.62357
5626,498.22794
5627,393.51404
5628,435.34775
5629,487.8403
5630,431.0643
5631,398.66266
5632,459.11057
5633,420.03473
5634,395.86346
5635,487.8311
5636,439.42783
5637,457.0301
5638,492.7464
5639,496.87167
5640,421.15298
5641,378.9646
5642,411.68146
5643,442.21884
5644,445.7562
5645,541.0218
5646,457.8035
5647,401.14587
5648,415.25534
5649,521.06244
5650,505.56467
5651,465.9566
5652,367.15674
5653,425.55573
5654,556.48816
5655,455.80768
5656,530.40155
5657,458.98178
5658,456.43808
5659,490.17514
5660,498.46008
5661,443.8033
5662,425.05853
5663,481.04544
5664,376.72028
5665,409.72278
5666,409.1104
5667,436.86038
5668,471.91626
5669,432.10873
5670,456.47092
5671,565.927
5672,361.00555
5673,500.04242
5674,450.14676
5675,412.4065
5676,473.50482
5677,394.35226
5678,445.34222
5679,509.7783
5680,490.65845
5681,426.634
5682,415.68085
5683,395.00317
5684,457.007
5685,450.18454
5686,485.28708
5687,488.0513
5688,464.88565
5689,472.76913
5690,481.84384
5691,494.71762
5692,500.7259
5693,414.54614
5694,492.83145
5695,441.17746
5696,405.85056
5697,386.30576
5698,428.4438
5699,418.14417
5700,483.5193
5701,480.07294
5702,437.2944
5703,409.80588
5704,412.1347
5705,456.52518
5706,542.72125
5707,463.18262
5708,446.32135
5709,397.83862
5710,465.94873
5711,469.42218
5712,389.30844
5713,420.21692
5714,502.47516
5715,443.349
5716,431.20444
5717,383.4962
5718,512.4597
5719,371.42563
5720,462.87454
5721,427.17514
5722,451.08105
5723,414.4953
5724,442.27182
5725,441.2813
5726,477.2779
5727,427.09076
5728,450.73163
5729,505.99615
5730,471.54123
5731,422.09964
5732,508.29672
5733,440.75778
5734,415.13553
5735,434.88657
5736,495.44995
5737,419.17575
5738,467.53442
5739,463.22226
5740,446.85663
5741,471.55853
5742,443.4117
5743,372.8328
5744,369.50665
5745,430.31238
5746,431.67365
5747,416.50525
5748,473.1239
5749,452.95157
5750,418.3135
5751,445.67993
5752,426.53015
5753,414.52533
5754,531.6647
5755,459.84387
5756,434.80505
5757,430.9167
5758,439.813
5759,467.2315
5760,465.2208
5761,357.20657
5762,339.244
5763,468.61118
5764,490.90262
5765,440.71216
5766,448.58737
5767,454.7068
5768,450.1992
5769,446.17322
5770,483.95004
5771,446.10794
5772,419.36893
5773,511.21893
5774,443.18536
5775,467.90656
5776,408.10883
5777,410.44156
5778,428.89334
5779,438.87463
5780,448.35135
5781,387.409
5782,468.41995
5783,456.01376
5784,422.58307
5785,483.22186
5786,427.27142
5787,435.5995
5788,452.37738
5789,399.7678
5790,493.12512
5791,372.66293
5792,457.29837
5793,464.81458
5794,450.5019
5795,460.6567
5796,461.13245
5797,390.79678
5798,465.47144
5799,351.17755
5800,418.07123
5801,521.4204
5802,471.1666
5803,356.1431
5804,441.93213
5805,420.2805
5806,444.4992
5807,468.07147
5808,448.49097
5809,431.55707
5810,439.34323
5811,466.99835
5812,486.78766
5813,420.70468
5814,522.4956
5815,522.90076
5816,499.90878
5817,418.7708
5818,389.59378
5819,457.2778
5820,444.7352
5821,462.0741
5822,476.26602
5823,475.7077
5824,390.01163
5825,439.5543
5826,545.1558
5827,464.65985
5828,400.97644
5829,449.76132
5830,602.1032
5831,399.7333
5832,475.96515
5833,463.35236
5834,491.96454
5835,459.1632
5836,374.32617
5837,428.1415
5838,441.81732
5839,397.10068
5840,487.92154
5841,441.08093
5842,428.57587
5843,507.75177
5844,494.80508
5845,429.806
5846,456.01126
5847,420.53058
5848,496.7042
5849,410.7163
5850,406.07275
5851,537.1927
5852,453.9578
5853,419.8528
5854,468.17056
5855,456.0891
5856,429.2974
5857,409.66956
5858,447.30756
5859,471.09772
5860,371.01477
5861,491.20413
5862,398.35806
5863,450.24023
5864,419.45178
5865,467.7597
5866,563.22363
5867,462.00372
5868,490.42728
5869,418.76413
5870,484.79758
5871,413.756
5872,542.3464
5873,467.83273
5874,456.70624
5875,428.497
5876,484.21503
5877,481.5311
5878,510.076
5879,388.51376
5880,522.53424
5881,463.7815
5882,408.13046
5883,454.64713
5884,450.13327
5885,359.6927
5886,434.41446
5887,451.98395
5888,490.18872
5889,433.34033
5890,488.44336
5891,464.87482
5892,467.0724
5893,511.6973
5894,429.65598
5895,440.33304
5896,527.98346
5897,430.04645
5898,422.71786
5899,414.10153
5900,472.38467
5901,485.33298
5902,455.30023
5903,434.1864
5904,507.48904
5905,422.48022
5906,506.7195
5907,439.90073
5908,406.587
5909,401.03082
5910,400.29315
5911,457.3829
5912,388.71405
5913,485.13763
5914,466.61008
5915,476.2541
5916,471.56085
5917,474.81302
5918,460.90054
5919,466.18073
5920,364.35052
5921,389.95657
5922,416.14642
5923,579.75964
5924,369.44467
5925,420.689
5926,438.3559
5927,439.0159
5928,401.24893
5929,371.12595
5930,471.11856
5931,427.13217
5932,416.60815
5933,440.93683
5934,504.4906
5935,340.22412
5936,385.24646
5937,423.57623
5938,398.13257
5939,311.5671
5940,445.36777
5941,513.6472
5942,448.1238
5943,478.4722
5944,380.59854
5945,440.91547
5946,473.33392
5947,446.6457
5948,414.90283
5949,403.48758
5950,432.99896
5951,424.8604
5952,446.18024
5953,455.92374
5954,456.06088
5955,429.6942
5956,417.10672
5957,493.74777
5958,447.42487
5959,466.8283
5960,460.1563
5961,430.3882
5962,452.56262
5963,474.8753
5964,474.81995
5965,499.8359
5966,452.16785
5967,458.72366
5968,416.9361
5969,445.08594
5970,429.60306
5971,459.1346
5972,451.82117
5973,450.69812
5974,425.36905
5975,474.27936
5976,488.71924
5977,488.86084
5978,471.70465
5979,488.89618
5980,460.63257
5981,386.6995
5982,423.22122
5983,381.11795
5984,472.651
5985,533.4205
5986,527.9891
5987,450.4065
5988,522.4245
5989,394.6801
5990,374.42444
5991,447.99292
5992,481.0311
5993,471.32117
5994,442.6072
5995,450.0735
5996,417.6006
5997,439.88327
5998,385.2752
5999,447.9943
6000,420.41333
6001,448.1276
6002,449.9073
6003,434.2546
6004,462.1136
6005,415.92905
6006,511.51843
6007,412.97742
6008,427.9858
6009,421.59628
6010,515.0648
6011,492.74567
6012,398.14883
6013,521.4281
6014,472.03577
6015,378.09277
6016,490.12054
6017,520.2781
6018,493.7806
6019,374.37793
6020,478.00955
6021,382.9648
6022,438.37854
6023,476.81592
6024,461.7063
6025,419.98413
6026,395.85434
6027,398.01917
6028,385.90552
6029,417.5039
6030,394.2302
6031,387.2998
6032,425.53812
6033,438.70996
6034,402.50684
6035,459.36047
6036,598.01447
6037,454.237
6038,497.98044
6039,458.57117
6040,372.56403
6041,530.34784
6042,352.67563
6043,438.42032
6044,438.38718
6045,399.94873
6046,505.72083
6047,406.71878
6048,417.71317
6049,479.28928
6050,365.34155
6051,423.7737
6052,432.87802
6053,457.0642
6054,422.7179
6055,405.93762
6056,486.15503
6057,469.68115
6058,436.69452
6059,473.66754
6060,386.1427
6061,395.7362
6062,479.28064
6063,464.06512
6064,399.715
6065,500.33466
6066,433.3335
6067,423.15448
6068,360.53006
6069,442.43085
6070,401.64148
6071,394.21988
6072,461.4284
6073,422.0936
6074,474.38174
6075,396.92715
6076,437.9501
6077,468.43036
6078,435.21082
6079,398.29242
6080,480.63373
6081,368.97812
6082,473.50137
6083,459.51227
6084,462.52997
6085,454.90146
6086,467.04654
6087,470.33667
6088,433.9878
6089,515.7958
6090,463.2594
6091,502.09457
6092,381.78012
6093,439.44305
6094,463.24854
6095,454.0566
6096,384.0151
6097,473.0966
6098,417.1617
6099,448.21704
6100,419.40088
6101,424.56754
6102,471.04623
6103,453.87692
6104,506.8991
6105,411.2809
6106,432.13394
6107,476.80704
6108,443.87122
6109,496.93314
6110,488.57312
6111,326.8397
6112,454.2425
6113,469.45135
6114,452.72668
6115,425.3649
6116,425.81863
6117,376.15833
6118,436.24097
6119,436.91064
6120,415.59653
6121,436.652
6122,418.90186
6123,480.4584
6124,476.08023
6125,499.08994
6126,495.72433
6127,429.18146
6128,473.7623
6129,475.32132
6130,476.5817
6131,515.6749
6132,436.73737
6133,461.56604
6134,480.35648
6135,519.48914
6136,510.90726
6137,472.04626
6138,447.78842
6139,437.8743
6140,511.25385
6141,459.4879
6142,436.72043
6143,460.85056
6144,459.69418
6145,442.24304
6146,433.46027
6147,400.76575
6148,478.79788
6149,466.8876
6150,419.30548
6151,391.89322
6152,483.33365
6153,413.3763
6154,527.0136
6155,510.8128
6156,391.10617
6157,474.94412
6158,405.0462
6159,433.52893
6160,400.5825
6161,453.76852
6162,499.22113
6163,412.1669
6164,454.75208
6165,461.4258
6166,441.70847
6167,474.43085
6168,480.18384
6169,434.9719
6170,372.6478
6171,469.99176
6172,419.7288
6173,454.1523
6174,503.77213
6175,454.681
6176,414.19427
6177,440.26736
6178,379.46375
6179,456.38882
6180,449.0011
6181,528.53375
6182,523.0855
6183,496.49652
6184,399.7975
6185,499.95734
6186,479.90512
6187,450.16193
6188,428.9746
6189,435.71198
6190,507.59744
6191,341.3026
6192,469.1918
6193,420.39078
6194,448.8625
6195,387.09973
6196,402.18445
6197,484.69092
6198,550.4707
6199,459.62042
6200,428.5664
6201,414.08136
6202,419.08566
6203,506.84866
6204,458.43704
6205,423.5833
6206,419.27722
6207,465.36563
6208,435.74188
6209,381.9938
6210,490.99545
6211,464.59262
6212,512.08075
6213,432.26678
6214,475.24405
6215,414.40762
6216,386.9625
6217,467.79532
6218,433.93042
6219,491.6661
6220,431.10175
6221,470.6679
6222,434.0282
6223,423.93866
6224,427.393
6225,467.4534
6226,449.22324
6227,457.95093
6228,452.0756
6229,428.4878
6230,436.90402
6231,391.20255
6232,520.6951
6233,426.48575
6234,386.81442
6235,461.00125
6236,458.0945
6237,519.701
6238,524.80835
6239,524.89233
6240,489.23932
6241,442.58975
6242,505.79388
6243,414.40494
6244,396.98178
6245,495.7682
6246,410.84488
6247,480.3885
6248,382.8605
6249,383.04205
6250,377.77484
6251,457.9774
6252,485.96338
6253,456.76376
6254,401.26648
6255,481.18652
6256,432.8515
6257,455.19626
6258,451.7163
6259,383.8274
6260,470.79086
6261,439.79938
6262,408.73926
6263,398.94662
6264,497.22003
6265,473.0596
6266,504.49075
6267,490.98312
6268,491.50342
6269,373.53525
6270,410.65604
6271,510.66745
6272,458.06262
6273,491.41464
6274,481.8141
6275,449.36707
6276,420.77005
6277,376.03806
6278,490.47186
6279,504.83105
6280,405.88358
6281,372.22897
6282,567.5329
6283,481.73984
6284,422.71408
6285,484.08
6286,382.70517
6287,498.3759
6288,433.17474
6289,445.53867
6290,406.55075
6291,463.51047
6292,452.71124
6293,472.31284
6294,429.2526
6295,468.79132
6296,382.42514
6297,498.78604
6298,481.08954
6299,414.96606
6300,437.25836
6301,362.0294
6302,478.84006
6303,464.81616
6304,494.79837
6305,465.4111
6306,518.6515
6307,508.81238
6308,525.1701
6309,494.35275
6310,349.16766
6311,465.52164
6312,402.5518
6313,397.1753
6314,387.91223
6315,496.0897
6316,563.62854
6317,516.93616
6318,508.88583
6319,449.76627
6320,414.79785
6321,377.91138
6322,473.15778
6323,522.5767
6324,422.54953
6325,492.76624
6326,423.58926
6327,417.88184
6328,531.463
6329,446.40466
6330,443.02274
6331,387.2201
6332,468.39005
6333,450.4887
6334,414.76154
6335,513.39044
6336,421.1499
6337,431.0434
6338,483.3473
6339,378.13837
6340,463.5132
6341,407.59497
6342,467.74176
6343,539.5468
6344,422.71884
6345,481.64624
6346,405.10062
6347,416.4758
6348,420.02386
6349,430.65244
6350,493.2077
6351,397.83652
6352,425.9366
6353,440.33002
6354,450.33356
6355,410.73288
6356,404.9636
6357,437.41074
6358,459.76785
6359,546.0755
6360,420.54056
6361,441.6261
6362,516.90857
6363,483.31165
6364,531.30383
6365,504.8036
6366,480.7062
6367,487.06192
6368,380.49127
6369,428.59955
6370,474.21307
6371,450.02374
6372,439.31305
6373,338.33405
6374,500.07385
6375,414.19266
6376,412.90665
6377,500.22488
6378,447.7119
6379,449.82773
6380,438.95618
6381,402.20984
6382,458.58298
6383,413.4467
6384,427.60196
6385,507.95462
6386,455.89468
6387,482.83774
6388,474.93448
6389,383.83484
6390,464.64423
6391,482.3579
6392,392.66327
6393,493.1711
6394,472.17416
6395,382.9484
6396,479.82202
6397,424.4367
6398,439.05902
6399,462.0331
6400,460.73526
6401,551.21735
6402,435.01923
6403,483.91098
6404,449.1846
6405,545.5409
6406,479.8376
6407,371.90488
6408,445.47522
6409,438.28748
6410,440.90134
6411,443.21356
6412,419.00073
6413,434.3009
6414,471.51233
6415,393.063
6416,483.75623
6417,375.5953
6418,441.76648
6419,364.87476
6420,446.52652
6421,467.72025
6422,439.3825
6423,418.88138
6424,387.43466
6425,448.08673
6426,471.5901
6427,485.7459
6428,409.69583
6429,415.91705
6430,449.51956
6431,493.39273
6432,437.25046
6433,493.42096
6434,477.60403
6435,520.4219
6436,475.05487
6437,469.16882
6438,371.05154
6439,488.8956
6440,372.15936
6441,441.87115
6442,376.93857
6443,451.51263
6444,498.42758
6445,420.9536
6446,381.6497
6447,430.0231
6448,507.26028
6449,444.87277
6450,386.49588
6451,420.13846
6452,473.6997
6453,397.61032
6454,490.25833
6455,422.1011
6456,400.39175
6457,436.2486
6458,468.07764
6459,409.996
6460,446.98376
6461,429.0455
6462,390.63025
6463,407.97583
6464,446.0377
6465,415.78308
6466,467.4699
6467,386.0073
6468,420.53543
6469,408.28964
6470,431.64944
6471,421.938
6472,453.4845
6473,462.6118
6474,406.1326
6475,464.5892
6476,479.0561
6477,425.34177
6478,445.1683
6479,430.8905
6480,402.173
6481,497.07156
6482,417.04587
6483,482.43814
6484,503.6453
6485,435.8775
6486,481.43628
6487,450.62827
6488,474.1675
6489,447.27148
6490,481.1428
6491,461.40375
6492,460.28925
6493,409.26086
6494,419.55835
6495,433.4042
6496,429.76767
6497,434.06323
6498,604.04694
6499,427.2598
6500,459.47543
6501,435.3155
6502,341.83325
6503,480.9855
6504,419.09912
6505,467.33127
6506,457.56262
6507,489.9997
6508,555.00085
6509,464.5814
6510,394.00006
6511,440.0857
6512,486.10114
6513,455.3762
6514,530.78455
6515,474.47986
6516,486.19992
6517,380.31616
6518,482.37122
6519,392.386
6520,535.5493
6521,430.08698
6522,461.9142
6523,415.47284
6524,429.97995
6525,536.4876
6526,496.69562
6527,514.5704
6528,457.78613
6529,426.82236
6530,487.24536
6531,453.29123
6532,516.68115
6533,468.507
6534,414.48816
6535,463.04636
6536,500.34384
6537,486.297
6538,404.62393
6539,435.7204
6540,475.2861
6541,416.60904
6542,407.1015
6543,456.8721
6544,492.7012
6545,381.05316
6546,469.0626
6547,413.14484
6548,468.05777
6549,536.0492
6550,377.40842
6551,464.14462
6552,467.1749
6553,450.6535
6554,484.71567
6555,469.7619
6556,409.2038
6557,486.75705
6558,386.79453
6559,447.6999
6560,443.35425
6561,467.15555
6562,503.09738
6563,419.04425
6564,526.84375
6565,468.31012
6566,487.04037
6567,454.27158
6568,484.45627
6569,440.16208
6570,470.7552
6571,414.85077
6572,422.69257
6573,605.5684
6574,476.78824
6575,455.69345
6576,436.0553
6577,423.24524
6578,455.93054
6579,446.6311
6580,500.9872
6581,479.67944
6582,393.90674
6583,531.2737
6584,469.09366
6585,440.13702
6586,487.02762
6587,480.0356
6588,540.0471
6589,527.41223
6590,489.64413
6591,412.61652
6592,421.85605
6593,488.3049
6594,466.02853
6595,477.81625
6596,396.56906
6597,363.99365
6598,382.13138
6599,545.64996
6600,463.7278
6601,529.7573
6602,421.74423
6603,433.8301
6604,498.26746
6605,376.8856
6606,492.0681
6607,416.55884
6608,473.48566
6609,437.11038
6610,444.9981
6611,473.42526
6612,400.35043
6613,502.04196
6614,358.61127
6615,448.9015
6616,413.3529
6617,469.31674
6618,428.05402
6619,428.45877
6620,496.21567
6621,461.67563
6622,436.97156
6623,334.27905
6624,476.80765
6625,459.8686
6626,427.8278
6627,422.3795
6628,448.94162
6629,486.7708
6630,414.76328
6631,462.50092
6632,403.99197
6633,418.69025
6634,459.2484
6635,422.23535
6636,429.3353
6637,466.18857
6638,512.50854
6639,437.60318
6640,410.1877
6641,489.25134
6642,461.03247
6643,490.15933
6644,352.78683
6645,573.0089
6646,467.2216
6647,463.6302
6648,445.2618
6649,363.22025
6650,444.89517
6651,441.44485
6652,392.24454
6653,502.16632
6654,469.981
6655,466.62543
6656,487.15045
6657,392.09412
6658,443.96445
6659,449.22287
6660,462.0019
6661,413.075
6662,381.00128
6663,439.09793
6664,423.51917
6665,413.062
6666,408.1209
6667,454.337
6668,443.34076
6669,489.63635
6670,552.42596
6671,400.9712
6672,398.6141
6673,425.78726
6674,465.3856
6675,440.20795
6676,469.0045
6677,503.0876
6678,453.34473
6679,427.2697
6680,371.05292
6681,477.53116
6682,453.63092
6683,454.73438
6684,434.80576
6685,489.91412
6686,425.35828
6687,459.92776
6688,496.36246
6689,476.25385
6690,420.7056
6691,368.82266
6692,418.83746
6693,474.59296
6694,478.96393
6695,435.608
6696,431.89578
6697,460.4904
6698,461.0457
6699,536.80786
6700,474.77075
6701,460.0261
6702,462.39636
6703,453.17197
6704,426.25555
6705,436.07523
6706,467.54498
6707,487.99374
6708,346.07678
6709,452.0707
6710,424.75394
6711,442.01694
6712,432.3313
6713,431.15213
6714,453.72345
6715,418.767
6716,447.92322
6717,443.40933
6718,476.73465
6719,498.03207
6720,441.19543
6721,445.54724
6722,481.52173
6723,442.12744
6724,470.23123
6725,485.3239
6726,564.82446
6727,410.3592
6728,468.74435
6729,459.3945
6730,364.32944
6731,471.21283
6732,505.26755
6733,491.53888
6734,390.21173
6735,450.28696
6736,453.52667
6737,380.53735
6738,470.4436
6739,433.83017
6740,453.52585
6741,386.58008
6742,434.29565
6743,497.49533
6744,454.24103
6745,432.9007
6746,468.8472
6747,466.1414
6748,439.94678
6749,447.01465
6750,353.531
6751,384.1916
6752,521.29034
6753,445.94437
6754,372.47357
6755,391.91086
6756,419.48718
6757,511.1044
6758,474.28598
6759,388.25153
6760,507.5062
6761,434.26822
6762,452.49002
6763,466.945
6764,483.24075
6765,426.8425
6766,467.11127
6767,419.16867
6768,429.77795
6769,442.52075
6770,348.27408
6771,420.4469
6772,488.36438
6773,475.91858
6774,440.53552
6775,459.03152
6776,348.14667
6777,482.58615
6778,436.0069
6779,447.03522
6780,452.11426
6781,459.54773
6782,434.21982
6783,393.19214
6784,479.154
6785,435.41043
6786,467.74588
6787,447.15396
6788,474.84363
6789,432.25574
6790,476.7514
6791,471.79343
6792,492.64926
6793,459.12833
6794,541.45233
6795,476.98935
6796,457.3415
6797,437.20407
6798,449.96405
6799,376.98065
6800,372.3817
6801,480.63538
6802,418.67963
6803,402.1788
6804,422.36084
6805,448.66977
6806,413.98868
6807,447.9348
6808,393.00302
6809,473.81122
6810,424.38547
6811,493.6723
6812,482.49316
6813,417.0031
6814,425.48172
6815,475.48868
6816,394.3715
6817,404.62576
6818,368.53162
6819,389.8441
6820,488.9463
6821,540.2502
6822,372.5791
6823,389.56802
6824,478.2122
6825,498.58914
6826,438.7896
6827,554.8863
6828,396.451
6829,486.8789
6830,455.08246
6831,472.9054
6832,448.35135
6833,358.56088
6834,419.34305
6835,438.8001
6836,367.44992
6837,403.36816
6838,481.05814
6839,412.93307
6840,419.15536
6841,471.04443
6842,523.09033
6843,446.78537
6844,493.82257
6845,449.83585
6846,395.89468
6847,411.50613
6848,533.61523
6849,412.8109
6850,388.97406
6851,321.37296
6852,418.7098
6853,443.81073
6854,496.92767
6855,434.0609
6856,529.1008
6857,465.9337
6858,401.43976
6859,470.9024
6860,534.14764
6861,455.6098
6862,501.82263
6863,426.86786
6864,503.53372
6865,394.44986
6866,427.05093
6867,349.03152
6868,461.5393
6869,463.08304
6870,416.01105
6871,402.07697
6872,489.68796
6873,395.05872
6874,444.44034
6875,540.76697
6876,424.89563
6877,477.31317
6878,533.9748
6879,500.7568
6880,543.59186
6881,327.0614
6882,474.86295
6883,423.3011
6884,480.54074
6885,453.86826
6886,402.8628
6887,488.81625
6888,387.62076
6889,514.9739
6890,467.77258
6891,506.41245
6892,504.7406
6893,484.987
6894,426.39755
6895,495.89383
6896,447.3335
6897,444.01328
6898,453.68774
6899,446.7648
6900,422.45935
6901,443.1622
6902,439.3361
6903,529.9238
6904,524.7535
6905,510.0746
6906,465.25662
6907,456.99683
6908,407.0711
6909,490.10403
6910,473.3334
6911,435.8214
6912,444.88657
6913,445.7845
6914,409.78104
6915,459.87708
6916,449.98572
6917,544.78613
6918,523.72565
6919,405.5071
6920,457.1295
6921,398.84665
6922,474.03226
6923,449.88184
6924,479.86594
6925,427.44708
6926,380.341
6927,405.232
6928,335.6838
6929,427.87048
6930,400.06775
6931,399.02512
6932,401.65555
6933,469.82025
6934,416.29733
6935,405.99197
6936,462.77234
6937,444.81723
6938,455.50082
6939,504.4906
6940,453.65802
6941,356.2762
6942,506.22824
6943,532.03925
6944,448.4664
6945,443.96848
6946,457.7232
6947,481.29517
6948,410.1683
6949,428.0958
6950,526.6231
6951,438.55838
6952,475.21515
6953,446.09857
6954,417.91336
6955,424.48816
6956,454.8912
6957,469.91653
6958,451.30008
6959,451.98047
6960,405.33218
6961,486.31512
6962,449.12665
6963,460.86856
6964,419.89594
6965,480.13406
6966,396.51874
6967,519.2503
6968,509.06665
6969,438.1425
6970,346.84113
6971,464.94873
6972,463.40506
6973,458.13452
6974,448.6781
6975,487.07504
6976,436.5277
6977,503.50925
6978,449.5267
6979,406.52008
6980,471.45734
6981,421.6347
6982,498.75974
6983,445.7216
6984,434.47974
6985,512.1074
6986,439.87122
6987,422.74503
6988,467.1605
6989,408.26328
6990,518.8074
6991,449.7867
6992,496.612
6993,484.20776
6994,424.9606
6995,426.266
6996,490.39996
6997,482.31772
6998,436.84702
6999,434.7356
7000,474.08795
7001,432.32996
7002,405.6878
7003,483.265
7004,408.3219
7005,500.98685
7006,447.34824
7007,483.8552
7008,407.06732
7009,448.17038
7010,414.55652
7011,473.07916
7012,440.86874
7013,470.6368
7014,490.61105
7015,340.64157
7016,389.15073
7017,441.60934
7018,378.97705
7019,419.89688
7020,467.4099
7021,436.07727
7022,453.35257
7023,459.5096
7024,450.59683
7025,421.64267
7026,443.34778
7027,594.0221
7028,525.30505
7029,426.97034
7030,435.39276
7031,452.1074
7032,460.85516
7033,464.9142
7034,429.91364
7035,464.32782
7036,432.99588
7037,420.36652
7038,369.9249
7039,415.31836
7040,431.94696
7041,485.02612
7042,442.87997
7043,412.55823
7044,449.46152
7045,404.9338
7046,468.0766
7047,438.88977
7048,497.7837
7049,378.59192
7050,436.14612
7051,440.20563
7052,514.67535
7053,457.78452
7054,456.84686
7055,443.30923
7056,471.94455
7057,558.9253
7058,404.55487
7059,413.66876
7060,535.021
7061,524.14746
7062,345.82843
7063,420.6383
7064,499.91888
7065,425.17816
7066,362.55832
7067,470.5926
7068,379.44922
7069,515.2681
7070,473.33768
7071,485.51315
7072,458.77582
7073,451.40787
7074,420.3376
7075,514.5987
7076,536.8296
7077,453.0497
7078,413.57513
7079,519.392
7080,415.06577
7081,439.0405
7082,451.8189
7083,497.1011
7084,400.04422
7085,509.7303
7086,381.3893
7087,414.63135
7088,405.67456
7089,525.29663
7090,457.61755
7091,414.49557
7092,464.52063
7093,362.91803
7094,456.05225
7095,441.84232
7096,508.90762
7097,421.20572
7098,497.77423
7099,473.42615
7100,480.70908
7101,384.04556
7102,453.21924
7103,461.36563
7104,377.3794
7105,541.06946
7106,515.27344
7107,485.43478
7108,430.94482
7109,442.527
7110,391.19522
7111,445.46866
7112,542.23193
7113,383.13907
7114,421.9374
7115,486.21686
7116,454.7588
7117,442.75974
7118,474.5705
7119,439.00992
7120,448.16275
7121,511.85645
7122,534.96533
7123,458.33405
7124,401.5714
7125,460.32202
7126,485.33344
7127,392.96124
7128,440.5519
7129,428.63824
7130,413.35565
7131,499.21005
7132,410.67728
7133,295.93594
7134,474.89944
7135,530.8603
7136,422.1847
7137,433.07755
7138,470.81897
7139,434.21497
7140,496.4691
7141,447.0132
7142,469.64136
7143,475.6675
7144,417.5532
7145,463.4149
7146,456.8655
7147,459.7954
7148,459.00635
7149,513.55255
7150,381.92404
7151,439.70657
7152,435.6689
7153,418.03784
7154,429.1302
7155,508.59604
7156,502.47684
7157,458.55475
7158,494.29663
7159,422.25522
7160,507.37445
7161,465.2126
7162,491.96188
7163,465.88412
7164,441.49057
7165,422.31128
7166,459.85028
7167,421.62436
7168,393.67538
7169,427.77103
7170,428.28653
7171,448.25204
7172,456.4418
7173,504.43182
7174,444.07773
7175,484.9833
7176,448.99066
7177,435.421
7178,486.77295
7179,453.06726
7180,408.02158
7181,415.50797
7182,445.85138
7183,460.71735
7184,471.89655
7185,469.63925
7186,467.50427
7187,493.5566
7188,433.10336
7189,433.91327
7190,383.4371
7191,407.52417
7192,419.81665
7193,458.01013
7194,376.47278
7195,440.38107
7196,403.17877
7197,469.8218
7198,491.20657
7199,421.24106
7200,447.55847
7201,490.80652
7202,480.3129
7203,426.77515
7204,486.59357
7205,474.5238
7206,398.4867
7207,484.34473
7208,439.57785
7209,424.01028
7210,455.5258
7211,425.28592
7212,439.97934
7213,450.32794
7214,456.9682
7215,396.52582
7216,465.40268
7217,350.6732
7218,510.4471
7219,451.9398
7220,556.235
7221,538.10406
7222,471.64685
7223,473.23093
7224,510.18097
7225,456.48615
7226,385.0148
7227,498.03906
7228,496.00186
7229,455.72546
7230,425.4144
7231,496.37408
7232,453.5933
7233,455.38455
7234,464.07617
7235,481.7189
7236,518.1209
7237,425.11774
7238,414.49963
7239,403.87122
7240,437.42862
7241,478.84225
7242,369.9291
7243,397.98868
7244,478.8037
7245,486.05603
7246,436.65268
7247,475.83798
7248,412.4798
7249,491.0374
7250,460.93213
7251,447.0108
7252,514.08795
7253,449.73254
7254,454.3207
7255,476.68726
7256,423.3174
7257,373.6258
7258,450.36624
7259,442.80032
7260,449.27325
7261,529.07385
7262,454.68085
7263,514.5329
7264,457.74963
7265,402.1924
7266,408.39267
7267,443.92587
7268,474.90353
7269,481.4476
7270,429.2026
7271,436.91385
7272,517.95435
7273,429.18744
7274,404.09613
7275,489.46628
7276,477.71924
7277,528.8965
7278,462.45663
7279,394.97125
7280,454.86896
7281,434.58804
7282,491.48007
7283,450.98016
7284,451.03574
7285,437.72772
7286,457.94373
7287,514.5457
7288,462.5361
7289,482.24567
7290,460.85733
7291,515.7711
7292,342.8667
7293,474.65872
7294,478.37958
7295,440.18652
7296,486.85
7297,400.9304
7298,393.7858
7299,389.13968
7300,515.17883
7301,422.70096
7302,486.60944
7303,504.1443
7304,448.98724
7305,411.91934
7306,455.62738
7307,477.91132
7308,483.7109
7309,403.65543
7310,377.8179
7311,412.07556
7312,424.02893
7313,476.14297
7314,478.71188
7315,381.4854
7316,419.79742
7317,463.37677
7318,440.58936
7319,465.70636
7320,417.78598
7321,409.78882
7322,444.1976
7323,394.29202
7324,524.4902
7325,424.75537
7326,441.51938
7327,402.28836
7328,314.73425
7329,418.05228
7330,462.63077
7331,408.95847
7332,512.8478
7333,518.7205
7334,493.455
7335,453.53836
7336,484.77307
7337,434.08197
7338,479.72662
7339,468.58685
7340,504.63794
7341,394.42368
7342,447.0684
7343,444.09695
7344,458.27527
7345,428.10187
7346,417.21976
7347,447.3493
7348,411.84534
7349,397.3262
7350,497.83786
7351,436.50928
7352,423.17557
7353,357.20218
7354,465.016
7355,429.94318
7356,510.1206
7357,508.944
7358,450.03818
7359,470.85202
7360,430.09967
7361,458.6753
7362,478.1948
7363,459.6619
7364,466.13177
7365,490.63025
7366,392.60373
7367,419.66486
7368,510.58316
7369,498.40228
7370,492.60825
7371,496.36197
7372,471.03033
7373,499.54858
7374,505.10825
7375,491.31113
7376,460.25037
7377,411.18344
7378,437.08383
7379,515.30194
7380,439.80814
7381,428.8421
7382,460.41705
7383,438.17752
7384,413.33313
7385,464.3746
7386,484.55148
7387,333.99832
7388,468.86127
7389,414.80563
7390,520.03656
7391,480.249
7392,460.2364
7393,449.90454
7394,477.07504
7395,491.48172
7396,451.75864
7397,425.33447
7398,512.67896
7399,417.0101
7400,455.06165
7401,497.76627
7402,445.002
7403,417.88605
7404,487.29337
7405,467.6251
7406,512.6528
7407,479.3325
7408,460.43692
7409,425.2125
7410,458.5573
7411,450.06332
7412,451.2461
7413,432.96564
7414,470.73962
7415,442.5338
7416,407.6439
7417,422.30045
7418,496.85516
7419,406.2997
7420,370.69388
7421,449.31534
7422,420.16406
7423,400.83963
7424,543.702
7425,470.37115
7426,461.5077
7427,442.09015
7428,488.42343
7429,462.485
7430,508.53
7431,403.80923
7432,420.53333
7433,496.20578
7434,438.7564
7435,358.84415
7436,383.8633
7437,473.31006
7438,430.96606
7439,456.74744
7440,453.32443
7441,530.13794
7442,468.7419
7443,429.8351
7444,399.37714
7445,500.96872
7446,497.366
7447,512.08496
7448,458.75623
7449,391.4336
7450,489.32742
7451,382.42007
7452,428.09375
7453,423.2416
7454,444.1615
7455,397.80115
7456,402.21622
7457,446.87204
7458,500.19766
7459,497.3475
7460,435.36218
7461,486.86923
7462,496.49866
7463,405.21622
7464,434.5733
7465,438.0905
7466,469.81952
7467,489.88293
7468,455.16806
7469,410.8832
7470,421.5911
7471,441.5486
7472,495.08908
7473,473.0702
7474,484.8318
7475,443.59692
7476,457.01456
7477,469.65112
7478,416.9307
7479,413.48642
7480,426.93982
7481,428.8472
7482,406.21866
7483,407.80203
7484,384.72806
7485,483.3575
7486,483.0592
7487,444.53757
7488,517.13617
7489,434.05215
7490,392.12543
7491,424.36868
7492,361.64404
7493,512.0577
7494,466.33768
7495,579.6597
7496,432.9691
7497,423.26282
7498,413.87405
7499,415.48337
7500,442.54807
7501,541.1833
7502,533.37726
7503,426.99606
7504,473.94553
7505,443.46613
7506,429.97556
7507,412.9374
7508,503.39474
7509,445.68558
7510,428.86725
7511,415.58652
7512,436.42926
7513,408.16162
7514,436.15103
7515,425.5792
7516,452.25024
7517,419.9686
7518,460.52255
7519,450.96188
7520,466.7087
7521,459.98123
7522,478.15262
7523,426.25644
7524,495.81046
7525,420.45288
7526,450.79477
7527,419.80957
7528,474.06476
7529,439.28928
7530,475.70477
7531,442.4918
7532,434.69452
7533,444.16187
7534,357.98093
7535,419.69394
7536,424.346
7537,499.88834
7538,429.309
7539,421.57962
7540,389.1005
7541,513.3804
7542,427.49225
7543,425.14453
7544,438.57092
7545,496.1315
7546,406.08627
7547,481.43753
7548,391.5716
7549,512.96625
7550,450.22925
7551,508.2246
7552,511.32114
7553,499.03152
7554,456.35962
7555,497.87915
7556,494.57605
7557,418.44543
7558,481.1659
7559,400.4192
7560,495.3995
7561,437.59344
7562,420.55667
7563,482.76004
7564,456.34268
7565,464.04843
7566,472.6526
7567,408.00317
7568,432.3095
7569,424.65436
7570,491.67926
7571,489.37158
7572,445.94513
7573,431.20154
7574,481.21133
7575,450.43182
7576,519.30634
7577,417.01816
7578,523.65283
7579,454.85324
7580,387.1025
7581,378.85098
7582,444.32034
7583,497.81686
7584,423.68973
7585,478.22604
7586,489.13464
7587,408.1623
7588,496.47815
7589,427.12204
7590,491.64078
7591,499.87753
7592,421.71335
7593,451.84048
7594,427.18848
7595,427.6674
7596,477.5534
7597,538.9665
7598,398.54822
7599,438.33862
7600,480.2449
7601,444.35965
7602,431.95743
7603,405.22864
7604,440.8571
7605,437.15878
7606,436.51535
7607,409.07718
7608,458.65674
7609,453.79947
7610,492.98672
7611,475.94196
7612,526.6056
7613,455.98526
7614,467.45062
7615,421.84103
7616,488.17838
7617,504.12036
7618,487.39175
7619,410.24915
7620,446.54504
7621,485.3694
7622,437.41376
7623,446.64673
7624,493.4306
7625,491.06958
7626,393.56894
7627,399.6427
7628,395.14703
7629,451.09665
7630,384.03064
7631,412.67026
7632,441.19293
7633,456.22736
7634,389.0863
7635,522.113
7636,495.3108
7637,451.66193
7638,432.82706
7639,481.93237
7640,406.3871
7641,460.60934
7642,450.01437
7643,509.9672
7644,487.5708
7645,484.9662
7646,472.7484
7647,371.19824
7648,485.13336
7649,474.88187
7650,423.73315
7651,505.56622
7652,496.75052
7653,434.90872
7654,483.32623
7655,452.5903
7656,367.74902
7657,514.72186
7658,492.5235
7659,466.71893
7660,510.02216
7661,449.27567
7662,452.06787
7663,471.18677
7664,407.53204
7665,427.71664
7666,406.06055
7667,501.15054
7668,477.13834
7669,424.21356
7670,450.9478
7671,481.17404
7672,421.56326
7673,453.21353
7674,432.7108
7675,512.2986
7676,448.62854
7677,557.4738
7678,512.76794
7679,439.17642
7680,403.54016
7681,449.48026
7682,501.4741
7683,427.58725
7684,419.90256
7685,405.5956
7686,483.70862
7687,453.12234
7688,488.0134
7689,442.19846
7690,466.97897
7691,484.31122
7692,479.99747
7693,453.01825
7694,483.7141
7695,471.4548
7696,450.62247
7697,431.28558
7698,392.40628
7699,409.8349
7700,453.35233
7701,437.76627
7702,457.87973
7703,432.08325
7704,441.77097
7705,509.8414
7706,440.61917
7707,444.66766
7708,422.34702
7709,521.24304
7710,395.3633
7711,447.08505
7712,478.39624
7713,400.58466
7714,468.44485
7715,428.83075
7716,481.16705
7717,517.61444
7718,528.5408
7719,507.84207
7720,465.553
7721,480.46396
7722,458.778
7723,438.98892
7724,443.87943
7725,447.58698
7726,385.2646
7727,474.60406
7728,449.78073
7729,406.64883
7730,438.88107
7731,432.56393
7732,421.9271
7733,426.16077
7734,349.2786
7735,451.5349
7736,493.86658
7737,561.1966
7738,401.0222
7739,468.75833
7740,477.26062
7741,481.50885
7742,421.16196
7743,430.7962
7744,494.58453
7745,366.42032
7746,475.26468
7747,386.16486
7748,487.8325
7749,453.23386
7750,442.57617
7751,390.58096
7752,453.22037
7753,476.85315
7754,442.28964
7755,531.3118
7756,375.13943
7757,332.5232
7758,425.5004
7759,460.32953
7760,394.26685
7761,426.3434
7762,507.11505
7763,433.24365
7764,403.39688
7765,462.7533
7766,443.79752
7767,436.5995
7768,347.15524
7769,405.2818
7770,454.00897
7771,461.17526
7772,445.43784
7773,435.27646
7774,414.1804
7775,506.79684
7776,442.74615
7777,448.10413
7778,368.1567
7779,519.5107
7780,498.3852
7781,426.5584
7782,423.67477
7783,403.84015
7784,440.84668
7785,524.66345
7786,418.59113
7787,412.67883
7788,473.9448
7789,471.3729
7790,467.87802
7791,372.1176
7792,424.57666
7793,446.23648
7794,457.71237
7795,448.73877
7796,426.57004
7797,395.21234
7798,393.7524
7799,419.14127
7800,388.68265
7801,411.88812
7802,427.9751
7803,469.77072
7804,498.57452
7805,482.49316
7806,424.73172
7807,511.35504
7808,501.73807
7809,472.85052
7810,487.40204
7811,471.81903
7812,447.49136
7813,495.73004
7814,440.1518
7815,486.09045
7816,470.3755
7817,335.0627
7818,416.68738
7819,438.856
7820,476.06244
7821,493.5414
7822,486.59055
7823,344.78073
7824,433.2767
7825,425.75842
7826,479.05026
7827,495.98337
7828,421.70142
7829,446.07938
7830,398.10095
7831,464.84424
7832,483.1862
7833,435.66605
7834,405.90625
7835,415.63123
7836,431.73883
7837,450.08148
7838,450.7881
7839,449.48407
7840,395.94244
7841,450.7014
7842,433.4524
7843,424.5853
7844,475.6051
7845,471.68726
7846,440.4345
7847,523.4822
7848,408.17444
7849,399.7375
7850,441.80203
7851,402.70404
7852,430.21976
7853,476.07037
7854,496.80817
7855,400.85556
7856,471.36133
7857,445.53098
7858,443.50156
7859,473.43115
7860,494.10355
7861,452.3864
7862,442.57437
7863,397.71664
7864,454.02777
7865,468.78467
7866,488.1513
7867,453.65363
7868,442.9915
7869,483.05115
7870,488.10526
7871,500.50223
7872,401.37143
7873,414.90118
7874,472.05173
7875,400.04007
7876,446.98804
7877,414.6896
7878,472.34692
7879,374.8594
7880,374.1051
7881,492.43268
7882,415.97122
7883,432.88928
7884,517.36334
7885,403.17636
7886,548.8625
7887,408.46805
7888,418.8906
7889,400.19873
7890,507.7034
7891,407.0697
7892,387.295
7893,393.11597
7894,482.49167
7895,518.93744
7896,471.99933
7897,441.73767
7898,415.55884
7899,483.72348
7900,444.1676
7901,464.6725
7902,452.58493
7903,418.19855
7904,500.90356
7905,541.1717
7906,536.31445
7907,470.0032
7908,471.3524
7909,470.0577
7910,457.96985
7911,378.84586
7912,403.60663
7913,392.24988
7914,409.10403
7915,416.13046
7916,438.896
7917,422.2085
7918,463.3806
7919,455.2465
7920,451.15652
7921,432.03024
7922,527.1181
7923,436.82318
7924,498.41043
7925,424.2508
7926,434.9662
7927,428.9818
7928,463.77478
7929,483.91504
7930,445.973
7931,443.879
7932,395.19867
7933,468.7408
7934,476.5366
7935,437.48502
7936,470.2394
7937,443.88022
7938,416.01508
7939,438.76474
7940,416.26288
7941,399.99512
7942,376.2426
7943,449.27036
7944,391.04974
7945,352.06104
7946,409.64093
7947,489.36337
7948,482.93045
7949,434.6167
7950,417.9792
7951,336.07913
7952,454.07834
7953,415.77066
7954,439.27713
7955,474.28906
7956,456.939
7957,434.45123
7958,427.59845
7959,428.55093
7960,494.1647
7961,541.94543
7962,482.01868
7963,374.39117
7964,440.01712
7965,442.98074
7966,463.4798
7967,450.8203
7968,400.73114
7969,409.0993
7970,459.67255
7971,408.90295
7972,461.6888
7973,477.9548
7974,447.6805
7975,449.20557
7976,424.20538
7977,425.72345
7978,399.41306
7979,498.6474
7980,491.74567
7981,451.75262
7982,401.44348
7983,431.09036
7984,445.84332
7985,473.2157
7986,505.9586
7987,471.54108
7988,465.61118
7989,510.7161
7990,439.1976
7991,418.14658
7992,388.41687
7993,419.56573
7994,428.24182
7995,400.22455
7996,475.65646
7997,460.8141
7998,419.79306
7999,404.18927
8000,408.41342
8001,450.09943
8002,442.95502
8003,501.0686
8004,525.5947
8005,536.8397
8006,476.84967
8007,337.5038
8008,419.14578
8009,406.063
8010,450.8715
8011,467.1208
8012,499.9659
8013,433.06335
8014,420.36713
8015,471.05652
8016,443.86752
8017,429.02383
8018,487.78513
8019,427.61023
8020,478.06906
8021,399.5136
8022,522.3478
8023,460.6188
8024,431.6137
8025,385.54398
8026,426.86987
8027,490.8125
8028,412.2029
8029,518.081
8030,473.2577
8031,389.7606
8032,426.03592
8033,450.88388
8034,482.53394
8035,487.08783
8036,441.57156
8037,497.46893
8038,473.80157
8039,421.95944
8040,459.51175
8041,577.18054
8042,520.2422
8043,453.44305
8044,482.4944
8045,346.51947
8046,431.33154
8047,469.08545
8048,441.85184
8049,499.49063
8050,509.84375
8051,460.78732
8052,433.8173
8053,476.0438
8054,535.86255
8055,458.392
8056,465.96042
8057,423.59317
8058,526.8689
8059,471.0844
8060,468.5972
8061,406.21085
8062,451.86905
8063,492.69382
8064,401.42676
8065,383.8235
8066,362.23315
8067,419.50034
8068,525.641
8069,386.51807
8070,421.1531
8071,491.6242
8072,410.28302
8073,433.35657
8074,468.89978
8075,543.1739
8076,467.9649
8077,448.81052
8078,559.2394
8079,441.07162
8080,483.81027
8081,466.2689
8082,499.70093
8083,483.924
8084,405.94568
8085,480.30075
8086,445.01093
8087,437.05823
8088,471.1756
8089,456.27414
8090,394.36505
8091,526.6451
8092,400.40445
8093,425.64008
8094,465.757
8095,519.36115
8096,397.96344
8097,384.61752
8098,524.8158
8099,431.84586
8100,455.3242
8101,431.54825
8102,505.49426
8103,552.16406
8104,443.1548
8105,439.23697
8106,354.92773
8107,465.2949
8108,460.4478
8109,456.6286
8110,456.10608
8111,492.18576
8112,494.08926
8113,419.26883
8114,419.7531
8115,450.42856
8116,364.20996
8117,592.0473
8118,505.5106
8119,455.62625
8120,342.86343
8121,467.64316
8122,534.4083
8123,439.9859
8124,494.4042
8125,493.9913
8126,412.07947
8127,457.52313
8128,503.03973
8129,458.11682
8130,481.15042
8131,443.8491
8132,390.798
8133,469.9347
8134,418.6047
8135,472.77536
8136,476.28015
8137,514.0467
8138,448.28278
8139,443.12476
8140,451.21262
8141,413.46313
8142,454.37726
8143,447.601
8144,457.25156
8145,450.1984
8146,472.32864
8147,450.09293
8148,436.42966
8149,428.9591
8150,453.18857
8151,384.83966
8152,432.35992
8153,499.98566
8154,373.408
8155,435.93277
8156,418.56528
8157,442.00388
8158,368.37195
8159,422.20078
8160,468.455
8161,389.96198
8162,435.03107
8163,513.7882
8164,419.34805
8165,530.4581
8166,487.6355
8167,485.03378
8168,385.43884
8169,452.3948
8170,411.36044
8171,421.14844
8172,485.79852
8173,446.03842
8174,415.88092
8175,401.2636
8176,486.552
8177,344.3374
8178,438.6251
8179,432.68713
8180,442.33237
8181,424.5989
8182,463.45358
8183,456.0215
8184,502.36932
8185,518.79504
8186,456.28516
8187,468.7151
8188,452.16324
8189,436.36786
8190,427.6456
8191,386.5549
8192,474.74573
8193,446.23587
8194,473.49185
8195,469.88138
8196,476.4013
8197,421.35867
8198,327.27005
8199,467.26694
8200,442.65442
8201,397.7441
8202,494.39395
8203,409.98193
8204,423.63608
8205,465.69025
8206,489.5879
8207,462.0654
8208,432.8291
8209,415.25436
8210,421.44223
8211,442.96024
8212,390.33868
8213,425.63293
8214,537.2874
8215,426.85873
8216,400.46933
8217,379.49173
8218,495.2111
8219,411.05762
8220,556.8993
8221,378.91702
8222,414.35526
8223,432.37036
8224,423.9763
8225,415.16553
8226,475.58615
8227,476.1353
8228,436.30774
8229,458.67822
8230,416.01593
8231,431.3177
8232,333.10712
8233,438.16098
8234,440.30826
8235,473.28427
8236,467.49078
8237,495.3255
8238,465.36737
8239,470.4201
8240,484.93756
8241,407.36566
8242,413.96365
8243,435.89902
8244,459.5368
8245,363.30646
8246,486.9233
8247,422.63748
8248,469.22256
8249,435.72864
8250,358.27298
8251,445.97687
8252,456.3066
8253,431.71805
8254,464.26294
8255,396.23807
8256,392.81293
8257,451.5367
8258,420.35596
8259,470.04587
8260,431.4308
8261,446.3837
8262,475.83597
8263,419.6886
8264,472.8857
8265,423.7775
8266,484.40546
8267,476.1452
8268,470.73267
8269,498.64783
8270,424.34546
8271,421.2223
8272,499.5949
8273,526.28284
8274,446.70425
8275,489.60553
8276,390.3208
8277,473.3206
8278,514.1421
8279,451.62662
8280,475.579
8281,365.7635
8282,516.8466
8283,393.8616
8284,423.65817
8285,485.7184
8286,485.49228
8287,460.80753
8288,438.9171
8289,448.5426
8290,365.38055
8291,417.46286
8292,470.71313
8293,434.95547
8294,439.66727
8295,443.11185
8296,428.2309
8297,486.25467
8298,436.12262
8299,489.0163
8300,456.99252
8301,547.9414
8302,454.10587
8303,521.6634
8304,469.71515
8305,475.8189
8306,506.35983
8307,465.92984
8308,446.28516
8309,464.6952
8310,497.48172
8311,518.0892
8312,480.99478
8313,449.9951
8314,435.58798
8315,444.8787
8316,442.70135
8317,449.607
8318,437.55286
8319,454.7785
8320,440.95175
8321,499.79337
8322,420.87155
8323,405.6603
8324,441.28708
8325,388.10944
8326,477.95206
8327,510.3148
8328,478.34378
8329,450.35574
8330,532.6934
8331,428.10785
8332,465.11176
8333,397.42392
8334,446.34848
8335,411.3248
8336,490.7097
8337,500.77588
8338,428.43616
8339,468.84302
8340,395.49356
8341,407.6855
8342,459.18658
8343,454.89398
8344,377.8265
8345,483.352
8346,476.49786
8347,399.50302
8348,537.56226
8349,455.39728
8350,436.00626
8351,432.99203
8352,526.2798
8353,491.2201
8354,430.12802
8355,479.1075
8356,440.25653
8357,396.99896
8358,443.4111
8359,368.75702
8360,507.3731
8361,466.92462
8362,460.34006
8363,455.229
8364,426.25037
8365,483.26526
8366,462.81058
8367,501.65042
8368,476.53885
8369,326.88058
8370,370.0801
8371,438.11557
8372,535.1726
8373,516.6953
8374,461.3233
8375,447.48737
8376,408.56802
8377,475.1826
8378,445.98126
8379,424.00375
8380,471.3401
8381,539.7064
8382,398.50504
8383,440.32755
8384,528.5766
8385,489.62213
8386,394.69162
8387,367.0
8388,498.53592
8389,481.73465
8390,473.65042
8391,480.59537
8392,526.47577
8393,408.37564
8394,475.8652
8395,347.6909
8396,469.6847
8397,455.6284
8398,468.56818
8399,462.05362
8400,416.98425
8401,485.80743
8402,463.9851
8403,411.33588
8404,474.5638
8405,506.37848
8406,489.6159
8407,440.13574
8408,456.922
8409,467.3207
8410,454.35916
8411,392.26953
8412,411.01318
8413,507.26428
8414,438.6596
8415,464.42612
8416,478.87476
8417,469.27606
8418,475.6834
8419,495.44165
8420,450.4346
8421,484.6209
8422,474.78958
8423,380.5896
8424,468.06464
8425,516.3895
8426,458.56805
8427,425.90677
8428,462.12332
8429,444.0804
8430,388.24182
8431,379.00555
8432,437.11472
8433,430.46292
8434,431.80014
8435,428.14252
8436,505.59207
8437,460.7409
8438,436.79538
8439,368.367
8440,441.12012
8441,516.1335
8442,388.8318
8443,440.15384
8444,487.2918
8445,507.8748
8446,483.28262
8447,430.6842
8448,514.853
8449,478.7487
8450,393.3935
8451,460.39258
8452,387.01508
8453,494.6933
8454,404.65286
8455,426.1973
8456,455.42947
8457,462.8175
8458,439.43427
8459,387.74796
8460,496.0937
8461,511.43207
8462,485.56995
8463,428.0516
8464,435.69064
8465,456.0596
8466,495.794
8467,433.98425
8468,476.02322
8469,499.55624
8470,461.45804
8471,419.11493
8472,351.01993
8473,522.9678
8474,482.20145
8475,454.71378
8476,413.7099
8477,479.7238
8478,430.01913
8479,435.54572
8480,442.06192
8481,502.47836
8482,519.73755
8483,526.94617
8484,529.0338
8485,514.0575
8486,441.41675
8487,427.5271
8488,460.9831
8489,513.4093
8490,464.5843
8491,524.9512
8492,431.99704
8493,430.56497
8494,401.01398
8495,443.54987
8496,372.55786
8497,489.78394
8498,463.34738
8499,460.13785
8500,416.76532
8501,494.82993
8502,433.94766
8503,443.7312
8504,428.17242
8505,488.4215
8506,404.01547
8507,438.99493
8508,420.16592
8509,481.52814
8510,490.94772
8511,394.36325
8512,411.59247
8513,423.20407
8514,468.87057
8515,479.10934
8516,411.64175
8517,471.00024
8518,406.05038
8519,496.419
8520,458.4025
8521,389.0123
8522,482.94092
8523,409.73798
8524,412.9078
8525,515.99176
8526,455.59442
8527,506.56598
8528,458.83557
8529,541.713
8530,455.65866
8531,451.31882
8532,546.6606
8533,397.54013
8534,501.52258
8535,449.82245
8536,493.85846
8537,456.3886
8538,431.38895
8539,403.71982
8540,433.31827
8541,459.3951
8542,390.8714
8543,478.8589
8544,465.24167
8545,419.31525
8546,356.51328
8547,470.105
8548,453.53403
8549,431.98306
8550,446.73044
8551,424.4917
8552,451.7016
8553,528.0171
8554,516.0692
8555,461.63416
8556,407.97623
8557,422.68433
8558,427.57578
8559,441.42007
8560,356.39508
8561,444.3153
8562,400.10727
8563,469.52176
8564,465.93912
8565,473.419
8566,524.5232
8567,443.65912
8568,383.152
8569,452.89813
8570,426.94855
8571,468.83716
8572,457.74487
8573,489.7858
8574,433.04694
8575,401.71002
8576,452.35074
8577,444.67514
8578,370.72162
8579,424.81976
8580,487.18228
8581,489.56757
8582,421.91116
8583,486.81454
8584,378.44095
8585,452.54272
8586,429.64633
8587,504.18997
8588,464.41925
8589,342.57718
8590,509.2193
8591,414.21512
8592,413.20035
8593,419.46396
8594,461.70166
8595,464.10202
8596,466.0231
8597,413.43735
8598,381.6858
8599,454.72266
8600,415.48282
8601,426.23215
8602,551.15967
8603,379.70612
8604,449.89786
8605,468.9903
8606,503.9595
8607,444.02948
8608,443.5504
8609,400.8989
8610,470.4001
8611,421.84174
8612,447.378
8613,431.72986
8614,425.99646
8615,445.07523
8616,397.08044
8617,456.06067
8618,492.334
8619,514.26935
8620,445.21643
8621,439.60034
8622,524.41064
8623,478.4449
8624,356.80515
8625,510.4916
8626,432.13074
8627,403.2094
8628,370.57083
8629,444.99387
8630,536.5322
8631,422.01126
8632,484.51385
8633,435.87903
8634,490.85886
8635,445.3979
8636,503.40298
8637,416.3012
8638,428.26212
8639,478.01117
8640,380.5864
8641,448.4811
8642,425.96005
8643,493.96155
8644,444.01233
8645,438.97217
8646,490.3991
8647,462.63058
8648,425.0268
8649,435.6307
8650,459.8208
8651,399.78796
8652,424.96857
8653,371.1878
8654,450.39566
8655,436.7907
8656,484.51895
8657,361.63144
8658,509.22653
8659,462.55707
8660,417.89404
8661,477.7469
8662,446.99152
8663,429.71875
8664,486.98938
8665,437.74255
8666,417.1292
8667,405.2286
8668,432.10837
8669,434.09033
8670,364.9354
8671,436.53564
8672,484.79877
8673,413.78818
8674,498.35947
8675,457.3465
8676,417.63364
8677,465.2933
8678,519.1977
8679,479.16907
8680,462.65433
8681,499.1842
8682,529.1901
8683,429.79605
8684,458.96826
8685,498.51886
8686,502.9823
8687,475.39407
8688,513.17725
8689,363.07718
8690,419.73108
8691,411.34546
8692,406.80597
8693,456.1132
8694,506.72055
8695,410.10843
8696,458.55542
8697,415.79233
8698,345.0618
8699,425.40222
8700,456.75403
8701,428.58493
8702,521.41003
8703,380.21118
8704,497.6896
8705,417.46487
8706,463.44254
8707,421.08975
8708,388.36716
8709,455.65463
8710,494.4531
8711,400.3736
8712,440.43768
8713,431.59506
8714,455.3554
8715,432.97418
8716,462.4008
8717,432.32843
8718,517.53064
8719,413.26968
8720,492.97372
8721,495.23575
8722,444.67255
8723,476.0873
8724,442.87772
8725,505.49506
8726,437.0874
8727,456.75958
8728,432.54166
8729,440.21652
8730,444.08224
8731,429.26758
8732,439.01605
8733,445.06064
8734,509.27026
8735,547.0653
8736,413.6609
8737,480.89203
8738,518.32184
8739,494.30753
8740,529.5433
8741,549.5475
8742,352.73914
8743,449.86948
8744,453.0721
8745,530.24036
8746,450.36673
8747,417.60602
8748,439.3178
8749,411.2077
8750,458.13397
8751,471.79773
8752,426.77234
8753,517.5751
8754,450.84604
8755,474.01587
8756,463.0978
8757,397.6378
8758,492.5872
8759,482.52957
8760,459.80203
8761,367.21802
8762,401.85422
8763,458.8661
8764,399.693
8765,419.46405
8766,414.5884
8767,462.14346
8768,447.15683
8769,425.04706
8770,472.39587
8771,469.39557
8772,470.82742
8773,409.03107
8774,398.86694
8775,355.7049
8776,395.5362
8777,485.79086
8778,456.15436
8779,467.54114
8780,441.28
8781,399.739
8782,415.69766
8783,445.09634
8784,428.40128
8785,454.26205
8786,466.1522
8787,512.015
8788,430.0241
8789,435.13416
8790,469.73334
8791,477.21884
8792,452.51205
8793,479.4725
8794,548.3069
8795,397.5197
8796,337.32736
8797,446.3882
8798,435.33655
8799,427.04486
8800,435.65976
8801,458.5317
8802,496.53143
8803,544.4444
8804,425.89862
8805,412.18918
8806,446.7568
8807,425.35983
8808,447.47675
8809,414.12796
8810,498.72766
8811,433.84158
8812,449.76254
8813,423.23633
8814,432.6661
8815,479.55182
8816,439.71994
8817,544.321
8818,440.99176
8819,391.16644
8820,399.84583
8821,490.46017
8822,393.49966
8823,461.0437
8824,421.30472
8825,519.7757
8826,464.82138
8827,491.53244
8828,467.05338
8829,465.7666
8830,385.16055
8831,538.5436
8832,471.53253
8833,498.21512
8834,446.28433
8835,463.2145
8836,474.4762
8837,445.49387
8838,435.55878
8839,521.2275
8840,500.95737
8841,390.03107
8842,498.25482
8843,351.6694
8844,583.9671
8845,460.2089
8846,488.2822
8847,500.91385
8848,397.60904
8849,443.54117
8850,473.24646
8851,423.92294
8852,482.03052
8853,397.1172
8854,426.2138
8855,407.35916
8856,492.717
8857,372.99512
8858,550.82263
8859,395.08337
8860,463.13605
8861,556.329
8862,461.8711
8863,499.267
8864,420.47934
8865,410.43347
8866,376.04324
8867,436.1887
8868,520.447
8869,389.74857
8870,433.26456
8871,498.67627
8872,380.01273
8873,461.91687
8874,509.42474
8875,422.8451
8876,502.56943
8877,478.85513
8878,466.21002
8879,412.0389
8880,460.44034
8881,478.57434
8882,521.0414
8883,446.92487
8884,404.8303
8885,451.03238
8886,463.91983
8887,482.20142
8888,534.56744
8889,500.204
8890,422.7281
8891,503.594
8892,554.8984
8893,521.1757
8894,473.85037
8895,411.71338
8896,483.68723
8897,485.33398
8898,394.22458
8899,520.0484
8900,442.14297
8901,407.29868
8902,494.30646
8903,425.37067
8904,448.8048
8905,400.5036
8906,363.79785
8907,425.51633
8908,468.40863
8909,473.25253
8910,468.81696
8911,437.5291
8912,516.71545
8913,390.81552
8914,453.26428
8915,490.8678
8916,450.3716
8917,509.4624
8918,392.26257
8919,456.03
8920,414.09857
8921,511.93506
8922,412.40198
8923,426.24814
8924,455.2902
8925,486.98666
8926,456.62842
8927,454.64478
8928,493.79526
8929,417.29263
8930,439.4899
8931,424.8412
8932,438.44626
8933,485.1055
8934,426.38458
8935,451.38242
8936,397.03223
8937,500.23398
8938,499.5777
8939,376.6955
8940,411.91354
8941,479.12167
8942,394.72073
8943,415.02158
8944,377.07724
8945,465.5974
8946,423.89584
8947,443.14142
8948,470.1658
8949,440.2524
8950,426.16702
8951,430.0663
8952,405.10013
8953,459.78024
8954,454.1818
8955,439.19974
8956,418.46674
8957,380.59705
8958,462.3245
8959,561.9616
8960,452.60394
8961,474.87167
8962,413.24847
8963,419.40286
8964,443.54797
8965,470.0086
8966,463.19983
8967,404.1725
8968,457.92218
8969,512.41376
8970,496.48398
8971,421.86404
8972,409.617
8973,431.16656
8974,418.27216
8975,414.54544
8976,427.82434
8977,438.63525
8978,470.60297
8979,452.6664
8980,506.28864
8981,475.0197
8982,490.8899
8983,454.66925
8984,412.73083
8985,416.24905
8986,456.05783
8987,494.1912
8988,407.8536
8989,431.5734
8990,476.97192
8991,440.62265
8992,407.40854
8993,481.77258
8994,500.22894
8995,456.93774
8996,465.93405
8997,468.11792
8998,445.75073
8999,451.5858
9000,415.85474
9001,432.1986
9002,401.81998
9003,525.3212
9004,548.00287
9005,498.13763
9006,388.06348
9007,524.1817
9008,453.83145
9009,440.22012
9010,481.74246
9011,522.0445
9012,503.0505
9013,425.64133
9014,453.3954
9015,512.8684
9016,546.2907
9017,485.60526
9018,486.86166
9019,364.9673
9020,427.33286
9021,449.94675
9022,546.07697
9023,390.52032
9024,453.88763
9025,392.42288
9026,435.20786
9027,445.14496
9028,443.19122
9029,465.87717
9030,485.68527
9031,491.9709
9032,416.28168
9033,567.572
9034,511.9991
9035,359.74515
9036,499.71356
9037,439.886
9038,383.71655
9039,464.1362
9040,490.27316
9041,433.06073
9042,371.9549
9043,383.4917
9044,451.5209
9045,406.87802
9046,420.96985
9047,433.80756
9048,474.55386
9049,471.56583
9050,401.42282
9051,413.58322
9052,407.17807
9053,426.69827
9054,435.45337
9055,464.70615
9056,400.0828
9057,494.92883
9058,449.51028
9059,469.49222
9060,486.68228
9061,432.864
9062,422.53842
9063,382.07428
9064,474.82416
9065,416.218
9066,517.92444
9067,484.8156
9068,526.7902
9069,464.66266
9070,467.7431
9071,426.44717
9072,461.93637
9073,383.67456
9074,488.3593
9075,429.5657
9076,520.10455
9077,393.41263
9078,499.4437
9079,440.14795
9080,461.41125
9081,444.83023
9082,516.1475
9083,420.69025
9084,442.24927
9085,439.8665
9086,469.9313
9087,409.7643
9088,521.3034
9089,371.38727
9090,450.17767
9091,444.82962
9092,440.36404
9093,435.53918
9094,442.0409
9095,440.68933
9096,452.13086
9097,405.80658
9098,506.3934
9099,476.71542
9100,469.3145
9101,410.3909
9102,443.4852
9103,423.50113
9104,495.6646
9105,540.576
9106,436.1021
9107,494.20865
9108,389.12982
9109,462.7047
9110,523.472
9111,468.54694
9112,499.5326
9113,483.94757
9114,473.1758
9115,440.82678
9116,384.29245
9117,402.1048
9118,496.48465
9119,425.22388
9120,414.92752
9121,476.61978
9122,379.96548
9123,448.29745
9124,451.95822
9125,552.4877
9126,441.6908
9127,414.81094
9128,479.65213
9129,517.51746
9130,415.65317
9131,423.64603
9132,342.89526
9133,474.38275
9134,420.21234
9135,374.91873
9136,496.98788
9137,414.75427
9138,436.74115
9139,439.11874
9140,420.40274
9141,459.37097
9142,427.25977
9143,414.03232
9144,466.24158
9145,477.01926
9146,470.14624
9147,478.90335
9148,502.591
9149,406.66934
9150,377.90112
9151,472.56946
9152,525.06573
9153,429.00723
9154,466.471
9155,418.41418
9156,430.9568
9157,440.96323
9158,386.7265
9159,451.84903
9160,452.92624
9161,456.4692
9162,479.18536
9163,493.79938
9164,412.85516
9165,414.93942
9166,476.80594
9167,524.5568
9168,395.94257
9169,479.76965
9170,403.37903
9171,604.88464
9172,477.54236
9173,392.73563
9174,420.58914
9175,439.09543
9176,464.80923
9177,467.2232
9178,462.32574
9179,512.6867
9180,421.06308
9181,387.68063
9182,336.3912
9183,498.0129
9184,500.32614
9185,479.6217
9186,440.20248
9187,462.86038
9188,469.95108
9189,501.72784
9190,430.7839
9191,475.84943
9192,477.40347
9193,432.01968
9194,433.91522
9195,357.9754
9196,480.41364
9197,403.4426
9198,386.97214
9199,433.91574
9200,459.57703
9201,443.05392
9202,476.07336
9203,373.70377
9204,402.33203
9205,357.1107
9206,426.4632
9207,489.65482
9208,472.97778
9209,451.93774
9210,478.0589
9211,493.28802
9212,377.18488
9213,416.43115
9214,496.73703
9215,457.62195
9216,461.83975
9217,403.78696
9218,466.61923
9219,461.70224
9220,470.83777
9221,366.34818
9222,411.21292
9223,417.26266
9224,500.58475
9225,329.22577
9226,401.65598
9227,485.43985
9228,455.93588
9229,453.67065
9230,457.9255
9231,441.15265
9232,406.28317
9233,460.79755
9234,441.06464
9235,350.89487
9236,475.1189
9237,487.93192
9238,464.0818
9239,488.83273
9240,407.98224
9241,502.80783
9242,392.48114
9243,578.60095
9244,499.493
9245,534.8169
9246,498.92816
9247,475.99817
9248,485.03946
9249,470.38715
9250,401.07034
9251,420.1603
9252,481.8028
9253,404.3697
9254,499.60352
9255,364.6677
9256,461.24014
9257,458.57794
9258,410.00906
9259,433.76004
9260,326.51413
9261,508.81427
9262,412.33844
9263,487.92026
9264,422.9094
9265,408.3198
9266,491.54062
9267,410.41113
9268,433.15155
9269,499.2518
9270,389.5226
9271,495.09515
9272,450.79218
9273,416.765
9274,470.08627
9275,415.7899
9276,529.58215
9277,510.21503
9278,444.45032
9279,456.57333
9280,431.17294
9281,441.285
9282,392.2086
9283,401.43152
9284,474.0556
9285,477.07483
9286,459.44702
9287,513.53864
9288,468.93857
9289,484.0756
9290,432.221
9291,425.55057
9292,434.6517
9293,358.66867
9294,437.2057
9295,484.70648
9296,426.35596
9297,432.89713
9298,512.2351
9299,559.5672
9300,471.55728
9301,397.36737
9302,470.989
9303,470.22244
9304,520.6408
9305,479.0611
9306,380.75525
9307,435.24963
9308,480.09543
9309,486.95316
9310,439.14108
9311,477.01324
9312,477.06683
9313,400.2935
9314,432.94543
9315,403.1967
9316,538.9295
9317,431.58936
9318,479.78564
9319,517.8374
9320,371.0122
9321,426.07986
9322,468.54834
9323,423.74722
9324,515.08405
9325,410.47455
9326,370.89233
9327,493.22675
9328,433.0973
9329,443.02896
9330,462.19473
9331,412.51358
9332,410.91306
9333,391.58264
9334,473.0415
9335,485.69858
9336,429.13638
9337,471.78577
9338,505.81177
9339,433.87744
9340,484.69992
9341,498.17776
9342,468.30002
9343,403.6583
9344,417.58002
9345,413.1852
9346,402.02206
9347,437.54312
9348,390.0475
9349,524.75586
9350,461.01712
9351,441.0595
9352,386.31653
9353,405.6225
9354,513.20935
9355,393.53452
9356,471.1751
9357,485.26334
9358,486.15042
9359,344.71634
9360,432.0158
9361,515.4222
9362,473.89423
9363,531.358
9364,417.35516
9365,454.62073
9366,482.33597
9367,460.94415
9368,415.59903
9369,452.92892
9370,480.87238
9371,501.87433
9372,501.9324
9373,490.38785
9374,398.23752
9375,420.8005
9376,484.66486
9377,422.65723
9378,380.49738
9379,433.94348
9380,448.5405
9381,401.6058
9382,514.76373
9383,379.36487
9384,464.5212
9385,434.07504
9386,522.1201
9387,556.569
9388,497.43173
9389,404.87708
9390,473.57263
9391,469.6743
9392,465.58237
9393,433.64352
9394,507.66833
9395,450.3048
9396,424.8176
9397,546.8281
9398,485.7552
9399,401.76843
9400,330.90756
9401,443.51624
9402,463.41034
9403,420.88638
9404,492.92926
9405,487.75974
9406,430.81088
9407,404.20776
9408,541.8316
9409,421.16602
9410,438.43726
9411,409.06326
9412,445.3589
9413,468.9756
9414,465.73843
9415,449.37347
9416,459.9402
9417,487.05057
9418,423.32193
9419,489.45166
9420,422.08636
9421,490.46008
9422,417.16916
9423,466.69626
9424,484.93976
9425,424.09155
9426,494.23538
9427,483.35184
9428,420.8232
9429,513.4509
9430,496.8441
9431,413.1296
9432,436.60397
9433,444.22116
9434,429.43405
9435,474.81778
9436,455.39987
9437,473.0545
9438,399.4906
9439,489.95474
9440,507.42136
9441,472.52502
9442,496.94214
9443,451.3132
9444,466.41644
9445,458.2227
9446,474.9269
9447,502.50494
9448,406.74213
9449,400.95624
9450,519.5086
9451,440.63657
9452,407.66324
9453,444.72787
9454,431.24655
9455,564.57446
9456,414.17877
9457,520.7214
9458,489.95102
9459,473.40332
9460,444.46405
9461,422.3122
9462,424.96112
9463,466.37997
9464,404.0319
9465,447.02847
9466,454.24054
9467,506.92783
9468,491.77536
9469,525.5134
9470,513.5757
9471,558.44763
9472,463.09586
9473,443.1213
9474,465.13004
9475,480.30292
9476,462.23346
9477,479.59537
9478,383.40817
9479,494.55063
9480,472.94992
9481,434.4827
9482,482.64246
9483,470.6589
9484,479.63965
9485,468.13507
9486,519.2695
9487,465.01755
9488,424.23688
9489,350.26712
9490,430.29132
9491,438.21567
9492,503.43488
9493,349.51843
9494,447.98752
9495,496.83084
9496,403.3242
9497,426.09576
9498,454.93018
9499,500.4398
9500,491.1287
9501,447.9721
9502,467.0919
9503,507.57217
9504,398.068
9505,447.50705
9506,497.61145
9507,457.5883
9508,464.05817
9509,504.33493
9510,438.8604
9511,518.8496
9512,442.59796
9513,408.19577
9514,440.23203
9515,467.3432
9516,402.10718
9517,444.50052
9518,451.41803
9519,394.65295
9520,425.56714
9521,377.74127
9522,475.59277
9523,455.6405
9524,438.1932
9525,433.04297
9526,502.30875
9527,435.0694
9528,444.60895
9529,432.30914
9530,537.4342
9531,508.143
9532,461.96045
9533,450.66165
9534,412.73242
9535,423.44836
9536,443.0459
9537,473.89816
9538,434.28342
9539,377.15674
9540,427.2953
9541,465.26862
9542,472.67114
9543,397.94247
9544,495.85782
9545,500.53687
9546,452.41437
9547,425.28906
9548,397.42874
9549,448.66342
9550,439.304
9551,455.11838
9552,535.3688
9553,421.43637
9554,369.29382
9555,450.10562
9556,488.2733
9557,475.91672
9558,512.33716
9559,454.2785
9560,407.16193
9561,394.72482
9562,424.65604
9563,431.56464
9564,374.7779
9565,430.6349
9566,356.69162
9567,436.76395
9568,487.63553
9569,436.0009
9570,564.6954
9571,477.00015
9572,413.28592
9573,461.88498
9574,575.5482
9575,535.56396
9576,424.85663
9577,429.36594
9578,498.854
9579,454.93338
9580,496.44687
9581,474.56403
9582,457.1345
9583,429.52835
9584,463.03705
9585,407.94537
9586,434.89346
9587,478.73648
9588,439.33487
9589,447.15674
9590,387.3874
9591,390.91037
9592,450.3197
9593,467.16974
9594,447.77396
9595,468.07358
9596,386.09833
9597,446.7986
9598,511.1048
9599,338.4868
9600,475.04767
9601,481.4196
9602,420.76288
9603,456.37766
9604,457.28622
9605,484.44858
9606,386.6245
9607,405.22552
9608,432.59973
9609,466.2392
9610,502.61346
9611,443.15692
9612,361.36655
9613,435.50604
9614,473.6118
9615,433.64984
9616,444.7109
9617,460.752
9618,419.27667
9619,416.29962
9620,434.7559
9621,468.25247
9622,443.03317
9623,420.74445
9624,460.20038
9625,409.20096
9626,499.01273
9627,413.07645
9628,492.48627
9629,429.65747
9630,434.9976
9631,447.62888
9632,445.46786
9633,410.1502
9634,506.32874
9635,492.30777
9636,461.44574
9637,530.5554
9638,375.23813
9639,406.68948
9640,450.6843
9641,416.9836
9642,523.9353
9643,391.45178
9644,441.64212
9645,432.41675
9646,443.39566
9647,473.0809
9648,437.67734
9649,490.76794
9650,550.2163
9651,431.49695
9652,557.7763
9653,496.0226
9654,511.66232
9655,441.6614
9656,377.0675
9657,455.94205
9658,503.31137
9659,498.395
9660,515.5712
9661,464.37357
9662,424.39188
9663,471.95706
9664,339.42346
9665,388.0779
9666,393.28384
9667,526.1096
9668,492.992
9669,449.8957
9670,518.7211
9671,466.98813
9672,498.91974
9673,461.8047
9674,527.1562
9675,479.75748
9676,461.50046
9677,486.0455
9678,468.62207
9679,523.93427
9680,461.91037
9681,508.94672
9682,496.2944
9683,444.36392
9684,389.8245
9685,477.32376
9686,520.0758
9687,521.9096
9688,381.89566
9689,471.26468
9690,496.5416
9691,459.86398
9692,431.62106
9693,420.96268
9694,434.9017
9695,445.62903
9696,578.12445
9697,416.8458
9698,407.09683
9699,547.60175
9700,482.88242
9701,502.38058
9702,512.1001
9703,463.84216
9704,459.47458
9705,510.36298
9706,456.85974
9707,416.5806
9708,380.94556
9709,460.8558
9710,421.75858
9711,364.4396
9712,452.5693
9713,357.174
9714,421.01843
9715,413.2698
9716,453.5941
9717,456.9515
9718,470.43112
9719,410.227
9720,441.82956
9721,452.5918
9722,376.77686
9723,457.705
9724,457.38516
9725,470.18793
9726,449.23224
9727,448.68936
9728,450.13455
9729,532.5204
9730,384.60992
9731,437.449
9732,447.89706
9733,483.5916
9734,402.1602
9735,465.70074
9736,489.85297
9737,410.20743
9738,509.3008
9739,461.65665
9740,481.01785
9741,463.06174
9742,511.51337
9743,398.52982
9744,491.99405
9745,454.96783
9746,411.4425
9747,348.0396
9748,475.99518
9749,431.63626
9750,479.76453
9751,436.5244
9752,418.81113
9753,435.1709
9754,397.71005
9755,452.7716
9756,432.31915
9757,452.8273
9758,471.02072
9759,459.46753
9760,440.5855
9761,401.8787
9762,467.15967
9763,387.5599
9764,425.16296
9765,439.0619
9766,452.02435
9767,421.90723
9768,438.2235
9769,472.52686
9770,486.94534
9771,475.25208
9772,471.219
9773,493.78375
9774,480.48724
9775,439.25772
9776,442.847
9777,444.5381
9778,442.29196
9779,495.50095
9780,437.26724
9781,485.21634
9782,429.046
9783,477.50388
9784,402.5238
9785,481.49225
9786,508.14688
9787,503.276
9788,437.68585
9789,507.30545
9790,547.61176
9791,489.154
9792,406.1909
9793,489.5878
9794,526.8588
9795,484.33142
9796,496.02222
9797,468.03412
9798,484.24097
9799,446.5295
9800,463.44983
9801,450.56973
9802,419.95267
9803,548.8126
9804,458.73138
9805,389.13693
9806,410.07977
9807,478.9524
9808,509.48096
9809,444.62213
9810,495.6753
9811,491.26843
9812,406.65094
9813,485.704
9814,408.06305
9815,486.10013
9816,402.56772
9817,439.4601
9818,428.62646
9819,385.57047
9820,383.75156
9821,505.9065
9822,417.44232
9823,495.97867
9824,382.22125
9825,451.6897
9826,421.43152
9827,432.02963
9828,561.20355
9829,512.2815
9830,494.93024
9831,456.365
9832,387.81525
9833,405.55032
9834,482.55167
9835,462.5304
9836,460.00507
9837,423.61404
9838,480.29028
9839,454.1462
9840,451.2171
9841,416.0295
9842,437.9068
9843,525.64886
9844,376.34042
9845,480.5529
9846,442.804
9847,475.25
9848,419.308
9849,457.5541
9850,373.60794
9851,411.54932
9852,411.20624
9853,485.57574
9854,420.51566
9855,468.46417
9856,380.62796
9857,469.2871
9858,518.21045
9859,514.036
9860,392.5765
9861,442.18253
9862,492.1129
9863,415.758
9864,449.61734
9865,470.21643
9866,420.25095
9867,463.31683
9868,476.67136
9869,428.61575
9870,421.75992
9871,496.5505
9872,520.3986
9873,416.64218
9874,380.1469
9875,401.55887
9876,477.06693
9877,400.37912
9878,517.77496
9879,397.96796
9880,488.70828
9881,474.28787
9882,526.9125
9883,456.7153
9884,452.4482
9885,449.53745
9886,448.37726
9887,484.56305
9888,436.26358
9889,451.26666
9890,405.72217
9891,424.09946
9892,415.08322
9893,407.396
9894,425.9503
9895,445.8741
9896,408.64645
9897,506.2557
9898,421.2037
9899,479.73297
9900,413.4754
9901,415.95468
9902,367.7975
9903,384.35715
9904,490.3989
9905,381.97595
9906,443.47357
9907,492.53085
9908,462.84445
9909,434.8177
9910,419.13083
9911,411.94278
9912,409.8992
9913,511.62643
9914,445.3057
9915,437.52725
9916,478.0897
9917,510.95377
9918,441.99725
9919,433.27603
9920,342.88577
9921,388.82724
9922,484.53363
9923,455.02286
9924,489.35312
9925,410.95895
9926,436.7117
9927,545.2817
9928,442.0416
9929,490.0378
9930,460.3952
9931,471.54532
9932,443.69553
9933,477.64474
9934,535.29047
9935,427.3255
9936,456.33606
9937,486.1198
9938,427.80396
9939,419.7949
9940,411.88135
9941,420.05307
9942,431.17032
9943,474.26642
9944,382.78375
9945,512.2089
9946,413.84717
9947,475.02475
9948,441.89517
9949,491.7828
9950,440.79907
9951,457.31723
9952,396.3882
9953,475.2337
9954,444.20142
9955,468.5695
9956,374.1806
9957,403.4745
9958,470.91238
9959,481.80762
9960,452.57083
9961,414.95798
9962,430.65842
9963,433.0372
9964,438.975
9965,375.3756
9966,358.9635
9967,437.8852
9968,372.86365
9969,399.62366
9970,412.55548
9971,456.81732
9972,495.10233
9973,432.61514
9974,511.05707
9975,436.09372
9976,419.042
9977,396.84372
9978,515.34503
9979,503.19373
9980,408.69116
9981,445.10785
9982,454.81573
9983,449.0566
9984,457.3397
9985,383.68475
9986,423.55984
9987,388.35315
9988,418.54904
9989,401.36276
9990,410.48795
9991,471.26465
9992,439.07965
9993,505.01913
9994,436.54318
9995,423.28912
9996,458.43692
9997,379.13702
9998,493.4218
9999,493.56378
10000,522.93506
10001,449.09415
10002,472.92935
10003,346.39926
10004,396.3757
10005,503.72415
10006,455.94724
10007,436.32043
10008,451.56244
10009,472.70654
10010,463.818
10011,475.10428
10012,384.70084
10013,479.52817
10014,322.81232
10015,444.38138
10016,453.29956
10017,467.22433
10018,458.08804
10019,491.30408
10020,473.06503
10021,483.1058
10022,446.7462
10023,449.68896
10024,510.9205
10025,542.416
10026,333.96933
10027,363.50458
10028,424.85248
10029,496.00308
10030,481.4803
10031,494.93268
10032,383.85745
10033,475.89648
10034,434.74515
10035,461.83023
10036,461.80273
10037,466.09396
10038,474.11508
10039,476.31247
10040,418.8779
10041,427.968
10042,451.91348
10043,497.32974
10044,419.26453
10045,407.81418
10046,450.78745
10047,433.22626
10048,485.10422
10049,455.1869
10050,386.58505
10051,499.15787
10052,377.51547
10053,463.8555
10054,401.4612
10055,395.69882
10056,487.1329
10057,445.53748
10058,492.06354
10059,452.5799
10060,471.49506
10061,464.31842
10062,378.54272
10063,448.38416
10064,400.2716
10065,393.70392
10066,419.7275
10067,387.59708
10068,395.8285
10069,493.2272
10070,457.77124
10071,405.95453
10072,470.84372
10073,406.76813
10074,486.07498
10075,476.903
10076,469.42752
10077,448.19647
10078,497.71765
10079,392.7281
10080,377.59964
10081,458.11218
10082,422.4065
10083,396.45294
10084,522.16034
10085,503.9541
10086,454.0468
10087,485.91745
10088,389.19797
10089,509.21732
10090,462.13254
10091,423.02783
10092,394.38492
10093,387.7722
10094,408.36243
10095,461.978
10096,525.4898
10097,412.7252
10098,441.19092
10099,398.85675
10100,389.48807
10101,454.48773
10102,522.0215
10103,572.3259
10104,523.8012
10105,471.03018
10106,453.6865
10107,458.64816
10108,493.53384
10109,512.4272
10110,458.02194
10111,396.56107
10112,430.3022
10113,386.10873
10114,473.73346
10115,485.4775
10116,417.76437
10117,365.44775
10118,501.46356
10119,422.86707
10120,449.6932
10121,489.18753
10122,407.91592
10123,457.3073
10124,467.52148
10125,444.479
10126,436.23987
10127,431.52878
10128,467.5633
10129,419.10855
10130,524.09143
10131,450.32608
10132,452.29822
10133,469.52423
10134,451.89325
10135,341.58453
10136,451.84558
10137,453.136
10138,419.42807
10139,490.7318
10140,432.49896
10141,409.82684
10142,382.22684
10143,488.44196
10144,461.76007
10145,429.63474
10146,432.1595
10147,531.8359
10148,349.76904
10149,487.35605
10150,461.90433
10151,466.63272
10152,408.30066
10153,548.66345
10154,441.65375
10155,387.8117
10156,494.18817
10157,540.37646
10158,438.84323
10159,448.07855
10160,404.2856
10161,484.96637
10162,444.1744
10163,451.75818
10164,424.69714
10165,440.42645
10166,406.81198
10167,498.4306
10168,335.0207
10169,475.15173
10170,484.93793
10171,365.4823
10172,462.83582
10173,398.7213
10174,444.49625
10175,416.46902
10176,522.64606
10177,416.3399
10178,474.10352
10179,454.56088
10180,446.16403
10181,470.94073
10182,390.45425
10183,380.24533
10184,384.05542
10185,383.4644
10186,471.03564
10187,437.36157
10188,413.34213
10189,487.519
10190,474.02826
10191,436.19846
10192,428.3554
10193,380.83325
10194,532.69556
10195,335.84454
10196,493.1041
10197,492.43433
10198,377.04553
10199,490.14447
10200,502.21555
10201,471.6091
10202,461.47116
10203,428.6722
10204,483.03986
10205,474.6204
10206,477.16672
10207,495.28918
10208,398.44037
10209,410.50812
10210,423.10425
10211,564.3233
10212,475.82632
10213,518.9395
10214,446.78394
10215,454.51642
10216,439.7568
10217,446.24582
10218,407.05447
10219,422.9431
10220,479.729
10221,544.65533
10222,475.7131
10223,422.92917
10224,499.96136
10225,399.96997
10226,500.97577
10227,413.19693
10228,431.5541
10229,451.8621
10230,411.29532
10231,489.35263
10232,432.95517
10233,462.7066
10234,514.88495
10235,459.9562
10236,530.0887
10237,403.2688
10238,402.96097
10239,461.73123
10240,461.15677
10241,480.90988
10242,470.80878
10243,496.59332
10244,450.77472
10245,422.74094
10246,414.70282
10247,448.35306
10248,416.84024
10249,430.59793
10250,499.52783
10251,425.7083
10252,449.67468
10253,421.7748
10254,461.4862
10255,444.38394
10256,432.86472
10257,402.70392
10258,457.97403
10259,473.2267
10260,485.39212
10261,444.8573
10262,372.19678
10263,470.97684
10264,479.82047
10265,471.32742
10266,457.966
10267,456.74008
10268,419.63278
10269,451.59424
10270,376.67023
10271,436.1879
10272,462.6904
10273,440.98175
10274,510.60126
10275,416.78375
10276,353.2049
10277,484.28073
10278,389.24146
10279,423.68982
10280,511.84796
10281,377.37567
10282,451.6492
10283,516.6639
10284,457.0724
10285,387.44403
10286,414.7175
10287,513.1662
10288,412.22717
10289,494.50766
10290,463.8558
10291,431.046
10292,427.37683
10293,405.1997
10294,396.4638
10295,440.05225
10296,462.05698
10297,446.37845
10298,484.99655
10299,458.11636
10300,472.01282
10301,457.3248
10302,516.67535
10303,434.51794
10304,468.9333
10305,462.2988
10306,530.2835
10307,492.5183
10308,456.6395
10309,491.3
10310,424.9133
10311,465.70767
10312,504.31656
10313,489.82968
10314,389.09488
10315,486.7928
10316,398.37646
10317,454.53818
10318,513.56104
10319,481.37762
10320,417.38052
10321,515.77423
10322,467.6954
10323,538.8761
10324,442.59308
10325,504.72995
10326,422.7476
10327,546.28796
10328,418.78253
10329,380.533
10330,466.33713
10331,419.0645
10332,410.137
10333,374.75473
10334,426.27087
10335,484.97855
10336,468.0061
10337,502.5385
10338,472.08423
10339,423.80374
10340,401.68945
10341,512.7805
10342,457.1724
10343,448.55093
10344,429.6133
10345,420.6372
10346,455.06516
10347,405.08572
10348,410.0751
10349,471.0267
10350,448.54828
10351,455.15802
10352,462.06143
10353,502.3838
10354,430.1677
10355,419.25912
10356,502.66803
10357,471.0088
10358,490.38483
10359,437.78247
10360,446.6749
10361,499.1501
10362,484.20215
10363,389.28058
10364,521.6848
10365,461.23883
10366,504.57492
10367,525.1599
10368,414.0698
10369,484.21857
10370,495.39056
10371,458.547
10372,408.05093
10373,435.48972
10374,454.94922
10375,400.4968
10376,389.87515
10377,496.0709
10378,467.7457
10379,425.70422
10380,443.98572
10381,482.25436
10382,428.0321
10383,467.63666
10384,515.3437
10385,480.26947
10386,507.72812
10387,471.63727
10388,416.03625
10389,480.7142
10390,449.85672
10391,514.91223
10392,456.5094
10393,476.97913
10394,393.2435
10395,356.74258
10396,502.18387
10397,483.2502
10398,458.26608
10399,456.29343
10400,579.7499
10401,498.2354
10402,463.3996
10403,516.9799
10404,456.61005
10405,448.89853
10406,554.592
10407,382.8349
10408,467.57706
10409,330.04013
10410,508.02542
10411,463.02713
10412,490.9205
10413,453.4649
10414,369.31998
10415,447.95425
10416,445.18378
10417,457.26498
10418,439.34875
10419,415.8907
10420,482.62332
10421,481.52432
10422,407.0234
10423,429.41696
10424,433.79114
10425,472.32648
10426,432.145
10427,471.60666
10428,511.67804
10429,440.0596
10430,392.0875
10431,497.67697
10432,450.7805
10433,434.80383
10434,441.93616
10435,485.67902
10436,384.55545
10437,463.98672
10438,435.49417
10439,387.1583
10440,405.12997
10441,384.7093
10442,508.02164
10443,448.80908
10444,431.9419
10445,418.64737
10446,429.9219
10447,432.65707
10448,427.5403
10449,437.38422
10450,416.31976
10451,433.80084
10452,448.67032
10453,488.23044
10454,445.9765
10455,540.03656
10456,420.6131
10457,440.91418
10458,520.7002
10459,495.2137
10460,434.86926
10461,402.89584
10462,400.15863
10463,454.23193
10464,398.5072
10465,391.1708
10466,428.17856
10467,459.79153
10468,429.6617
10469,413.48672
10470,452.87302
10471,418.0829
10472,435.81247
10473,469.4375
10474,415.52853
10475,397.14362
10476,475.4142
10477,480.21033
10478,397.2135
10479,396.39493
10480,448.22382
10481,444.18768
10482,464.38687
10483,463.4269
10484,423.09702
10485,412.09265
10486,451.92166
10487,440.09262
10488,529.72864
10489,432.18332
10490,438.1715
10491,439.4964
10492,483.48282
10493,447.93503
10494,501.81595
10495,467.22424
10496,444.0924
10497,465.97043
10498,521.63324
10499,427.4545
10500,450.63742
10501,395.56818
10502,402.85373
10503,376.07285
10504,458.94437
10505,461.83667
10506,440.45682
10507,378.71918
10508,475.32077
10509,430.4821
10510,505.03305
10511,450.99673
10512,462.42456
10513,481.41495
10514,503.769
10515,334.4311
10516,488.664
10517,456.31033
10518,378.9271
10519,420.549
10520,407.59647
10521,528.2406
10522,333.08856
10523,425.30762
10524,508.53452
10525,542.9844
10526,466.87848
10527,453.9807
10528,388.9931
10529,525.59326
10530,540.27124
10531,351.28043
10532,451.8409
10533,554.9295
10534,455.19464
10535,480.48462
10536,431.6549
10537,437.22806
10538,467.54077
10539,493.1076
10540,404.06592
10541,436.67093
10542,326.66446
10543,362.06952
10544,434.6749
10545,389.5965
10546,414.4505
10547,465.7769
10548,436.70306
10549,410.00888
10550,446.0281
10551,387.67297
10552,450.42465
10553,490.6366
10554,505.46237
10555,428.79333
10556,506.69183
10557,506.51
10558,489.44168
10559,489.6298
10560,447.98535
10561,478.84894
10562,490.154
10563,456.92355
10564,385.12595
10565,365.44232
10566,382.9733
10567,483.94916
10568,459.8726
10569,393.43143
10570,406.27032
10571,449.92587
10572,389.01584
10573,459.77814
10574,521.8004
10575,439.94977
10576,433.41483
10577,381.75732
10578,442.397
10579,491.9515
10580,439.7184
10581,443.71466
10582,488.90024
10583,485.78848
10584,310.42087
10585,454.04694
10586,468.64853
10587,443.64084
10588,478.25162
10589,491.23734
10590,483.71057
10591,476.0892
10592,533.01337
10593,469.6375
10594,361.21265
10595,392.08823
10596,534.3085
10597,522.47546
10598,526.0111
10599,474.0062
10600,422.16092
10601,392.93137
10602,439.0215
10603,492.86316
10604,458.4038
10605,462.35703
10606,463.3421
10607,473.5629
10608,448.58292
10609,488.6999
10610,494.0574
10611,486.59592
10612,484.66705
10613,424.93948
10614,457.23233
10615,466.6848
10616,476.04712
10617,422.72662
10618,465.0294
10619,373.48257
10620,492.68112
10621,417.18326
10622,488.4442
10623,438.43353
10624,516.75946
10625,364.2711
10626,518.95526
10627,474.30396
10628,465.0024
10629,350.21844
10630,469.9373
10631,510.99112
10632,394.9227
10633,436.95374
10634,520.60004
10635,542.20056
10636,453.33606
10637,458.01483
10638,501.02084
10639,381.0545
10640,466.8126
10641,417.94598
10642,438.3724
10643,446.5507
10644,411.44717
10645,493.5424
10646,494.52957
10647,507.35165
10648,456.94467
10649,426.5703
10650,447.7224
10651,457.67804
10652,512.3695
10653,496.01767
10654,373.3032
10655,448.032
10656,442.79968
10657,414.70618
10658,474.6645
10659,428.6057
10660,421.67142
10661,371.20056
10662,400.10587
10663,456.5309
10664,503.9903
10665,466.39822
10666,468.69412
10667,447.8635
10668,438.33954
10669,393.88632
10670,409.15402
10671,398.48648
10672,428.93106
10673,386.58267
10674,532.74255
10675,566.24493
10676,424.45596
10677,464.14377
10678,426.2893
10679,399.11288
10680,500.2447
10681,479.87885
10682,440.97644
10683,465.1518
10684,396.38873
10685,478.5958
10686,445.6876
10687,453.39267
10688,420.33508
10689,504.4687
10690,533.0508
10691,342.93988
10692,463.91617
10693,471.21664
10694,458.63712
10695,440.29413
10696,396.9065
10697,479.84958
10698,456.44064
10699,484.70377
10700,478.19632
10701,541.4001
10702,427.85022
10703,488.89163
10704,502.3253
10705,420.72986
10706,421.94855
10707,461.32632
10708,371.83838
10709,451.79984
10710,435.488
10711,456.59778
10712,395.06772
10713,441.08466
10714,559.0011
10715,403.87442
10716,458.38983
10717,370.0358
10718,389.18912
10719,457.70227
10720,477.97592
10721,386.47446
10722,527.3618
10723,457.61008
10724,404.40564
10725,486.50638
10726,453.7188
10727,490.0537
10728,418.6864
10729,472.42184
10730,464.04425
10731,444.9451
10732,420.98856
10733,392.40277
10734,473.1426
10735,381.69357
10736,401.8985
10737,476.73282
10738,454.48282
10739,431.48328
10740,503.58484
10741,430.1886
10742,461.38885
10743,428.2905
10744,509.45352
10745,436.14
10746,441.14456
10747,393.2732
10748,433.40335
10749,402.23514
10750,479.3357
10751,484.36572
10752,377.72278
10753,449.65097
10754,409.99365
10755,483.42
10756,513.5937
10757,419.77045
10758,472.20657
10759,431.36972
10760,369.10706
10761,441.01627
10762,451.916
10763,450.49026
10764,465.2201
10765,418.115
10766,436.10535
10767,458.03314
10768,477.0853
10769,475.10138
10770,491.07327
10771,472.15317
10772,415.3208
10773,398.13992
10774,423.58755
10775,443.25732
10776,454.48016
10777,475.94394
10778,486.89816
10779,509.74976
10780,460.5794
10781,502.7801
10782,521.6479
10783,434.94467
10784,514.1654
10785,395.80078
10786,388.70328
10787,527.5881
10788,423.15533
10789,415.13504
10790,354.25415
10791,459.33887
10792,464.37064
10793,474.55502
10794,527.47986
10795,430.45184
10796,511.40085
10797,513.7135
10798,448.79388
10799,372.35617
10800,530.56177
10801,476.88846
10802,390.7546
10803,449.45398
10804,463.43124
10805,441.69336
10806,400.65482
10807,446.13736
10808,451.5087
10809,456.51004
10810,468.36267
10811,374.60776
10812,489.42023
10813,442.8576
10814,450.03177
10815,422.5607
10816,462.08313
10817,399.44217
10818,461.06296
10819,498.27985
10820,444.667
10821,493.5148
10822,536.62146
10823,477.57388
10824,521.0304
10825,492.66736
10826,434.5279
10827,439.64078
10828,475.4715
10829,532.20874
10830,425.41458
10831,490.83255
10832,415.7234
10833,510.49487
10834,464.48523
10835,509.1322
10836,402.00558
10837,554.77686
10838,446.12936
10839,412.04703
10840,486.2295
10841,477.5612
10842,485.03
10843,403.7302
10844,453.461
10845,370.09808
10846,450.69324
10847,446.99338
10848,489.24432
10849,477.0878
10850,486.9411
10851,488.04837
10852,383.19208
10853,454.51086
10854,465.90305
10855,353.29105
10856,443.25467
10857,371.5758
10858,492.70026
10859,397.97687
10860,501.65936
10861,479.63043
10862,424.14978
10863,458.34668
10864,454.4663
10865,443.35056
10866,478.75168
10867,441.97293
10868,389.73883
10869,436.05362
10870,441.03732
10871,440.7371
10872,488.32373
10873,439.4107
10874,407.6719
10875,549.18933
10876,549.1609
10877,436.21582
10878,480.99258
10879,369.17355
10880,493.00516
10881,533.31244
10882,459.64203
10883,469.3566
10884,454.7491
10885,459.1297
10886,420.19666
10887,409.5704
10888,469.68277
10889,465.91763
10890,447.35056
10891,349.74176
10892,476.8234
10893,435.96826
10894,425.18933
10895,500.43744
10896,459.58542
10897,496.9248
10898,509.40643
10899,455.37048
10900,430.18112
10901,400.2229
10902,474.48853
10903,501.05792
10904,464.9824
10905,432.95673
10906,482.29053
10907,448.45352
10908,430.29956
10909,443.10046
10910,350.02664
10911,486.53293
10912,401.2188
10913,458.36374
10914,522.58704
10915,512.86194
10916,452.70502
10917,448.9866
10918,440.36786
10919,459.5945
10920,408.65765
10921,386.07126
10922,419.19525
10923,434.18555
10924,454.1045
10925,470.11426
10926,405.53708
10927,429.64743
10928,411.37872
10929,470.83414
10930,472.39536
10931,492.08478
10932,441.6394
10933,444.2914
10934,439.11102
10935,395.06323
10936,440.9514
10937,421.40378
10938,444.18503
10939,528.18036
10940,427.60056
10941,445.52792
10942,405.72858
10943,399.26398
10944,373.58105
10945,427.14
10946,445.45724
10947,505.1353
10948,463.7562
10949,435.07166
10950,481.95575
10951,456.12408
10952,426.06482
10953,476.0372
10954,505.5925
10955,440.63345
10956,467.17273
10957,453.04614
10958,426.99045
10959,380.9302
10960,424.57272
10961,463.28503
10962,436.41678
10963,449.33075
10964,447.51294
10965,497.87326
10966,480.32587
10967,353.90747
10968,470.15555
10969,378.66165
10970,473.9832
10971,405.44202
10972,374.1919
10973,476.5699
10974,411.28696
10975,329.29547
10976,524.2279
10977,463.40875
10978,446.29068
10979,467.84247
10980,474.05786
10981,360.13776
10982,419.8571
10983,393.9822
10984,439.63943
10985,449.0069
10986,495.1016
10987,454.82077
10988,459.94318
10989,434.34595
10990,345.58902
10991,413.32202
10992,482.70352
10993,511.36792
10994,453.53796
10995,460.56226
10996,464.86743
10997,379.16263
10998,472.68613
10999,522.8043
11000,466.87677
11001,543.0597
11002,471.59088
11003,458.26245
11004,486.02774
11005,486.1607
11006,413.71576
11007,401.3622
11008,451.736
11009,470.43585
11010,496.5209
11011,471.18802
11012,440.0864
11013,478.37167
11014,380.85538
11015,453.61432
11016,480.66782
11017,473.57025
11018,489.01416
11019,510.44962
11020,525.34454
11021,443.5195
11022,469.39105
11023,458.65115
11024,473.88593
11025,417.00583
11026,472.6805
11027,366.75555
11028,439.6736
11029,304.40668
11030,449.09763
11031,507.79413
11032,385.65485
11033,429.55243
11034,504.68884
11035,453.15744
11036,376.60602
11037,397.3638
11038,347.21362
11039,400.81815
11040,427.98615
11041,481.61905
11042,380.27606
11043,369.91742
11044,450.96765
11045,448.99814
11046,438.17413
11047,436.7395
11048,430.2402
11049,467.7589
11050,479.2721
11051,400.58167
11052,411.30603
11053,445.55725
11054,487.1109
11055,517.29065
11056,329.58047
11057,454.40695
11058,441.29694
11059,454.26273
11060,458.68457
11061,499.3073
11062,442.48404
11063,450.44717
11064,371.2951
11065,476.7279
11066,481.5826
11067,424.20004
11068,466.26874
11069,493.31696
11070,359.40088
11071,490.69598
11072,423.31665
11073,466.1209
11074,446.15555
11075,436.1252
11076,479.17676
11077,398.22592
11078,424.94434
11079,395.35324
11080,447.1336
11081,433.1748
11082,503.21838
11083,426.19595
11084,384.9954
11085,435.65158
11086,456.95093
11087,487.6633
11088,433.27493
11089,520.21344
11090,388.9322
11091,402.114
11092,407.26062
11093,452.5677
11094,406.37268
11095,419.9629
11096,393.47055
11097,385.02838
11098,392.79074
11099,356.10803
11100,391.9947
11101,413.2741
11102,447.9255
11103,503.90833
11104,440.30438
11105,434.29364
11106,491.62808
11107,514.55145
11108,443.35754
11109,447.4245
11110,429.55664
11111,413.04245
11112,466.30032
11113,407.5844
11114,454.69016
11115,512.9686
11116,478.7776
11117,459.34348
11118,560.22266
11119,410.72736
11120,488.55472
11121,428.60068
11122,380.80405
11123,466.88837
11124,475.78983
11125,504.54303
11126,464.83377
11127,417.03745
11128,374.49905
11129,386.33368
11130,410.2008
11131,500.05927
11132,439.6176
11133,457.54977
11134,461.71918
11135,450.06207
11136,373.00644
11137,494.89566
11138,459.5098
11139,427.5618
11140,454.7614
11141,517.9916
11142,397.7983
11143,499.88092
11144,489.37314
11145,407.8789
11146,432.10657
11147,404.44635
11148,502.86407
11149,402.15897
11150,502.2892
11151,433.11954
11152,430.39258
11153,449.48032
11154,481.02448
11155,408.57376
11156,420.3689
11157,522.8193
11158,474.3237
11159,428.4749
11160,406.0871
11161,461.75723
11162,439.35342
11163,471.41074
11164,475.2902
11165,418.4681
11166,444.0928
11167,508.3625
11168,452.39972
11169,442.47754
11170,489.44138
11171,456.12973
11172,462.27054
11173,500.3652
11174,451.29196
11175,464.06195
11176,438.4873
11177,502.64877
11178,446.49286
11179,434.38074
11180,431.6854
11181,450.3411
11182,415.47812
11183,354.25717
11184,419.2911
11185,494.8158
11186,491.01495
11187,366.10925
11188,471.4689
11189,425.59045
11190,422.68845
11191,465.70316
11192,445.49252
11193,523.5528
11194,437.8592
11195,434.93985
11196,428.4027
11197,394.86533
11198,448.81085
11199,444.14517
11200,490.1732
11201,422.79315
11202,378.31372
11203,464.04352
11204,439.245
11205,480.31345
11206,435.28305
11207,428.5772
11208,420.84796
11209,439.61105
11210,487.2816
11211,434.46332
11212,432.54126
11213,441.2542
11214,435.21655
11215,488.00323
11216,363.46774
11217,445.60385
11218,353.5962
11219,470.66547
11220,472.95
11221,420.15994
11222,464.55408
11223,475.78613
11224,364.42294
11225,411.93497
11226,360.55154
11227,462.5858
11228,441.7239
11229,394.09628
11230,358.91656
11231,485.5342
11232,440.49252
11233,469.40442
11234,503.63672
11235,419.28748
11236,444.9674
11237,458.6464
11238,477.88947
11239,532.40204
11240,457.40753
11241,472.97464
11242,434.21185
11243,433.76196
11244,426.0602
11245,426.14972
11246,378.79114
11247,454.1966
11248,460.0798
11249,462.5461
11250,445.11258
11251,412.79782
11252,454.6218
11253,457.16083
11254,458.79926
11255,448.02515
11256,422.81866
11257,477.28552
11258,452.30927
11259,431.48917
11260,535.15796
11261,505.2648
11262,426.93683
11263,401.87048
11264,417.6263
11265,466.02866
11266,528.1135
11267,445.6841
11268,417.43552
11269,443.405
11270,506.16797
11271,400.41302
11272,455.2481
11273,457.82098
11274,428.7738
11275,488.3492
11276,419.8955
11277,472.36386
11278,436.07748
11279,423.57816
11280,501.19473
11281,388.0862
11282,508.02737
11283,433.6684
11284,420.87015
11285,488.05722
11286,514.8092
11287,446.70404
11288,389.65848
11289,522.91437
11290,477.39258
11291,408.75955
11292,475.14044
11293,473.15295
11294,451.05713
11295,417.9931
11296,468.84583
11297,466.86276
11298,551.1123
11299,459.5285
11300,344.58163
11301,425.12848
11302,454.78976
11303,480.29727
11304,392.71902
11305,413.79678
11306,404.484
11307,434.27155
11308,443.96112
11309,475.92346
11310,468.98358
11311,493.93484
11312,483.45706
11313,461.3483
11314,413.89203
11315,397.473
11316,491.9225
11317,372.63034
11318,491.67386
11319,480.6082
11320,419.97626
11321,415.44354
11322,457.95386
11323,423.5393
11324,409.13452
11325,410.39124
11326,451.91946
11327,389.3983
11328,522.10236
11329,494.21835
11330,473.39032
11331,416.10553
11332,424.2298
11333,356.32343
11334,474.50778
11335,505.58273
11336,453.18176
11337,371.25595
11338,473.33347
11339,527.9675
11340,554.7296
11341,435.55923
11342,477.896
11343,451.09976
11344,408.44614
11345,493.64902
11346,444.3011
11347,410.40198
11348,394.94592
11349,480.27676
11350,510.52338
11351,461.42218
11352,478.93607
11353,427.37292
11354,449.07202
11355,395.4972
11356,459.44598
11357,517.51025
11358,390.9022
11359,486.68582
11360,443.8719
11361,399.81696
11362,391.609
11363,414.66278
11364,492.95062
11365,411.22446
11366,484.2863
11367,432.47858
11368,495.06027
11369,446.23978
11370,535.6301
11371,472.05905
11372,428.97086
11373,421.82974
11374,445.17343
11375,551.96405
11376,370.5424
11377,531.3389
11378,529.39716
11379,431.87317
11380,377.54282
11381,386.46982
11382,506.04733
11383,463.99286
11384,458.8325
11385,464.29175
11386,440.17322
11387,437.2245
11388,458.20654
11389,445.679
11390,469.48306
11391,426.762
11392,436.09998
11393,475.16205
11394,421.15756
11395,496.2975
11396,427.65652
11397,394.8978
11398,481.7141
11399,428.7109
11400,390.11618
11401,457.27225
11402,457.19644
11403,397.9609
11404,450.79007
11405,410.73236
11406,465.23297
11407,396.66132
11408,483.83667
11409,481.9089
11410,429.6654
11411,450.84027
11412,475.3001
11413,475.14685
11414,432.5521
11415,461.76065
11416,397.2842
11417,465.89288
11418,461.1017
11419,487.72394
11420,517.7675
11421,415.0425
11422,451.8518
11423,398.52722
11424,466.23618
11425,424.73877
11426,443.54825
11427,528.0451
11428,459.67728
11429,432.4051
11430,456.60147
11431,427.9942
11432,456.94763
11433,503.61255
11434,443.85242
11435,497.97095
11436,411.07034
11437,449.72046
11438,537.28864
11439,373.70004
11440,459.33325
11441,426.07593
11442,487.11752
11443,476.86984
11444,521.0907
11445,458.60004
11446,395.80972
11447,479.41473
11448,454.30658
11449,490.47632
11450,429.40573
11451,448.26712
11452,419.09845
11453,472.38867
11454,447.79755
11455,436.27713
11456,369.57224
11457,540.8831
11458,447.50967
11459,508.92358
11460,356.88824
11461,439.32266
11462,356.24976
11463,474.64703
11464,475.11868
11465,445.0339
11466,399.24908
11467,418.05295
11468,510.67737
11469,552.23486
11470,478.02203
11471,529.3504
11472,401.9252
11473,445.91092
11474,463.105
11475,423.96182
11476,453.86102
11477,457.40448
11478,410.5824
11479,421.1578
11480,439.8078
11481,398.32855
11482,442.74353
11483,452.6449
11484,513.64966
11485,399.91022
11486,462.35425
11487,456.9349
11488,517.7843
11489,491.34256
11490,412.44675
11491,414.1468
11492,556.9966
11493,452.92194
11494,519.3729
11495,468.57617
11496,448.9146
11497,429.6877
11498,465.91373
11499,499.9812
11500,483.57672
11501,467.48285
11502,473.58783
11503,505.08844
11504,501.71198
11505,485.42276
11506,419.89273
11507,486.52298
11508,445.19562
11509,499.14233
11510,507.59195
11511,487.6682
11512,367.89108
11513,401.8174
11514,412.49258
11515,445.1759
11516,415.43066
11517,453.42972
11518,402.6273
11519,503.71722
11520,407.87344
11521,490.39557
11522,489.7638
11523,439.86948
11524,475.13086
11525,439.61676
11526,407.6669
11527,383.20914
11528,462.98447
11529,501.5235
11530,436.49826
11531,480.49875
11532,484.0907
11533,476.9988
11534,416.23877
11535,428.7426
11536,389.1555
11537,475.1012
11538,434.0088
11539,387.9236
11540,400.12558
11541,422.46716
11542,469.2547
11543,417.72186
11544,468.8767
11545,473.76794
11546,449.01895
11547,404.93155
11548,433.42145
11549,453.14175
11550,447.70456
11551,510.0473
11552,421.17737
11553,404.92136
11554,479.50635
11555,486.9387
11556,428.49335
11557,452.29883
11558,441.86185
11559,407.80356
11560,473.09613
11561,425.11102
11562,528.21014
11563,500.97702
11564,463.55325
11565,437.93842
11566,553.4156
11567,439.7999
11568,404.14624
11569,464.96994
11570,572.6499
11571,504.07022
11572,388.22684
11573,503.32776
11574,454.1525
11575,517.9832
11576,487.34406
11577,496.78488
11578,507.14145
11579,452.42255
11580,437.8514
11581,437.9108
11582,483.7328
11583,451.97693
11584,451.26312
11585,370.9927
11586,460.40833
11587,460.40765
11588,440.28162
11589,455.93445
11590,441.51993
11591,474.11722
11592,390.85303
11593,363.66293
11594,547.13226
11595,497.23117
11596,468.95203
11597,442.62402
11598,477.83847
11599,391.5858
11600,423.9636
11601,433.71542
11602,514.92456
11603,461.7128
11604,478.67307
11605,446.27747
11606,356.79034
11607,472.37646
11608,405.39795
11609,398.19266
11610,506.54214
11611,522.57623
11612,498.5169
11613,434.6122
11614,480.64835
11615,453.95148
11616,458.57217
11617,387.71277
11618,400.03
11619,395.1538
11620,375.83514
11621,523.89044
11622,431.82437
11623,397.72995
11624,485.60214
11625,420.56775
11626,483.70834
11627,404.32657
11628,444.14835
11629,405.9762
11630,448.90485
11631,435.98694
11632,463.91592
11633,465.48398
11634,405.36557
11635,433.87476
11636,485.48373
11637,452.81946
11638,407.21695
11639,471.37704
11640,471.71716
11641,449.24142
11642,485.49414
11643,466.5206
11644,377.6985
11645,489.2217
11646,502.74194
11647,452.89624
11648,422.45798
11649,462.8606
11650,484.56927
11651,448.64163
11652,481.9682
11653,444.72794
11654,464.2417
11655,389.40402
11656,474.6699
11657,406.66763
11658,404.85828
11659,473.6082
11660,395.99762
11661,459.4188
11662,507.0554
11663,434.20285
11664,366.32587
11665,438.35474
11666,483.37695
11667,388.92694
11668,429.77603
11669,511.9945
11670,429.0614
11671,483.06723
11672,486.84744
11673,481.90143
11674,380.6812
11675,375.0048
11676,562.27405
11677,451.21646
11678,477.4175
11679,445.66113
11680,439.3597
11681,464.41653
11682,476.40488
11683,438.24643
11684,469.0345
11685,466.15573
11686,417.15167
11687,450.9389
11688,458.27072
11689,463.23944
11690,422.77783
11691,416.6905
11692,446.79062
11693,468.96844
11694,455.8036
11695,389.3798
11696,451.1608
11697,423.5828
11698,497.0727
11699,465.17538
11700,502.76932
11701,452.69876
11702,504.59894
11703,447.4402
11704,431.4122
11705,429.68185
11706,400.53006
11707,478.6745
11708,412.13373
11709,475.08612
11710,455.2097
11711,476.40494
11712,462.7943
11713,371.85056
11714,471.15854
11715,480.92453
11716,454.67358
11717,512.118
11718,396.69095
11719,506.75546
11720,470.05408
11721,442.37137
11722,419.8899
11723,419.437
11724,462.2533
11725,511.1358
11726,436.40305
11727,472.86908
11728,450.18304
11729,442.75763
11730,478.0312
11731,493.73557
11732,534.99023
11733,461.7851
11734,468.96933
11735,456.69232
11736,458.2043
11737,378.49515
11738,502.93936
11739,478.0575
11740,398.25198
11741,441.79343
11742,414.8878
11743,475.23547
11744,511.34186
11745,472.36166
11746,495.39743
11747,399.40637
11748,489.7152
11749,421.42996
11750,518.4124
11751,494.34155
11752,467.20926
11753,432.73682
11754,419.23065
11755,487.16708
11756,367.86423
11757,474.22946
11758,502.10522
11759,494.3411
11760,424.4349
11761,484.9516
11762,533.9021
11763,472.51398
11764,492.43802
11765,384.32187
11766,450.01947
11767,402.94586
11768,514.44666
11769,467.89957
11770,437.61035
11771,499.13165
11772,394.98712
11773,488.96292
11774,457.51038
11775,501.0211
11776,405.1154
11777,472.8954
11778,472.86563
11779,432.67175
11780,469.78162
11781,521.2259
11782,498.00076
11783,558.1526
11784,522.0726
11785,476.2737
11786,417.62897
11787,520.9063
11788,476.6441
11789,478.5855
11790,455.02277
11791,504.66922
11792,454.8392
11793,347.2385
11794,448.2589
11795,369.95807
11796,369.8115
11797,441.19086
11798,563.5144
11799,487.92236
11800,473.60638
11801,430.42334
11802,484.47092
11803,425.61932
11804,417.0511
11805,521.6302
11806,494.37875
11807,491.28122
11808,490.6988
11809,416.7952
11810,453.46637
11811,504.27643
11812,396.4888
11813,433.31985
11814,402.6878
11815,437.72604
11816,507.28156
11817,462.50375
11818,461.131
11819,560.9205
11820,452.83676
11821,418.1449
11822,437.8969
11823,404.88397
11824,453.51068
11825,425.05734
11826,433.02695
11827,425.5486
11828,455.5976
11829,461.18564
11830,379.35532
11831,494.60587
11832,436.55765
11833,376.79303
11834,340.633
11835,456.85855
11836,426.88272
11837,413.86673
11838,524.4101
11839,431.37292
11840,465.88934
11841,519.936
11842,413.32916
11843,441.66757
11844,486.43658
11845,475.01993
11846,437.7829
11847,449.0734
11848,476.82645
11849,437.5639
11850,494.88574
11851,485.8467
11852,482.68268
11853,554.87634
11854,464.1024
11855,451.10153
11856,393.92136
11857,461.7183
11858,507.6767
11859,485.39145
11860,457.16364
11861,454.99213
11862,448.35855
11863,454.755
11864,476.27032
11865,432.11774
11866,479.9965
11867,456.83163
11868,465.96866
11869,408.2556
11870,499.72223
11871,473.4383
11872,449.6483
11873,489.5488
11874,443.6122
11875,442.45966
11876,474.81128
11877,496.83057
11878,471.31958
11879,522.13995
11880,455.79465
11881,518.63416
11882,481.31705
11883,453.36142
11884,411.558
11885,463.37006
11886,411.94998
11887,467.18353
11888,400.14804
11889,464.9264
11890,421.92487
11891,423.74872
11892,399.6269
11893,421.04538
11894,474.54852
11895,475.18048
11896,455.0007
11897,424.0109
11898,476.48392
11899,473.29318
11900,492.2455
11901,520.68445
11902,553.76056
11903,411.9752
11904,309.8466
11905,504.7612
11906,369.14798
11907,416.20822
11908,438.6565
11909,407.9459
11910,418.50748
11911,497.55545
11912,488.70868
11913,506.6093
11914,434.52615
11915,404.6338
11916,464.25015
11917,478.09225
11918,488.74026
11919,436.14435
11920,486.16507
11921,395.6137
11922,401.32693
11923,469.1285
11924,492.74155
11925,451.5187
11926,502.805
11927,518.6389
11928,442.72733
11929,500.18127
11930,427.0793
11931,492.81485
11932,460.07797
11933,450.68567
11934,466.87512
11935,467.6345
11936,426.53128
11937,461.2148
11938,516.27637
11939,447.3351
11940,514.5742
11941,494.51566
11942,474.35812
11943,480.6594
11944,425.07556
11945,443.06488
11946,537.3702
11947,387.88748
11948,435.91156
11949,463.72922
11950,472.20105
11951,427.307
11952,448.5877
11953,478.6808
11954,454.2309
11955,436.51407
11956,409.76053
11957,503.51993
11958,447.4605
11959,364.20667
11960,428.5775
11961,462.8439
11962,399.0279
11963,460.30804
11964,436.98
11965,419.85184
11966,457.38702
11967,516.87054
11968,444.20425
11969,468.0441
11970,538.92847
11971,503.27014
11972,531.434
11973,518.9117
11974,477.82922
11975,505.1085
11976,440.26172
11977,524.35114
11978,455.37665
11979,399.3272
11980,425.91202
11981,459.66812
11982,418.60947
11983,519.41376
11984,459.52173
11985,462.21716
11986,326.10037
11987,468.83453
11988,412.7768
11989,421.54984
11990,503.31174
11991,443.5519
11992,462.16873
11993,503.97134
11994,401.30252
11995,428.52545
11996,351.32812
11997,494.78775
11998,508.02463
11999,378.43344
12000,485.89575
12001,444.10318
12002,490.16205
12003,455.6068
12004,444.3417
12005,510.24268
12006,451.60907
12007,469.0921
12008,478.42865
12009,554.33344
12010,475.7052
12011,460.40793
12012,456.81073
12013,514.87335
12014,404.19675
12015,474.79428
12016,517.5725
12017,489.22675
12018,430.26947
12019,496.26007
12020,471.73822
12021,494.44968
12022,537.3252
12023,408.02902
12024,405.71603
12025,424.83505
12026,325.27655
12027,381.7411
12028,451.17264
12029,424.28662
12030,504.65823
12031,466.84375
12032,524.18524
12033,463.20615
12034,430.81116
12035,399.00302
12036,500.80365
12037,443.6033
12038,441.1307
12039,416.8953
12040,505.6807
12041,449.61792
12042,399.91568
12043,490.62323
12044,516.1764
12045,531.6335
12046,439.9816
12047,440.13095
12048,458.82877
12049,434.0355
12050,511.82303
12051,415.64108
12052,462.65247
12053,477.5389
12054,472.90402
12055,441.79373
12056,470.52246
12057,425.8541
12058,502.52444
12059,497.99393
12060,413.21338
12061,440.39822
12062,482.51877
12063,438.71347
12064,551.8112
12065,366.98584
12066,434.32123
12067,491.17407
12068,421.87122
12069,465.19202
12070,466.8695
12071,414.57935
12072,412.9252
12073,428.15067
12074,395.18124
12075,381.51788
12076,439.12424
12077,462.81912
12078,472.61392
12079,439.7881
12080,533.77435
12081,453.5536
12082,472.0031
12083,402.9137
12084,472.98807
12085,403.1761
12086,369.77585
12087,461.448
12088,405.37253
12089,422.7604
12090,434.62915
12091,515.18225
12092,454.9164
12093,427.59293
12094,474.93362
12095,478.81152
12096,432.65225
12097,401.1317
12098,510.64902
12099,400.29123
12100,398.13623
12101,427.2082
12102,486.25684
12103,457.88568
12104,405.56555
12105,439.7845
12106,483.97092
12107,488.91153
12108,464.89938
12109,431.94724
12110,516.39215
12111,425.0939
12112,447.3073
12113,474.08173
12114,487.05173
12115,407.47388
12116,473.4887
12117,506.07486
12118,451.15546
12119,413.87436
12120,551.03564
12121,475.83456
12122,418.58936
12123,520.77856
12124,449.07886
12125,470.3065
12126,493.29974
12127,482.72162
12128,440.99347
12129,419.33414
12130,512.49255
12131,445.98257
12132,461.34454
12133,461.02402
12134,488.712
12135,449.71808
12136,400.24744
12137,447.3624
12138,435.8268
12139,558.9754
12140,415.34863
12141,503.71436
12142,439.19144
12143,464.77502
12144,488.86942
12145,438.51013
12146,499.12692
12147,420.22495
12148,430.3035
12149,442.55453
12150,454.34793
12151,368.57947
12152,400.09705
12153,423.5826
12154,441.38556
12155,381.09335
12156,454.84027
12157,449.93784
12158,477.11206
12159,430.05112
12160,389.773
12161,471.51324
12162,465.69196
12163,462.04367
12164,410.01547
12165,481.29034
12166,446.89645
12167,445.22247
12168,398.15363
12169,501.77274
12170,472.18564
12171,498.7054
12172,515.7319
12173,377.0477
12174,493.66653
12175,370.63635
12176,433.99124
12177,395.50266
12178,471.22385
12179,478.71097
12180,467.3305
12181,451.63528
12182,466.76233
12183,468.14587
12184,480.24954
12185,400.8366
12186,493.09332
12187,467.71198
12188,451.22192
12189,587.6584
12190,459.55402
12191,467.7495
12192,497.48035
12193,416.63138
12194,470.49506
12195,452.82095
12196,392.67276
12197,499.0942
12198,429.0224
12199,474.65875
12200,442.17737
12201,592.2373
12202,420.64783
12203,442.77026
12204,397.27838
12205,432.71298
12206,435.95508
12207,427.9354
12208,415.87717
12209,524.4007
12210,390.6401
12211,375.7287
12212,428.52917
12213,495.74207
12214,438.24554
12215,415.12604
12216,460.12717
12217,474.1384
12218,423.35748
12219,428.44638
12220,427.91257
12221,452.5849
12222,412.11862
12223,446.1117
12224,436.6373
12225,475.228
12226,517.1179
12227,511.15753
12228,439.42395
12229,449.44287
12230,474.8177
12231,422.48618
12232,466.27924
12233,431.36777
12234,479.34174
12235,494.97522
12236,446.9899
12237,462.594
12238,487.72522
12239,442.1222
12240,502.9157
12241,433.2338
12242,429.98718
12243,437.2549
12244,370.6277
12245,467.02014
12246,436.7723
12247,427.79468
12248,506.92728
12249,456.4206
12250,421.15167
12251,454.80344
12252,458.1907
12253,527.8041
12254,493.7642
12255,397.2233
12256,414.31204
12257,407.48184
12258,455.91705
12259,417.92502
12260,418.6068
12261,417.65256
12262,458.73938
12263,419.75278
12264,358.03787
12265,452.93808
12266,514.1855
12267,414.36737
12268,506.8225
12269,501.33353
12270,477.72015
12271,394.06235
12272,428.67502
12273,444.4818
12274,454.8788
12275,377.246
12276,455.6371
12277,403.71973
12278,440.62653
12279,464.77292
12280,431.34412
12281,500.14246
12282,482.47186
12283,494.7783
12284,467.64642
12285,531.1473
12286,483.59528
12287,408.76544
12288,406.4208
12289,456.8083
12290,492.2873
12291,494.50638
12292,479.20508
12293,440.69568
12294,437.79208
12295,399.27872
12296,381.01678
12297,435.49808
12298,461.2264
12299,427.8108
12300,499.2989
12301,505.51596
12302,333.23254
12303,432.82907
12304,452.0941
12305,506.37817
12306,469.1224
12307,434.45135
12308,409.32294
12309,448.31555
12310,464.61493
12311,440.68835
12312,463.1664
12313,452.1239
12314,498.62277
12315,517.685
12316,340.11264
12317,481.34744
12318,482.72162
12319,531.10736
12320,401.7172
12321,502.92368
12322,505.80844
12323,406.08737
12324,466.26984
12325,388.90982
12326,311.64734
12327,440.16507
12328,441.58475
12329,488.534
12330,427.83997
12331,404.58255
12332,427.34964
12333,453.65094
12334,422.00507
12335,472.08893
12336,425.5815
12337,546.40125
12338,476.75565
12339,426.47083
12340,389.30795
12341,413.1561
12342,424.66193
12343,402.06992
12344,464.9326
12345,528.7241
12346,399.19568
12347,377.75787
12348,444.19284
12349,545.5924
12350,389.01178
12351,451.21313
12352,454.64975
12353,490.86417
12354,412.62558
12355,482.71664
12356,406.47375
12357,427.07886
12358,464.38153
12359,327.85678
12360,468.1068
12361,450.22137
12362,457.07358
12363,467.6073
12364,419.01102
12365,465.185
12366,440.7939
12367,487.2052
12368,397.7226
12369,505.39462
12370,489.46762
12371,447.33978
12372,446.39154
12373,498.8365
12374,428.88885
12375,386.82297
12376,447.00742
12377,506.4498
12378,438.31577
12379,474.36447
12380,574.3249
12381,437.33057
12382,403.03952
12383,544.1156
12384,379.1833
12385,456.35797
12386,473.3022
12387,505.45193
12388,447.92
12389,419.52072
12390,501.17523
12391,324.00772
12392,494.12262
12393,531.5085
12394,488.4427
12395,415.9281
12396,412.63434
12397,444.43283
12398,487.14194
12399,516.0156
12400,491.34866
12401,446.6473
12402,450.35522
12403,420.24088
12404,473.64346
12405,453.63892
12406,382.87173
12407,479.3177
12408,498.22958
12409,439.41187
12410,535.337
12411,427.06445
12412,457.32028
12413,472.8282
12414,335.73965
12415,356.3497
12416,476.78503
12417,395.2181
12418,347.01105
12419,421.8209
12420,429.22803
12421,475.67395
12422,444.6335
12423,368.19116
12424,402.14798
12425,471.47604
12426,438.23846
12427,469.3688
12428,438.25742
12429,424.66074
12430,499.5169
12431,448.7832
12432,381.1908
12433,409.1169
12434,428.30014
12435,520.5331
12436,425.18735
12437,378.35742
12438,417.5333
12439,489.56375
12440,506.68723
12441,415.47678
12442,433.9325
12443,399.3754
12444,495.19315
12445,434.48145
12446,471.41568
12447,460.90927
12448,444.37805
12449,414.53214
12450,463.8028
12451,399.76694
12452,492.45764
12453,466.07144
12454,454.4948
12455,514.4223
12456,456.03662
12457,510.09415
12458,334.3615
12459,518.84186
12460,434.0658
12461,475.70392
12462,449.57275
12463,435.0377
12464,456.09357
12465,470.31186
12466,487.98386
12467,474.63998
12468,461.95526
12469,448.30634
12470,451.4747
12471,482.06778
12472,478.1903
12473,380.7982
12474,425.7239
12475,393.42282
12476,407.11508
12477,439.11752
12478,471.61664
12479,387.10214
12480,440.8385
12481,427.91092
12482,495.16388
12483,541.66956
12484,411.9429
12485,458.51917
12486,472.17194
12487,427.58826
12488,464.1517
12489,479.35544
12490,422.5419
12491,438.35196
12492,434.33267
12493,349.48508
12494,496.33685
12495,442.88174
12496,489.39447
12497,542.5649
12498,424.2269
12499,523.8576
12500,494.70197
12501,479.36353
12502,394.74796
12503,470.7874
12504,471.29062
12505,434.6043
12506,528.4023
12507,423.80554
12508,369.72726
12509,425.02023
12510,521.8156
12511,447.2695
12512,458.4432
12513,464.7723
12514,393.25223
12515,418.8561
12516,507.56824
12517,484.41647
12518,475.46243
12519,435.18085
12520,365.2848
12521,441.70328
12522,509.58466
12523,441.02927
12524,493.3486
12525,461.01935
12526,391.0499
12527,342.2274
12528,413.03806
12529,501.2495
12530,426.0299
12531,445.54138
12532,442.98834
12533,455.26016
12534,465.96835
12535,424.4862
12536,461.56317
12537,487.32477
12538,461.20428
12539,375.9858
12540,490.78647
12541,525.90906
12542,451.94763
12543,474.10834
12544,453.1755
12545,426.11636
12546,533.36993
12547,481.84967
12548,473.24634
12549,453.76425
12550,435.2909
12551,440.83072
12552,390.6993
12553,429.46948
12554,499.86188
12555,424.75516
12556,489.6442
12557,439.65897
12558,484.6978
12559,420.05707
12560,415.5565
12561,469.85284
12562,424.3911
12563,420.58667
12564,478.15613
12565,443.68393
12566,442.37827
12567,459.15714
12568,430.34705
12569,417.53354
12570,471.65555
12571,368.40158
12572,472.52277
12573,335.66742
12574,384.67215
12575,495.95523
12576,421.03595
12577,421.39368
12578,378.31674
12579,512.4062
12580,456.2151
12581,364.6511
12582,505.32462
12583,474.78287
12584,445.2479
12585,509.70215
12586,397.0559
12587,388.59622
12588,458.0231
12589,469.86
12590,434.18414
12591,403.83127
12592,528.58813
12593,407.64273
12594,392.13132
12595,464.06296
12596,451.01385
12597,472.76443
12598,401.96622
12599,460.4232
12600,439.99252
12601,454.19894
12602,476.4265
12603,536.5099
12604,473.74515
12605,522.5042
12606,445.38382
12607,395.1174
12608,434.34302
12609,485.95377
12610,483.1865
12611,500.1735
12612,445.32355
12613,471.9199
12614,467.33752
12615,437.83774
12616,426.83292
12617,447.84763
12618,467.20575
12619,552.6777
12620,495.37482
12621,442.7489
12622,481.65878
12623,448.2093
12624,414.877
12625,454.1629
12626,397.52698
12627,475.58493
12628,402.73303
12629,527.4654
12630,467.56268
12631,442.28534
12632,461.3378
12633,443.2198
12634,451.5664
12635,478.69177
12636,437.3898
12637,486.0307
12638,523.49347
12639,421.0285
12640,415.32074
12641,443.97205
12642,430.5635
12643,376.7081
12644,342.9136
12645,450.42987
12646,428.77664
12647,446.26736
12648,414.79996
12649,535.3141
12650,455.1251
12651,455.391
12652,481.96436
12653,488.9791
12654,432.51544
12655,412.9894
12656,457.37253
12657,441.11615
12658,454.32172
12659,457.508
12660,461.93176
12661,435.3473
12662,407.8016
12663,443.34207
12664,466.13837
12665,521.9198
12666,367.7263
12667,449.1136
12668,475.499
12669,425.23795
12670,449.7155
12671,458.442
12672,425.73434
12673,508.5755
12674,412.53183
12675,451.40402
12676,383.70837
12677,546.49445
12678,416.1742
12679,504.04126
12680,407.82217
12681,538.50323
12682,367.3251
12683,464.65805
12684,464.64838
12685,472.86032
12686,482.76575
12687,436.8514
12688,413.63553
12689,483.4147
12690,509.32986
12691,430.64835
12692,475.13983
12693,467.55292
12694,501.2639
12695,430.0909
12696,408.8883
12697,393.90845
12698,525.76685
12699,433.24765
12700,443.49924
12701,395.0342
12702,412.08975
12703,392.3789
12704,496.74103
12705,497.45068
12706,462.58673
12707,493.52124
12708,459.77542
12709,450.06003
12710,473.6595
12711,471.65695
12712,466.72256
12713,493.80872
12714,371.0475
12715,455.66614
12716,493.1941
12717,466.22577
12718,475.9879
12719,482.0645
12720,509.5744
12721,436.81775
12722,434.24875
12723,440.3999
12724,426.5135
12725,494.74026
12726,456.9546
12727,488.75275
12728,430.48013
12729,406.16095
12730,481.6735
12731,529.79333
12732,454.3855
12733,396.81238
12734,396.12595
12735,464.74902
12736,454.43607
12737,544.9867
12738,473.36368
12739,443.5213
12740,433.4761
12741,468.88928
12742,463.98758
12743,562.85895
12744,441.39136
12745,484.30798
12746,475.25006
12747,439.87625
12748,447.3649
12749,352.14038
12750,512.6844
12751,484.32272
12752,473.6472
12753,468.9681
12754,383.51422
12755,412.19302
12756,387.72107
12757,493.31384
12758,469.47342
12759,505.91205
12760,475.83566
12761,456.6288
12762,454.90265
12763,414.54575
12764,484.91568
12765,405.6026
12766,503.33826
12767,409.51385
12768,441.87585
12769,452.56345
12770,445.30038
12771,489.76016
12772,404.13174
12773,438.3039
12774,533.60266
12775,373.06427
12776,415.9991
12777,486.94754
12778,441.85388
12779,455.13885
12780,435.80914
12781,434.66138
12782,406.04593
12783,397.59384
12784,449.82394
12785,463.62476
12786,410.46112
12787,472.35352
12788,458.63968
12789,397.2481
12790,459.21887
12791,422.17062
12792,517.0641
12793,389.84802
12794,386.60995
12795,562.5957
12796,482.33914
12797,456.82748
12798,502.18195
12799,478.82843
12800,456.68887
12801,431.70312
12802,446.44998
12803,492.55472
12804,500.3232
12805,393.29797
12806,451.12152
12807,502.0078
12808,491.1281
12809,443.72806
12810,511.33273
12811,398.47015
12812,511.4384
12813,518.56775
12814,417.3713
12815,467.34656
12816,486.3938
12817,470.5472
12818,374.6221
12819,493.02023
12820,513.6286
12821,458.4779
12822,506.13492
12823,382.0823
12824,469.93518
12825,427.3304
12826,458.36423
12827,414.20013
12828,448.20303
12829,397.64975
12830,486.08313
12831,460.8147
12832,496.14667
12833,438.30032
12834,492.78967
12835,379.08038
12836,461.2667
12837,456.5504
12838,378.98398
12839,439.73874
12840,421.9637
12841,501.41232
12842,417.82922
12843,375.8553
12844,461.3627
12845,498.05554
12846,529.1802
12847,441.2156
12848,442.77377
12849,457.68457
12850,427.88266
12851,482.8736
12852,514.26495
12853,436.95584
12854,440.4203
12855,405.59058
12856,450.70032
12857,402.68338
12858,441.27023
12859,437.81128
12860,434.31674
12861,474.3602
12862,503.57843
12863,430.69846
12864,432.68524
12865,441.8962
12866,444.42993
12867,390.89377
12868,496.00897
12869,436.12115
12870,425.16367
12871,461.27478
12872,402.10052
12873,448.23892
12874,387.80722
12875,511.80978
12876,476.7949
12877,371.5362
12878,429.52417
12879,485.32904
12880,461.13498
12881,487.24994
12882,394.79016
12883,479.2982
12884,467.05258
12885,432.03937
12886,423.2696
12887,426.92685
12888,450.18817
12889,434.8082
12890,428.91058
12891,431.58484
12892,367.68915
12893,462.20956
12894,399.0556
12895,460.82617
12896,446.01578
12897,429.10385
12898,463.84103
12899,498.94107
12900,471.65524
12901,460.8505
12902,461.0499
12903,487.1992
12904,513.17065
12905,483.1432
12906,444.84113
12907,434.72318
12908,380.7409
12909,447.38864
12910,487.92923
12911,514.2571
12912,436.91226
12913,499.23135
12914,458.81052
12915,460.26126
12916,454.01877
12917,447.87863
12918,405.0285
12919,532.33606
12920,514.5741
12921,462.49838
12922,407.97977
12923,459.94125
12924,517.3093
12925,401.01703
12926,425.1648
12927,364.63184
12928,485.0969
12929,501.13092
12930,481.57556
12931,521.13556
12932,474.43542
12933,373.96313
12934,396.61392
12935,469.03363
12936,476.95294
12937,394.21356
12938,493.90692
12939,375.09637
12940,430.54724
12941,513.4322
12942,424.49265
12943,474.0798
12944,412.17935
12945,409.853
12946,412.41815
12947,381.73154
12948,486.23
12949,412.80762
12950,465.301
12951,397.97894
12952,364.75772
12953,486.13342
12954,391.0859
12955,448.68155
12956,387.81195
12957,443.57928
12958,378.04132
12959,405.67905
12960,399.10953
12961,505.9923
12962,489.56946
12963,443.34094
12964,459.75476
12965,448.36176
12966,393.65027
12967,411.02524
12968,495.8653
12969,431.59448
12970,418.02316
12971,473.21704
12972,449.8162
12973,478.14377
12974,466.261
12975,355.77097
12976,428.2365
12977,481.84482
12978,450.8928
12979,347.85452
12980,467.31
12981,574.82654
12982,427.0809
12983,430.5969
12984,434.0525
12985,384.88968
12986,433.46994
12987,382.9407
12988,438.7336
12989,486.29068
12990,443.9596
12991,483.10892
12992,362.8733
12993,335.83267
12994,487.7607
12995,464.0572
12996,528.2832
12997,481.14548
12998,385.8757
12999,385.11844
13000,403.75854
13001,417.1575
13002,400.92032
13003,438.22913
13004,441.7035
13005,466.98416
13006,426.5386
13007,455.56424
13008,448.67108
13009,372.80798
13010,530.7613
13011,458.02936
13012,495.85046
13013,390.86765
13014,479.58728
13015,505.2868
13016,506.89246
13017,469.84872
13018,468.59402
13019,490.166
13020,446.9873
13021,388.62592
13022,439.7092
13023,358.90717
13024,434.3443
13025,438.81134
13026,391.82184
13027,530.0558
13028,430.0788
13029,435.42484
13030,428.83612
13031,495.23566
13032,378.70975
13033,401.1092
13034,505.41412
13035,409.16766
13036,441.91248
13037,477.7759
13038,433.54633
13039,466.6686
13040,446.31082
13041,503.19052
13042,615.4484
13043,427.6898
13044,376.65173
13045,465.7253
13046,392.3901
13047,512.1971
13048,419.86505
13049,442.314
13050,416.76093
13051,470.16986
13052,443.06607
13053,406.38794
13054,465.42532
13055,495.68042
13056,493.59738
13057,499.3578
13058,499.42795
13059,423.25006
13060,393.7626
13061,479.92892
13062,467.04733
13063,471.5329
13064,522.7408
13065,473.1554
13066,513.3016
13067,525.29224
13068,515.0889
13069,436.44556
13070,494.8258
13071,403.77356
13072,472.28854
13073,443.80142
13074,463.223
13075,503.33115
13076,448.42407
13077,512.3039
13078,515.5465
13079,415.8681
13080,429.50635
13081,431.25775
13082,447.08954
13083,446.24295
13084,550.0806
13085,479.28262
13086,449.06204
13087,365.32977
13088,457.15082
13089,440.32852
13090,515.67944
13091,442.5684
13092,509.1375
13093,460.61224
13094,469.31906
13095,460.95764
13096,411.13644
13097,402.9977
13098,495.3878
13099,462.77805
13100,463.62686
13101,467.27887
13102,393.72925
13103,412.8098
13104,438.22812
13105,353.82004
13106,537.5633
13107,492.69568
13108,482.42233
13109,477.09344
13110,415.3747
13111,476.26215
13112,381.05444
13113,463.22284
13114,438.90634
13115,485.8949
13116,439.54745
13117,401.0014
13118,481.32175
13119,416.82733
13120,422.80496
13121,451.55447
13122,491.4986
13123,441.61725
13124,492.95856
13125,558.22095
13126,423.75946
13127,458.678
13128,394.4339
13129,415.08643
13130,424.79764
13131,491.6001
13132,498.9774
13133,454.77618
13134,508.51135
13135,376.67853
13136,439.0917
13137,459.5167
13138,438.93735
13139,385.9539
13140,539.57526
13141,533.34766
13142,438.5436
13143,432.5189
13144,485.1163
13145,444.1463
13146,479.2418
13147,459.53653
13148,397.46667
13149,443.20908
13150,423.10022
13151,434.7877
13152,480.08862
13153,457.6374
13154,432.8688
13155,561.1716
13156,433.06955
13157,453.09012
13158,514.96893
13159,422.26956
13160,484.42593
13161,405.11758
13162,419.65286
13163,435.98334
13164,455.0079
13165,433.71402
13166,523.6649
13167,352.1912
13168,544.65454
13169,447.51395
13170,420.08096
13171,356.7962
13172,575.00287
13173,450.78995
13174,428.77707
13175,424.79584
13176,477.57632
13177,422.32504
13178,468.2276
13179,473.89258
13180,473.12537
13181,420.98346
13182,453.7177
13183,420.35797
13184,406.256
13185,368.92896
13186,355.13065
13187,443.457
13188,481.9587
13189,463.77646
13190,453.02286
13191,500.53998
13192,434.1481
13193,435.65952
13194,405.63016
13195,425.2996
13196,451.28195
13197,486.53336
13198,509.34476
13199,462.10947
13200,463.37354
13201,438.25494
13202,493.49927
13203,511.18152
13204,490.59747
13205,542.33624
13206,433.4589
13207,535.72705
13208,439.83353
13209,476.75473
13210,421.49448
13211,464.46707
13212,423.18726
13213,411.16663
13214,470.68597
13215,456.59207
13216,430.51944
13217,508.1393
13218,441.96213
13219,433.5182
13220,450.50104
13221,476.4987
13222,487.47852
13223,456.93445
13224,479.13223
13225,480.6726
13226,448.68057
13227,425.41568
13228,474.29068
13229,427.28824
13230,420.38092
13231,375.32492
13232,434.19482
13233,408.46558
13234,384.08994
13235,462.1345
13236,407.54495
13237,426.34552
13238,419.988
13239,357.6252
13240,465.14563
13241,493.27356
13242,442.3233
13243,448.76907
13244,473.94525
13245,399.47546
13246,427.4578
13247,431.8271
13248,417.03885
13249,463.07986
13250,459.98138
13251,514.49243
13252,419.00604
13253,492.69012
13254,446.84848
13255,512.0771
13256,455.31714
13257,471.8611
13258,422.00845
13259,490.73386
13260,508.12198
13261,478.84332
13262,432.01743
13263,361.16208
13264,433.4264
13265,465.50284
13266,479.19632
13267,425.9406
13268,421.8057
13269,438.12094
13270,447.60147
13271,438.11823
13272,534.53186
13273,432.2191
13274,486.00797
13275,524.932
13276,518.7547
13277,515.2132
13278,482.24365
13279,440.76807
13280,488.88397
13281,503.86194
13282,445.26392
13283,432.8246
13284,500.78543
13285,415.6693
13286,367.3288
13287,434.28833
13288,490.1592
13289,451.70575
13290,504.7503
13291,530.962
13292,294.06497
13293,513.381
13294,410.67175
13295,449.68588
13296,495.1667
13297,448.4308
13298,502.76657
13299,499.9501
13300,456.09842
13301,457.52737
13302,400.16486
13303,476.5117
13304,444.56213
13305,427.72543
13306,394.00305
13307,390.93338
13308,467.09018
13309,455.87656
13310,442.22806
13311,508.30707
13312,381.5677
13313,405.2384
13314,352.79184
13315,430.28906
13316,430.93536
13317,429.47507
13318,525.4429
13319,471.41663
13320,424.3766
13321,455.8688
13322,513.42114
13323,419.39545
13324,478.83768
13325,480.88828
13326,413.9747
13327,432.8656
13328,401.13632
13329,464.90353
13330,474.49573
13331,458.60672
13332,437.56345
13333,453.41428
13334,422.74036
13335,409.0121
13336,482.184
13337,341.55573
13338,392.2946
13339,418.2026
13340,494.55127
13341,495.86972
13342,480.23734
13343,479.89868
13344,440.53857
13345,475.23935
13346,510.47192
13347,400.1894
13348,459.80872
13349,582.5198
13350,430.9301
13351,431.2698
13352,440.80157
13353,425.8619
13354,423.62747
13355,384.58752
13356,487.34085
13357,501.848
13358,508.1046
13359,486.6232
13360,499.5305
13361,467.35623
13362,470.9924
13363,409.15317
13364,521.61487
13365,363.3097
13366,462.79642
13367,440.94696
13368,449.20148
13369,412.99673
13370,518.66833
13371,421.43155
13372,439.77225
13373,522.1701
13374,508.06042
13375,395.5277
13376,446.70676
13377,478.36975
13378,383.0496
13379,546.5659
13380,441.93848
13381,465.6916
13382,360.10962
13383,484.53226
13384,438.45493
13385,475.42365
13386,418.5575
13387,457.02213
13388,506.86072
13389,468.6016
13390,453.75006
13391,358.0118
13392,453.12778
13393,458.34277
13394,470.60416
13395,374.2184
13396,431.318
13397,520.56494
13398,522.6855
13399,418.0177
13400,422.7996
13401,386.0824
13402,521.23364
13403,460.57828
13404,470.0725
13405,520.27
13406,442.9722
13407,384.29218
13408,383.4203
13409,374.57407
13410,485.50055
13411,472.99573
13412,405.17654
13413,493.4011
13414,456.83902
13415,478.20938
13416,362.67462
13417,415.97345
13418,476.32227
13419,369.0321
13420,445.9464
13421,472.05786
13422,433.67468
13423,481.9441
13424,355.19855
13425,413.29602
13426,413.86646
13427,447.82086
13428,464.3087
13429,458.435
13430,517.3947
13431,503.91272
13432,521.15875
13433,440.81696
13434,438.19336
13435,448.52075
13436,441.2255
13437,411.72278
13438,478.2055
13439,512.5482
13440,452.55945
13441,462.41904
13442,504.32858
13443,469.05103
13444,456.44037
13445,434.71738
13446,483.3349
13447,420.38223
13448,473.19138
13449,428.92853
13450,451.17545
13451,445.14392
13452,422.22842
13453,382.841
13454,386.08417
13455,404.81982
13456,491.3858
13457,478.53842
13458,460.43472
13459,436.8087
13460,401.81595
13461,442.14285
13462,414.8274
13463,486.02838
13464,414.28958
13465,410.57
13466,412.31885
13467,464.06314
13468,399.9443
13469,433.63412
13470,450.3419
13471,435.35007
13472,418.0719
13473,493.59283
13474,466.32288
13475,512.2723
13476,503.27493
13477,481.23444
13478,506.83813
13479,410.94635
13480,418.8097
13481,467.67307
13482,389.20306
13483,430.43106
13484,478.7793
13485,521.2834
13486,432.21033
13487,523.3943
13488,427.64578
13489,516.2312
13490,448.95816
13491,394.50543
13492,518.3743
13493,469.41006
13494,387.31964
13495,469.9604
13496,428.26376
13497,456.78076
13498,432.50565
13499,493.64224
13500,464.7126
13501,435.52658
13502,391.74103
13503,401.15912
13504,474.58212
13505,404.67126
13506,422.07782
13507,481.54926
13508,405.0009
13509,441.20053
13510,470.6174
13511,535.53864
13512,449.23886
13513,413.7093
13514,430.39145
13515,451.14285
13516,445.9753
13517,427.5132
13518,453.9145
13519,434.0132
13520,448.33484
13521,417.17493
13522,362.93845
13523,486.81528
13524,551.48956
13525,395.89563
13526,518.7649
13527,353.53958
13528,509.27536
13529,515.7274
13530,526.549
13531,453.39902
13532,440.86407
13533,443.2012
13534,440.08795
13535,484.48508
13536,428.09592
13537,466.1359
13538,443.3771
13539,471.195
13540,382.8115
13541,444.25156
13542,437.11523
13543,464.19904
13544,372.4036
13545,413.6424
13546,431.5036
13547,495.7147
13548,491.92493
13549,480.8311
13550,495.0271
13551,449.36533
13552,533.29767
13553,513.09485
13554,395.15292
13555,458.87354
13556,513.11487
13557,500.11267
13558,472.5327
13559,417.6642
13560,440.07755
13561,417.04803
13562,491.34848
13563,441.35263
13564,486.78867
13565,373.1357
13566,483.13553
13567,339.3271
13568,457.9256
13569,461.30368
13570,462.11972
13571,413.6023
13572,434.89352
13573,463.8159
13574,418.4576
13575,503.93893
13576,429.2987
13577,441.22723
13578,443.06888
13579,483.87558
13580,368.57892
13581,265.2426
13582,250.29373
13583,453.67926
13584,448.11942
13585,430.35114
13586,441.7836
13587,409.03778
13588,427.81482
13589,525.6309
13590,502.66275
13591,462.91376
13592,456.12958
13593,495.8962
13594,445.34988
13595,438.704
13596,460.27658
13597,443.56134
13598,463.23105
13599,444.53198
13600,396.90607
13601,440.27655
13602,491.12292
13603,397.10443
13604,378.94287
13605,509.41986
13606,501.8461
13607,473.0194
13608,485.66397
13609,403.1858
13610,469.75482
13611,403.6854
13612,444.3322
13613,495.15472
13614,485.53693
13615,510.64343
13616,520.5562
13617,381.34088
13618,427.66577
13619,477.53027
13620,415.36066
13621,417.95718
13622,402.92303
13623,489.05115
13624,426.0969
13625,412.20514
13626,459.8908
13627,436.41995
13628,433.79886
13629,493.3037
13630,388.37744
13631,515.15686
13632,364.2102
13633,407.80563
13634,502.3015
13635,402.3486
13636,451.6933
13637,472.04733
13638,385.54526
13639,461.88947
13640,461.54434
13641,504.92972
13642,425.90805
13643,424.51425
13644,449.62714
13645,551.8722
13646,458.9006
13647,451.2469
13648,394.4609
13649,461.72025
13650,512.16364
13651,535.55
13652,428.8156
13653,406.71198
13654,439.07306
13655,394.39954
13656,380.91183
13657,434.50974
13658,412.2577
13659,521.7806
13660,419.65152
13661,489.58133
13662,491.25946
13663,456.7607
13664,461.2069
13665,434.379
13666,426.24142
13667,461.17236
13668,405.55853
13669,450.22244
13670,540.8815
13671,442.08582
13672,454.84854
13673,412.32452
13674,446.8531
13675,479.19528
13676,395.58707
13677,477.00885
13678,493.51346
13679,437.84738
13680,408.86337
13681,422.23257
13682,403.59155
13683,420.84808
13684,490.31982
13685,374.77866
13686,415.82443
13687,364.396
13688,471.15775
13689,424.99625
13690,389.34348
13691,443.04227
13692,377.0669
13693,403.46518
13694,390.74652
13695,493.17883
13696,489.57394
13697,584.2197
13698,463.3822
13699,432.4441
13700,469.56622
13701,454.31943
13702,383.68863
13703,423.3359
13704,391.78806
13705,442.62952
13706,390.2963
13707,482.09988
13708,446.68372
13709,460.5415
13710,434.68234
13711,454.6784
13712,480.4843
13713,465.20758
13714,398.66968
13715,462.61548
13716,483.76178
13717,514.89233
13718,459.5936
13719,390.89206
13720,419.6943
13721,583.24005
13722,488.86548
13723,421.61063
13724,471.0172
13725,464.98245
13726,422.20676
13727,425.0618
13728,481.7816
13729,423.62054
13730,471.04022
13731,515.99915
13732,472.499
13733,443.57037
13734,459.368
13735,410.35855
13736,454.42908
13737,450.85815
13738,455.65485
13739,426.88065
13740,433.39816
13741,427.06946
13742,443.5081
13743,431.39487
13744,462.6225
13745,426.6524
13746,452.28452
13747,407.01288
13748,444.76178
13749,411.3011
13750,473.2161
13751,417.95575
13752,450.19595
13753,462.6409
13754,428.998
13755,437.13013
13756,489.65173
13757,497.09238
13758,475.7483
13759,490.51834
13760,445.27377
13761,454.78275
13762,378.20688
13763,460.479
13764,479.19104
13765,455.3464
13766,499.5685
13767,445.44403
13768,532.01587
13769,446.22388
13770,506.38177
13771,469.08777
13772,464.19113
13773,476.3317
13774,435.2749
13775,456.85852
13776,417.1955
13777,409.6526
13778,432.0661
13779,479.81537
13780,561.58264
13781,416.93332
13782,509.01797
13783,434.70743
13784,449.64734
13785,434.01398
13786,469.2772
13787,501.4754
13788,456.15405
13789,464.2646
13790,485.05954
13791,401.33545
13792,495.46786
13793,376.6106
13794,441.78766
13795,471.6179
13796,391.58627
13797,498.89044
13798,471.53415
13799,532.5155
13800,456.53436
13801,478.61197
13802,428.2693
13803,442.25995
13804,440.6299
13805,459.04898
13806,495.84433
13807,448.88232
13808,419.1191
13809,386.9846
13810,495.33923
13811,322.79453
13812,318.3285
13813,464.63577
13814,422.08096
13815,429.45206
13816,411.26907
13817,477.6353
13818,445.878
13819,367.4281
13820,470.13702
13821,434.14325
13822,511.5442
13823,405.30054
13824,402.88123
13825,518.1579
13826,453.4946
13827,463.93768
13828,485.5821
13829,446.95648
13830,471.31088
13831,462.83167
13832,486.5561
13833,429.0531
13834,435.46228
13835,408.25644
13836,461.41473
13837,490.88748
13838,502.97293
13839,490.0788
13840,373.81113
13841,370.64426
13842,427.649
13843,431.50513
13844,496.4589
13845,441.77182
13846,456.35016
13847,432.1102
13848,457.00372
13849,454.256
13850,431.68747
13851,425.03867
13852,411.72977
13853,416.27527
13854,533.245
13855,432.9605
13856,461.5558
13857,483.26578
13858,457.28348
13859,447.35788
13860,442.54538
13861,462.82993
13862,414.929
13863,541.64703
13864,470.20065
13865,415.71933
13866,474.1419
13867,482.7693
13868,494.2751
13869,486.47464
13870,468.81143
13871,475.28217
13872,449.05005
13873,475.94846
13874,491.0469
13875,383.988
13876,433.16852
13877,480.65268
13878,459.42642
13879,421.77124
13880,374.5522
13881,481.5203
13882,451.45377
13883,417.85016
13884,410.1549
13885,490.43256
13886,463.43735
13887,372.28412
13888,421.79758
13889,428.86417
13890,479.8525
13891,436.31808
13892,459.62723
13893,449.06088
13894,372.6482
13895,386.89786
13896,474.7662
13897,498.73645
13898,484.94897
13899,380.56326
13900,443.8458
13901,468.17062
13902,433.32025
13903,406.63998
13904,500.04288
13905,394.16336
13906,490.37814
13907,364.2793
13908,441.68506
13909,466.6095
13910,514.1486
13911,420.11108
13912,340.79868
13913,428.74155
13914,417.2711
13915,480.80414
13916,433.91287
13917,435.65164
13918,451.48157
13919,402.85995
13920,439.9769
13921,493.6455
13922,476.88766
13923,404.7564
13924,409.10443
13925,499.7306
13926,393.9836
13927,434.9384
13928,418.7622
13929,453.50098
13930,433.5606
13931,481.37662
13932,473.9191
13933,459.67398
13934,492.486
13935,440.4618
13936,460.04645
13937,405.08246
13938,392.0325
13939,357.65625
13940,429.67642
13941,476.549
13942,397.3933
13943,473.62634
13944,417.83514
13945,455.39847
13946,387.9925
13947,429.49234
13948,471.10666
13949,413.36426
13950,503.36157
13951,440.2589
13952,379.93594
13953,467.9692
13954,501.8242
13955,477.91406
13956,452.74646
13957,478.213
13958,499.88443
13959,433.8209
13960,472.47037
13961,425.56802
13962,407.4355
13963,359.6287
13964,446.5189
13965,435.5028
13966,466.9436
13967,402.87622
13968,448.2861
13969,464.33438
13970,487.8924
13971,490.1044
13972,424.33163
13973,557.2814
13974,472.1366
13975,503.9593
13976,540.1508
13977,381.32404
13978,440.3021
13979,455.3388
13980,439.3411
13981,443.9744
13982,479.68457
13983,460.13858
13984,481.2111
13985,438.29623
13986,538.5759
13987,439.2314
13988,459.1279
13989,494.2329
13990,446.64468
13991,545.64136
13992,445.56873
13993,544.0948
13994,597.17676
13995,464.63287
13996,529.9309
13997,489.28073
13998,416.68457
13999,442.84067
14000,366.24045
14001,443.81967
14002,470.96146
14003,469.30414
14004,428.54654
14005,459.99307
14006,435.67746
14007,469.95093
14008,444.33307
14009,355.9507
14010,469.61685
14011,406.3822
14012,369.77432
14013,487.03894
14014,501.26544
14015,505.53128
14016,419.02142
14017,387.28638
14018,475.43616
14019,328.0763
14020,440.93546
14021,486.1684
14022,421.1738
14023,392.91702
14024,487.28104
14025,398.96375
14026,523.99713
14027,511.59653
14028,442.49237
14029,453.7927
14030,493.75864
14031,411.09283
14032,372.1724
14033,483.27347
14034,452.77588
14035,460.15436
14036,478.90555
14037,417.07764
14038,470.6698
14039,478.01837
14040,504.01828
14041,490.45444
14042,492.43994
14043,419.85846
14044,472.05807
14045,526.4292
14046,419.09982
14047,467.4645
14048,425.86194
14049,316.76855
14050,399.1665
14051,417.88348
14052,453.44254
14053,406.4531
14054,401.1691
14055,434.64758
14056,529.9846
14057,449.15057
14058,431.96176
14059,527.434
14060,440.86353
14061,451.5565
14062,454.37158
14063,435.38223
14064,584.11346
14065,413.73514
14066,445.4025
14067,467.3791
14068,451.8327
14069,472.1384
14070,426.02786
14071,403.06995
14072,434.64636
14073,470.42807
14074,383.16425
14075,407.24176
14076,434.02338
14077,459.54163
14078,467.62476
14079,431.557
14080,510.59393
14081,419.81406
14082,383.71213
14083,473.78024
14084,493.2416
14085,418.6649
14086,418.73257
14087,456.28726
14088,328.6258
14089,402.19736
14090,440.8929
14091,540.12555
14092,458.20047
14093,504.3944
14094,457.1894
14095,404.13055
14096,463.5586
14097,358.8151
14098,422.40494
14099,404.20496
14100,448.86575
14101,406.4212
14102,455.29276
14103,497.67136
14104,381.22443
14105,389.04083
14106,428.25568
14107,513.4042
14108,460.59753
14109,476.82162
14110,473.1139
14111,467.11044
14112,430.0032
14113,455.00378
14114,463.98718
14115,482.70245
14116,494.90744
14117,431.4225
14118,380.24124
14119,466.7278
14120,473.31467
14121,491.58502
14122,406.29263
14123,531.3208
14124,460.3807
14125,449.60242
14126,485.04114
14127,477.403
14128,501.6885
14129,440.37018
14130,400.51703
14131,500.51587
14132,498.00748
14133,391.28046
14134,440.20776
14135,418.31735
14136,554.13635
14137,486.20065
14138,505.1784
14139,382.70398
14140,472.06656
14141,438.60178
14142,379.5275
14143,407.2181
14144,393.64676
14145,470.1567
14146,455.29706
14147,398.38266
14148,464.60248
14149,423.73776
14150,473.2675
14151,442.6664
14152,462.19055
14153,467.6933
14154,450.1078
14155,493.641
14156,385.05783
14157,466.77267
14158,429.83398
14159,385.20648
14160,390.2662
14161,463.7315
14162,420.07083
14163,417.26645
14164,514.7073
14165,377.9351
14166,467.73672
14167,385.4194
14168,407.6257
14169,570.88763
14170,352.98923
14171,431.1549
14172,415.6991
14173,505.42142
14174,477.01724
14175,468.06256
14176,487.31793
14177,479.05328
14178,457.50116
14179,424.6159
14180,401.37985
14181,413.91296
14182,451.93945
14183,423.3936
14184,461.5792
14185,447.4595
14186,463.68317
14187,414.8766
14188,401.9293
14189,478.63998
14190,444.07626
14191,432.24252
14192,431.67175
14193,443.09283
14194,474.37128
14195,475.81644
14196,466.11435
14197,477.33273
14198,441.93088
14199,477.71548
14200,451.51318
14201,495.6591
14202,552.38934
14203,456.3633
14204,367.33942
14205,544.1422
14206,499.07922
14207,480.55072
14208,481.53345
14209,478.65503
14210,371.5821
14211,500.05658
14212,449.76224
14213,493.82196
14214,431.9528
14215,486.56427
14216,496.3484
14217,454.75818
14218,407.723
14219,425.24112
14220,465.56995
14221,445.40363
14222,435.9448
14223,456.06827
14224,472.242
14225,395.5593
14226,496.42297
14227,471.28265
14228,561.0285
14229,443.57425
14230,419.75848
14231,461.5726
14232,479.36545
14233,452.9139
14234,474.2039
14235,368.1053
14236,390.61917
14237,461.28305
14238,412.3616
14239,504.23328
14240,436.6324
14241,452.89246
14242,460.69278
14243,455.05692
14244,492.43622
14245,411.34213
14246,500.7528
14247,438.4165
14248,425.4333
14249,472.89536
14250,463.84744
14251,505.70798
14252,445.527
14253,424.24136
14254,482.3616
14255,499.375
14256,473.5571
14257,464.81467
14258,420.3382
14259,384.35428
14260,544.0169
14261,425.92154
14262,436.72308
14263,421.78915
14264,457.7058
14265,516.0321
14266,504.35825
14267,376.97278
14268,354.76965
14269,512.27075
14270,462.7173
14271,497.902
14272,535.95856
14273,500.43008
14274,375.5165
14275,471.95016
14276,381.96707
14277,484.0956
14278,439.10074
14279,385.81628
14280,423.96738
14281,433.07138
14282,450.76013
14283,444.70044
14284,460.10196
14285,542.06824
14286,359.93115
14287,516.27136
14288,414.08173
14289,403.18826
14290,490.92825
14291,475.1822
14292,470.8821
14293,498.40427
14294,427.92035
14295,549.747
14296,422.38675
14297,518.0588
14298,393.01453
14299,462.3949
14300,500.39795
14301,439.5825
14302,500.46378
14303,404.35333
14304,483.2395
14305,475.72656
14306,451.6741
14307,451.39868
14308,399.2037
14309,388.1696
14310,433.90158
14311,463.2874
14312,489.0538
14313,465.9279
14314,441.75067
14315,472.84106
14316,465.22202
14317,463.91666
14318,464.61765
14319,457.3635
14320,454.8876
14321,446.66623
14322,444.3719
14323,432.4787
14324,515.85706
14325,430.04257
14326,464.11957
14327,424.2265
14328,429.23358
14329,457.3765
14330,375.5877
14331,433.6953
14332,449.92258
14333,445.15182
14334,454.2363
14335,456.63116
14336,464.82437
14337,473.658
14338,490.06268
14339,487.87607
14340,392.66953
14341,390.9514
14342,408.1429
14343,492.01224
14344,421.81836
14345,464.62503
14346,438.84088
14347,365.53433
14348,520.2767
14349,493.31302
14350,416.32117
14351,392.3475
14352,403.81027
14353,551.83405
14354,427.22345
14355,449.02673
14356,423.08148
14357,470.09317
14358,453.5825
14359,391.7001
14360,417.26074
14361,392.02542
14362,474.27594
14363,451.47925
14364,465.86716
14365,476.38083
14366,467.71692
14367,393.5264
14368,435.98413
14369,434.49106
14370,394.1157
14371,414.20508
14372,497.23453
14373,479.20667
14374,429.4381
14375,461.0931
14376,409.0896
14377,511.06738
14378,398.0474
14379,497.99948
14380,449.71115
14381,535.23303
14382,410.33432
14383,462.65833
14384,425.5964
14385,482.9289
14386,492.5382
14387,475.45837
14388,401.12323
14389,451.86224
14390,468.90945
14391,451.20908
14392,448.01218
14393,455.7187
14394,457.26038
14395,482.9489
14396,435.0533
14397,434.374
14398,418.3986
14399,436.0766
14400,389.28873
14401,451.12018
14402,465.88992
14403,402.7019
14404,459.5402
14405,456.8267
14406,423.9392
14407,446.96204
14408,455.68738
14409,534.3184
14410,478.9394
14411,372.7575
14412,410.92767
14413,363.03223
14414,495.41754
14415,477.02533
14416,458.75092
14417,451.61078
14418,520.0221
14419,391.96692
14420,528.6658
14421,491.5341
14422,482.99048
14423,444.08716
14424,455.2658
14425,429.61386
14426,469.84128
14427,442.60675
14428,498.39478
14429,330.6165
14430,490.94043
14431,407.07675
14432,541.9129
14433,394.05887
14434,444.76547
14435,476.44016
14436,507.9813
14437,387.6584
14438,456.76453
14439,454.40204
14440,444.03445
14441,441.51813
14442,494.7307
14443,420.26932
14444,429.3217
14445,487.63544
14446,477.94812
14447,500.9602
14448,472.1293
14449,521.11035
14450,503.9836
14451,411.4374
14452,443.27338
14453,348.75348
14454,484.34875
14455,491.7101
14456,468.83353
14457,512.081
14458,405.91956
14459,477.88748
14460,455.69406
14461,406.6429
14462,523.28
14463,439.85077
14464,417.77203
14465,480.47516
14466,462.1228
14467,493.71564
14468,440.95877
14469,489.7305
14470,458.12854
14471,422.1923
14472,449.34402
14473,394.69785
14474,460.52982
14475,583.95807
14476,490.2822
14477,430.99103
14478,456.84915
14479,439.0016
14480,486.6764
14481,416.56882
14482,450.7586
14483,443.15945
14484,513.84045
14485,448.36438
14486,420.21277
14487,496.29858
14488,469.94177
14489,423.84894
14490,317.1191
14491,451.09338
14492,507.3504
14493,463.73975
14494,412.4567
14495,452.35138
14496,403.1249
14497,529.51654
14498,417.38812
14499,435.7845
14500,394.27606
14501,450.37827
14502,466.58054
14503,500.49966
14504,427.2177
14505,513.215
14506,468.96957
14507,394.40247
14508,491.03265
14509,545.4049
14510,477.13687
14511,459.2485
14512,457.67383
14513,382.23416
14514,384.60184
14515,442.05673
14516,476.48828
14517,368.5187
14518,336.5537
14519,397.92358
14520,419.842
14521,506.27252
14522,468.12958
14523,379.38013
14524,389.55792
14525,398.91
14526,449.276
14527,444.20978
14528,445.76883
14529,453.9894
14530,434.335
14531,463.17923
14532,477.30588
14533,451.71082
14534,427.6439
14535,468.81793
14536,523.39233
14537,445.0022
14538,415.21887
14539,483.5467
14540,507.2081
14541,484.9753
14542,432.292
14543,445.54376
14544,481.28488
14545,481.9903
14546,461.115
14547,458.95657
14548,392.85822
14549,506.83017
14550,459.89233
14551,485.72443
14552,427.5353
14553,444.46512
14554,403.31387
14555,348.3674
14556,364.6419
14557,522.04175
14558,478.97653
14559,465.09418
14560,427.29654
14561,451.68005
14562,419.36636
14563,444.08755
14564,442.79288
14565,430.8002
14566,502.9858
14567,487.47647
14568,535.001
14569,419.84082
14570,418.2139
14571,484.32288
14572,441.454
14573,463.80463
14574,376.69058
14575,434.80814
14576,476.42587
14577,422.23508
14578,518.5428
14579,461.10474
14580,398.85083
14581,406.34006
14582,451.33533
14583,476.50543
14584,471.57767
14585,408.28757
14586,391.37674
14587,438.0931
14588,453.03287
14589,411.6154
14590,366.17978
14591,459.44073
14592,518.3506
14593,514.1623
14594,464.55826
14595,431.5267
14596,451.30432
14597,439.14996
14598,475.11606
14599,506.85474
14600,447.9691
14601,452.80005
14602,445.87085
14603,534.4785
14604,480.47186
14605,397.95343
14606,458.50525
14607,423.6856
14608,480.37277
14609,393.29434
14610,425.5466
14611,400.01932
14612,523.59186
14613,381.9862
14614,384.88113
14615,466.49518
14616,521.2015
14617,418.447
14618,499.5825
14619,447.8561
14620,404.72043
14621,423.24338
14622,476.9015
14623,522.3023
14624,471.70062
14625,477.17377
14626,411.39597
14627,403.2586
14628,463.57144
14629,458.19037
14630,507.93546
14631,454.6795
14632,426.93765
14633,435.12747
14634,438.6086
14635,413.55057
14636,488.06995
14637,492.86395
14638,459.80392
14639,368.62238
14640,403.44827
14641,454.5136
14642,512.27356
14643,443.07675
14644,408.13193
14645,433.53867
14646,446.0477
14647,432.7993
14648,450.82703
14649,504.21814
14650,485.17673
14651,485.50726
14652,401.6903
14653,462.97546
14654,429.97763
14655,354.7908
14656,548.4115
14657,448.7034
14658,403.26605
14659,439.30222
14660,453.07742
14661,488.87872
14662,513.56134
14663,416.7101
14664,526.6967
14665,455.17688
14666,444.5038
14667,364.7365
14668,478.12628
14669,361.72186
14670,430.72156
14671,434.29794
14672,435.4586
14673,466.37772
14674,390.80014
14675,405.9128
14676,471.81802
14677,446.45163
14678,514.46716
14679,399.17505
14680,364.27686
14681,408.37024
14682,451.00418
14683,421.43808
14684,401.90738
14685,388.65567
14686,421.60352
14687,497.49817
14688,361.62125
14689,471.13022
14690,406.39026
14691,469.56122
14692,407.73935
14693,417.33426
14694,442.0672
14695,478.23495
14696,452.65164
14697,497.2547
14698,497.44244
14699,394.21866
14700,387.00912
14701,463.0245
14702,412.74158
14703,450.0957
14704,439.80643
14705,498.75043
14706,375.45688
14707,465.51218
14708,503.24417
14709,389.22147
14710,428.82538
14711,465.199
14712,449.60483
14713,408.37567
14714,446.98273
14715,427.7874
14716,400.2494
14717,405.38156
14718,575.6209
14719,457.48724
14720,582.87524
14721,438.9363
14722,458.64624
14723,485.62076
14724,455.45438
14725,477.65167
14726,389.4851
14727,368.57217
14728,439.64972
14729,486.97586
14730,426.9119
14731,541.3193
14732,487.13242
14733,470.89005
14734,439.61282
14735,492.94006
14736,441.68387
14737,478.69318
14738,487.4674
14739,514.40405
14740,554.98663
14741,448.50293
14742,462.37878
14743,534.59485
14744,437.3654
14745,496.07657
14746,427.51807
14747,499.56204
14748,458.05072
14749,473.87778
14750,397.09305
14751,422.02634
14752,476.1558
14753,496.3304
14754,477.3308
14755,455.67215
14756,434.0972
14757,424.32654
14758,469.63718
14759,465.483
14760,456.5603
14761,454.64035
14762,506.32605
14763,485.62607
14764,461.1834
14765,464.1368
14766,444.45233
14767,374.53293
14768,463.59326
14769,456.05667
14770,434.72867
14771,472.18707
14772,418.3235
14773,383.83884
14774,470.14282
14775,474.43552
14776,429.5392
14777,452.42056
14778,434.63486
14779,456.49994
14780,402.75815
14781,542.4102
14782,440.19952
14783,442.92685
14784,389.24878
14785,420.1195
14786,454.10272
14787,443.3787
14788,479.43884
14789,436.78464
14790,421.8237
14791,436.69235
14792,492.459
14793,330.08972
14794,448.43692
14795,427.46548
14796,403.50275
14797,468.84186
14798,486.10767
14799,390.40164
14800,504.36276
14801,504.13928
14802,421.3663
14803,451.32278
14804,436.20038
14805,497.48975
14806,514.69977
14807,357.9062
14808,429.8223
14809,362.26352
14810,529.3606
14811,509.6478
14812,449.40677
14813,428.39124
14814,488.35666
14815,411.41345
14816,423.99255
14817,426.37515
14818,453.04138
14819,462.55038
14820,480.1137
14821,492.06964
14822,501.24817
14823,464.72995
14824,390.22
14825,417.4474
14826,414.9379
14827,470.51935
14828,470.43167
14829,435.6538
14830,433.1215
14831,437.95758
14832,484.4867
14833,472.81653
14834,493.8515
14835,476.8247
14836,466.24713
14837,440.0568
14838,492.96484
14839,367.79825
14840,444.39603
14841,450.8981
14842,426.2849
14843,371.91638
14844,436.85278
14845,457.00055
14846,370.67447
14847,441.3209
14848,453.76566
14849,438.3207
14850,409.86975
14851,406.10892
14852,392.9613
14853,392.45596
14854,481.0785
14855,403.3996
14856,469.2156
14857,439.3727
14858,408.7661
14859,411.21533
14860,422.23965
14861,473.6006
14862,422.88315
14863,415.8377
14864,377.0625
14865,443.61398
14866,460.17905
14867,542.5187
14868,374.08743
14869,440.7759
14870,503.069
14871,440.3132
14872,497.87683
14873,409.52515
14874,442.43976
14875,405.6807
14876,529.8326
14877,445.08258
14878,518.9622
14879,528.81836
14880,423.15814
14881,455.84445
14882,535.5597
14883,422.38608
14884,484.36353
14885,474.77066
14886,376.42084
14887,453.46973
14888,520.4642
14889,437.21634
14890,372.95657
14891,345.1453
14892,493.33884
14893,415.2309
14894,426.16403
14895,497.62595
14896,407.68658
14897,403.61618
14898,401.30872
14899,488.06464
14900,513.0919
14901,435.82254
14902,464.42188
14903,481.27682
14904,422.6979
14905,405.01392
14906,446.4035
14907,498.06598
14908,537.4931
14909,445.0283
14910,506.20148
14911,562.01953
14912,433.08054
14913,492.23856
14914,368.29257
14915,432.25534
14916,505.62708
14917,403.46893
14918,460.61713
14919,372.08615
14920,427.13525
14921,437.05612
14922,395.83337
14923,366.43146
14924,444.54135
14925,513.0552
14926,505.4204
14927,443.16946
14928,446.4346
14929,498.93005
14930,345.14212
14931,451.49884
14932,425.81848
14933,471.9675
14934,439.54022
14935,414.4875
14936,484.3516
14937,418.62057
14938,435.63806
14939,543.7131
14940,440.34015
14941,452.8716
14942,511.4518
14943,434.19766
14944,452.0289
14945,452.44025
14946,499.8387
14947,469.5564
14948,504.61615
14949,416.12183
14950,449.46143
14951,487.6786
14952,438.0015
14953,455.11014
14954,478.1365
14955,466.65817
14956,449.22183
14957,392.69873
14958,471.91977
14959,459.85788
14960,487.2144
14961,370.7909
14962,472.46423
14963,478.8417
14964,482.04208
14965,369.555
14966,453.7027
14967,410.59186
14968,432.12082
14969,369.27148
14970,491.27338
14971,423.06882
14972,352.33182
14973,399.3067
14974,493.61035
14975,455.44025
14976,451.32083
14977,387.2101
14978,435.10532
14979,485.53375
14980,406.0344
14981,376.05417
14982,469.30212
14983,452.0395
14984,454.55646
14985,475.05722
14986,461.2985
14987,550.41125
14988,464.28568
14989,388.16525
14990,451.11584
14991,426.27078
14992,426.70554
14993,444.2525
14994,484.89798
14995,489.7079
14996,423.7512
14997,464.53116
14998,512.6935
14999,442.85562
15000,448.56995
15001,452.27795
15002,465.06772
15003,452.3925
15004,485.3978
15005,419.64594
15006,429.2007
15007,440.34665
15008,450.97546
15009,414.81552
15010,472.39758
15011,382.46265
15012,304.19794
15013,412.65073
15014,508.2393
15015,444.5732
15016,435.16418
15017,419.18527
15018,512.4802
15019,491.70386
15020,476.51672
15021,449.7282
15022,500.88843
15023,443.8204
15024,475.984
15025,461.532
15026,461.9794
15027,437.247
15028,458.01227
15029,467.57574
15030,365.54837
15031,458.00214
15032,446.59537
15033,411.97684
15034,456.82404
15035,444.69614
15036,375.49875
15037,476.09314
15038,490.0082
15039,522.6275
15040,487.27765
15041,425.64835
15042,458.7293
15043,404.17908
15044,377.75165
15045,418.27744
15046,452.3451
15047,448.4017
15048,434.60773
15049,414.7118
15050,426.9802
15051,459.96848
15052,382.79163
15053,446.19226
15054,389.41785
15055,447.67914
15056,393.3161
15057,479.0818
15058,392.78745
15059,404.76236
15060,467.48337
15061,407.2615
15062,362.90283
15063,453.30222
15064,392.8628
15065,320.73303
15066,455.9753
15067,405.77014
15068,393.39127
15069,568.3948
15070,479.08694
15071,486.45953
15072,504.2794
15073,408.46155
15074,386.79337
15075,434.622
15076,377.88354
15077,380.12814
15078,454.88318
15079,506.19354
15080,374.9333
15081,418.60388
15082,373.07736
15083,462.31332
15084,481.16376
15085,473.3058
15086,387.76138
15087,506.2751
15088,548.70996
15089,441.81943
15090,420.7171
15091,505.76633
15092,456.5462
15093,426.3574
15094,424.32562
15095,533.14246
15096,413.1138
15097,431.94852
15098,446.16455
15099,435.0401
15100,512.47
15101,487.41345
15102,485.75638
15103,444.5609
15104,454.3802
15105,472.7323
15106,461.21353
15107,481.67676
15108,517.8261
15109,509.2379
15110,394.41464
15111,407.77838
15112,406.54865
15113,378.04938
15114,477.09845
15115,443.79257
15116,401.93088
15117,439.83865
15118,444.27017
15119,450.87756
15120,405.3165
15121,469.01776
15122,441.838
15123,402.90558
15124,449.9355
15125,391.98648
15126,503.66202
15127,476.10657
15128,425.12463
15129,402.80933
15130,486.8281
15131,467.1473
15132,415.686
15133,479.7142
15134,393.95554
15135,490.8406
15136,449.86807
15137,388.05402
15138,323.07944
15139,427.2272
15140,385.77435
15141,452.74567
15142,483.26212
15143,465.14172
15144,473.253
15145,478.18112
15146,405.3662
15147,466.37207
15148,458.22797
15149,500.41736
15150,465.00204
15151,463.1956
15152,438.2145
15153,419.29486
15154,389.721
15155,368.23096
15156,403.58258
15157,413.29636
15158,490.0701
15159,495.20087
15160,371.45145
15161,403.53845
15162,450.66348
15163,455.1586
15164,415.5756
15165,457.03986
15166,408.6806
15167,464.88312
15168,432.9083
15169,467.43604
15170,389.7495
15171,395.83282
15172,439.45685
15173,506.40674
15174,467.41998
15175,523.5232
15176,437.8042
15177,489.11633
15178,415.84125
15179,500.34863
15180,430.65036
15181,420.27216
15182,474.69305
15183,437.7394
15184,474.62317
15185,496.48
15186,518.8814
15187,429.8841
15188,373.55792
15189,470.86914
15190,379.39682
15191,394.1768
15192,500.5769
15193,548.53094
15194,364.98532
15195,440.96808
15196,480.88846
15197,412.96732
15198,447.7913
15199,435.1367
15200,525.42944
15201,428.5827
15202,395.1087
15203,468.77127
15204,420.12198
15205,422.5203
15206,477.08154
15207,426.14264
15208,479.13013
15209,422.9552
15210,514.4353
15211,477.97583
15212,509.93112
15213,495.44345
15214,475.8404
15215,446.8607
15216,450.4407
15217,468.2108
15218,437.17575
15219,409.0216
15220,450.07343
15221,484.299
15222,460.34027
15223,462.48877
15224,473.8054
15225,402.58188
15226,404.34113
15227,456.66455
15228,435.26627
15229,506.14047
15230,456.65695
15231,484.7432
15232,452.23993
15233,416.57358
15234,465.1731
15235,451.29688
15236,481.75604
15237,404.80334
15238,490.34018
15239,404.78787
15240,396.53287
15241,511.84106
15242,498.90906
15243,431.0665
15244,489.2566
15245,417.40002
15246,508.79532
15247,441.5648
15248,478.85553
15249,473.8566
15250,413.42825
15251,451.8949
15252,454.30093
15253,396.73062
15254,441.27133
15255,445.987
15256,458.18237
15257,471.06873
15258,443.74316
15259,392.78204
15260,427.94925
15261,522.26764
15262,437.1951
15263,475.88016
15264,482.04065
15265,445.46375
15266,429.3809
15267,423.46198
15268,442.45132
15269,421.07095
15270,485.4484
15271,422.53317
15272,504.0161
15273,416.66064
15274,469.3772
15275,484.46573
15276,471.90448
15277,449.59357
15278,536.5199
15279,515.5765
15280,446.1833
15281,491.61615
15282,467.2743
15283,375.91733
15284,464.61475
15285,409.71613
15286,401.85803
15287,411.79633
15288,424.85443
15289,487.94443
15290,362.23215
15291,447.289
15292,526.06036
15293,470.8943
15294,499.66434
15295,509.76654
15296,424.71475
15297,471.2114
15298,479.77094
15299,403.28076
15300,414.49887
15301,429.9813
15302,413.64343
15303,442.16238
15304,428.2987
15305,441.78665
15306,431.72162
15307,498.49658
15308,428.95404
15309,502.7828
15310,446.75076
15311,497.5607
15312,474.03558
15313,476.16974
15314,470.76746
15315,525.42523
15316,422.44705
15317,522.2215
15318,496.40244
15319,450.1731
15320,440.22412
15321,415.6451
15322,325.14536
15323,476.9477
15324,547.27124
15325,487.14255
15326,516.30383
15327,412.7245
15328,433.88574
15329,391.29007
15330,464.4449
15331,437.3351
15332,419.85522
15333,486.5498
15334,484.09628
15335,368.26926
15336,414.57373
15337,479.69257
15338,431.82837
15339,493.18088
15340,436.02997
15341,426.6531
15342,515.62915
15343,389.23935
15344,479.68463
15345,490.87717
15346,496.88855
15347,461.02032
15348,547.47906
15349,390.7582
15350,453.8336
15351,421.46997
15352,450.34085
15353,420.91016
15354,453.42044
15355,480.12814
15356,524.6126
15357,416.32126
15358,479.8217
15359,485.47324
15360,436.4891
15361,515.98584
15362,367.9768
15363,464.50858
15364,431.7366
15365,479.29776
15366,519.50574
15367,412.13867
15368,497.11142
15369,448.12976
15370,433.9549
15371,408.7761
15372,488.14423
15373,431.10822
15374,459.10703
15375,437.03122
15376,390.74197
15377,440.86746
15378,513.4799
15379,437.42496
15380,419.83017
15381,395.393
15382,402.14157
15383,419.1876
15384,420.36224
15385,384.9301
15386,399.1682
15387,488.23544
15388,400.6401
15389,453.15176
15390,507.4873
15391,369.69278
15392,447.53342
15393,511.5889
15394,490.2043
15395,469.14285
15396,483.49353
15397,457.93475
15398,447.2118
15399,474.3308
15400,451.55298
15401,492.203
15402,466.0971
15403,428.10724
15404,439.64725
15405,421.94128
15406,510.9418
15407,477.46533
15408,372.30792
15409,478.5892
15410,492.53806
15411,501.5111
15412,430.113
15413,440.34995
15414,494.02487
15415,536.9657
15416,438.28336
15417,363.5016
15418,518.67395
15419,489.22867
15420,484.48834
15421,446.2172
15422,366.4464
15423,453.6991
15424,514.2835
15425,390.12344
15426,422.83316
15427,375.7669
15428,456.73837
15429,424.515
15430,424.93906
15431,477.95486
15432,382.565
15433,424.3752
15434,542.91766
15435,449.7265
15436,431.37485
15437,486.38464
15438,409.7061
15439,451.32553
15440,407.77902
15441,479.15045
15442,447.2304
15443,432.10593
15444,460.42722
15445,446.7327
15446,401.66208
15447,458.92084
15448,416.03622
15449,487.2915
15450,495.9471
15451,490.79846
15452,466.37695
15453,412.71432
15454,413.3945
15455,503.99496
15456,436.15726
15457,494.2348
15458,513.45514
15459,396.9996
15460,431.42657
15461,461.28912
15462,497.99704
15463,391.34366
15464,419.8461
15465,517.42883
15466,388.2836
15467,433.98273
15468,416.78995
15469,449.38297
15470,410.8645
15471,409.7499
15472,447.6913
15473,435.59998
15474,404.44025
15475,458.91833
15476,482.83566
15477,345.19473
15478,419.67664
15479,462.5046
15480,436.73972
15481,464.74628
15482,399.28528
15483,433.2949
15484,466.2558
15485,466.39328
15486,472.99557
15487,447.9417
15488,398.03708
15489,464.19394
15490,507.46628
15491,469.16876
15492,439.53622
15493,429.69247
15494,434.6942
15495,436.17972
15496,392.13907
15497,457.07578
15498,426.06146
15499,531.6833
15500,413.94885
15501,441.5138
15502,425.93286
15503,517.5011
15504,359.77606
15505,427.73004
15506,474.64294
15507,477.6901
15508,444.06235
15509,425.1686
15510,483.34402
15511,411.1103
15512,492.644
15513,498.57562
15514,506.18524
15515,484.6914
15516,390.24472
15517,497.46332
15518,483.70636
15519,467.9174
15520,481.43405
15521,495.77783
15522,395.34644
15523,489.9928
15524,441.1666
15525,491.43423
15526,525.28674
15527,430.5627
15528,514.7906
15529,475.21613
15530,493.0186
15531,409.4171
15532,411.21
15533,481.34378
15534,390.90964
15535,430.73892
15536,389.0662
15537,442.43488
15538,440.8888
15539,413.37173
15540,465.9065
15541,492.24957
15542,477.85312
15543,486.6052
15544,420.81064
15545,410.0803
15546,446.5471
15547,470.97266
15548,420.1671
15549,370.292
15550,450.3208
15551,449.9049
15552,407.12946
15553,419.36063
15554,404.67023
15555,459.62122
15556,447.10056
15557,456.38217
15558,468.19833
15559,470.7689
15560,459.25916
15561,449.85562
15562,453.6048
15563,486.61197
15564,476.4689
15565,490.37964
15566,494.49292
15567,454.89804
15568,494.48648
15569,418.86154
15570,392.39514
15571,464.77426
15572,461.41742
15573,502.65997
15574,448.43875
15575,445.01114
15576,473.54163
15577,520.3186
15578,395.81174
15579,503.97986
15580,366.97354
15581,485.0727
15582,451.1412
15583,517.9384
15584,450.53104
15585,433.6967
15586,473.49783
15587,481.44357
15588,381.38052
15589,444.8817
15590,413.86182
15591,411.17053
15592,477.34232
15593,439.97208
15594,497.8888
15595,431.38248
15596,491.92206
15597,445.4408
15598,539.7534
15599,466.47046
15600,487.89337
15601,489.92007
15602,355.16992
15603,460.63046
15604,450.17648
15605,469.18222
15606,464.93832
15607,482.68054
15608,505.32343
15609,471.45532
15610,422.47064
15611,499.95822
15612,490.89542
15613,475.0642
15614,500.8486
15615,476.2743
15616,452.09503
15617,396.90836
15618,458.1469
15619,496.0996
15620,500.72064
15621,446.7758
15622,474.8585
15623,468.1594
15624,408.06335
15625,383.82568
15626,519.48975
15627,502.30566
15628,508.19556
15629,339.1858
15630,414.09323
15631,477.26425
15632,456.05106
15633,451.23325
15634,530.06836
15635,454.6812
15636,507.3163
15637,434.56992
15638,509.918
15639,480.73618
15640,467.67316
15641,470.02133
15642,478.8245
15643,471.34344
15644,436.07706
15645,445.6814
15646,455.07733
15647,484.419
15648,479.63757
15649,489.22284
15650,511.18185
15651,467.5415
15652,428.49197
15653,368.55585
15654,499.90002
15655,495.536
15656,488.57605
15657,402.75607
15658,439.86957
15659,439.22614
15660,451.17374
15661,451.68634
15662,456.18265
15663,419.1287
15664,416.00452
15665,449.98553
15666,455.95755
15667,450.5986
15668,419.75568
15669,520.86774
15670,449.70322
15671,554.90826
15672,402.87323
15673,467.2997
15674,519.5031
15675,419.79788
15676,452.80194
15677,402.3518
15678,534.4374
15679,346.88953
15680,458.47815
15681,401.30453
15682,437.8542
15683,453.94113
15684,474.16888
15685,448.2604
15686,440.4496
15687,462.18698
15688,385.16156
15689,458.0831
15690,385.4785
15691,448.58884
15692,447.77866
15693,482.41278
15694,457.78427
15695,410.873
15696,462.26752
15697,405.58688
15698,347.34027
15699,404.30826
15700,499.0562
15701,405.2534
15702,381.63043
15703,431.23282
15704,440.03653
15705,497.3727
15706,497.3896
15707,425.19556
15708,390.01773
15709,455.28342
15710,412.5425
15711,394.25516
15712,563.4953
15713,440.37433
15714,449.17947
15715,447.3124
15716,564.2657
15717,502.79697
15718,431.0821
15719,458.8257
15720,400.02774
15721,395.68726
15722,483.2987
15723,452.9103
15724,494.33093
15725,422.613
15726,503.68478
15727,473.50848
15728,525.9714
15729,513.1475
15730,387.97153
15731,416.53522
15732,499.22137
15733,421.12152
15734,441.09796
15735,402.77277
15736,547.5651
15737,473.42914
15738,542.5391
15739,371.30624
15740,444.0879
15741,445.63632
15742,485.15915
15743,422.58517
15744,391.02905
15745,398.60028
15746,472.74707
15747,390.13184
15748,538.988
15749,587.48444
15750,463.9515
15751,487.91953
15752,405.75195
15753,442.64996
15754,487.71698
15755,483.68643
15756,502.2567
15757,462.11118
15758,487.9465
15759,396.3405
15760,421.58682
15761,454.72153
15762,471.5994
15763,384.18393
15764,494.6908
15765,480.58493
15766,525.0445
15767,447.71268
15768,431.01898
15769,475.11542
15770,446.99454
15771,498.85214
15772,513.5887
15773,394.2543
15774,519.1938
15775,447.8055
15776,481.7591
15777,508.85355
15778,431.9567
15779,405.9111
15780,476.4689
15781,473.25375
15782,436.91357
15783,472.2054
15784,435.33676
15785,456.85156
15786,360.9938
15787,485.79135
15788,387.43463
15789,502.8367
15790,473.66803
15791,422.4086
15792,474.60892
15793,370.2835
15794,370.9903
15795,520.58374
15796,403.80035
15797,494.49185
15798,438.9567
15799,436.76837
15800,455.58096
15801,396.83365
15802,442.73126
15803,422.49527
15804,439.47937
15805,470.11487
15806,486.38693
15807,516.9356
15808,412.39474
15809,462.1188
15810,474.1295
15811,491.4889
15812,407.41306
15813,370.4882
15814,384.02335
15815,411.98154
15816,421.29065
15817,462.0973
15818,413.36832
15819,413.52206
15820,512.6489
15821,480.28888
15822,480.5108
15823,365.60907
15824,441.72214
15825,398.7982
15826,518.91754
15827,476.87244
15828,374.71634
15829,369.37976
15830,516.8066
15831,422.49493
15832,513.25995
15833,451.87292
15834,456.6149
15835,518.17615
15836,483.8848
15837,540.1429
15838,441.15488
15839,476.41965
15840,442.55203
15841,431.48856
15842,452.12527
15843,473.20566
15844,498.4489
15845,427.52496
15846,287.55197
15847,551.17346
15848,392.6349
15849,447.53168
15850,481.2623
15851,457.92435
15852,429.67773
15853,439.5072
15854,398.16794
15855,454.73444
15856,386.1507
15857,527.8835
15858,465.66473
15859,505.47443
15860,433.57224
15861,467.58496
15862,415.31308
15863,443.5197
15864,520.0369
15865,447.71182
15866,398.88556
15867,403.4287
15868,542.9485
15869,463.7993
15870,465.5563
15871,536.27936
15872,502.5734
15873,446.23776
15874,443.92944
15875,463.81583
15876,451.02457
15877,418.90155
15878,449.30692
15879,344.92456
15880,515.7571
15881,461.16913
15882,411.61398
15883,479.44836
15884,407.4524
15885,472.3777
15886,445.12292
15887,386.04083
15888,396.61133
15889,411.19336
15890,441.22305
15891,549.619
15892,398.9125
15893,510.33774
15894,558.4597
15895,412.476
15896,423.60165
15897,407.72052
15898,434.59094
15899,476.72467
15900,512.14514
15901,533.13947
15902,483.5123
15903,411.87762
15904,395.2606
15905,372.97064
15906,489.91318
15907,498.13696
15908,505.24774
15909,482.72723
15910,463.2644
15911,457.99466
15912,486.1297
15913,408.9498
15914,598.7866
15915,493.07974
15916,400.30304
15917,380.74396
15918,457.0433
15919,522.0166
15920,502.98068
15921,556.13855
15922,436.55588
15923,478.4581
15924,433.9653
15925,524.29944
15926,492.47156
15927,439.79822
15928,430.07684
15929,477.47504
15930,434.5555
15931,473.36423
15932,442.57098
15933,415.12622
15934,527.647
15935,499.23526
15936,435.32465
15937,419.9594
15938,428.19766
15939,472.2323
15940,459.6945
15941,376.9112
15942,447.65372
15943,385.83176
15944,489.604
15945,394.52707
15946,466.2805
15947,391.93484
15948,429.6603
15949,452.1019
15950,453.08023
15951,436.4152
15952,515.51324
15953,486.07526
15954,475.01627
15955,388.62512
15956,453.1774
15957,485.316
15958,502.37308
15959,403.63293
15960,447.84692
15961,395.2814
15962,471.1271
15963,430.74667
15964,406.78162
15965,438.0669
15966,395.68002
15967,418.49973
15968,423.76443
15969,496.4194
15970,479.79535
15971,417.22784
15972,417.85095
15973,456.69824
15974,462.63696
15975,484.73346
15976,445.77747
15977,477.81537
15978,446.52075
15979,450.79062
15980,406.61392
15981,464.65732
15982,455.63504
15983,500.9465
15984,455.75305
15985,405.47092
15986,445.9433
15987,440.57883
15988,459.41876
15989,432.51593
15990,453.24036
15991,448.27686
15992,543.80096
15993,404.26096
15994,448.7083
15995,475.5582
15996,508.1093
15997,533.95374
15998,467.18893
15999,474.92715
16000,468.4848
16001,500.51056
16002,452.7789
16003,447.31097
16004,424.88687
16005,444.9117
16006,473.8806
16007,416.20758
16008,413.85928
16009,414.03653
16010,486.66656
16011,421.1235
16012,439.69305
16013,484.9615
16014,502.66965
16015,484.22318
16016,431.6199
16017,560.8273
16018,523.1329
16019,425.5852
16020,522.01483
16021,421.22406
16022,410.0443
16023,417.0839
16024,427.46777
16025,480.11923
16026,402.0682
16027,441.17966
16028,455.47443
16029,430.77975
16030,493.5763
16031,479.12967
16032,404.92996
16033,525.74524
16034,391.4181
16035,425.0226
16036,441.51007
16037,453.43442
16038,461.2537
16039,416.66037
16040,448.79196
16041,561.4882
16042,419.30682
16043,477.63834
16044,493.42047
16045,384.84668
16046,484.04886
16047,462.3176
16048,397.28915
16049,360.5813
16050,422.01068
16051,445.92145
16052,506.17532
16053,400.1515
16054,489.8429
16055,433.48065
16056,463.34985
16057,475.98978
16058,447.80292
16059,473.96585
16060,419.80728
16061,449.19547
16062,470.09946
16063,484.343
16064,395.10046
16065,463.53152
16066,507.57278
16067,491.49646
16068,395.40857
16069,433.9028
16070,513.28046
16071,340.06454
16072,322.0435
16073,459.1874
16074,404.6435
16075,466.08435
16076,514.513
16077,489.99594
16078,508.79675
16079,417.41254
16080,517.29376
16081,359.06668
16082,501.563
16083,419.43085
16084,385.9387
16085,464.12933
16086,407.18726
16087,429.6344
16088,528.4361
16089,460.04678
16090,504.0221
16091,448.5242
16092,474.15515
16093,451.18936
16094,464.07266
16095,452.9322
16096,522.49927
16097,433.18958
16098,392.83078
16099,458.3573
16100,361.31592
16101,376.0286
16102,436.76636
16103,464.9393
16104,470.1245
16105,502.1523
16106,423.08145
16107,429.4408
16108,412.2018
16109,521.5405
16110,473.34134
16111,473.2208
16112,404.6266
16113,431.81796
16114,481.26843
16115,537.1984
16116,489.31924
16117,501.73267
16118,396.8002
16119,465.0768
16120,463.26343
16121,413.91367
16122,469.62784
16123,412.0342
16124,432.4158
16125,377.30792
16126,477.23932
16127,507.62506
16128,532.6992
16129,426.18628
16130,404.0642
16131,419.94177
16132,485.9975
16133,441.38535
16134,445.7269
16135,419.46774
16136,389.8833
16137,418.29407
16138,417.42206
16139,395.14557
16140,390.2852
16141,435.19617
16142,416.32642
16143,453.55975
16144,459.4482
16145,458.5033
16146,438.43503
16147,393.23663
16148,409.5402
16149,416.30933
16150,441.6245
16151,404.6314
16152,377.23624
16153,520.80426
16154,518.5778
16155,360.52948
16156,487.9037
16157,439.28976
16158,441.50803
16159,425.17255
16160,463.7181
16161,443.17908
16162,481.5876
16163,422.35117
16164,428.34583
16165,515.25415
16166,484.1893
16167,482.8454
16168,429.12936
16169,411.12894
16170,529.1322
16171,366.8745
16172,491.24908
16173,326.43967
16174,452.2079
16175,586.136
16176,428.09375
16177,414.60654
16178,499.18225
16179,462.33105
16180,463.042
16181,422.2124
16182,398.8732
16183,367.68277
16184,384.63904
16185,388.6207
16186,515.1156
16187,437.92902
16188,429.80743
16189,449.04578
16190,453.7465
16191,433.84497
16192,492.76883
16193,420.34485
16194,376.35464
16195,439.18832
16196,366.5488
16197,440.60272
16198,451.95087
16199,448.15115
16200,434.64792
16201,501.30478
16202,422.0746
16203,407.24252
16204,389.60077
16205,528.0164
16206,425.00635
16207,410.7749
16208,376.8961
16209,469.4394
16210,480.63837
16211,463.05875
16212,428.014
16213,513.8594
16214,421.5419
16215,459.49542
16216,459.22684
16217,429.11374
16218,386.91098
16219,366.74225
16220,458.23447
16221,392.24878
16222,455.86063
16223,504.1006
16224,484.46936
16225,480.1988
16226,493.09134
16227,419.4346
16228,441.9783
16229,387.116
16230,424.3643
16231,428.81042
16232,398.65076
16233,476.89352
16234,493.22934
16235,497.52222
16236,489.0277
16237,385.29987
16238,389.74353
16239,477.7766
16240,529.6652
16241,421.89478
16242,485.734
16243,449.38995
16244,401.36288
16245,358.83746
16246,485.27457
16247,405.2232
16248,476.62692
16249,479.469
16250,544.169
16251,502.3499
16252,439.3437
16253,364.85538
16254,452.87302
16255,451.23294
16256,440.53476
16257,433.2998
16258,480.65128
16259,447.51938
16260,446.9437
16261,437.59476
16262,513.53253
16263,469.51926
16264,487.51535
16265,500.75436
16266,441.5136
16267,559.011
16268,438.198
16269,424.35437
16270,466.18945
16271,514.9437
16272,401.93735
16273,512.6006
16274,416.67014
16275,430.16528
16276,476.21994
16277,436.98053
16278,397.57083
16279,403.58093
16280,559.0202
16281,390.87003
16282,434.94446
16283,446.66852
16284,434.15234
16285,501.82248
16286,531.5514
16287,511.13007
16288,535.30365
16289,439.58817
16290,429.39725
16291,488.53848
16292,514.9659
16293,452.07855
16294,464.29095
16295,519.85065
16296,421.49796
16297,435.46448
16298,540.2873
16299,495.41113
16300,388.73056
16301,516.8301
16302,420.05637
16303,458.79904
16304,475.0467
16305,411.4108
16306,427.40945
16307,375.08032
16308,446.6719
16309,426.9492
16310,405.65305
16311,411.96652
16312,487.9285
16313,435.39386
16314,393.60147
16315,392.19232
16316,530.6795
16317,480.99362
16318,472.90448
16319,438.58228
16320,456.78162
16321,493.82233
16322,466.25082
16323,476.85596
16324,431.3406
16325,502.67465
16326,454.96573
16327,473.7023
16328,473.56262
16329,401.14005
16330,489.46005
16331,417.00406
16332,493.84555
16333,412.91174
16334,424.89774
16335,433.92395
16336,437.7462
16337,419.51633
16338,381.535
16339,460.11517
16340,446.57733
16341,450.1125
16342,504.0265
16343,396.11346
16344,467.30936
16345,488.02353
16346,435.6573
16347,518.987
16348,454.25253
16349,431.40427
16350,444.77347
16351,492.5317
16352,446.54324
16353,439.65988
16354,476.40088
16355,505.43082
16356,465.2284
16357,458.61316
16358,498.8729
16359,443.99194
16360,450.90356
16361,577.79877
16362,457.25586
16363,465.96402
16364,414.2106
16365,421.4335
16366,444.9486
16367,442.48108
16368,367.0483
16369,417.2028
16370,418.83517
16371,414.5187
16372,464.7511
16373,395.80136
16374,484.0606
16375,417.79047
16376,454.45712
16377,377.1194
16378,444.36682
16379,383.38312
16380,399.33447
16381,526.691
16382,393.59436
16383,473.58585
16384,448.62997
16385,432.36597
16386,514.5125
16387,426.21875
16388,449.77377
16389,413.4474
16390,450.70886
16391,481.42694
16392,422.55966
16393,452.37158
16394,435.85904
16395,460.71158
16396,505.0518
16397,400.91748
16398,560.4168
16399,448.09387
16400,503.80197
16401,471.7993
16402,430.19626
16403,458.93344
16404,397.68933
16405,530.0214
16406,435.1576
16407,469.64575
16408,433.6625
16409,464.4301
16410,434.0131
16411,455.40286
16412,444.0873
16413,393.6095
16414,450.63724
16415,471.9767
16416,415.67447
16417,466.70776
16418,400.8743
16419,395.6079
16420,456.4504
16421,456.49484
16422,484.67572
16423,456.9502
16424,385.161
16425,363.7352
16426,493.1999
16427,469.5497
16428,448.80768
16429,383.47568
16430,497.9767
16431,425.6748
16432,467.14716
16433,480.81427
16434,355.50986
16435,515.8787
16436,523.10535
16437,528.1747
16438,511.91248
16439,472.1475
16440,472.86606
16441,403.0225
16442,462.90793
16443,490.43765
16444,433.39264
16445,413.95218
16446,496.40213
16447,458.46585
16448,462.44125
16449,423.0813
16450,456.60284
16451,393.3941
16452,470.3985
16453,484.5666
16454,453.9408
16455,416.42514
16456,428.58023
16457,517.8973
16458,545.7768
16459,414.0596
16460,395.3496
16461,498.5618
16462,420.36307
16463,494.90298
16464,385.0247
16465,341.28378
16466,482.80276
16467,405.71152
16468,522.01697
16469,380.86896
16470,490.02332
16471,421.0974
16472,455.3668
16473,447.00076
16474,448.99515
16475,461.95773
16476,405.0636
16477,474.66315
16478,481.37955
16479,461.09985
16480,451.56442
16481,424.76538
16482,415.26486
16483,500.95352
16484,479.5132
16485,433.40393
16486,449.38177
16487,509.56113
16488,443.0882
16489,424.08228
16490,473.52606
16491,447.70898
16492,412.9253
16493,431.22214
16494,455.95096
16495,420.64536
16496,523.4483
16497,439.9063
16498,490.4124
16499,461.48843
16500,475.92667
16501,417.19653
16502,418.5572
16503,457.14386
16504,396.14758
16505,471.60684
16506,455.31494
16507,522.27057
16508,483.93457
16509,392.65735
16510,427.56586
16511,372.15796
16512,427.3281
16513,442.151
16514,453.99063
16515,443.92346
16516,439.38995
16517,497.65985
16518,480.75174
16519,493.62338
16520,438.63742
16521,463.8929
16522,427.23328
16523,413.7099
16524,522.77606
16525,445.5813
16526,384.18832
16527,436.11227
16528,435.4643
16529,535.31415
16530,460.3542
16531,463.59665
16532,469.05164
16533,474.1863
16534,483.4133
16535,393.07748
16536,525.8082
16537,468.62787
16538,472.8085
16539,411.27618
16540,410.23364
16541,488.28226
16542,439.4122
16543,439.26752
16544,438.17886
16545,478.66293
16546,443.92612
16547,477.72232
16548,513.8996
16549,463.03235
16550,389.79837
16551,409.84598
16552,421.49762
16553,425.77747
16554,510.60388
16555,476.75702
16556,429.30374
16557,420.02698
16558,395.9448
16559,421.47516
16560,468.49973
16561,345.44696
16562,472.57053
16563,419.64453
16564,426.62213
16565,438.0333
16566,465.63467
16567,351.14215
16568,500.39676
16569,387.08585
16570,470.92004
16571,490.30545
16572,463.1371
16573,493.9227
16574,516.3672
16575,486.25323
16576,401.13867
16577,433.04156
16578,448.526
16579,531.5754
16580,478.26047
16581,509.16574
16582,479.77286
16583,452.25122
16584,466.1761
16585,547.4836
16586,455.3116
16587,458.72684
16588,438.8773
16589,463.66077
16590,482.15878
16591,446.0187
16592,528.81775
16593,464.27414
16594,454.26218
16595,402.30295
16596,454.6315
16597,484.35144
16598,425.89557
16599,405.62595
16600,471.29538
16601,463.498
16602,357.90982
16603,427.78775
16604,394.73752
16605,392.79715
16606,431.3388
16607,440.93365
16608,447.12604
16609,359.93
16610,485.2719
16611,419.8669
16612,476.44907
16613,450.7098
16614,358.4886
16615,458.0044
16616,444.6526
16617,469.63995
16618,543.14935
16619,407.2885
16620,435.3266
16621,497.64517
16622,508.63535
16623,561.0301
16624,457.76303
16625,412.40457
16626,529.11414
16627,470.50046
16628,386.95206
16629,467.54575
16630,477.63812
16631,470.37537
16632,465.16623
16633,471.76077
16634,473.37616
16635,434.2766
16636,456.8464
16637,425.24838
16638,526.44116
16639,483.88626
16640,418.8956
16641,442.05884
16642,488.50397
16643,485.22333
16644,410.60968
16645,417.67032
16646,472.94293
16647,449.66876
16648,516.4073
16649,590.3536
16650,414.85483
16651,510.00296
16652,432.33893
16653,463.9463
16654,410.68347
16655,395.11758
16656,441.8649
16657,313.65402
16658,532.71875
16659,395.28635
16660,477.6937
16661,402.69327
16662,517.5052
16663,404.53952
16664,406.35452
16665,436.39526
16666,455.9534
16667,492.42554
16668,335.09784
16669,457.07355
16670,392.7741
16671,418.1239
16672,420.12637
16673,443.17075
16674,454.67703
16675,441.20673
16676,432.32047
16677,488.65225
16678,511.9795
16679,457.84207
16680,472.79395
16681,495.2486
16682,450.57852
16683,453.34708
16684,501.19788
16685,417.86667
16686,502.26904
16687,459.03662
16688,403.518
16689,441.3054
16690,337.4819
16691,492.8253
16692,444.88745
16693,458.47107
16694,446.86896
16695,452.94635
16696,398.12366
16697,475.25137
16698,486.02206
16699,425.12982
16700,406.79147
16701,408.65515
16702,463.8938
16703,457.01508
16704,538.0341
16705,445.61865
16706,487.07742
16707,415.44736
16708,469.1236
16709,529.24097
16710,409.27298
16711,453.06186
16712,484.43552
16713,386.5439
16714,508.00345
16715,534.74915
16716,495.1743
16717,476.30023
16718,457.20477
16719,485.80103
16720,381.72836
16721,470.48248
16722,502.23224
16723,482.523
16724,427.78836
16725,483.0956
16726,425.31964
16727,473.91293
16728,385.4914
16729,416.70776
16730,492.9481
16731,404.2774
16732,483.58475
16733,447.97272
16734,562.57434
16735,471.34897
16736,455.32022
16737,488.08472
16738,497.2289
16739,548.8015
16740,431.7853
16741,488.1457
16742,375.8816
16743,466.42044
16744,433.29535
16745,377.89096
16746,450.97714
16747,516.54486
16748,425.58313
16749,413.88675
16750,474.01935
16751,548.39746
16752,479.24493
16753,485.6463
16754,483.49835
16755,534.5396
16756,491.06046
16757,393.06247
16758,460.63947
16759,517.0883
16760,468.90662
16761,409.6599
16762,401.104
16763,440.39127
16764,523.2244
16765,453.3159
16766,411.9117
16767,408.1866
16768,457.2471
16769,430.55707
16770,421.98874
16771,457.58508
16772,441.7948
16773,465.1495
16774,383.66898
16775,488.2506
16776,493.18805
16777,379.6589
16778,507.46988
16779,490.59387
16780,438.21902
16781,450.19278
16782,463.76334
16783,448.0065
16784,532.14105
16785,456.34348
16786,448.31882
16787,512.94745
16788,445.2959
16789,465.54056
16790,488.26743
16791,447.8639
16792,410.92358
16793,527.0625
16794,470.11093
16795,447.22754
16796,430.13803
16797,376.41135
16798,398.43802
16799,502.02832
16800,537.2372
16801,552.5745
16802,440.81558
16803,487.76157
16804,399.57843
16805,467.64874
16806,395.56906
16807,441.2824
16808,469.6644
16809,457.53262
16810,586.9595
16811,454.93716
16812,381.31995
16813,465.19116
16814,484.84918
16815,435.249
16816,441.6887
16817,454.5219
16818,400.1058
16819,454.38055
16820,428.79053
16821,425.18924
16822,438.04105
16823,536.78534
16824,381.5949
16825,431.20807
16826,418.6779
16827,467.30933
16828,463.81638
16829,367.73145
16830,469.37515
16831,503.51663
16832,402.886
16833,427.0642
16834,535.08984
16835,475.35092
16836,473.0408
16837,442.2926
16838,475.87097
16839,427.84427
16840,425.13568
16841,421.74078
16842,405.7642
16843,414.10947
16844,415.51086
16845,378.90112
16846,522.8353
16847,490.79504
16848,449.33133
16849,445.72433
16850,410.14722
16851,453.65634
16852,430.3623
16853,519.7826
16854,444.82028
16855,377.24173
16856,422.1419
16857,416.97342
16858,381.74933
16859,456.336
16860,491.94647
16861,446.61804
16862,490.08685
16863,472.478
16864,461.22293
16865,469.0367
16866,534.90045
16867,478.78873
16868,386.64883
16869,449.68466
16870,494.35416
16871,426.75842
16872,422.30368
16873,449.1585
16874,439.1361
16875,420.0882
16876,447.3559
16877,444.4883
16878,515.20294
16879,456.60565
16880,470.09634
16881,429.97772
16882,489.6783
16883,480.6535
16884,369.21613
16885,457.55948
16886,409.5716
16887,479.00046
16888,470.03656
16889,457.44678
16890,424.07227
16891,470.06378
16892,450.86124
16893,440.23032
16894,415.86917
16895,402.1665
16896,445.33618
16897,418.26532
16898,469.60635
16899,356.51627
16900,498.2487
16901,457.04453
16902,523.03845
16903,456.02646
16904,436.9149
16905,506.08398
16906,452.99533
16907,481.8327
16908,458.3158
16909,457.55545
16910,429.58777
16911,462.12784
16912,486.33978
16913,528.2189
16914,377.4533
16915,491.6406
16916,464.95505
16917,443.9118
16918,475.09796
16919,410.3463
16920,476.66864
16921,491.38687
16922,462.11713
16923,454.35907
16924,395.21365
16925,463.95636
16926,399.83093
16927,428.4559
16928,472.94675
16929,471.771
16930,521.5022
16931,391.92004
16932,463.5693
16933,502.35468
16934,361.03702
16935,535.3871
16936,524.5759
16937,402.13733
16938,485.1863
16939,495.76257
16940,437.25174
16941,415.91046
16942,447.15195
16943,520.5968
16944,451.34647
16945,428.31198
16946,508.5307
16947,404.27075
16948,382.75574
16949,543.82263
16950,450.94595
16951,525.67084
16952,491.14832
16953,417.12085
16954,456.10278
16955,478.7439
16956,457.6669
16957,507.99484
16958,437.58887
16959,436.9859
16960,478.13058
16961,519.0905
16962,472.93472
16963,454.15884
16964,465.21918
16965,415.8585
16966,403.77072
16967,470.7156
16968,463.96536
16969,333.47205
16970,406.00128
16971,393.36285
16972,482.69006
16973,433.38992
16974,431.17017
16975,445.5079
16976,486.5685
16977,437.87402
16978,470.10748
16979,430.0213
16980,384.12604
16981,466.7053
16982,469.7344
16983,444.27863
16984,425.93024
16985,434.30228
16986,440.4012
16987,458.20078
16988,463.33276
16989,482.65057
16990,481.37247
16991,434.5865
16992,508.87784
16993,445.3644
16994,495.72583
16995,441.19058
16996,377.6278
16997,379.40402
16998,448.67487
16999,507.1285
17000,412.75003
17001,406.7769
17002,484.92566
17003,481.7364
17004,406.8816
17005,376.8548
17006,452.01157
17007,466.96286
17008,491.60675
17009,432.9075
17010,433.1689
17011,508.3795
17012,471.92728
17013,439.9706
17014,431.5177
17015,511.44397
17016,439.4436
17017,434.21265
17018,444.5718
17019,471.3825
17020,474.92258
17021,449.25156
17022,500.87308
17023,441.27274
17024,524.6456
17025,477.3497
17026,489.80527
17027,481.23865
17028,476.3231
17029,466.9445
17030,505.96432
17031,486.97873
17032,512.8831
17033,550.9238
17034,435.47614
17035,519.7269
17036,421.429
17037,420.8855
17038,501.08533
17039,448.72052
17040,454.1006
17041,399.00052
17042,483.80408
17043,457.25534
17044,387.9563
17045,418.86954
17046,457.5825
17047,379.86893
17048,424.07578
17049,419.08447
17050,479.28018
17051,451.65295
17052,472.39526
17053,353.68405
17054,531.73914
17055,416.24496
17056,380.9726
17057,450.97482
17058,350.5318
17059,469.57465
17060,478.09814
17061,415.6507
17062,299.20908
17063,398.51556
17064,455.7827
17065,447.0701
17066,524.3343
17067,465.67664
17068,464.84857
17069,475.65585
17070,432.13196
17071,391.47626
17072,451.66608
17073,489.77942
17074,420.41577
17075,450.86127
17076,454.0713
17077,428.49988
17078,453.54764
17079,441.09702
17080,462.1744
17081,422.32217
17082,448.326
17083,438.745
17084,413.38733
17085,465.38568
17086,471.3073
17087,540.7583
17088,365.60406
17089,438.41544
17090,459.06445
17091,477.63434
17092,477.83487
17093,456.84872
17094,446.1241
17095,409.37894
17096,495.24097
17097,396.25565
17098,507.92575
17099,480.9809
17100,393.25653
17101,397.39014
17102,464.69257
17103,511.11487
17104,551.224
17105,494.9455
17106,466.7667
17107,406.3548
17108,491.09647
17109,361.83282
17110,403.3068
17111,461.44867
17112,483.3925
17113,483.49554
17114,488.50867
17115,452.23477
17116,386.358
17117,407.0318
17118,421.94016
17119,475.43045
17120,445.5471
17121,401.18274
17122,512.32
17123,435.5261
17124,409.3957
17125,459.3309
17126,508.16498
17127,417.37503
17128,481.81116
17129,437.9735
17130,478.97543
17131,373.72333
17132,429.45938
17133,472.23486
17134,422.39548
17135,435.37073
17136,439.95404
17137,471.16364
17138,481.49036
17139,389.61768
17140,504.8485
17141,455.3431
17142,429.80594
17143,458.49185
17144,475.275
17145,392.0256
17146,487.69696
17147,457.53177
17148,453.52286
17149,406.5823
17150,532.22186
17151,412.99884
17152,401.10947
17153,500.34937
17154,437.2455
17155,484.65802
17156,354.55252
17157,449.92267
17158,381.36682
17159,500.29727
17160,432.49728
17161,454.3146
17162,496.31403
17163,527.27454
17164,483.76093
17165,501.01508
17166,473.84238
17167,476.54764
17168,410.25876
17169,432.973
17170,363.5399
17171,459.7377
17172,451.6897
17173,336.54315
17174,468.3355
17175,463.4171
17176,460.33658
17177,470.4007
17178,559.5029
17179,474.35675
17180,454.94617
17181,391.7842
17182,452.65396
17183,508.96378
17184,409.41318
17185,426.2579
17186,481.55505
17187,488.15952
17188,478.35367
17189,388.88687
17190,530.4882
17191,472.5313
17192,424.459
17193,500.03946
17194,356.9033
17195,440.13885
17196,444.0853
17197,499.5739
17198,458.91174
17199,488.4686
17200,380.14493
17201,514.90045
17202,442.68796
17203,471.14374
17204,409.52435
17205,441.53842
17206,494.70834
17207,450.28622
17208,436.16125
17209,473.91064
17210,392.504
17211,469.80508
17212,538.3145
17213,457.76932
17214,450.7835
17215,422.04904
17216,424.95023
17217,468.66083
17218,466.5007
17219,432.14087
17220,492.90646
17221,482.51465
17222,412.45273
17223,408.06293
17224,566.11176
17225,506.59113
17226,432.36536
17227,543.66644
17228,434.14563
17229,467.16284
17230,434.70435
17231,454.49783
17232,434.49957
17233,385.4342
17234,402.37564
17235,405.59222
17236,395.01373
17237,376.1235
17238,494.11157
17239,470.36093
17240,383.08917
17241,404.42673
17242,413.88434
17243,446.45676
17244,362.66788
17245,475.23352
17246,443.54575
17247,427.84515
17248,443.11462
17249,434.79852
17250,507.27814
17251,416.8013
17252,472.40433
17253,464.40872
17254,464.38928
17255,450.23413
17256,493.5826
17257,452.2615
17258,449.80798
17259,433.78705
17260,489.27234
17261,412.44254
17262,453.91245
17263,531.8487
17264,442.55338
17265,454.26755
17266,376.4916
17267,419.8149
17268,482.2541
17269,430.77606
17270,417.84946
17271,420.30704
17272,467.56387
17273,388.95334
17274,453.50766
17275,457.56747
17276,446.10184
17277,541.42566
17278,439.78287
17279,423.16296
17280,464.20465
17281,474.78897
17282,358.33203
17283,418.72336
17284,389.0659
17285,456.9979
17286,401.67477
17287,510.36774
17288,527.01685
17289,537.4815
17290,425.0927
17291,475.803
17292,472.53653
17293,486.11887
17294,420.573
17295,410.98828
17296,403.0564
17297,491.61768
17298,462.64117
17299,458.84525
17300,436.0554
17301,425.80072
17302,453.52896
17303,471.31015
17304,384.97928
17305,468.96542
17306,454.203
17307,439.97104
17308,491.53165
17309,471.64444
17310,502.50735
17311,468.12326
17312,451.41925
17313,500.71664
17314,444.66748
17315,428.45453
17316,446.61884
17317,482.0072
17318,480.36902
17319,423.40417
17320,444.57996
17321,508.37173
17322,520.71265
17323,412.61752
17324,474.78134
17325,494.01736
17326,443.30173
17327,464.8728
17328,471.22467
17329,389.17926
17330,428.60318
17331,521.68005
17332,364.65417
17333,452.91794
17334,441.82162
17335,518.74243
17336,433.98102
17337,465.9649
17338,468.63083
17339,463.87347
17340,464.00635
17341,469.97165
17342,468.4418
17343,468.75232
17344,459.1018
17345,436.50458
17346,429.50888
17347,508.4538
17348,488.51483
17349,466.51447
17350,469.555
17351,429.58508
17352,456.56726
17353,477.7682
17354,493.71457
17355,437.219
17356,418.26672
17357,326.23978
17358,391.27274
17359,460.79092
17360,424.4656
17361,441.3576
17362,450.486
17363,525.70294
17364,463.6047
17365,448.19333
17366,425.47495
17367,455.18933
17368,459.79785
17369,472.0629
17370,415.00137
17371,452.67834
17372,439.20865
17373,488.44174
17374,560.1735
17375,485.4908
17376,486.32138
17377,438.89984
17378,531.40924
17379,473.06198
17380,477.59058
17381,513.2641
17382,508.82938
17383,463.28305
17384,435.794
17385,430.37454
17386,397.79626
17387,515.5523
17388,474.6691
17389,508.01727
17390,471.31934
17391,456.16113
17392,462.00674
17393,445.09915
17394,444.74448
17395,416.54926
17396,464.29288
17397,471.6559
17398,441.96527
17399,443.60004
17400,434.83737
17401,456.58133
17402,433.84744
17403,521.9758
17404,432.47162
17405,435.50058
17406,416.9346
17407,479.2485
17408,467.22202
17409,363.19086
17410,429.08585
17411,496.15466
17412,516.1965
17413,509.9486
17414,486.44608
17415,427.81384
17416,407.54694
17417,466.46268
17418,455.29535
17419,423.2811
17420,381.25992
17421,484.04376
17422,493.13678
17423,437.0286
17424,480.79633
17425,479.89832
17426,451.32678
17427,473.70862
17428,518.1791
17429,494.37164
17430,455.1129
17431,361.26947
17432,493.702
17433,424.3855
17434,499.08667
17435,510.13776
17436,455.008
17437,514.5623
17438,418.23557
17439,455.06152
17440,493.8689
17441,389.62448
17442,486.4333
17443,511.6884
17444,383.9959
17445,485.427
17446,486.93747
17447,424.13263
17448,497.34415
17449,504.87146
17450,404.4862
17451,413.57278
17452,449.3263
17453,420.0548
17454,478.87018
17455,460.1114
17456,431.65005
17457,414.49503
17458,439.91623
17459,453.41425
17460,493.9661
17461,460.9725
17462,447.63586
17463,412.66992
17464,500.074
17465,458.32675
17466,429.61053
17467,449.90906
17468,484.25906
17469,478.71744
17470,452.57666
17471,352.51
17472,440.95438
17473,409.86957
17474,424.97684
17475,442.00613
17476,472.04056
17477,401.88705
17478,465.2804
17479,465.52765
17480,461.65182
17481,414.93234
17482,432.01785
17483,454.9556
17484,367.10733
17485,441.2739
17486,461.10568
17487,372.57367
17488,417.52563
17489,391.6822
17490,436.51047
17491,327.93216
17492,434.334
17493,446.53702
17494,484.9772
17495,340.67624
17496,426.56885
17497,405.9101
17498,435.14093
17499,411.12683
17500,466.7395
17501,441.92725
17502,503.52512
17503,415.70425
17504,411.6379
17505,375.27972
17506,289.71808
17507,435.68854
17508,447.07153
17509,484.27545
17510,458.4914
17511,508.9607
17512,450.71338
17513,475.06207
17514,439.56006
17515,391.28134
17516,464.01227
17517,457.27054
17518,511.53497
17519,448.89136
17520,469.6347
17521,482.932
17522,382.50424
17523,508.55957
17524,459.40265
17525,450.87674
17526,453.7582
17527,422.4757
17528,496.66986
17529,377.63303
17530,473.90533
17531,459.8087
17532,436.29172
17533,560.98584
17534,473.81976
17535,454.93564
17536,420.965
17537,495.61
17538,456.7838
17539,427.85254
17540,403.52002
17541,409.26413
17542,487.25305
17543,434.31232
17544,468.30777
17545,391.15897
17546,511.58527
17547,456.4619
17548,479.6929
17549,438.149
17550,507.0663
17551,402.20895
17552,309.47614
17553,457.9368
17554,358.38275
17555,411.72366
17556,374.38684
17557,439.50977
17558,386.51202
17559,422.0153
17560,455.09998
17561,414.15448
17562,445.8011
17563,415.54828
17564,447.6646
17565,470.5928
17566,405.04797
17567,429.5707
17568,497.63327
17569,499.80203
17570,458.2018
17571,462.75006
17572,517.548
17573,425.18497
17574,398.7018
17575,421.5572
17576,504.23093
17577,418.3504
17578,437.73126
17579,447.07645
17580,470.2762
17581,378.83624
17582,514.86597
17583,443.7218
17584,429.4632
17585,497.02322
17586,498.54922
17587,430.8244
17588,417.53452
17589,524.4329
17590,440.0914
17591,381.45956
17592,489.69247
17593,438.4359
17594,456.1651
17595,471.6758
17596,436.05933
17597,408.28876
17598,501.291
17599,412.0564
17600,432.22314
17601,488.14133
17602,387.6866
17603,450.83362
17604,443.7384
17605,437.15262
17606,504.4251
17607,486.1838
17608,410.25952
17609,354.83353
17610,460.9185
17611,418.33453
17612,488.27515
17613,461.57883
17614,378.8958
17615,537.53253
17616,375.2264
17617,421.64755
17618,421.4738
17619,456.948
17620,385.6233
17621,410.7839
17622,483.26114
17623,433.66394
17624,470.21268
17625,381.19574
17626,403.64908
17627,517.2968
17628,395.86957
17629,499.13315
17630,443.7319
17631,478.2942
17632,445.48196
17633,453.48752
17634,441.24213
17635,473.10983
17636,470.11957
17637,455.96304
17638,527.21295
17639,491.21646
17640,423.84805
17641,433.7188
17642,482.4683
17643,445.16547
17644,443.26398
17645,449.70792
17646,492.99005
17647,444.4159
17648,478.48294
17649,434.59137
17650,480.6513
17651,383.68372
17652,490.52573
17653,516.4742
17654,463.16696
17655,500.56668
17656,453.79346
17657,501.13226
17658,430.86914
17659,405.96973
17660,442.1646
17661,442.82452
17662,475.12137
17663,475.94083
17664,474.43152
17665,358.22406
17666,454.0865
17667,477.67435
17668,437.2084
17669,434.57947
17670,489.48572
17671,502.51926
17672,428.23572
17673,463.83716
17674,427.8098
17675,440.9575
17676,459.36554
17677,441.1312
17678,452.61166
17679,432.20523
17680,376.54092
17681,423.22244
17682,432.3863
17683,475.26883
17684,482.93658
17685,417.51825
17686,444.67413
17687,458.88214
17688,500.2769
17689,435.76184
17690,532.3705
17691,450.3126
17692,513.97925
17693,399.2551
17694,483.34274
17695,418.5951
17696,377.80124
17697,417.39966
17698,451.58713
17699,456.3011
17700,386.7515
17701,430.20206
17702,471.22186
17703,422.65097
17704,464.33612
17705,408.8317
17706,517.32947
17707,440.26096
17708,429.67676
17709,415.3323
17710,437.43536
17711,499.552
17712,419.0664
17713,489.19797
17714,450.67664
17715,385.05814
17716,535.4128
17717,444.40857
17718,390.2895
17719,432.2664
17720,461.39658
17721,419.62848
17722,424.39294
17723,475.6196
17724,446.78424
17725,463.0411
17726,430.21646
17727,442.4611
17728,443.56674
17729,423.84848
17730,397.1768
17731,481.66254
17732,394.90887
17733,410.12067
17734,465.206
17735,457.47095
17736,494.62793
17737,376.62213
17738,412.8928
17739,416.1178
17740,475.58652
17741,398.06223
17742,439.83194
17743,448.5063
17744,433.21243
17745,433.84747
17746,439.9687
17747,459.95502
17748,523.0318
17749,414.22394
17750,380.1221
17751,535.5276
17752,473.99872
17753,445.25696
17754,379.4396
17755,417.02664
17756,487.2536
17757,403.1968
17758,506.5835
17759,461.50842
17760,487.41013
17761,496.356
17762,448.04382
17763,444.9027
17764,453.2068
17765,453.93637
17766,435.72586
17767,444.42157
17768,432.62897
17769,478.21863
17770,450.15274
17771,450.12207
17772,418.2496
17773,423.47882
17774,462.13345
17775,514.0839
17776,447.7725
17777,480.22003
17778,441.21985
17779,433.92627
17780,442.45187
17781,446.06964
17782,407.14465
17783,477.69955
17784,465.89618
17785,448.91006
17786,461.4874
17787,440.2591
17788,467.61163
17789,432.51837
17790,527.6295
17791,385.3036
17792,432.49524
17793,435.67337
17794,445.7408
17795,453.11603
17796,537.6425
17797,405.50903
17798,451.32913
17799,434.5508
17800,410.47006
17801,467.11118
17802,395.91187
17803,444.71594
17804,472.9419
17805,362.57318
17806,473.48132
17807,468.16006
17808,551.71606
17809,431.20114
17810,455.4309
17811,473.69894
17812,458.4826
17813,417.2671
17814,441.55716
17815,451.81058
17816,504.7707
17817,414.68756
17818,433.5648
17819,465.1014
17820,479.3708
17821,504.95963
17822,403.9654
17823,457.51068
17824,480.45938
17825,467.15076
17826,452.5069
17827,410.52158
17828,371.20706
17829,399.95065
17830,534.6792
17831,412.8821
17832,442.3193
17833,525.0999
17834,541.8386
17835,457.58228
17836,394.12918
17837,491.61874
17838,403.7322
17839,473.99542
17840,473.49567
17841,427.1577
17842,482.22293
17843,499.31757
17844,493.633
17845,428.61258
17846,396.5992
17847,479.5548
17848,478.26904
17849,499.22656
17850,369.42447
17851,419.31308
17852,396.8036
17853,411.2559
17854,577.3533
17855,486.85117
17856,391.60382
17857,483.80374
17858,482.81107
17859,494.43683
17860,417.95044
17861,345.7303
17862,563.82465
17863,452.90277
17864,424.17554
17865,489.95715
17866,443.94144
17867,414.83914
17868,507.4084
17869,511.989
17870,528.06665
17871,456.85312
17872,384.03207
17873,454.16183
17874,448.19202
17875,533.4943
17876,492.4969
17877,435.42102
17878,433.51996
17879,457.90182
17880,466.5184
17881,410.25998
17882,379.85965
17883,435.25754
17884,415.99158
17885,374.1556
17886,445.30872
17887,354.67892
17888,542.6509
17889,389.00778
17890,468.41568
17891,459.3868
17892,367.31854
17893,429.97464
17894,359.27936
17895,412.73233
17896,415.28442
17897,463.1125
17898,493.0582
17899,420.0971
17900,421.22247
17901,422.69485
17902,497.99988
17903,380.37753
17904,471.06577
17905,512.60284
17906,558.05304
17907,486.59894
17908,406.8513
17909,548.8521
17910,474.43405
17911,503.71243
17912,489.25937
17913,477.20468
17914,347.08066
17915,452.08057
17916,509.62076
17917,456.18445
17918,407.02905
17919,452.99402
17920,432.20404
17921,473.00525
17922,463.42923
17923,427.20718
17924,422.87198
17925,444.36334
17926,470.41187
17927,428.3874
17928,375.11935
17929,527.07245
17930,506.21722
17931,457.9251
17932,475.06052
17933,434.37857
17934,451.18036
17935,391.07468
17936,465.03598
17937,383.71902
17938,470.41916
17939,521.8694
17940,460.62485
17941,459.24994
17942,486.25647
17943,429.2786
17944,440.9749
17945,471.59363
17946,467.8643
17947,402.34924
17948,417.45956
17949,461.98746
17950,515.4547
17951,386.80682
17952,400.71533
17953,384.9398
17954,459.8219
17955,406.0423
17956,351.84592
17957,408.28897
17958,389.97702
17959,409.5127
17960,399.85855
17961,501.22977
17962,535.0332
17963,439.24677
17964,499.62198
17965,467.27188
17966,453.2402
17967,482.72318
17968,467.96945
17969,379.42258
17970,449.95862
17971,391.7072
17972,428.72815
17973,429.22766
17974,445.98502
17975,437.49954
17976,484.90796
17977,523.8008
17978,478.8446
17979,411.4201
17980,475.90793
17981,420.9627
17982,434.2791
17983,373.96286
17984,442.91608
17985,529.3359
17986,521.86005
17987,453.3931
17988,482.95712
17989,457.30734
17990,472.70258
17991,356.9889
17992,427.00687
17993,470.8087
17994,416.61142
17995,417.8948
17996,454.13528
17997,498.93948
17998,465.40466
17999,434.69196
18000,496.14618
18001,453.4689
18002,469.26913
18003,458.25632
18004,354.51797
18005,384.42194
18006,475.01187
18007,412.29868
18008,456.6128
18009,451.29303
18010,482.538
18011,447.72006
18012,409.57812
18013,461.76242
18014,446.64917
18015,404.77167
18016,409.23145
18017,414.81622
18018,427.14587
18019,451.28067
18020,441.87146
18021,421.4823
18022,435.95844
18023,407.33844
18024,457.9022
18025,475.11115
18026,409.1916
18027,511.19568
18028,518.8541
18029,402.4376
18030,424.8859
18031,445.6506
18032,362.0611
18033,456.0646
18034,545.75055
18035,478.83224
18036,473.71802
18037,462.97406
18038,424.5005
18039,450.27158
18040,410.7383
18041,439.96045
18042,477.81195
18043,439.49155
18044,403.4656
18045,416.6629
18046,447.97513
18047,568.85236
18048,457.40762
18049,478.09918
18050,401.83392
18051,479.46402
18052,396.21872
18053,425.48157
18054,420.5231
18055,412.8517
18056,521.6053
18057,401.96988
18058,480.10168
18059,459.19885
18060,394.8097
18061,562.26154
18062,550.675
18063,486.84973
18064,452.38385
18065,445.94833
18066,455.58472
18067,568.1194
18068,468.6114
18069,471.55612
18070,420.4985
18071,454.48877
18072,421.09607
18073,442.8366
18074,507.38953
18075,389.824
18076,474.3584
18077,452.81702
18078,375.90085
18079,446.78394
18080,435.3087
18081,441.75073
18082,443.47952
18083,473.83377
18084,469.37204
18085,490.45023
18086,484.2491
18087,506.35254
18088,424.47476
18089,441.94986
18090,501.8102
18091,489.06155
18092,433.5134
18093,400.31625
18094,501.2545
18095,496.99307
18096,424.0042
18097,476.3405
18098,502.8477
18099,371.9587
18100,400.47595
18101,466.70496
18102,430.50272
18103,443.48682
18104,428.63287
18105,415.8228
18106,401.2874
18107,497.11642
18108,404.68277
18109,412.8546
18110,379.46912
18111,393.64413
18112,465.49338
18113,454.459
18114,450.9491
18115,484.628
18116,476.77176
18117,472.13297
18118,499.20148
18119,520.48444
18120,434.2005
18121,422.65952
18122,482.59552
18123,449.38864
18124,408.09012
18125,461.12494
18126,475.4049
18127,461.9992
18128,419.96198
18129,473.19565
18130,483.73944
18131,405.15274
18132,385.1805
18133,513.3445
18134,472.76492
18135,364.45758
18136,462.84085
18137,348.5007
18138,405.08945
18139,474.8804
18140,423.6024
18141,459.3958
18142,447.22842
18143,447.387
18144,392.38928
18145,411.48022
18146,507.25854
18147,451.021
18148,476.55612
18149,421.1588
18150,520.9595
18151,509.22092
18152,450.1282
18153,401.3404
18154,465.6996
18155,460.79208
18156,449.10315
18157,435.28668
18158,484.0482
18159,411.58624
18160,408.82336
18161,513.6991
18162,400.12082
18163,446.82718
18164,557.3132
18165,557.7877
18166,446.23126
18167,448.4536
18168,527.17126
18169,498.86115
18170,389.89716
18171,486.54544
18172,479.09726
18173,434.34488
18174,354.26797
18175,456.29578
18176,450.6664
18177,425.7743
18178,464.54404
18179,446.69995
18180,551.3552
18181,440.03375
18182,474.36838
18183,442.4579
18184,512.2199
18185,432.8996
18186,472.28912
18187,419.2585
18188,469.9462
18189,516.43933
18190,480.7226
18191,470.80835
18192,439.0314
18193,372.0473
18194,429.30325
18195,413.80258
18196,440.5428
18197,446.30933
18198,473.8543
18199,457.898
18200,566.40686
18201,510.67786
18202,507.87305
18203,471.9265
18204,491.19293
18205,451.0469
18206,487.763
18207,495.58026
18208,430.84766
18209,423.02948
18210,482.4759
18211,445.92972
18212,451.43228
18213,488.2461
18214,470.37796
18215,357.92233
18216,418.92783
18217,388.50775
18218,467.74518
18219,524.4026
18220,436.98016
18221,462.97604
18222,454.42352
18223,363.98334
18224,399.0898
18225,341.58157
18226,420.80762
18227,466.85538
18228,380.61737
18229,471.71634
18230,505.9136
18231,403.84604
18232,541.13434
18233,509.01578
18234,478.6923
18235,468.033
18236,419.52106
18237,453.07162
18238,521.04364
18239,464.44022
18240,447.20047
18241,462.28625
18242,435.17432
18243,513.91504
18244,471.4154
18245,514.8901
18246,414.80182
18247,394.6769
18248,518.80133
18249,342.3541
18250,359.3383
18251,491.1664
18252,450.39334
18253,465.41006
18254,460.67587
18255,470.39368
18256,471.78818
18257,409.6037
18258,451.27612
18259,469.90244
18260,480.54724
18261,431.5461
18262,479.5088
18263,444.08148
18264,508.18137
18265,463.6654
18266,408.40384
18267,430.37317
18268,413.4836
18269,463.69067
18270,380.63718
18271,456.84735
18272,416.1212
18273,402.96915
18274,457.7633
18275,402.76797
18276,448.83817
18277,452.92416
18278,443.57697
18279,445.93918
18280,430.40634
18281,418.3954
18282,468.95883
18283,482.87082
18284,493.5356
18285,495.42294
18286,386.947
18287,420.0044
18288,418.3652
18289,408.26685
18290,483.322
18291,467.1161
18292,453.08307
18293,439.796
18294,486.05048
18295,476.06082
18296,474.36362
18297,459.25818
18298,466.48932
18299,332.72397
18300,487.00043
18301,439.38678
18302,441.7421
18303,497.9566
18304,417.12234
18305,484.61084
18306,451.2685
18307,415.1267
18308,440.48383
18309,407.44827
18310,544.57916
18311,442.10687
18312,545.1866
18313,510.2639
18314,509.12643
18315,446.3714
18316,418.32745
18317,427.68964
18318,456.65457
18319,413.1034
18320,459.64948
18321,452.51013
18322,467.62668
18323,516.4528
18324,482.81342
18325,493.59192
18326,471.17667
18327,421.7816
18328,341.49982
18329,446.53592
18330,559.65717
18331,459.60556
18332,509.2365
18333,493.40958
18334,496.35028
18335,461.15884
18336,441.5876
18337,459.8436
18338,487.78583
18339,503.78055
18340,474.37125
18341,422.8734
18342,403.29843
18343,446.1592
18344,392.15155
18345,489.73486
18346,469.86978
18347,485.49518
18348,480.217
18349,499.97205
18350,539.46783
18351,474.48456
18352,434.56488
18353,442.3335
18354,390.09113
18355,528.7582
18356,453.88815
18357,440.21683
18358,434.0744
18359,365.9396
18360,433.8203
18361,442.3997
18362,434.70212
18363,439.34644
18364,469.9047
18365,379.21857
18366,418.44656
18367,427.72595
18368,464.76205
18369,389.68134
18370,446.5318
18371,347.3022
18372,442.79187
18373,454.05923
18374,421.9547
18375,417.71326
18376,485.41205
18377,492.8502
18378,456.95035
18379,486.45178
18380,398.59747
18381,565.86707
18382,465.3989
18383,545.3762
18384,406.1489
18385,482.00293
18386,454.40024
18387,419.37253
18388,432.6139
18389,466.81104
18390,426.87436
18391,449.86304
18392,435.09055
18393,501.44476
18394,423.12018
18395,508.4737
18396,494.01486
18397,528.72577
18398,409.58276
18399,442.59543
18400,397.82324
18401,438.1481
18402,430.83417
18403,439.67563
18404,489.38248
18405,408.31693
18406,501.31314
18407,485.04492
18408,395.2632
18409,437.62003
18410,455.75436
18411,425.0978
18412,509.26413
18413,435.2446
18414,460.40073
18415,510.89923
18416,503.23306
18417,410.54294
18418,410.27756
18419,476.17892
18420,497.63135
18421,432.1849
18422,467.74844
18423,497.07144
18424,389.86456
18425,469.3876
18426,471.42276
18427,467.19742
18428,483.51065
18429,416.25723
18430,454.98578
18431,467.54697
18432,463.06534
18433,411.53674
18434,504.22836
18435,458.8066
18436,465.7925
18437,412.30322
18438,471.20566
18439,491.38324
18440,425.9512
18441,397.4118
18442,400.13068
18443,397.52402
18444,413.53607
18445,425.62198
18446,453.70172
18447,444.4875
18448,410.3964
18449,440.73465
18450,457.55447
18451,396.59686
18452,444.03763
18453,494.60287
18454,382.32214
18455,435.4002
18456,415.92728
18457,492.82123
18458,447.8692
18459,549.8667
18460,527.4127
18461,468.56525
18462,527.7081
18463,463.4851
18464,488.5068
18465,453.5402
18466,430.7939
18467,484.16525
18468,507.9123
18469,466.2222
18470,444.71347
18471,435.72513
18472,415.59015
18473,514.7221
18474,483.5007
18475,379.98523
18476,414.34653
18477,408.8204
18478,390.07025
18479,533.9343
18480,494.37518
18481,469.92044
18482,435.8956
18483,488.32492
18484,406.05493
18485,511.35294
18486,471.5353
18487,389.51654
18488,436.1704
18489,504.6677
18490,462.9514
18491,434.82092
18492,476.77444
18493,407.0038
18494,469.34872
18495,467.52496
18496,479.27496
18497,499.4943
18498,423.61887
18499,461.23535
18500,480.6722
18501,491.007
18502,494.3155
18503,439.8315
18504,429.35266
18505,463.58582
18506,416.99326
18507,500.63065
18508,429.8192
18509,436.56363
18510,420.20532
18511,426.24097
18512,418.6375
18513,481.3696
18514,401.47327
18515,489.7522
18516,482.72168
18517,408.84262
18518,421.04245
18519,439.81747
18520,499.56262
18521,384.8872
18522,529.58295
18523,448.96353
18524,454.37415
18525,528.5279
18526,398.90103
18527,507.7015
18528,491.11597
18529,458.602
18530,403.8316
18531,477.16855
18532,419.5987
18533,455.2375
18534,413.12143
18535,428.18845
18536,393.437
18537,441.63477
18538,470.3641
18539,447.82684
18540,458.54095
18541,461.30637
18542,424.87286
18543,393.0156
18544,445.7713
18545,446.03815
18546,405.04007
18547,521.6054
18548,429.96652
18549,389.81757
18550,426.64792
18551,451.13095
18552,448.22665
18553,383.91714
18554,492.1452
18555,414.22168
18556,515.6829
18557,459.96008
18558,511.0267
18559,468.86258
18560,525.906
18561,441.5913
18562,447.4699
18563,528.25916
18564,448.59793
18565,469.67007
18566,460.75656
18567,478.9516
18568,440.74768
18569,378.3352
18570,523.73395
18571,407.7176
18572,445.81622
18573,429.03488
18574,463.69788
18575,577.46564
18576,348.92456
18577,573.5204
18578,456.38715
18579,462.8659
18580,412.4565
18581,433.06357
18582,427.13962
18583,472.2719
18584,469.9437
18585,394.05234
18586,442.0763
18587,463.01797
18588,338.48282
18589,413.02963
18590,450.5458
18591,437.37845
18592,486.03772
18593,371.62814
18594,407.88284
18595,489.42496
18596,367.3368
18597,434.06674
18598,452.46848
18599,489.67987
18600,449.499
18601,434.24747
18602,410.4404
18603,419.3173
18604,406.82736
18605,510.72443
18606,416.49686
18607,498.0164
18608,488.60236
18609,477.5405
18610,385.5207
18611,413.68802
18612,413.24814
18613,396.77942
18614,399.4085
18615,378.94513
18616,433.06125
18617,418.70935
18618,430.68542
18619,518.4526
18620,362.97195
18621,526.33185
18622,389.6803
18623,338.55127
18624,505.83105
18625,457.06046
18626,457.79666
18627,448.87827
18628,410.0476
18629,411.09265
18630,456.48026
18631,488.44873
18632,438.45276
18633,462.67938
18634,523.7917
18635,604.5208
18636,445.65936
18637,484.51706
18638,517.3511
18639,441.30872
18640,405.8089
18641,406.97638
18642,498.34543
18643,488.77536
18644,450.8371
18645,370.00455
18646,413.9421
18647,445.26068
18648,480.73642
18649,485.3705
18650,406.3228
18651,472.08926
18652,445.8042
18653,425.32062
18654,404.88342
18655,459.7617
18656,492.35956
18657,448.17838
18658,544.1832
18659,430.85342
18660,463.81277
18661,436.00208
18662,482.44345
18663,376.63962
18664,503.44144
18665,415.98026
18666,480.89917
18667,509.32916
18668,475.52106
18669,495.11777
18670,387.8887
18671,423.34116
18672,395.5699
18673,534.1375
18674,496.84723
18675,461.34216
18676,466.20737
18677,498.4653
18678,418.09918
18679,495.9774
18680,460.11057
18681,473.04388
18682,441.6033
18683,470.06854
18684,436.21515
18685,429.38583
18686,437.7029
18687,475.07404
18688,516.13245
18689,421.15762
18690,497.14822
18691,456.1503
18692,474.83347
18693,493.73712
18694,447.1438
18695,437.64496
18696,426.0099
18697,473.73026
18698,448.97714
18699,412.87076
18700,503.21576
18701,420.83038
18702,455.93707
18703,487.9366
18704,398.92953
18705,525.29034
18706,501.25107
18707,465.4863
18708,398.73746
18709,423.27112
18710,528.2186
18711,473.50845
18712,447.00488
18713,424.6221
18714,457.15875
18715,451.33475
18716,370.5837
18717,503.76663
18718,359.34995
18719,412.3898
18720,494.46127
18721,428.8228
18722,449.6981
18723,491.22046
18724,401.81638
18725,442.58673
18726,467.7156
18727,511.7494
18728,452.1111
18729,536.43176
18730,380.02954
18731,478.53064
18732,403.33963
18733,346.89438
18734,481.17972
18735,396.41626
18736,428.0346
18737,460.39597
18738,522.38043
18739,468.2518
18740,401.22104
18741,550.6627
18742,465.41788
18743,511.2257
18744,452.6043
18745,434.95068
18746,448.53308
18747,369.3137
18748,395.2207
18749,509.99313
18750,426.1027
18751,415.96127
18752,437.9994
18753,473.6699
18754,501.15405
18755,512.05554
18756,428.7715
18757,488.3759
18758,348.87
18759,511.54297
18760,448.49365
18761,386.9077
18762,392.21518
18763,410.42307
18764,487.00897
18765,406.7026
18766,386.0876
18767,512.49817
18768,497.0518
18769,393.06042
18770,503.12482
18771,416.27835
18772,395.81818
18773,455.61475
18774,431.93237
18775,502.8735
18776,462.74475
18777,452.8591
18778,476.72717
18779,509.39
18780,439.76065
18781,480.6626
18782,379.32812
18783,481.6059
18784,444.5904
18785,460.13055
18786,507.10663
18787,480.81073
18788,500.2407
18789,466.66412
18790,440.51
18791,462.6072
18792,411.74896
18793,507.52997
18794,510.57913
18795,407.14816
18796,535.0273
18797,470.66727
18798,489.6877
18799,494.11713
18800,451.9352
18801,502.74887
18802,492.97318
18803,408.13513
18804,416.03452
18805,425.1145
18806,489.21323
18807,502.28064
18808,471.09534
18809,468.20486
18810,402.81512
18811,354.01987
18812,477.8745
18813,358.88232
18814,434.0726
18815,441.34726
18816,349.74863
18817,377.92886
18818,517.96075
18819,424.33594
18820,396.36154
18821,395.11246
18822,507.86087
18823,460.17874
18824,325.42706
18825,502.328
18826,442.72083
18827,372.645
18828,445.05405
18829,479.51236
18830,458.24573
18831,369.40424
18832,496.31946
18833,467.41055
18834,407.94058
18835,479.61865
18836,444.60678
18837,455.36206
18838,431.6525
18839,404.51617
18840,435.96298
18841,405.40445
18842,394.33673
18843,507.03522
18844,448.67236
18845,441.37198
18846,391.2797
18847,387.87762
18848,478.4483
18849,477.0386
18850,407.87994
18851,451.224
18852,467.37704
18853,539.1487
18854,440.35315
18855,410.0864
18856,491.19232
18857,462.4902
18858,503.69794
18859,448.4186
18860,438.77225
18861,398.9775
18862,398.19095
18863,532.513
18864,482.468
18865,443.60962
18866,485.29938
18867,391.73376
18868,453.23703
18869,426.27463
18870,383.922
18871,505.88602
18872,427.4155
18873,452.1342
18874,503.99924
18875,374.17523
18876,507.78583
18877,432.87622
18878,500.08273
18879,440.02814
18880,503.47354
18881,396.2179
18882,468.96887
18883,397.1463
18884,479.19305
18885,384.62384
18886,375.2206
18887,499.87683
18888,396.2598
18889,503.5455
18890,450.3884
18891,466.658
18892,442.0742
18893,472.3507
18894,432.4606
18895,439.3728
18896,425.59506
18897,395.10995
18898,474.59534
18899,391.8195
18900,498.83652
18901,422.0556
18902,476.16934
18903,436.96677
18904,505.49756
18905,472.7948
18906,384.88678
18907,432.61002
18908,414.1676
18909,472.70245
18910,466.52533
18911,474.50262
18912,406.82904
18913,422.54904
18914,451.35724
18915,493.5514
18916,432.9862
18917,422.89252
18918,485.20245
18919,420.25137
18920,421.39148
18921,433.05087
18922,475.76443
18923,411.7322
18924,482.28366
18925,404.46832
18926,483.45636
18927,437.86417
18928,488.09857
18929,473.82764
18930,394.84747
18931,435.51953
18932,468.42
18933,458.6651
18934,564.2494
18935,506.59457
18936,429.8922
18937,439.01486
18938,493.85437
18939,440.55255
18940,395.0279
18941,428.11716
18942,497.62457
18943,396.46063
18944,513.31165
18945,494.8061
18946,466.39288
18947,431.35202
18948,437.82697
18949,401.65472
18950,541.46216
18951,411.8706
18952,460.18848
18953,467.6383
18954,350.22052
18955,467.18826
18956,466.67517
18957,422.52435
18958,530.468
18959,433.7933
18960,461.78143
18961,531.5245
18962,496.70166
18963,478.05597
18964,372.41446
18965,398.22485
18966,512.64355
18967,460.77106
18968,470.86053
18969,468.59094
18970,415.69867
18971,444.1218
18972,381.7305
18973,436.39413
18974,456.2147
18975,445.3149
18976,465.0487
18977,452.0666
18978,465.90378
18979,461.66632
18980,453.46075
18981,426.705
18982,302.24677
18983,414.6256
18984,426.3365
18985,359.28046
18986,413.0444
18987,470.7518
18988,413.39288
18989,462.29578
18990,396.27792
18991,489.423
18992,445.44397
18993,484.06125
18994,413.05334
18995,425.73645
18996,380.41898
18997,538.42316
18998,446.7403
18999,512.8953
19000,468.11557
19001,413.55133
19002,534.63855
19003,502.48755
19004,452.5136
19005,467.85052
19006,451.74866
19007,449.97852
19008,566.8563
19009,415.99762
19010,438.29932
19011,317.13498
19012,496.87823
19013,438.48587
19014,483.12253
19015,475.17215
19016,492.99417
19017,354.833
19018,448.02808
19019,462.39975
19020,502.04028
19021,509.19186
19022,434.6199
19023,440.12836
19024,455.67392
19025,397.6227
19026,397.68222
19027,449.58502
19028,361.7847
19029,452.5756
19030,452.45273
19031,462.96277
19032,434.74667
19033,419.10562
19034,394.707
19035,448.36417
19036,452.59488
19037,424.58728
19038,407.30057
19039,432.71686
19040,474.94614
19041,464.01062
19042,406.49792
19043,495.23843
19044,443.3878
19045,488.0972
19046,405.29178
19047,413.17102
19048,394.62576
19049,346.67007
19050,470.24106
19051,494.65
19052,457.43958
19053,463.28583
19054,428.0647
19055,429.83597
19056,447.8483
19057,394.28647
19058,467.8868
19059,389.88403
19060,482.96185
19061,439.43958
19062,510.00314
19063,525.646
19064,496.1178
19065,422.48608
19066,470.38803
19067,401.88324
19068,380.2007
19069,492.5801
19070,419.32242
19071,520.569
19072,422.67145
19073,402.37408
19074,401.22043
19075,561.56805
19076,510.01572
19077,458.3596
19078,478.6489
19079,449.41092
19080,409.9661
19081,389.75864
19082,459.3028
19083,484.36792
19084,394.61234
19085,462.82028
19086,408.68643
19087,443.04547
19088,461.8521
19089,404.07028
19090,419.05554
19091,473.52304
19092,425.63577
19093,384.37784
19094,414.8907
19095,528.3533
19096,402.73343
19097,486.07907
19098,435.92572
19099,444.33023
19100,431.74564
19101,392.04495
19102,342.4007
19103,477.39478
19104,441.90298
19105,442.82785
19106,451.98572
19107,437.98636
19108,454.78464
19109,527.00867
19110,494.80432
19111,404.02472
19112,447.4986
19113,407.60217
19114,497.42154
19115,462.97342
19116,367.29056
19117,453.32602
19118,430.2516
19119,412.426
19120,486.3737
19121,482.868
19122,499.11176
19123,482.17096
19124,374.07703
19125,423.05875
19126,398.41895
19127,468.0141
19128,441.71573
19129,492.48444
19130,460.9806
19131,435.7049
19132,474.639
19133,402.91315
19134,375.04434
19135,447.725
19136,482.2587
19137,448.4374
19138,427.5813
19139,468.3703
19140,453.0497
19141,429.2743
19142,422.39526
19143,394.89597
19144,377.11267
19145,452.1379
19146,503.62927
19147,410.07162
19148,489.9457
19149,393.55197
19150,448.4585
19151,469.8778
19152,429.0035
19153,458.6018
19154,484.04227
19155,403.84937
19156,451.10333
19157,493.2885
19158,485.84906
19159,471.2107
19160,484.4522
19161,502.2861
19162,398.39374
19163,418.28708
19164,411.95316
19165,429.9728
19166,418.172
19167,433.49368
19168,479.894
19169,420.06073
19170,440.0392
19171,510.271
19172,436.31247
19173,479.54468
19174,509.7354
19175,462.4921
19176,452.53287
19177,492.30072
19178,445.77045
19179,311.53766
19180,497.2475
19181,448.06894
19182,460.03378
19183,429.15973
19184,539.1236
19185,490.49924
19186,312.62317
19187,463.2525
19188,482.8929
19189,472.2345
19190,416.18997
19191,446.9883
19192,473.86716
19193,460.96277
19194,567.75665
19195,389.69797
19196,447.2222
19197,461.8712
19198,545.90894
19199,382.3514
19200,432.2508
19201,452.6105
19202,495.82712
19203,456.76834
19204,392.1747
19205,450.30615
19206,476.50467
19207,492.07922
19208,433.39502
19209,401.6232
19210,460.20428
19211,411.86862
19212,399.70624
19213,460.99704
19214,410.72165
19215,414.62527
19216,467.6984
19217,423.98364
19218,442.6725
19219,332.7029
19220,417.4545
19221,404.78195
19222,498.46198
19223,477.72626
19224,480.10632
19225,488.59427
19226,424.6179
19227,366.19025
19228,388.84387
19229,528.5731
19230,505.04785
19231,507.64038
19232,413.04477
19233,366.47446
19234,464.7308
19235,510.45493
19236,539.6194
19237,481.08942
19238,423.9015
19239,430.82098
19240,475.6211
19241,473.06815
19242,480.91733
19243,422.46585
19244,536.955
19245,441.7279
19246,446.83365
19247,392.85886
19248,458.14832
19249,427.4701
19250,445.73947
19251,487.55542
19252,513.2011
19253,392.0376
19254,373.37534
19255,464.92242
19256,447.41235
19257,380.6592
19258,425.83276
19259,446.391
19260,413.97305
19261,430.1642
19262,468.72012
19263,438.5777
19264,496.28766
19265,444.16705
19266,455.9875
19267,429.49457
19268,532.18536
19269,424.59668
19270,429.34406
19271,458.1226
19272,352.19537
19273,355.49344
19274,434.02615
19275,416.38852
19276,531.5452
19277,392.0024
19278,431.49594
19279,455.05927
19280,453.375
19281,396.04532
19282,487.87653
19283,474.09494
19284,441.1573
19285,411.80545
19286,423.14023
19287,496.11047
19288,462.9562
19289,371.03445
19290,454.59537
19291,580.3737
19292,463.97684
19293,361.05682
19294,340.30365
19295,438.0957
19296,432.04367
19297,455.41174
19298,483.56934
19299,487.241
19300,425.2706
19301,458.85382
19302,402.8387
19303,492.38153
19304,410.47
19305,460.21982
19306,466.0075
19307,453.21024
19308,482.74362
19309,465.15695
19310,483.76126
19311,442.16284
19312,405.08
19313,445.06238
19314,493.65005
19315,471.7059
19316,442.14072
19317,405.94705
19318,451.8629
19319,456.6375
19320,420.59558
19321,532.6234
19322,457.06772
19323,465.18018
19324,478.40073
19325,449.97025
19326,408.25366
19327,468.94302
19328,306.62204
19329,421.40994
19330,427.48087
19331,373.0905
19332,451.62332
19333,371.8687
19334,385.8646
19335,567.0649
19336,445.3705
19337,425.91833
19338,445.80164
19339,446.02524
19340,450.31274
19341,460.7295
19342,398.51144
19343,455.21667
19344,402.49802
19345,445.99692
19346,321.48
19347,461.8564
19348,385.81955
19349,432.32297
19350,498.75818
19351,357.0397
19352,512.98364
19353,447.0229
19354,482.56683
19355,471.70905
19356,469.03406
19357,505.09326
19358,458.6926
19359,441.99872
19360,538.38043
19361,443.56586
19362,482.08844
19363,500.62604
19364,488.49454
19365,449.7712
19366,404.26114
19367,453.44058
19368,466.8111
19369,484.79367
19370,446.63885
19371,460.79807
19372,475.98584
19373,446.06848
19374,539.88873
19375,467.82343
19376,463.85864
19377,378.77518
19378,417.02676
19379,393.6506
19380,446.2863
19381,428.10266
19382,440.21417
19383,490.12402
19384,493.8783
19385,458.74893
19386,429.76984
19387,413.96976
19388,379.55902
19389,463.31302
19390,397.21817
19391,457.71732
19392,518.2344
19393,415.39792
19394,474.29178
19395,446.49365
19396,496.2269
19397,450.87524
19398,508.18378
19399,424.72998
19400,519.50696
19401,422.72012
19402,374.95142
19403,487.44388
19404,536.03534
19405,479.25085
19406,420.2835
19407,422.842
19408,489.02148
19409,387.88232
19410,488.28583
19411,445.4973
19412,435.55716
19413,482.06665
19414,459.63443
19415,463.2446
19416,420.2459
19417,497.76266
19418,494.4344
19419,437.16992
19420,471.35068
19421,452.04663
19422,469.61948
19423,471.21832
19424,416.48178
19425,487.22653
19426,531.69904
19427,427.07266
19428,463.59106
19429,380.31055
19430,420.05566
19431,495.54672
19432,491.42862
19433,433.0359
19434,404.08856
19435,386.08423
19436,403.49738
19437,386.60068
19438,412.00067
19439,465.382
19440,440.13007
19441,439.6093
19442,505.87833
19443,528.5779
19444,474.72073
19445,531.0152
19446,424.25903
19447,444.38098
19448,447.60645
19449,548.558
19450,494.9837
19451,455.22
19452,479.63782
19453,431.0056
19454,435.66913
19455,459.94864
19456,437.55905
19457,407.64023
19458,431.03088
19459,492.52768
19460,459.49777
19461,397.47415
19462,412.27893
19463,468.73987
19464,473.81137
19465,466.3949
19466,415.7571
19467,410.1849
19468,477.9776
19469,486.5156
19470,466.04672
19471,483.6656
19472,492.9005
19473,496.681
19474,382.5831
19475,424.87515
19476,390.72607
19477,611.7199
19478,449.25177
19479,510.2894
19480,441.48904
19481,429.83475
19482,484.4193
19483,508.2389
19484,434.6256
19485,442.4088
19486,453.3201
19487,492.69495
19488,407.44904
19489,391.0417
19490,489.38245
19491,481.20084
19492,490.50537
19493,513.65045
19494,458.94223
19495,481.71048
19496,442.10767
19497,393.1497
19498,419.13962
19499,447.08694
19500,425.37012
19501,476.42047
19502,453.68317
19503,460.5311
19504,437.37976
19505,480.895
19506,410.92166
19507,394.2003
19508,424.46722
19509,426.22113
19510,523.35406
19511,453.34558
19512,419.0885
19513,504.8764
19514,446.80615
19515,426.7462
19516,389.38153
19517,398.95337
19518,481.14944
19519,450.5848
19520,469.5413
19521,480.7231
19522,502.09097
19523,547.6956
19524,487.06
19525,514.7188
19526,394.40625
19527,415.57077
19528,471.56235
19529,472.594
19530,449.33994
19531,502.62292
19532,494.351
19533,432.4371
19534,417.70587
19535,458.9489
19536,466.59744
19537,391.516
19538,443.49777
19539,493.22824
19540,470.41473
19541,499.9245
19542,476.08572
19543,414.55063
19544,473.1904
19545,451.644
19546,467.26508
19547,383.77646
19548,458.3033
19549,424.57498
19550,458.98328
19551,397.08936
19552,500.08362
19553,390.2665
19554,463.98853
19555,412.62418
19556,513.1479
19557,434.9936
19558,492.91858
19559,462.87973
19560,468.9121
19561,449.71957
19562,475.5553
19563,377.61
19564,477.29605
19565,489.58267
19566,401.67117
19567,435.71964
19568,483.3605
19569,392.60995
19570,410.39706
19571,404.15707
19572,385.54358
19573,379.79147
19574,405.7905
19575,403.00095
19576,437.2981
19577,531.4546
19578,473.3962
19579,357.23254
19580,421.7334
19581,481.6544
19582,416.2194
19583,489.64966
19584,432.14487
19585,526.5757
19586,434.2636
19587,527.439
19588,434.02426
19589,423.30597
19590,360.91336
19591,433.9309
19592,490.73096
19593,372.54987
19594,505.50723
19595,377.66434
19596,502.7511
19597,492.54144
19598,483.46054
19599,426.59122
19600,363.51727
19601,556.63824
19602,564.5635
19603,429.5559
19604,372.552
19605,493.34543
19606,411.10373
19607,492.15738
19608,378.41977
19609,468.21317
19610,431.00226
19611,470.47165
19612,401.85858
19613,499.2804
19614,364.5996
19615,428.1515
19616,497.56744
19617,463.11932
19618,428.00366
19619,445.8264
19620,462.68134
19621,463.37204
19622,488.63074
19623,436.69193
19624,440.1432
19625,418.5637
19626,430.368
19627,376.2931
19628,506.89172
19629,467.17633
19630,540.9878
19631,471.89105
19632,428.02563
19633,382.3672
19634,552.8328
19635,510.5273
19636,449.98853
19637,466.31848
19638,469.94223
19639,466.24457
19640,408.91672
19641,449.6743
19642,482.9732
19643,448.93515
19644,476.2791
19645,387.78262
19646,458.07184
19647,390.88947
19648,459.21094
19649,461.16614
19650,434.42816
19651,434.78946
19652,471.0609
19653,430.72018
19654,456.884
19655,450.3824
19656,495.97766
19657,444.38898
19658,389.96878
19659,441.5608
19660,444.4795
19661,451.80505
19662,399.4484
19663,405.2983
19664,443.71964
19665,465.705
19666,486.81772
19667,445.47025
19668,446.53445
19669,471.2494
19670,438.63766
19671,443.86444
19672,438.32156
19673,522.83325
19674,486.36224
19675,432.6219
19676,432.80457
19677,483.3757
19678,366.42383
19679,430.64478
19680,393.3524
19681,380.86267
19682,406.65845
19683,446.62778
19684,468.27203
19685,432.8337
19686,424.51715
19687,444.37808
19688,454.70978
19689,513.6038
19690,481.93918
19691,528.0965
19692,430.73294
19693,484.66888
19694,403.56793
19695,389.743
19696,434.23685
19697,431.051
19698,504.30258
19699,523.0373
19700,409.6277
19701,428.88953
19702,507.82544
19703,528.79755
19704,471.70233
19705,413.12494
19706,425.90753
19707,392.33945
19708,411.08716
19709,455.51376
19710,422.69977
19711,492.91473
19712,471.8672
19713,473.59088
19714,497.98285
19715,494.3331
19716,389.84518
19717,406.0852
19718,434.86707
19719,501.05792
19720,379.55746
19721,408.72873
19722,494.34192
19723,446.62637
19724,514.82495
19725,442.23154
19726,400.49237
19727,484.37344
19728,505.39914
19729,434.0262
19730,466.07602
19731,531.9994
19732,439.60553
19733,393.1937
19734,438.70325
19735,391.038
19736,434.0332
19737,426.34442
19738,479.26694
19739,463.5844
19740,404.8643
19741,461.40213
19742,399.40002
19743,491.73697
19744,449.44995
19745,381.1511
19746,398.34628
19747,474.62515
19748,490.3504
19749,426.02988
19750,437.54767
19751,449.69815
19752,412.31558
19753,447.88568
19754,457.31094
19755,383.12344
19756,392.10364
19757,517.9151
19758,464.5541
19759,371.72128
19760,431.17368
19761,468.70013
19762,432.02112
19763,418.494
19764,479.37787
19765,438.02676
19766,479.40067
19767,409.5513
19768,448.09854
19769,487.946
19770,505.6685
19771,499.30923
19772,502.99088
19773,475.20294
19774,457.46304
19775,433.02048
19776,428.31744
19777,438.82935
19778,508.39517
19779,451.4622
19780,444.03003
19781,463.645
19782,389.97913
19783,409.83582
19784,453.0689
19785,486.09683
19786,488.6516
19787,529.41327
19788,423.1638
19789,471.27646
19790,498.6138
19791,438.58066
19792,445.30276
19793,475.62143
19794,463.77304
19795,411.4298
19796,458.2533
19797,423.08087
19798,468.79672
19799,513.60016
19800,464.95663
19801,486.54846
19802,461.2588
19803,378.1801
19804,420.10623
19805,470.41553
19806,398.08752
19807,486.34457
19808,486.44232
19809,408.66165
19810,450.8949
19811,429.35056
19812,459.5126
19813,545.08636
19814,442.32196
19815,474.6093
19816,442.87064
19817,418.48248
19818,480.88232
19819,450.06577
19820,536.5334
19821,346.41846
19822,455.68674
19823,474.5315
19824,431.91837
19825,469.19943
19826,490.61572
19827,463.53464
19828,485.08646
19829,386.1468
19830,378.16034
19831,455.70276
19832,484.43494
19833,464.21933
19834,497.52585
19835,492.65118
19836,404.96945
19837,454.92398
19838,440.77087
19839,415.48267
19840,442.49155
19841,443.31265
19842,487.0007
19843,435.44196
19844,447.5297
19845,341.42252
19846,482.251
19847,434.23056
19848,391.0745
19849,485.73114
19850,420.56287
19851,395.10574
19852,445.43582
19853,506.32895
19854,426.01804
19855,433.81342
19856,400.72714
19857,480.873
19858,472.9549
19859,494.63718
19860,433.69608
19861,471.28052
19862,514.3298
19863,474.94696
19864,344.9969
19865,393.3829
19866,418.43246
19867,545.33246
19868,425.74286
19869,384.21713
19870,476.52472
19871,515.99835
19872,545.7477
19873,451.19727
19874,440.1676
19875,496.65402
19876,418.2113
19877,455.62915
19878,497.55685
19879,456.65973
19880,422.25586
19881,465.2272
19882,398.9215
19883,443.44513
19884,383.31924
19885,308.3418
19886,439.62534
19887,464.74548
19888,501.67166
19889,428.78928
19890,441.557
19891,540.3476
19892,397.35284
19893,401.9296
19894,465.60403
19895,488.88843
19896,526.63794
19897,417.81567
19898,431.27835
19899,454.51538
19900,451.53058
19901,368.10886
19902,429.30112
19903,393.59772
19904,469.01245
19905,487.50098
19906,403.48904
19907,463.91168
19908,525.825
19909,447.56824
19910,444.21408
19911,444.6437
19912,422.83868
19913,438.21008
19914,504.44714
19915,454.68747
19916,439.3036
19917,401.21167
19918,402.07474
19919,497.75452
19920,423.45486
19921,463.1406
19922,440.34644
19923,442.86908
19924,481.13126
19925,458.8548
19926,487.19547
19927,390.88498
19928,472.31256
19929,494.53076
19930,524.33136
19931,476.58435
19932,344.50558
19933,436.2873
19934,509.52347
19935,426.38736
19936,431.5239
19937,453.04077
19938,451.37915
19939,393.82968
19940,415.54916
19941,448.48227
19942,413.10284
19943,420.83707
19944,553.2161
19945,448.6285
19946,442.09616
19947,466.03702
19948,467.95816
19949,414.46423
19950,551.0375
19951,411.87915
19952,379.91333
19953,384.0997
19954,500.4556
19955,436.30344
19956,444.8519
19957,440.72595
19958,541.01245
19959,436.4042
19960,406.3519
19961,448.8308
19962,420.70447
19963,508.1063
19964,425.92407
19965,427.72092
19966,454.24078
19967,445.32385
19968,439.46075
19969,502.96088
19970,504.73337
19971,473.2082
19972,461.49103
19973,508.46414
19974,441.40506
19975,392.06757
19976,478.94394
19977,505.41174
19978,442.41635
19979,417.9158
19980,426.73584
19981,421.3377
19982,451.04987
19983,405.83707
19984,435.54544
19985,514.97864
19986,328.57004
19987,401.70056
19988,453.04504
19989,477.6299
19990,424.4851
19991,474.61646
19992,519.0759
19993,436.35703
19994,408.59088
19995,462.8376
19996,485.92184
19997,470.59192
19998,486.97955
19999,459.586
20000,498.33734
20001,417.3027
20002,469.87897
20003,461.3022
20004,477.58395
20005,421.8953
20006,437.04895
20007,489.56097
20008,418.8122
20009,467.32318
20010,474.7166
20011,460.3191
20012,402.36874
20013,388.55002
20014,505.18045
20015,398.93906
20016,491.2237
20017,487.0093
20018,442.75214
20019,469.73444
20020,447.44186
20021,400.24
20022,475.35745
20023,438.42523
20024,446.41318
20025,464.23868
20026,441.77234
20027,308.0337
20028,416.97318
20029,605.2531
20030,467.86218
20031,497.93362
20032,485.6439
20033,452.3803
20034,408.30933
20035,530.9821
20036,463.46143
20037,320.4858
20038,416.6849
20039,439.3048
20040,408.59836
20041,458.27542
20042,427.00302
20043,436.94772
20044,433.1523
20045,390.53107
20046,452.33817
20047,411.84116
20048,467.72946
20049,485.8418
20050,347.2187
20051,423.90057
20052,460.97635
20053,458.04306
20054,405.61105
20055,451.2372
20056,451.18103
20057,427.579
20058,476.30746
20059,470.04163
20060,417.70038
20061,485.31693
20062,415.42725
20063,447.20065
20064,425.04712
20065,453.11823
20066,464.88815
20067,394.3445
20068,432.82162
20069,470.3725
20070,444.6505
20071,481.33652
20072,536.7246
20073,510.25693
20074,479.54272
20075,459.11755
20076,434.191
20077,458.09494
20078,421.73126
20079,516.3661
20080,560.86676
20081,350.6016
20082,390.36148
20083,372.66763
20084,473.5726
20085,343.1027
20086,506.26126
20087,421.14807
20088,374.88904
20089,486.31937
20090,421.21957
20091,488.68787
20092,352.08295
20093,489.00204
20094,520.9721
20095,517.40717
20096,453.48438
20097,384.61743
20098,432.11716
20099,437.1961
20100,460.31012
20101,488.65463
20102,556.9064
20103,371.85678
20104,470.63028
20105,449.14285
20106,513.22675
20107,553.5816
20108,453.93503
20109,410.40546
20110,506.87784
20111,484.12067
20112,423.86206
20113,463.57053
20114,392.2156
20115,472.32895
20116,462.30176
20117,448.80283
20118,373.17767
20119,364.02066
20120,436.38834
20121,473.96738
20122,520.794
20123,501.03543
20124,448.54987
20125,473.93005
20126,475.67493
20127,440.14734
20128,434.89014
20129,444.97803
20130,472.77057
20131,503.83954
20132,460.89606
20133,444.27295
20134,393.4794
20135,372.5907
20136,482.13763
20137,400.4683
20138,457.15298
20139,514.90857
20140,430.3086
20141,469.64276
20142,555.7282
20143,541.783
20144,442.34094
20145,457.29593
20146,442.12152
20147,421.9481
20148,471.4117
20149,439.57504
20150,435.81506
20151,435.49634
20152,486.17258
20153,428.00876
20154,394.13345
20155,430.98096
20156,461.26367
20157,509.15027
20158,534.55835
20159,450.61337
20160,423.22687
20161,425.96616
20162,455.06494
20163,462.40436
20164,458.1464
20165,438.24838
20166,494.26224
20167,450.3903
20168,459.10855
20169,371.00504
20170,419.58047
20171,487.56693
20172,481.54605
20173,377.64355
20174,450.73877
20175,596.4152
20176,413.4578
20177,370.9231
20178,449.55505
20179,461.14362
20180,454.37433
20181,381.16446
20182,475.61652
20183,507.12402
20184,440.13007
20185,476.09506
20186,352.54333
20187,484.35165
20188,462.5415
20189,415.6305
20190,459.97678
20191,430.82236
20192,426.52908
20193,454.5444
20194,425.86786
20195,418.6534
20196,453.38803
20197,367.25604
20198,439.4442
20199,424.6884
20200,422.1863
20201,419.02618
20202,425.06818
20203,545.4025
20204,406.44168
20205,426.371
20206,451.63376
20207,462.56924
20208,366.5681
20209,346.1775
20210,473.69504
20211,415.66653
20212,476.39697
20213,416.1311
20214,561.9803
20215,395.8437
20216,401.07895
20217,422.17535
20218,442.32596
20219,416.87912
20220,540.46893
20221,404.5045
20222,434.25302
20223,492.3009
20224,402.793
20225,409.31177
20226,395.3988
20227,412.51624
20228,460.7108
20229,374.49973
20230,444.69876
20231,424.36224
20232,452.36063
20233,446.43515
20234,406.43225
20235,448.51114
20236,440.6288
20237,428.2669
20238,428.5975
20239,460.56085
20240,470.17252
20241,411.96173
20242,402.34207
20243,531.80457
20244,462.73987
20245,425.88632
20246,507.62012
20247,536.0533
20248,358.34528
20249,444.08826
20250,459.2604
20251,388.19913
20252,450.014
20253,418.26367
20254,452.55997
20255,450.87335
20256,463.1237
20257,339.44205
20258,542.604
20259,399.87946
20260,486.86032
20261,502.2146
20262,451.10046
20263,510.39908
20264,372.35236
20265,501.00485
20266,474.9676
20267,445.83676
20268,478.88162
20269,420.14743
20270,483.8566
20271,397.62253
20272,473.64856
20273,398.24582
20274,436.04285
20275,373.98315
20276,392.04138
20277,445.44836
20278,457.7209
20279,420.93546
20280,468.39157
20281,500.94394
20282,498.2108
20283,466.28647
20284,426.63394
20285,389.17633
20286,525.3394
20287,474.86008
20288,481.46088
20289,394.282
20290,416.48288
20291,426.67163
20292,535.3409
20293,513.7954
20294,384.07422
20295,439.40964
20296,473.23984
20297,398.98907
20298,467.26636
20299,453.97098
20300,483.44498
20301,385.79556
20302,477.42868
20303,428.31497
20304,462.81296
20305,428.28073
20306,369.67648
20307,397.8081
20308,521.61835
20309,458.73798
20310,451.60532
20311,458.07388
20312,465.3572
20313,453.15128
20314,474.9195
20315,391.4112
20316,477.78156
20317,434.31342
20318,534.0628
20319,422.58762
20320,466.3525
20321,426.03873
20322,464.63467
20323,451.88925
20324,405.64462
20325,381.6036
20326,474.51733
20327,478.45602
20328,440.41077
20329,537.07526
20330,450.54346
20331,528.16003
20332,470.7035
20333,422.40463
20334,415.40244
20335,584.8183
20336,501.5423
20337,499.62784
20338,486.17346
20339,465.36118
20340,447.52725
20341,493.29828
20342,506.222
20343,451.6399
20344,466.32153
20345,473.7307
20346,430.31494
20347,376.91833
20348,405.83392
20349,402.27197
20350,531.577
20351,448.83917
20352,408.34424
20353,482.20996
20354,385.69608
20355,405.08463
20356,413.51685
20357,505.30316
20358,470.24594
20359,462.2407
20360,424.61026
20361,410.53857
20362,489.21997
20363,496.34433
20364,471.9786
20365,474.31253
20366,468.9908
20367,459.0192
20368,481.24677
20369,416.8252
20370,387.238
20371,462.3142
20372,401.8423
20373,405.9144
20374,518.09973
20375,475.56796
20376,459.91162
20377,450.40634
20378,524.7211
20379,482.10458
20380,474.0726
20381,415.03192
20382,446.60358
20383,405.61932
20384,529.26917
20385,461.51788
20386,403.65973
20387,450.86246
20388,540.7136
20389,393.7432
20390,444.92276
20391,439.8051
20392,434.53195
20393,396.59885
20394,425.47476
20395,413.18817
20396,461.06326
20397,421.2791
20398,445.4359
20399,459.3772
20400,450.15833
20401,496.62747
20402,455.7916
20403,451.98288
20404,344.94543
20405,518.1332
20406,429.28296
20407,465.30872
20408,421.89444
20409,419.86533
20410,484.09167
20411,437.8392
20412,454.23865
20413,391.72552
20414,509.8692
20415,516.166
20416,476.95023
20417,497.78638
20418,572.4205
20419,418.9149
20420,412.8302
20421,418.42816
20422,434.92334
20423,446.68848
20424,542.41376
20425,407.74265
20426,465.81372
20427,504.35742
20428,454.2739
20429,401.08707
20430,477.78165
20431,452.5456
20432,513.7782
20433,372.16895
20434,454.0353
20435,358.1885
20436,446.6689
20437,415.68878
20438,439.89307
20439,460.16382
20440,388.75546
20441,545.2688
20442,425.80133
20443,437.87122
20444,428.40906
20445,406.95532
20446,482.1227
20447,393.51056
20448,429.9476
20449,453.35974
20450,430.50772
20451,552.0759
20452,400.27435
20453,450.5214
20454,443.0459
20455,395.99747
20456,443.5693
20457,540.8337
20458,460.50333
20459,453.28516
20460,527.47
20461,466.61737
20462,480.04404
20463,409.1911
20464,374.57373
20465,421.33478
20466,446.36642
20467,471.63235
20468,534.1636
20469,458.44162
20470,432.75266
20471,428.0369
20472,485.135
20473,405.24002
20474,514.19305
20475,495.3984
20476,527.97986
20477,438.96555
20478,489.5433
20479,481.05286
20480,437.7962
20481,411.48056
20482,442.19943
20483,471.96353
20484,433.63977
20485,429.42545
20486,462.9535
20487,466.3387
20488,370.37964
20489,456.05228
20490,459.71756
20491,381.43298
20492,437.10303
20493,428.7713
20494,523.7018
20495,482.8639
20496,454.5224
20497,463.0729
20498,417.51498
20499,478.08017
20500,332.56024
20501,437.032
20502,396.88766
20503,386.70258
20504,465.7295
20505,363.69824
20506,494.56448
20507,454.23187
20508,395.67932
20509,432.1374
20510,485.1048
20511,443.5049
20512,432.0052
20513,443.3463
20514,468.3849
20515,402.35324
20516,427.1464
20517,507.38882
20518,470.01978
20519,445.24084
20520,504.86264
20521,439.02542
20522,484.279
20523,458.86484
20524,324.96417
20525,465.03445
20526,411.16086
20527,443.3382
20528,534.5458
20529,439.68784
20530,431.01425
20531,430.72308
20532,484.13174
20533,469.7502
20534,442.80603
20535,429.33536
20536,412.3585
20537,431.3742
20538,443.72754
20539,382.19656
20540,437.46655
20541,446.10944
20542,447.66592
20543,321.2532
20544,480.0484
20545,452.6326
20546,398.34128
20547,398.09967
20548,441.6746
20549,473.3209
20550,436.18884
20551,430.00806
20552,376.81277
20553,478.12955
20554,428.0467
20555,358.3072
20556,432.53436
20557,411.6548
20558,430.63297
20559,440.41217
20560,482.07587
20561,525.67413
20562,436.17554
20563,453.19205
20564,349.86053
20565,502.7287
20566,483.5586
20567,409.276
20568,419.56982
20569,473.9035
20570,482.41483
20571,464.6165
20572,506.5966
20573,510.79788
20574,409.62704
20575,381.50708
20576,533.2172
20577,441.42575
20578,411.66302
20579,471.76178
20580,391.95438
20581,416.91373
20582,437.8439
20583,425.0148
20584,498.32425
20585,402.5089
20586,484.68103
20587,445.86887
20588,517.1538
20589,465.1858
20590,444.2364
20591,472.5302
20592,457.17682
20593,458.88226
20594,462.81528
20595,512.7888
20596,448.4203
20597,500.89648
20598,514.01666
20599,480.51425
20600,517.65436
20601,458.39578
20602,452.1678
20603,386.38232
20604,456.8414
20605,468.79828
20606,456.90887
20607,500.70316
20608,452.99805
20609,431.22855
20610,522.4635
20611,506.8607
20612,457.32025
20613,551.9113
20614,440.07333
20615,525.7797
20616,465.5037
20617,513.52423
20618,387.01938
20619,378.13437
20620,416.42456
20621,439.7336
20622,401.2154
20623,433.59033
20624,484.58386
20625,393.49982
20626,479.8605
20627,455.2326
20628,552.51324
20629,433.6781
20630,478.8086
20631,465.14197
20632,434.32397
20633,409.4368
20634,386.3514
20635,399.51163
20636,436.1758
20637,438.94144
20638,430.5721
20639,502.69998
20640,455.69412
20641,489.44058
20642,463.97284
20643,467.96704
20644,447.98462
20645,386.73495
20646,477.00302
20647,446.75546
20648,400.57913
20649,439.67322
20650,429.63132
20651,420.6073
20652,452.97458
20653,441.00186
20654,382.0761
20655,421.13184
20656,531.9851
20657,392.17392
20658,448.17474
20659,448.6851
20660,449.5696
20661,482.58014
20662,418.93967
20663,443.8792
20664,514.19244
20665,431.20673
20666,392.1729
20667,525.9663
20668,463.97653
20669,346.37564
20670,402.33856
20671,484.70978
20672,497.64694
20673,410.36227
20674,329.53723
20675,498.75488
20676,438.12442
20677,437.93866
20678,460.04282
20679,483.42352
20680,525.19763
20681,434.26837
20682,442.2427
20683,479.50348
20684,462.77554
20685,449.61435
20686,409.29623
20687,489.22858
20688,452.32736
20689,393.56046
20690,461.54593
20691,456.49048
20692,459.2955
20693,492.6066
20694,393.05072
20695,455.77496
20696,404.1178
20697,430.82852
20698,491.8427
20699,484.58633
20700,436.11392
20701,484.15485
20702,468.35144
20703,492.19043
20704,391.6529
20705,426.50732
20706,484.13898
20707,424.8739
20708,496.54608
20709,429.92914
20710,441.90164
20711,449.22955
20712,431.9114
20713,409.7945
20714,446.9172
20715,447.66537
20716,422.6233
20717,479.3435
20718,475.82214
20719,421.5443
20720,376.66956
20721,544.6333
20722,506.50388
20723,469.38138
20724,453.35455
20725,508.24524
20726,457.5156
20727,376.07123
20728,378.4034
20729,389.27383
20730,458.42316
20731,453.65363
20732,485.64615
20733,472.4681
20734,452.46457
20735,428.18802
20736,378.19168
20737,494.728
20738,479.45633
20739,440.00015
20740,475.6074
20741,458.69574
20742,422.60785
20743,460.67255
20744,446.0997
20745,421.21997
20746,493.155
20747,449.92606
20748,433.89838
20749,472.92514
20750,366.30438
20751,494.72498
20752,502.72723
20753,472.36374
20754,514.7252
20755,468.00778
20756,366.6387
20757,456.61655
20758,473.8323
20759,394.11337
20760,461.86945
20761,451.3198
20762,409.9232
20763,448.38123
20764,477.2362
20765,445.12305
20766,430.4837
20767,415.72696
20768,428.84357
20769,490.19788
20770,469.67822
20771,459.19495
20772,434.46118
20773,425.41287
20774,466.2945
20775,382.6866
20776,480.53284
20777,398.33173
20778,507.7586
20779,407.60815
20780,529.12933
20781,446.6478
20782,415.7879
20783,391.63263
20784,460.42563
20785,475.9953
20786,561.55054
20787,501.70584
20788,445.27954
20789,425.7341
20790,421.18765
20791,461.88
20792,426.1536
20793,464.4522
20794,400.93277
20795,492.97275
20796,498.78604
20797,462.83276
20798,453.92947
20799,406.0404
20800,495.12793
20801,458.09302
20802,429.18335
20803,389.4224
20804,356.4076
20805,468.36618
20806,471.6807
20807,481.23056
20808,504.90976
20809,466.9589
20810,392.94653
20811,491.15543
20812,510.66498
20813,412.76038
20814,466.89273
20815,418.51102
20816,449.60327
20817,417.51663
20818,490.1078
20819,491.08737
20820,495.17566
20821,342.7672
20822,434.62088
20823,456.0282
20824,434.91495
20825,448.97772
20826,391.7307
20827,410.34595
20828,475.7067
20829,449.8987
20830,470.54807
20831,415.02957
20832,394.10315
20833,478.84726
20834,393.9455
20835,412.07098
20836,438.9808
20837,472.73837
20838,470.295
20839,440.41257
20840,408.91827
20841,555.8937
20842,465.39365
20843,405.5398
20844,347.106
20845,476.94907
20846,428.40555
20847,407.7977
20848,408.88248
20849,451.9269
20850,356.47336
20851,450.96017
20852,402.9988
20853,524.4931
20854,443.46896
20855,492.1371
20856,458.7847
20857,504.42667
20858,441.33325
20859,492.77652
20860,452.0181
20861,403.63187
20862,379.36426
20863,420.26767
20864,487.27502
20865,485.04602
20866,370.89496
20867,460.81332
20868,504.69073
20869,460.24002
20870,348.52844
20871,459.9559
20872,427.87924
20873,423.39722
20874,519.27
20875,388.0477
20876,386.06104
20877,564.7742
20878,503.4232
20879,460.6454
20880,484.6762
20881,386.43396
20882,407.56696
20883,476.13934
20884,496.61383
20885,466.46066
20886,507.95123
20887,525.05
20888,584.4269
20889,397.0659
20890,452.1656
20891,492.42984
20892,439.45142
20893,486.5984
20894,471.03946
20895,466.48956
20896,412.98056
20897,435.25436
20898,435.99872
20899,458.98947
20900,487.1833
20901,385.6871
20902,422.70404
20903,444.07077
20904,530.3177
20905,424.96698
20906,436.65076
20907,394.2399
20908,470.63824
20909,407.57523
20910,441.62762
20911,410.14157
20912,409.14493
20913,469.82324
20914,502.16757
20915,530.0113
20916,485.70917
20917,459.27606
20918,512.64453
20919,416.5296
20920,454.31915
20921,429.48422
20922,490.05557
20923,425.77237
20924,451.66003
20925,438.3626
20926,444.82288
20927,540.4042
20928,473.82596
20929,512.00214
20930,425.6355
20931,442.94672
20932,568.8493
20933,399.69046
20934,480.48883
20935,428.4359
20936,489.98355
20937,442.30676
20938,507.91284
20939,405.1352
20940,461.21478
20941,488.61978
20942,528.4575
20943,477.35532
20944,425.78476
20945,414.07025
20946,518.7326
20947,463.36334
20948,452.29196
20949,467.73178
20950,450.434
20951,426.04965
20952,420.20526
20953,427.11252
20954,382.9645
20955,443.78598
20956,381.3445
20957,437.7012
20958,414.98282
20959,531.0853
20960,443.42712
20961,449.6986
20962,424.00885
20963,435.31006
20964,439.90424
20965,448.16098
20966,438.17258
20967,456.5843
20968,478.31897
20969,476.04584
20970,470.7295
20971,439.86688
20972,417.84317
20973,365.73096
20974,447.9782
20975,428.78317
20976,490.88565
20977,504.97864
20978,416.11826
20979,490.2891
20980,429.47937
20981,431.03198
20982,422.4115
20983,404.04715
20984,427.66595
20985,452.82556
20986,434.07855
20987,420.62692
20988,431.1344
20989,398.75186
20990,430.512
20991,456.95715
20992,475.3514
20993,351.57123
20994,432.03354
20995,401.48605
20996,419.93393
20997,512.89294
20998,394.98706
20999,364.3082
21000,454.17883
21001,509.99942
21002,409.8816
21003,459.58902
21004,517.98755
21005,443.3203
21006,500.072
21007,425.88663
21008,423.87823
21009,468.77127
21010,550.90265
21011,456.99988
21012,436.67892
21013,376.87497
21014,495.67413
21015,448.19006
21016,526.626
21017,466.84344
21018,474.66013
21019,515.82526
21020,438.3637
21021,404.83112
21022,447.02582
21023,565.9379
21024,415.39096
21025,429.96255
21026,524.53784
21027,464.63696
21028,481.4287
21029,413.76083
21030,423.8248
21031,479.11166
21032,413.58453
21033,496.45715
21034,460.64423
21035,501.59927
21036,432.4959
21037,480.08585
21038,513.12946
21039,426.6854
21040,510.45114
21041,438.2193
21042,466.71008
21043,432.36957
21044,372.2252
21045,433.87427
21046,448.69794
21047,386.87085
21048,382.00455
21049,451.79193
21050,468.74753
21051,449.90262
21052,422.24997
21053,446.1646
21054,415.25284
21055,426.92346
21056,382.9495
21057,454.29028
21058,353.26843
21059,474.90768
21060,551.4171
21061,498.64478
21062,447.21832
21063,462.43405
21064,466.88867
21065,492.28336
21066,463.73816
21067,428.97797
21068,375.52994
21069,453.01163
21070,559.3302
21071,397.03937
21072,371.3979
21073,452.61444
21074,408.98468
21075,388.48877
21076,470.7226
21077,496.40533
21078,401.02774
21079,431.33322
21080,410.11087
21081,433.71765
21082,389.96115
21083,478.95715
21084,394.18732
21085,469.01953
21086,449.64172
21087,420.29663
21088,500.60486
21089,395.1553
21090,473.498
21091,403.87637
21092,476.86136
21093,479.59305
21094,460.94556
21095,488.46375
21096,444.3572
21097,470.46402
21098,495.4761
21099,433.9676
21100,417.6315
21101,447.60443
21102,480.15616
21103,509.84387
21104,438.3023
21105,429.84146
21106,460.9876
21107,504.40686
21108,457.19202
21109,385.5411
21110,437.22812
21111,440.94864
21112,394.54663
21113,416.61346
21114,450.0121
21115,472.0989
21116,441.12698
21117,438.31665
21118,457.89133
21119,462.57236
21120,425.62927
21121,463.77444
21122,465.92462
21123,400.12485
21124,379.4211
21125,402.53574
21126,450.14435
21127,450.2667
21128,486.6506
21129,458.70822
21130,438.6429
21131,397.22406
21132,487.60257
21133,401.8617
21134,396.6258
21135,493.74603
21136,459.28897
21137,492.69055
21138,446.95413
21139,482.40112
21140,418.4013
21141,482.10922
21142,419.5881
21143,514.3413
21144,411.68753
21145,434.18536
21146,431.58582
21147,428.93134
21148,492.3645
21149,504.85602
21150,419.7913
21151,440.0418
21152,474.501
21153,492.69772
21154,453.21085
21155,442.6026
21156,387.97128
21157,516.52496
21158,427.37402
21159,359.53552
21160,542.3097
21161,461.1844
21162,481.91135
21163,394.92496
21164,454.47327
21165,428.68356
21166,432.5891
21167,501.00534
21168,413.53485
21169,470.80573
21170,371.84766
21171,472.42456
21172,425.25964
21173,441.23425
21174,429.426
21175,434.04678
21176,446.3499
21177,440.25668
21178,498.22375
21179,468.84253
21180,426.64282
21181,447.76047
21182,455.11563
21183,473.72592
21184,478.5199
21185,442.11542
21186,472.93497
21187,453.01355
21188,484.50015
21189,482.8645
21190,525.68036
21191,485.30084
21192,408.2519
21193,428.14914
21194,450.60507
21195,439.5854
21196,384.85873
21197,500.3446
21198,449.87943
21199,483.78436
21200,396.15457
21201,510.6487
21202,433.47485
21203,423.3244
21204,480.55066
21205,438.83582
21206,471.05054
21207,450.03125
21208,458.05408
21209,383.12146
21210,494.7634
21211,445.87112
21212,493.61526
21213,454.8103
21214,398.55466
21215,484.3545
21216,483.97958
21217,510.87787
21218,435.7708
21219,458.3944
21220,425.89722
21221,457.32123
21222,459.5068
21223,447.09317
21224,420.32275
21225,404.1347
21226,473.84268
21227,571.6742
21228,361.48102
21229,494.096
21230,409.49124
21231,392.59256
21232,449.8633
21233,498.2076
21234,424.019
21235,430.40945
21236,407.17975
21237,410.3791
21238,490.92648
21239,383.1153
21240,462.67694
21241,458.25418
21242,441.2923
21243,433.7039
21244,402.08408
21245,481.79874
21246,534.7486
21247,484.7412
21248,467.03503
21249,516.9128
21250,346.91568
21251,514.0276
21252,476.4414
21253,452.47134
21254,416.08585
21255,519.8186
21256,534.8423
21257,446.73706
21258,384.30875
21259,437.94638
21260,404.1852
21261,413.0819
21262,501.92993
21263,467.86884
21264,454.4457
21265,378.35626
21266,485.06403
21267,448.3491
21268,482.11646
21269,483.79175
21270,447.95868
21271,456.31595
21272,487.43823
21273,439.86343
21274,460.55594
21275,476.99402
21276,406.32382
21277,412.99716
21278,427.60455
21279,445.95166
21280,467.62228
21281,481.30264
21282,492.7842
21283,428.71906
21284,469.0351
21285,467.48303
21286,441.19766
21287,526.7185
21288,476.85876
21289,505.4379
21290,447.19666
21291,432.55273
21292,414.26956
21293,460.43433
21294,383.9429
21295,397.10605
21296,451.3794
21297,425.4873
21298,535.6027
21299,429.32547
21300,420.71988
21301,443.5307
21302,382.2205
21303,481.42404
21304,515.2962
21305,407.2854
21306,436.24707
21307,400.28958
21308,423.229
21309,355.61465
21310,427.4659
21311,455.1208
21312,490.32175
21313,447.1341
21314,519.74194
21315,427.35577
21316,418.87802
21317,459.0781
21318,393.35754
21319,467.50522
21320,442.20337
21321,396.10687
21322,442.31384
21323,500.50635
21324,431.94446
21325,474.96756
21326,356.8454
21327,477.25766
21328,433.54602
21329,468.5548
21330,402.23477
21331,469.20288
21332,488.2258
21333,474.12778
21334,484.59006
21335,400.1605
21336,375.83313
21337,469.14227
21338,359.0608
21339,486.9399
21340,423.41586
21341,397.8938
21342,388.25287
21343,464.17004
21344,432.2348
21345,499.57648
21346,445.70596
21347,462.1579
21348,494.2955
21349,374.6631
21350,425.89407
21351,449.0007
21352,499.6009
21353,397.2758
21354,502.9082
21355,438.14783
21356,265.72186
21357,490.22476
21358,472.27878
21359,454.69675
21360,451.57156
21361,348.11185
21362,476.77594
21363,397.86633
21364,417.19235
21365,471.0583
21366,444.76672
21367,446.45346
21368,521.08704
21369,425.1693
21370,502.88852
21371,488.50363
21372,431.21222
21373,404.5474
21374,357.4299
21375,393.69788
21376,429.71234
21377,374.72336
21378,469.90738
21379,502.10013
21380,486.65463
21381,378.0909
21382,411.53412
21383,467.8315
21384,431.87183
21385,440.4624
21386,482.33136
21387,462.77133
21388,502.31253
21389,405.8687
21390,442.12463
21391,354.36398
21392,469.53738
21393,400.20135
21394,469.08133
21395,446.33423
21396,430.8002
21397,482.502
21398,440.57013
21399,444.71313
21400,517.8574
21401,467.4628
21402,483.6421
21403,452.2456
21404,497.23752
21405,469.69952
21406,428.49493
21407,403.64206
21408,472.80557
21409,414.61975
21410,541.52734
21411,406.97183
21412,511.06296
21413,431.86108
21414,461.15372
21415,460.21368
21416,411.38547
21417,362.72238
21418,444.77542
21419,528.6885
21420,471.22983
21421,488.2921
21422,413.78247
21423,466.00934
21424,501.07236
21425,426.75034
21426,463.51212
21427,480.33813
21428,487.48804
21429,459.30838
21430,509.28583
21431,453.99454
21432,501.85153
21433,415.79178
21434,418.41254
21435,472.95526
21436,465.38388
21437,452.71567
21438,495.25092
21439,478.79102
21440,430.8527
21441,434.81696
21442,447.6006
21443,399.71808
21444,468.50208
21445,450.60904
21446,522.18274
21447,488.6638
21448,351.99136
21449,470.2958
21450,445.87753
21451,410.84067
21452,449.04926
21453,463.12885
21454,406.55038
21455,479.04956
21456,459.9793
21457,445.2456
21458,361.67267
21459,428.8625
21460,447.19296
21461,485.23032
21462,493.05334
21463,444.4957
21464,447.91498
21465,413.52536
21466,432.62857
21467,426.7785
21468,523.1411
21469,444.02594
21470,491.12485
21471,417.21594
21472,402.13953
21473,435.96164
21474,401.20316
21475,452.80798
21476,448.43036
21477,422.4171
21478,450.905
21479,369.45465
21480,456.9735
21481,594.0002
21482,469.69638
21483,526.56433
21484,411.24072
21485,495.36365
21486,400.0628
21487,536.71924
21488,457.5616
21489,379.04504
21490,467.95312
21491,447.97507
21492,484.09244
21493,490.0061
21494,463.3436
21495,417.8465
21496,489.13342
21497,480.6923
21498,474.51755
21499,436.68427
21500,488.59894
21501,466.0316
21502,436.59863
21503,544.0442
21504,473.74655
21505,394.54135
21506,448.50766
21507,400.38687
21508,469.42816
21509,409.79517
21510,459.895
21511,416.64896
21512,452.9158
21513,460.50006
21514,465.96146
21515,493.33847
21516,430.4171
21517,443.2426
21518,476.5842
21519,362.5235
21520,417.55228
21521,513.4517
21522,460.52536
21523,433.6741
21524,474.70358
21525,452.08337
21526,425.41797
21527,407.1688
21528,424.85446
21529,457.82068
21530,380.7811
21531,430.63837
21532,475.6696
21533,441.5569
21534,438.56372
21535,406.84882
21536,439.58163
21537,446.2221
21538,432.2225
21539,426.69116
21540,403.91486
21541,497.97144
21542,451.3368
21543,454.61713
21544,464.1041
21545,471.2267
21546,470.91016
21547,492.84186
21548,488.24432
21549,475.04926
21550,405.53455
21551,394.98666
21552,451.04626
21553,427.32483
21554,471.40024
21555,404.46704
21556,540.4032
21557,452.80188
21558,422.19046
21559,535.0303
21560,393.19278
21561,491.06674
21562,553.39
21563,456.64542
21564,495.17365
21565,414.72153
21566,458.78714
21567,470.7108
21568,462.95743
21569,415.3993
21570,479.4042
21571,468.3621
21572,468.3484
21573,470.68146
21574,363.11862
21575,429.75598
21576,448.3407
21577,497.38794
21578,477.45383
21579,519.7287
21580,470.42453
21581,344.36102
21582,389.91562
21583,444.82855
21584,541.7469
21585,442.82632
21586,475.77216
21587,486.49884
21588,475.03043
21589,423.3362
21590,516.1939
21591,485.57758
21592,456.02832
21593,435.22122
21594,450.11993
21595,472.52917
21596,420.7176
21597,419.6951
21598,461.018
21599,502.59152
21600,474.13535
21601,427.20303
21602,441.2171
21603,478.16428
21604,443.31348
21605,422.53772
21606,411.5901
21607,476.9124
21608,495.57086
21609,488.99554
21610,484.66443
21611,459.1215
21612,453.06033
21613,365.99255
21614,483.34436
21615,456.81442
21616,437.61267
21617,482.6053
21618,448.58875
21619,443.2526
21620,462.08954
21621,474.02063
21622,402.12143
21623,441.9503
21624,432.88812
21625,443.72125
21626,507.85608
21627,373.68762
21628,376.79813
21629,469.91544
21630,482.3088
21631,437.25482
21632,423.83246
21633,446.34744
21634,481.10718
21635,545.6395
21636,469.4458
21637,435.42773
21638,498.8084
21639,448.22083
21640,372.37518
21641,411.50992
21642,449.58063
21643,487.77377
21644,505.24814
21645,430.32086
21646,434.03708
21647,423.91965
21648,458.59146
21649,373.09314
21650,407.11438
21651,405.65366
21652,443.46478
21653,426.17407
21654,447.13336
21655,450.0133
21656,495.10617
21657,461.502
21658,340.23236
21659,366.01733
21660,416.3489
21661,525.036
21662,468.86774
21663,452.35013
21664,521.346
21665,482.80597
21666,432.16217
21667,514.2806
21668,428.8304
21669,524.555
21670,454.12643
21671,401.02914
21672,498.15814
21673,466.4108
21674,449.168
21675,487.10718
21676,498.3471
21677,450.6238
21678,440.2681
21679,474.0111
21680,414.82822
21681,388.16766
21682,433.79526
21683,477.27264
21684,413.08585
21685,430.87106
21686,488.57172
21687,512.78156
21688,441.03632
21689,509.20792
21690,542.80725
21691,401.46286
21692,512.66565
21693,428.68607
21694,410.18503
21695,519.28723
21696,465.43054
21697,470.22824
21698,507.14105
21699,425.7188
21700,483.67154
21701,437.99008
21702,438.29294
21703,467.55093
21704,436.60117
21705,425.36435
21706,384.381
21707,413.0196
21708,524.2339
21709,457.04437
21710,431.42953
21711,364.98953
21712,458.32462
21713,466.4164
21714,492.60278
21715,485.42477
21716,406.79654
21717,507.33228
21718,476.02582
21719,474.93433
21720,400.99167
21721,466.38034
21722,473.18646
21723,424.03067
21724,483.97644
21725,445.30014
21726,463.13107
21727,409.06644
21728,540.2261
21729,528.34155
21730,491.3527
21731,490.6688
21732,406.3247
21733,456.80325
21734,482.0161
21735,448.3255
21736,452.37805
21737,488.6596
21738,471.5003
21739,474.05643
21740,442.97107
21741,472.069
21742,512.72516
21743,367.32935
21744,394.3929
21745,485.5464
21746,476.1721
21747,430.96692
21748,447.03943
21749,435.05093
21750,457.9114
21751,436.71622
21752,431.72745
21753,451.9313
21754,442.30438
21755,403.36353
21756,410.61673
21757,439.13956
21758,488.9654
21759,412.92654
21760,460.52426
21761,402.43018
21762,553.41583
21763,457.6299
21764,469.77148
21765,450.52347
21766,376.51968
21767,449.58966
21768,443.8719
21769,466.78522
21770,459.6911
21771,433.05106
21772,522.4829
21773,412.98825
21774,472.2291
21775,425.8141
21776,387.67444
21777,395.5762
21778,543.9506
21779,434.27325
21780,475.09354
21781,412.3979
21782,548.8718
21783,498.763
21784,416.3099
21785,499.91693
21786,523.7957
21787,478.07242
21788,520.24207
21789,403.92535
21790,457.9158
21791,482.1426
21792,381.7246
21793,458.68466
21794,363.82742
21795,479.7624
21796,418.4473
21797,425.72778
21798,415.35245
21799,479.11267
21800,427.6235
21801,496.6699
21802,412.67905
21803,434.38318
21804,415.38474
21805,490.25977
21806,479.33353
21807,431.40503
21808,492.3729
21809,444.71198
21810,414.46906
21811,412.81616
21812,381.2605
21813,491.45697
21814,428.35968
21815,435.68066
21816,406.49487
21817,396.2818
21818,402.33545
21819,517.199
21820,397.30612
21821,469.6829
21822,492.74142
21823,454.37967
21824,430.61685
21825,452.3294
21826,484.76596
21827,431.59888
21828,491.07147
21829,377.4439
21830,455.31607
21831,380.6268
21832,377.29532
21833,375.42737
21834,504.55273
21835,474.89835
21836,445.25388
21837,460.22467
21838,420.18527
21839,502.03397
21840,465.00348
21841,444.63992
21842,432.21988
21843,434.22787
21844,416.85516
21845,418.22327
21846,415.39993
21847,489.54095
21848,408.1921
21849,483.77695
21850,440.0342
21851,491.99854
21852,462.48932
21853,398.78165
21854,455.08286
21855,438.89026
21856,520.5022
21857,439.3278
21858,422.08633
21859,465.9573
21860,440.0964
21861,385.2869
21862,434.3789
21863,477.08365
21864,488.0344
21865,388.28403
21866,417.046
21867,364.61636
21868,542.7293
21869,398.52417
21870,492.4191
21871,450.02496
21872,473.92267
21873,434.36206
21874,437.27673
21875,527.0966
21876,440.2205
21877,457.86392
21878,369.25372
21879,428.02774
21880,485.73853
21881,371.353
21882,475.76785
21883,438.9309
21884,480.21698
21885,369.9568
21886,477.94308
21887,399.54147
21888,429.9934
21889,495.62527
21890,406.08087
21891,457.18503
21892,429.66348
21893,478.34863
21894,482.76544
21895,453.96887
21896,482.41074
21897,468.02124
21898,387.09125
21899,481.89285
21900,440.20126
21901,390.21042
21902,467.1286
21903,481.3778
21904,378.89917
21905,465.08832
21906,438.52435
21907,457.4517
21908,474.25998
21909,446.47568
21910,432.38498
21911,426.67816
21912,481.25928
21913,365.302
21914,454.07306
21915,476.97583
21916,452.68567
21917,424.6449
21918,349.80618
21919,444.15192
21920,370.8503
21921,511.16403
21922,407.4253
21923,410.282
21924,419.4835
21925,410.09464
21926,472.01782
21927,435.074
21928,451.16187
21929,471.131
21930,372.4366
21931,446.83292
21932,450.07935
21933,438.77966
21934,423.49545
21935,391.16818
21936,437.1993
21937,442.48083
21938,447.3818
21939,465.87604
21940,447.88998
21941,465.75714
21942,371.84695
21943,447.60226
21944,463.4387
21945,466.85757
21946,466.9818
21947,430.37418
21948,513.4328
21949,325.28436
21950,390.539
21951,461.34256
21952,539.15094
21953,475.85208
21954,492.24786
21955,483.75284
21956,409.8766
21957,459.84338
21958,469.67685
21959,560.6897
21960,518.0275
21961,475.3479
21962,476.24185
21963,466.88788
21964,452.5443
21965,499.54373
21966,491.95966
21967,428.14496
21968,496.15604
21969,415.71213
21970,496.37933
21971,478.96725
21972,454.42532
21973,524.11725
21974,554.2974
21975,381.38174
21976,438.29843
21977,420.40936
21978,506.05093
21979,453.16238
21980,475.1571
21981,443.84152
21982,477.78745
21983,511.96408
21984,422.2988
21985,354.79355
21986,393.81354
21987,498.98782
21988,533.069
21989,462.51657
21990,439.75497
21991,443.65112
21992,524.8643
21993,439.64874
21994,469.55014
21995,431.6274
21996,449.0416
21997,517.9639
21998,431.26617
21999,449.76596
22000,397.83215
22001,435.02884
22002,455.42905
22003,442.2521
22004,464.89355
22005,437.4594
22006,428.99265
22007,452.22397
22008,501.15564
22009,380.556
22010,509.89542
22011,534.0935
22012,449.98602
22013,475.60123
22014,446.83887
22015,442.46045
22016,439.71313
22017,466.69867
22018,446.63345
22019,460.6788
22020,427.2955
22021,497.78506
22022,324.2599
22023,436.45004
22024,534.39716
22025,474.9217
22026,475.6907
22027,415.24442
22028,446.06012
22029,490.42523
22030,511.92172
22031,402.64697
22032,478.69797
22033,405.53253
22034,474.3162
22035,407.68158
22036,452.26755
22037,558.1766
22038,453.47745
22039,461.93253
22040,458.13196
22041,505.9235
22042,427.6933
22043,391.21164
22044,462.7328
22045,475.70856
22046,392.748
22047,396.76648
22048,416.5056
22049,475.2158
22050,438.03848
22051,449.20688
22052,413.253
22053,491.8651
22054,501.8977
22055,478.93695
22056,450.0518
22057,373.25632
22058,482.97824
22059,509.96866
22060,438.39615
22061,415.93927
22062,415.39978
22063,441.3874
22064,428.8193
22065,472.27927
22066,461.08725
22067,451.43124
22068,505.35193
22069,476.4489
22070,352.74802
22071,416.88556
22072,421.7537
22073,467.61096
22074,386.71988
22075,497.32657
22076,489.93622
22077,421.56274
22078,452.98477
22079,378.03363
22080,423.09015
22081,380.68155
22082,515.1293
22083,493.612
22084,354.8332
22085,481.523
22086,386.10443
22087,324.93607
22088,397.4246
22089,416.34628
22090,467.62595
22091,409.827
22092,418.66852
22093,407.3981
22094,428.50116
22095,383.562
22096,483.85693
22097,434.66013
22098,423.38004
22099,387.66364
22100,417.19693
22101,488.3436
22102,484.29495
22103,431.19604
22104,420.97174
22105,382.51303
22106,419.77118
22107,437.67413
22108,539.2424
22109,426.76367
22110,461.3711
22111,410.4478
22112,485.87933
22113,513.19507
22114,505.4169
22115,456.8056
22116,446.785
22117,468.32425
22118,459.75937
22119,484.04938
22120,459.38165
22121,445.85602
22122,379.0033
22123,426.84973
22124,393.10907
22125,501.27914
22126,433.06735
22127,412.538
22128,429.94427
22129,504.2981
22130,507.55368
22131,410.18686
22132,466.78568
22133,414.18042
22134,499.23065
22135,417.5338
22136,390.65396
22137,476.3871
22138,493.07147
22139,497.46793
22140,450.89993
22141,424.6153
22142,524.4514
22143,504.93256
22144,475.64072
22145,464.8716
22146,486.23813
22147,419.67984
22148,498.62592
22149,463.86752
22150,497.45844
22151,534.4081
22152,459.96713
22153,427.48746
22154,401.09525
22155,479.00638
22156,510.90585
22157,480.11557
22158,489.22424
22159,465.3917
22160,468.3413
22161,473.1123
22162,471.36603
22163,472.3781
22164,524.4935
22165,481.40335
22166,447.97586
22167,460.88284
22168,494.6541
22169,490.76923
22170,421.8284
22171,476.81808
22172,465.5264
22173,500.69885
22174,477.6467
22175,444.58002
22176,458.9065
22177,470.41818
22178,492.14975
22179,390.9066
22180,473.45776
22181,481.32553
22182,425.5842
22183,543.01105
22184,508.3655
22185,469.3719
22186,423.52258
22187,518.0176
22188,400.87253
22189,407.0336
22190,447.512
22191,442.67175
22192,441.40344
22193,456.0661
22194,484.91284
22195,459.26816
22196,437.25476
22197,448.7752
22198,414.19492
22199,439.4886
22200,422.26865
22201,424.09192
22202,517.48816
22203,406.44803
22204,435.85275
22205,449.77795
22206,421.3351
22207,465.06116
22208,508.20667
22209,476.40417
22210,471.74112
22211,420.12094
22212,504.64456
22213,434.65247
22214,424.37256
22215,408.0203
22216,468.34207
22217,421.05914
22218,440.2643
22219,444.1319
22220,448.2741
22221,480.2492
22222,407.6793
22223,470.82208
22224,473.64618
22225,482.94287
22226,500.81024
22227,395.4907
22228,457.02835
22229,504.82953
22230,530.84863
22231,507.91733
22232,481.94254
22233,448.8394
22234,415.48218
22235,444.14124
22236,400.38834
22237,481.32718
22238,494.3251
22239,413.17993
22240,396.17316
22241,377.06445
22242,421.5959
22243,420.87872
22244,423.4631
22245,355.12225
22246,469.74683
22247,391.25946
22248,467.6358
22249,439.7456
22250,471.21326
22251,425.17
22252,370.2976
22253,464.0421
22254,448.15213
22255,476.11975
22256,495.30844
22257,459.57745
22258,454.8324
22259,439.13986
22260,390.22733
22261,574.49365
22262,387.63788
22263,455.38422
22264,450.78177
22265,436.05765
22266,400.05582
22267,451.7463
22268,407.3503
22269,461.40512
22270,480.80835
22271,397.85907
22272,435.12085
22273,477.109
22274,462.4866
22275,458.57248
22276,429.0608
22277,462.40613
22278,467.72253
22279,426.48917
22280,460.1893
22281,377.191
22282,477.72623
22283,400.37738
22284,492.8101
22285,428.48013
22286,466.10333
22287,401.18216
22288,448.3567
22289,484.71286
22290,533.8706
22291,405.0357
22292,522.6863
22293,464.02277
22294,447.42435
22295,434.84863
22296,438.7125
22297,490.4361
22298,468.28342
22299,408.80682
22300,375.28027
22301,500.16302
22302,471.58734
22303,428.99765
22304,438.152
22305,458.78464
22306,533.14734
22307,481.5223
22308,490.36023
22309,496.99643
22310,443.10248
22311,343.9526
22312,476.60715
22313,413.68408
22314,476.97733
22315,392.19608
22316,468.74664
22317,400.3443
22318,431.60626
22319,439.99875
22320,481.44626
22321,497.0497
22322,401.85867
22323,511.4295
22324,388.33514
22325,395.0327
22326,472.95126
22327,489.9775
22328,394.58902
22329,413.09674
22330,408.54596
22331,463.95575
22332,451.5599
22333,403.10345
22334,440.5139
22335,498.20395
22336,480.79742
22337,430.99234
22338,526.35944
22339,484.0222
22340,476.38342
22341,418.39304
22342,490.41568
22343,475.5689
22344,444.5148
22345,540.33795
22346,478.35956
22347,416.57294
22348,454.97458
22349,447.33218
22350,417.95938
22351,402.11984
22352,486.00745
22353,470.6483
22354,468.43793
22355,420.28812
22356,394.3661
22357,455.70068
22358,465.7644
22359,481.25244
22360,442.7314
22361,507.47238
22362,376.53894
22363,463.42557
22364,400.50937
22365,366.35132
22366,430.0335
22367,389.96408
22368,409.04886
22369,435.20404
22370,437.19366
22371,410.91116
22372,390.58655
22373,412.81732
22374,478.60056
22375,497.89505
22376,354.95145
22377,465.2304
22378,504.27756
22379,440.8145
22380,465.5997
22381,436.971
22382,481.51495
22383,454.03345
22384,442.72327
22385,409.63208
22386,517.2024
22387,430.8368
22388,405.88596
22389,483.3268
22390,436.25546
22391,461.16864
22392,437.5133
22393,406.36957
22394,482.1249
22395,507.3183
22396,442.6362
22397,474.55203
22398,430.52805
22399,448.53134
22400,485.46957
22401,400.28934
22402,388.85117
22403,478.74643
22404,465.84802
22405,460.32333
22406,530.4307
22407,432.54236
22408,482.57288
22409,426.09842
22410,500.92957
22411,435.64798
22412,485.5094
22413,388.88794
22414,444.04306
22415,373.1881
22416,487.66022
22417,406.7057
22418,507.8366
22419,431.55228
22420,401.47565
22421,441.35626
22422,390.84518
22423,345.9683
22424,499.6231
22425,461.2999
22426,427.3768
22427,411.79483
22428,395.414
22429,458.9836
22430,438.27304
22431,502.87897
22432,400.79
22433,465.9069
22434,436.47183
22435,473.7375
22436,423.28928
22437,394.89203
22438,494.644
22439,429.27203
22440,479.42084
22441,452.42236
22442,467.43988
22443,452.73553
22444,489.22488
22445,474.13086
22446,413.68405
22447,457.03873
22448,475.3727
22449,548.9829
22450,509.80615
22451,412.82138
22452,377.25223
22453,430.55267
22454,424.12863
22455,504.08234
22456,343.56512
22457,531.2183
22458,404.37973
22459,402.5255
22460,451.6605
22461,461.09787
22462,394.7386
22463,440.17715
22464,461.83304
22465,400.67596
22466,432.55804
22467,428.19037
22468,386.87653
22469,457.8726
22470,406.6913
22471,413.96567
22472,477.5287
22473,398.82297
22474,483.2511
22475,343.2515
22476,381.02026
22477,373.90125
22478,503.6238
22479,448.29276
22480,449.31412
22481,391.93698
22482,422.79904
22483,418.27158
22484,414.5768
22485,468.97565
22486,497.97638
22487,500.3636
22488,439.31573
22489,375.3607
22490,467.25076
22491,452.58124
22492,447.30087
22493,423.05774
22494,404.75333
22495,495.0765
22496,347.12317
22497,465.84793
22498,396.18494
22499,445.08908
22500,480.799
22501,456.25595
22502,472.39514
22503,508.7111
22504,479.2161
22505,415.84955
22506,349.26245
22507,515.62714
22508,526.19464
22509,465.30603
22510,465.00772
22511,369.88287
22512,463.3827
22513,453.73413
22514,492.53497
22515,480.56238
22516,499.30005
22517,427.2346
22518,434.6365
22519,535.4352
22520,480.4455
22521,339.89792
22522,459.9781
22523,418.20627
22524,535.7331
22525,375.9885
22526,462.37894
22527,478.2154
22528,453.5372
22529,395.63406
22530,389.83234
22531,465.77878
22532,421.7872
22533,343.52954
22534,453.3115
22535,422.04013
22536,445.36957
22537,427.6358
22538,399.40292
22539,475.42123
22540,473.30014
22541,480.64676
22542,423.7947
22543,420.0488
22544,439.21906
22545,370.79984
22546,493.79492
22547,463.3624
22548,449.75916
22549,475.667
22550,420.34393
22551,462.648
22552,424.9919
22553,441.47958
22554,480.9353
22555,404.02783
22556,390.85995
22557,468.36246
22558,501.00797
22559,383.76822
22560,509.8265
22561,472.86536
22562,409.19943
22563,461.9626
22564,387.2549
22565,419.8936
22566,368.9216
22567,489.5558
22568,519.50476
22569,502.41818
22570,458.98398
22571,441.14618
22572,385.7885
22573,430.3278
22574,459.6167
22575,460.03113
22576,478.4677
22577,467.1011
22578,521.7159
22579,472.2334
22580,453.3566
22581,439.32196
22582,464.22305
22583,476.9715
22584,514.4879
22585,461.9477
22586,467.33856
22587,483.43106
22588,408.16202
22589,417.7437
22590,466.54218
22591,495.40207
22592,461.86517
22593,427.70642
22594,442.27133
22595,339.13364
22596,418.95975
22597,460.6252
22598,444.1842
22599,376.17703
22600,456.8588
22601,464.64865
22602,515.64746
22603,430.86646
22604,545.2424
22605,510.71844
22606,413.22
22607,451.9234
22608,440.08606
22609,485.2542
22610,381.7351
22611,424.63068
22612,425.9076
22613,407.39658
22614,500.82486
22615,557.1799
22616,502.62003
22617,431.39392
22618,448.2539
22619,440.63202
22620,522.20135
22621,454.84363
22622,467.34552
22623,349.7951
22624,431.9531
22625,444.1114
22626,467.24316
22627,520.7155
22628,413.7497
22629,421.56714
22630,473.1034
22631,376.06335
22632,421.1422
22633,425.84775
22634,484.3827
22635,484.46
22636,389.3183
22637,412.80566
22638,384.2476
22639,477.69986
22640,474.84872
22641,461.75378
22642,454.0441
22643,434.7868
22644,424.34796
22645,486.0409
22646,440.7393
22647,491.5398
22648,438.3223
22649,397.04483
22650,469.17822
22651,401.56143
22652,448.3328
22653,434.71286
22654,386.1858
22655,372.7643
22656,464.1409
22657,476.9481
22658,440.39066
22659,486.79105
22660,523.1757
22661,440.76355
22662,386.8268
22663,458.60495
22664,406.13364
22665,437.66275
22666,468.9189
22667,464.5515
22668,488.18176
22669,454.02
22670,436.99402
22671,436.0612
22672,491.93045
22673,382.85214
22674,426.6328
22675,469.11212
22676,531.58325
22677,420.75314
22678,440.21085
22679,505.9143
22680,432.8309
22681,360.8967
22682,494.82642
22683,417.093
22684,482.8234
22685,554.0968
22686,430.25876
22687,432.6486
22688,430.49606
22689,483.8375
22690,506.22897
22691,477.926
22692,505.74765
22693,469.66635
22694,443.71857
22695,398.89975
22696,463.4403
22697,420.85913
22698,545.3089
22699,405.62646
22700,560.37695
22701,427.5712
22702,426.0537
22703,364.39948
22704,640.5064
22705,355.7609
22706,472.97696
22707,504.99237
22708,498.59387
22709,512.60034
22710,504.69998
22711,498.91763
22712,348.7351
22713,425.57028
22714,486.16077
22715,328.0479
22716,481.9869
22717,417.95264
22718,419.4318
22719,478.39978
22720,425.92538
22721,444.46268
22722,452.59195
22723,461.39612
22724,439.76926
22725,438.86545
22726,403.67154
22727,444.70334
22728,460.6836
22729,361.20285
22730,424.94135
22731,539.65967
22732,406.94794
22733,405.39716
22734,445.76508
22735,488.72833
22736,520.79285
22737,445.9333
22738,480.037
22739,433.19107
22740,483.89117
22741,468.2765
22742,488.22455
22743,424.8584
22744,384.6044
22745,443.81534
22746,377.16037
22747,432.1305
22748,486.56033
22749,481.24036
22750,461.62683
22751,518.7837
22752,483.82483
22753,423.148
22754,488.21634
22755,495.1376
22756,446.38004
22757,432.33096
22758,476.86328
22759,557.77264
22760,411.2923
22761,488.79465
22762,441.69147
22763,494.50952
22764,382.9638
22765,443.3597
22766,515.18005
22767,401.7622
22768,433.79132
22769,420.45163
22770,367.35608
22771,462.9561
22772,457.7553
22773,554.338
22774,447.02454
22775,454.17072
22776,478.44028
22777,505.2889
22778,494.17346
22779,481.84824
22780,505.0377
22781,450.18362
22782,483.00864
22783,384.3888
22784,408.05112
22785,389.31604
22786,504.65875
22787,463.81433
22788,431.10843
22789,445.4699
22790,476.82898
22791,471.77835
22792,437.25125
22793,433.9486
22794,477.76532
22795,516.8721
22796,371.6969
22797,443.10016
22798,440.0693
22799,384.2848
22800,459.95477
22801,474.67676
22802,463.02286
22803,362.22842
22804,429.57928
22805,494.65433
22806,379.3064
22807,403.31152
22808,433.5742
22809,376.60876
22810,496.17468
22811,435.80096
22812,389.0093
22813,480.30258
22814,477.0445
22815,537.2533
22816,416.20212
22817,440.60916
22818,424.75354
22819,449.17587
22820,454.60455
22821,513.54535
22822,464.5592
22823,522.81946
22824,369.39114
22825,550.0582
22826,378.41776
22827,454.2866
22828,424.78543
22829,468.21646
22830,432.49197
22831,429.19464
22832,391.2294
22833,424.41632
22834,450.07916
22835,406.6119
22836,534.4894
22837,531.6588
22838,463.18518
22839,509.3788
22840,519.4373
22841,456.07095
22842,444.11
22843,505.2205
22844,415.64587
22845,462.87277
22846,503.151
22847,468.75952
22848,453.4323
22849,472.45166
22850,433.38303
22851,472.79346
22852,456.53174
22853,497.53705
22854,437.94513
22855,440.3755
22856,485.37756
22857,504.46243
22858,535.9251
22859,429.06003
22860,389.17963
22861,419.70752
22862,420.4751
22863,447.53882
22864,419.8523
22865,414.23218
22866,455.60983
22867,432.4294
22868,542.85516
22869,374.06628
22870,400.63947
22871,394.90884
22872,517.204
22873,474.85745
22874,443.71475
22875,486.32278
22876,399.59323
22877,469.43988
22878,420.40503
22879,467.83243
22880,476.65445
22881,463.4116
22882,415.62988
22883,455.12317
22884,483.22305
22885,421.0681
22886,458.4232
22887,481.43234
22888,447.66095
22889,486.2407
22890,505.10117
22891,439.08194
22892,482.4677
22893,378.57822
22894,512.4771
22895,412.605
22896,471.0397
22897,459.2102
22898,428.67267
22899,380.08713
22900,449.91254
22901,394.2132
22902,489.627
22903,433.09714
22904,328.26175
22905,485.91446
22906,404.57608
22907,462.9119
22908,457.7264
22909,478.22974
22910,484.4587
22911,518.58154
22912,488.42343
22913,351.66714
22914,386.51004
22915,472.81143
22916,511.71564
22917,488.1866
22918,444.37756
22919,398.99298
22920,441.39487
22921,511.8155
22922,463.57675
22923,379.39023
22924,421.45425
22925,451.56036
22926,444.03992
22927,440.85016
22928,456.38803
22929,468.65958
22930,469.2792
22931,435.2503
22932,485.8392
22933,455.7841
22934,426.49802
22935,429.77612
22936,439.3482
22937,522.3551
22938,427.11038
22939,388.58292
22940,461.49957
22941,392.61105
22942,441.71323
22943,454.35205
22944,455.5661
22945,424.81796
22946,427.8
22947,479.3639
22948,365.24478
22949,506.74966
22950,473.85248
22951,463.51813
22952,476.47833
22953,378.39682
22954,432.61844
22955,447.27457
22956,410.62842
22957,502.277
22958,501.88083
22959,464.29538
22960,506.37323
22961,459.55728
22962,389.37772
22963,403.31253
22964,452.115
22965,443.0109
22966,484.4709
22967,462.27792
22968,501.37946
22969,409.6022
22970,518.7142
22971,469.6807
22972,430.91928
22973,472.26566
22974,424.63312
22975,465.55246
22976,374.65015
22977,426.80988
22978,423.03326
22979,442.41586
22980,376.96823
22981,479.09103
22982,432.95416
22983,408.1037
22984,423.90048
22985,445.08804
22986,440.75015
22987,419.24716
22988,451.43912
22989,437.72946
22990,373.3414
22991,518.8426
22992,483.91104
22993,480.47705
22994,398.93173
22995,533.3463
22996,492.6036
22997,375.91074
22998,406.9105
22999,492.67096
23000,452.58878
23001,517.98236
23002,452.3977
23003,361.0637
23004,523.9399
23005,466.52133
23006,481.83682
23007,504.99063
23008,449.15094
23009,551.9078
23010,443.22003
23011,429.9359
23012,402.60117
23013,377.78745
23014,494.23608
23015,499.38278
23016,523.6149
23017,508.12094
23018,440.39798
23019,373.08823
23020,502.29312
23021,470.15573
23022,502.61182
23023,354.74493
23024,422.22052
23025,482.82065
23026,397.5699
23027,420.00363
23028,469.1265
23029,471.71878
23030,532.44037
23031,472.78687
23032,429.4089
23033,466.211
23034,455.52997
23035,479.7068
23036,403.21906
23037,537.645
23038,500.4175
23039,392.63776
23040,484.46707
23041,383.29446
23042,327.7606
23043,450.4176
23044,446.25598
23045,489.5796
23046,486.86575
23047,487.52386
23048,424.73282
23049,512.56995
23050,467.36392
23051,475.6366
23052,454.45135
23053,412.80792
23054,455.27112
23055,464.68344
23056,445.91293
23057,390.2147
23058,523.3356
23059,381.62872
23060,452.84424
23061,389.74866
23062,462.44888
23063,483.07123
23064,456.36075
23065,416.1594
23066,531.63025
23067,486.72552
23068,467.18445
23069,469.8189
23070,397.74286
23071,435.2099
23072,378.96112
23073,426.1197
23074,451.01306
23075,515.0821
23076,396.69928
23077,419.61844
23078,560.1194
23079,356.321
23080,383.05228
23081,476.75797
23082,431.52094
23083,422.27866
23084,485.24805
23085,396.91116
23086,445.7452
23087,442.71692
23088,507.27875
23089,383.29504
23090,428.91724
23091,496.5983
23092,418.88495
23093,557.5447
23094,403.1139
23095,491.67538
23096,523.73193
23097,434.37134
23098,468.87103
23099,469.6125
23100,340.74393
23101,414.35013
23102,476.02576
23103,432.0064
23104,517.8375
23105,493.22705
23106,398.99503
23107,434.73663
23108,259.66788
23109,471.82068
23110,340.45728
23111,395.63354
23112,519.32916
23113,490.103
23114,466.1554
23115,470.57062
23116,394.33148
23117,457.3238
23118,437.3306
23119,437.12445
23120,441.021
23121,473.08536
23122,363.43777
23123,448.67218
23124,541.9469
23125,463.4495
23126,443.44296
23127,450.28784
23128,422.92673
23129,521.73267
23130,486.94022
23131,304.2432
23132,405.94745
23133,468.65298
23134,441.5385
23135,392.20276
23136,388.9477
23137,466.5344
23138,436.3751
23139,446.13904
23140,500.68326
23141,453.59152
23142,444.0846
23143,449.70132
23144,561.04065
23145,472.17334
23146,544.5123
23147,480.1067
23148,433.61032
23149,438.57468
23150,475.72562
23151,388.6748
23152,521.90674
23153,477.18423
23154,477.0509
23155,435.01886
23156,425.86682
23157,536.1707
23158,485.5068
23159,396.40237
23160,459.67834
23161,455.74136
23162,410.2937
23163,553.04144
23164,407.85236
23165,528.69574
23166,534.26715
23167,482.2452
23168,479.33597
23169,501.05438
23170,450.3642
23171,385.76248
23172,425.4309
23173,456.061
23174,455.55573
23175,408.11673
23176,477.22177
23177,406.4523
23178,493.24933
23179,399.38815
23180,425.0294
23181,459.58112
23182,426.74677
23183,509.64087
23184,481.74683
23185,413.35895
23186,497.53714
23187,416.0874
23188,411.73575
23189,399.74213
23190,459.95038
23191,387.15463
23192,454.13678
23193,422.802
23194,424.3291
23195,419.43994
23196,360.02948
23197,462.46906
23198,370.6235
23199,364.95163
23200,510.90598
23201,506.74243
23202,480.6206
23203,449.52716
23204,482.31146
23205,457.17133
23206,362.70178
23207,473.50735
23208,421.23468
23209,405.25287
23210,453.7695
23211,471.96912
23212,425.85342
23213,400.51205
23214,485.4536
23215,424.6751
23216,433.29614
23217,364.62097
23218,412.24332
23219,425.34067
23220,407.8504
23221,427.63022
23222,419.81177
23223,496.32242
23224,491.6179
23225,469.69742
23226,389.40097
23227,430.8024
23228,440.62836
23229,506.93903
23230,446.7894
23231,417.16895
23232,422.34058
23233,514.24664
23234,483.4959
23235,398.0823
23236,477.47797
23237,461.14642
23238,548.0908
23239,465.82446
23240,401.47122
23241,484.95294
23242,474.8551
23243,494.9786
23244,500.33276
23245,466.6687
23246,433.58612
23247,489.78308
23248,483.8265
23249,498.5887
23250,411.8328
23251,496.19608
23252,451.1726
23253,523.67773
23254,397.89453
23255,406.61224
23256,554.8165
23257,445.00656
23258,530.58136
23259,453.82507
23260,516.25586
23261,437.65042
23262,439.42133
23263,512.3891
23264,465.71667
23265,422.39877
23266,512.94196
23267,508.3718
23268,457.5682
23269,478.20322
23270,409.64615
23271,393.7728
23272,416.1437
23273,416.21384
23274,438.773
23275,417.96918
23276,490.00595
23277,462.05087
23278,511.37064
23279,396.5357
23280,466.7695
23281,468.8454
23282,494.96637
23283,470.43564
23284,447.52292
23285,518.7478
23286,490.09122
23287,418.95703
23288,448.60895
23289,483.09982
23290,431.44415
23291,358.57758
23292,398.82782
23293,433.7153
23294,417.43286
23295,425.98755
23296,530.34827
23297,531.3729
23298,427.18695
23299,444.16098
23300,466.04315
23301,425.97003
23302,399.79425
23303,473.81754
23304,362.03308
23305,426.46152
23306,417.5093
23307,523.19366
23308,406.29755
23309,380.241
23310,408.92218
23311,435.76566
23312,421.00278
23313,420.56757
23314,486.2458
23315,424.6268
23316,486.60904
23317,457.92908
23318,424.2124
23319,426.90726
23320,464.91312
23321,307.75534
23322,447.96924
23323,510.60175
23324,489.09918
23325,401.0827
23326,411.151
23327,500.65094
23328,447.05396
23329,401.7348
23330,489.53757
23331,382.16968
23332,538.41156
